{
  "target_distribution": "EvenRosenbrock",
  "proposal_distribution": "Normal",
  "dimension": 30,
  "num_iterations": 1000000,
  "seed": 23,
  "total_time": 14263.559494495392,
  "max_esjd": 0.01717938855290413,
  "max_acceptance_rate": 0.228879,
  "max_scale_param": 0.2823076923076923,
  "expected_squared_jump_distances": [
    9.848716581473127e-05,
    0.0005973669467493892,
    0.001443832996301353,
    0.0025584446266293526,
    0.0038392837159335613,
    0.00517483614385128,
    0.0066146873869001865,
    0.008002182468771935,
    0.008618918247520924,
    0.010320142842829227,
    0.010803986340761185,
    0.012659803964197636,
    0.013681076467037201,
    0.013137679547071457,
    0.010033021681010723,
    0.014907732605934143,
    0.012340035289525986,
    0.01558896154165268,
    0.01717938855290413,
    0.013438228517770767,
    0.011370137333869934,
    0.014879007823765278,
    0.009957798756659031,
    0.01390229631215334,
    0.014820680022239685,
    0.012742362916469574,
    0.008524822071194649,
    0.016404222697019577,
    0.009187201038002968,
    0.011045449413359165,
    0.010742340236902237,
    0.011818691156804562,
    0.013624084182083607,
    0.007835803553462029,
    0.0091873649507761,
    0.011699885129928589,
    0.00530891353264451,
    0.008462177589535713,
    0.007502204272896051,
    0.006061541847884655
  ],
  "acceptance_rates": [
    0.984793,
    0.947393,
    0.894025,
    0.839022,
    0.778995,
    0.714285,
    0.661507,
    0.606916,
    0.515193,
    0.496564,
    0.429644,
    0.421224,
    0.387595,
    0.322419,
    0.217119,
    0.279792,
    0.207216,
    0.232133,
    0.228879,
    0.163835,
    0.12704,
    0.150165,
    0.093386,
    0.118589,
    0.116661,
    0.093283,
    0.058925,
    0.103041,
    0.054877,
    0.061522,
    0.056332,
    0.057863,
    0.062477,
    0.034729,
    0.038237,
    0.045668,
    0.020104,
    0.030109,
    0.025538,
    0.019635
  ],
  "scale_param_range": [
    0.01,
    0.025128205128205128,
    0.040256410256410254,
    0.055384615384615386,
    0.07051282051282051,
    0.08564102564102563,
    0.10076923076923076,
    0.11589743589743588,
    0.13102564102564102,
    0.14615384615384616,
    0.16128205128205128,
    0.1764102564102564,
    0.19153846153846155,
    0.20666666666666667,
    0.22179487179487178,
    0.23692307692307693,
    0.252051282051282,
    0.2671794871794872,
    0.2823076923076923,
    0.29743589743589743,
    0.31256410256410255,
    0.32769230769230767,
    0.3428205128205128,
    0.35794871794871796,
    0.3730769230769231,
    0.3882051282051282,
    0.4033333333333333,
    0.41846153846153844,
    0.43358974358974356,
    0.44871794871794873,
    0.46384615384615385,
    0.47897435897435897,
    0.4941025641025641,
    0.5092307692307692,
    0.5243589743589744,
    0.5394871794871795,
    0.5546153846153846,
    0.5697435897435897,
    0.5848717948717949,
    0.6
  ],
  "times": [
    395.58604884147644,
    398.66976404190063,
    403.35564970970154,
    406.3901903629303,
    406.6659622192383,
    361.6250739097595,
    301.5903043746948,
    301.34878969192505,
    311.11847138404846,
    312.0776364803314,
    305.73004150390625,
    309.6767816543579,
    328.67281436920166,
    310.14336490631104,
    331.504754781723,
    399.31201338768005,
    397.8772003650665,
    394.9302496910095,
    342.7078809738159,
    331.23988127708435,
    315.32942390441895,
    332.5653009414673,
    394.4507038593292,
    397.48103404045105,
    351.5550916194916,
    312.7965462207794,
    313.55870485305786,
    311.65948605537415,
    305.3177561759949,
    352.1469168663025,
    391.1576952934265,
    383.5465235710144,
    399.6067295074463,
    399.34586477279663,
    358.2916307449341,
    324.81773352622986,
    378.61452293395996,
    395.54551577568054,
    397.00666093826294,
    398.44427967071533
  ]
}