{
  "target_distribution": "EvenRosenbrock",
  "proposal_distribution": "Normal",
  "dimension": 4,
  "num_iterations": 1000000,
  "seed": 13,
  "total_time": 13121.659360647202,
  "max_esjd": 0.050021469593048096,
  "max_acceptance_rate": 0.055944,
  "max_scale_param": 1.233846153846154,
  "expected_squared_jump_distances": [
    9.76006340351887e-05,
    0.0014646638883277774,
    0.0035702695604413748,
    0.0070776562206447124,
    0.00914806593209505,
    0.01140532735735178,
    0.006470991298556328,
    0.01390855386853218,
    0.015139564871788025,
    0.006817499175667763,
    0.023026492446660995,
    0.01756761409342289,
    0.023971064016222954,
    0.021421588957309723,
    0.026677623391151428,
    0.021810246631503105,
    0.01385267823934555,
    0.02546760067343712,
    0.024172775447368622,
    0.041297633200883865,
    0.02941441535949707,
    0.02701416052877903,
    0.04402267187833786,
    0.03522806242108345,
    0.0399593785405159,
    0.03399684280157089,
    0.03311943635344505,
    0.03905625641345978,
    0.041359592229127884,
    0.047068484127521515,
    0.033292219042778015,
    0.04462409391999245,
    0.031838856637477875,
    0.03167599067091942,
    0.04455651715397835,
    0.04699063301086426,
    0.04195212572813034,
    0.050021469593048096,
    0.040712062269449234,
    0.03790633752942085
  ],
  "acceptance_rates": [
    0.980942,
    0.829779,
    0.683018,
    0.663287,
    0.534764,
    0.455911,
    0.208122,
    0.312525,
    0.268036,
    0.108658,
    0.266074,
    0.179788,
    0.202892,
    0.16011,
    0.171613,
    0.126445,
    0.074515,
    0.117668,
    0.101159,
    0.151115,
    0.100591,
    0.084692,
    0.123726,
    0.093382,
    0.097402,
    0.076848,
    0.070314,
    0.077234,
    0.075931,
    0.081096,
    0.055019,
    0.069058,
    0.046862,
    0.044575,
    0.058465,
    0.058004,
    0.049725,
    0.055944,
    0.043805,
    0.038491
  ],
  "scale_param_range": [
    0.01,
    0.04307692307692308,
    0.07615384615384616,
    0.10923076923076923,
    0.14230769230769233,
    0.17538461538461542,
    0.20846153846153848,
    0.24153846153846156,
    0.27461538461538465,
    0.3076923076923077,
    0.3407692307692308,
    0.3738461538461539,
    0.40692307692307694,
    0.44000000000000006,
    0.4730769230769231,
    0.5061538461538462,
    0.5392307692307693,
    0.5723076923076924,
    0.6053846153846154,
    0.6384615384615385,
    0.6715384615384616,
    0.7046153846153846,
    0.7376923076923078,
    0.7707692307692309,
    0.8038461538461539,
    0.836923076923077,
    0.8700000000000001,
    0.9030769230769232,
    0.9361538461538462,
    0.9692307692307693,
    1.0023076923076923,
    1.0353846153846156,
    1.0684615384615386,
    1.1015384615384616,
    1.1346153846153848,
    1.1676923076923078,
    1.2007692307692308,
    1.233846153846154,
    1.266923076923077,
    1.3
  ],
  "times": [
    329.1243863105774,
    329.4408345222473,
    327.78151178359985,
    328.3615734577179,
    328.28144335746765,
    328.21092677116394,
    327.01742935180664,
    327.4033501148224,
    327.78360533714294,
    328.2290008068085,
    327.21922492980957,
    326.8363928794861,
    327.9666929244995,
    328.5161967277527,
    327.24236941337585,
    328.033415555954,
    327.70840072631836,
    329.43233609199524,
    328.19401955604553,
    328.57552456855774,
    327.3540771007538,
    329.3504104614258,
    327.5507996082306,
    329.4126353263855,
    329.0455791950226,
    328.1284599304199,
    327.2435555458069,
    327.28973627090454,
    328.56244587898254,
    326.9070611000061,
    327.8262596130371,
    327.98483300209045,
    328.4073612689972,
    329.2387263774872,
    327.1010682582855,
    327.0701856613159,
    328.0472729206085,
    327.7882902622223,
    326.94924688339233,
    328.98995900154114
  ]
}