{
  "target_distribution": "EvenRosenbrock",
  "dimension": 20,
  "num_iterations": 1000000,
  "seed": 5,
  "total_time": 9612.178755044937,
  "max_esjd": 0.017820382490754128,
  "max_acceptance_rate": 0.14334,
  "max_variance_value": 0.3738461538461539,
  "expected_squared_jump_distances": [
    9.815802332013845e-05,
    0.0016113732708618045,
    0.004160762298852205,
    0.006538315210491419,
    0.008082098327577114,
    0.01274109911173582,
    0.009642280638217926,
    0.009706909768283367,
    0.012609568424522877,
    0.011628814041614532,
    0.013479769229888916,
    0.017820382490754128,
    0.013243689201772213,
    0.009807666763663292,
    0.006843974813818932,
    0.01352252159267664,
    0.008713075891137123,
    0.005766305606812239,
    0.009448962286114693,
    0.012933562509715557,
    0.014230584725737572,
    0.010954816825687885,
    0.011073291301727295,
    0.004362616688013077,
    0.007023837883025408,
    0.007231865078210831,
    0.005655765067785978,
    0.004488717298954725,
    0.0026722776237875223,
    0.008749060332775116,
    0.00491311214864254,
    0.004847981035709381,
    0.0069704786874353886,
    0.0052394201047718525,
    0.005378757603466511,
    0.0028795008547604084,
    0.0015480485744774342,
    0.005005397368222475,
    0.004479423630982637,
    0.004776053596287966
  ],
  "acceptance_rates": [
    0.982318,
    0.87463,
    0.730207,
    0.566565,
    0.420506,
    0.435541,
    0.242036,
    0.18324,
    0.185221,
    0.138319,
    0.130629,
    0.14334,
    0.091747,
    0.059762,
    0.036506,
    0.061784,
    0.036103,
    0.021669,
    0.03125,
    0.038336,
    0.038122,
    0.027019,
    0.025117,
    0.009434,
    0.013802,
    0.013097,
    0.009542,
    0.007117,
    0.00398,
    0.01188,
    0.006405,
    0.006026,
    0.007918,
    0.005688,
    0.005547,
    0.002845,
    0.001474,
    0.004457,
    0.003699,
    0.003759
  ],
  "var_value_range": [
    0.01,
    0.04307692307692308,
    0.07615384615384616,
    0.10923076923076923,
    0.14230769230769233,
    0.17538461538461542,
    0.20846153846153848,
    0.24153846153846156,
    0.27461538461538465,
    0.3076923076923077,
    0.3407692307692308,
    0.3738461538461539,
    0.40692307692307694,
    0.44000000000000006,
    0.4730769230769231,
    0.5061538461538462,
    0.5392307692307693,
    0.5723076923076924,
    0.6053846153846154,
    0.6384615384615385,
    0.6715384615384616,
    0.7046153846153846,
    0.7376923076923078,
    0.7707692307692309,
    0.8038461538461539,
    0.836923076923077,
    0.8700000000000001,
    0.9030769230769232,
    0.9361538461538462,
    0.9692307692307693,
    1.0023076923076923,
    1.0353846153846156,
    1.0684615384615386,
    1.1015384615384616,
    1.1346153846153848,
    1.1676923076923078,
    1.2007692307692308,
    1.233846153846154,
    1.266923076923077,
    1.3
  ],
  "times": [
    249.11616706848145,
    248.66398239135742,
    251.72983813285828,
    246.33814096450806,
    246.31790781021118,
    240.2925741672516,
    238.18505024909973,
    239.6674931049347,
    238.02347874641418,
    239.0764865875244,
    237.87534260749817,
    240.55087685585022,
    236.3420057296753,
    238.20248866081238,
    242.68989658355713,
    236.37285542488098,
    238.14742136001587,
    239.9636721611023,
    239.2440903186798,
    237.48058342933655,
    237.21058630943298,
    238.53378415107727,
    242.81332778930664,
    240.18027925491333,
    237.92345571517944,
    235.9824047088623,
    239.70661902427673,
    239.01914381980896,
    239.8599088191986,
    237.09791326522827,
    236.40053415298462,
    239.10784649848938,
    239.49275827407837,
    240.68102765083313,
    240.87027025222778,
    241.1415011882782,
    237.91067719459534,
    240.829909324646,
    239.68385219573975,
    243.35234189033508
  ]
}