{
  "target_distribution": "EvenRosenbrock",
  "dimension": 30,
  "num_iterations": 1000000,
  "seed": 3,
  "total_time": 5795.343363523483,
  "max_esjd": 0.01577836275100708,
  "max_acceptance_rate": 0.123235,
  "max_variance_value": 0.3738461538461539,
  "expected_squared_jump_distances": [
    9.839201084105298e-05,
    0.0016314254608005285,
    0.004414908122271299,
    0.007254072465002537,
    0.010051678866147995,
    0.01038328930735588,
    0.012023238465189934,
    0.012367011979222298,
    0.011459864675998688,
    0.011005501262843609,
    0.009589296765625477,
    0.01577836275100708,
    0.006218394730240107,
    0.007889838889241219,
    0.010670795105397701,
    0.0069166142493486404,
    0.005840481724590063,
    0.0091397138312459,
    0.010575447231531143,
    0.0086502181366086,
    0.009931655600667,
    0.005353753454983234,
    0.004621238447725773,
    0.005069865379482508,
    0.0081303296610713,
    0.003036217298358679,
    0.006365430541336536,
    0.0030648172833025455,
    0.007299487944692373,
    0.002203878480941057,
    0.004827362485229969,
    0.004213779233396053,
    0.0038264202885329723,
    0.002760099247097969,
    0.0015032090013846755,
    0.0035348981618881226,
    0.0013831176329404116,
    0.0021848909091204405,
    0.002233445178717375,
    0.002117629861459136
  ],
  "acceptance_rates": [
    0.984581,
    0.883316,
    0.768871,
    0.619576,
    0.509699,
    0.352397,
    0.29107,
    0.225245,
    0.163924,
    0.126357,
    0.090666,
    0.123235,
    0.042474,
    0.046075,
    0.053748,
    0.031034,
    0.023204,
    0.032173,
    0.033173,
    0.024691,
    0.025679,
    0.012623,
    0.010172,
    0.009974,
    0.014876,
    0.005285,
    0.010137,
    0.004626,
    0.010067,
    0.002914,
    0.0059,
    0.004778,
    0.004144,
    0.002791,
    0.001481,
    0.003232,
    0.001216,
    0.001824,
    0.001768,
    0.001601
  ],
  "var_value_range": [
    0.01,
    0.04307692307692308,
    0.07615384615384616,
    0.10923076923076923,
    0.14230769230769233,
    0.17538461538461542,
    0.20846153846153848,
    0.24153846153846156,
    0.27461538461538465,
    0.3076923076923077,
    0.3407692307692308,
    0.3738461538461539,
    0.40692307692307694,
    0.44000000000000006,
    0.4730769230769231,
    0.5061538461538462,
    0.5392307692307693,
    0.5723076923076924,
    0.6053846153846154,
    0.6384615384615385,
    0.6715384615384616,
    0.7046153846153846,
    0.7376923076923078,
    0.7707692307692309,
    0.8038461538461539,
    0.836923076923077,
    0.8700000000000001,
    0.9030769230769232,
    0.9361538461538462,
    0.9692307692307693,
    1.0023076923076923,
    1.0353846153846156,
    1.0684615384615386,
    1.1015384615384616,
    1.1346153846153848,
    1.1676923076923078,
    1.2007692307692308,
    1.233846153846154,
    1.266923076923077,
    1.3
  ],
  "times": [
    145.7301731109619,
    144.88132858276367,
    144.6838402748108,
    144.86313247680664,
    144.87958145141602,
    144.61189889907837,
    144.76006054878235,
    144.8931920528412,
    144.83249068260193,
    145.1117880344391,
    144.62244415283203,
    145.25187706947327,
    144.8086712360382,
    145.11177563667297,
    144.83432984352112,
    145.12840843200684,
    144.8430061340332,
    145.12313199043274,
    144.75114512443542,
    144.90077185630798,
    144.49561953544617,
    145.06623339653015,
    144.707444190979,
    145.04919242858887,
    144.62609148025513,
    145.21418356895447,
    144.44447350502014,
    145.29984521865845,
    144.67193794250488,
    145.1079602241516,
    144.56034517288208,
    145.18091988563538,
    144.51336479187012,
    145.19567155838013,
    144.48532891273499,
    145.07792854309082,
    144.53273487091064,
    145.11952805519104,
    144.6955418586731,
    144.61782145500183
  ]
}