{
  "target_distribution": "EvenRosenbrock",
  "proposal_distribution": "Normal",
  "dimension": 4,
  "num_iterations": 1000000,
  "seed": 12,
  "total_time": 12802.488718748093,
  "max_esjd": 0.05291134491562843,
  "max_acceptance_rate": 0.086214,
  "max_scale_param": 1.0023076923076923,
  "expected_squared_jump_distances": [
    9.743371629156172e-05,
    0.0014797576004639268,
    0.003644137177616358,
    0.00690756319090724,
    0.009316186420619488,
    0.011137779802083969,
    0.010907174088060856,
    0.0128545006737113,
    0.017195837572216988,
    0.022699588909745216,
    0.02604581043124199,
    0.0229355376213789,
    0.028173772618174553,
    0.024509191513061523,
    0.01967744529247284,
    0.019264690577983856,
    0.03215112164616585,
    0.03555642068386078,
    0.021811015903949738,
    0.032238639891147614,
    0.02425191178917885,
    0.03774290531873703,
    0.03989448398351669,
    0.03462976589798927,
    0.03095182776451111,
    0.03765328973531723,
    0.04044051468372345,
    0.0393170528113842,
    0.04735061153769493,
    0.01960792951285839,
    0.05291134491562843,
    0.03895581141114235,
    0.03430480509996414,
    0.04229871928691864,
    0.052045438438653946,
    0.030421720817685127,
    0.041176438331604004,
    0.015377474948763847,
    0.03402632102370262,
    0.033987365663051605
  ],
  "acceptance_rates": [
    0.979604,
    0.836468,
    0.693685,
    0.650449,
    0.540436,
    0.444145,
    0.331189,
    0.29419,
    0.300189,
    0.314762,
    0.297028,
    0.225853,
    0.234539,
    0.178447,
    0.129343,
    0.113468,
    0.162378,
    0.15829,
    0.092774,
    0.119719,
    0.084422,
    0.116702,
    0.113651,
    0.092194,
    0.076409,
    0.08413,
    0.085635,
    0.07832,
    0.086916,
    0.035803,
    0.086214,
    0.060194,
    0.050421,
    0.05876,
    0.067624,
    0.038465,
    0.048815,
    0.018183,
    0.036696,
    0.035203
  ],
  "scale_param_range": [
    0.01,
    0.04307692307692308,
    0.07615384615384616,
    0.10923076923076923,
    0.14230769230769233,
    0.17538461538461542,
    0.20846153846153848,
    0.24153846153846156,
    0.27461538461538465,
    0.3076923076923077,
    0.3407692307692308,
    0.3738461538461539,
    0.40692307692307694,
    0.44000000000000006,
    0.4730769230769231,
    0.5061538461538462,
    0.5392307692307693,
    0.5723076923076924,
    0.6053846153846154,
    0.6384615384615385,
    0.6715384615384616,
    0.7046153846153846,
    0.7376923076923078,
    0.7707692307692309,
    0.8038461538461539,
    0.836923076923077,
    0.8700000000000001,
    0.9030769230769232,
    0.9361538461538462,
    0.9692307692307693,
    1.0023076923076923,
    1.0353846153846156,
    1.0684615384615386,
    1.1015384615384616,
    1.1346153846153848,
    1.1676923076923078,
    1.2007692307692308,
    1.233846153846154,
    1.266923076923077,
    1.3
  ],
  "times": [
    320.8612389564514,
    321.1646683216095,
    321.34136843681335,
    320.7267518043518,
    320.5127685070038,
    320.3116431236267,
    320.0466089248657,
    319.4209315776825,
    321.0931398868561,
    320.1846172809601,
    321.2019145488739,
    320.3168408870697,
    320.5423119068146,
    320.0436301231384,
    319.9511923789978,
    319.655113697052,
    319.9562773704529,
    319.4020285606384,
    320.0282802581787,
    320.3261070251465,
    319.7241723537445,
    320.03719830513,
    319.8496243953705,
    320.31371116638184,
    319.36214566230774,
    319.9153881072998,
    319.86506843566895,
    319.4206314086914,
    319.5961847305298,
    319.6401557922363,
    319.70515966415405,
    319.72636914253235,
    319.8591637611389,
    319.66192531585693,
    319.8169753551483,
    319.09747314453125,
    320.3191864490509,
    319.92174911499023,
    319.49175548553467,
    320.0357825756073
  ]
}