{
  "target_distribution": "EvenRosenbrock",
  "dimension": 4,
  "num_iterations": 100000,
  "seed": 2,
  "total_time": 1592.5071341991425,
  "max_esjd": 0.06545812636613846,
  "max_acceptance_rate": 0.18553,
  "max_variance_value": 0.7207692307692307,
  "expected_squared_jump_distances": [
    9.861592843662947e-05,
    0.0011667277431115508,
    0.0030632365960627794,
    0.005725335329771042,
    0.008314032107591629,
    0.010829858481884003,
    0.01323761697858572,
    0.01635552942752838,
    0.01836826652288437,
    0.018124647438526154,
    0.03050544299185276,
    0.03030780702829361,
    0.027120770886540413,
    0.029828757047653198,
    0.034294139593839645,
    0.040242165327072144,
    0.039168503135442734,
    0.0315498523414135,
    0.03330308198928833,
    0.038974691182374954,
    0.0454116091132164,
    0.04809509962797165,
    0.0502450168132782,
    0.030162353068590164,
    0.03575597703456879,
    0.025623120367527008,
    0.03488144278526306,
    0.044744715094566345,
    0.06545812636613846,
    0.023273641243577003,
    0.034499023109674454,
    0.04123890399932861,
    0.03917063772678375,
    0.05830463767051697,
    0.05813320726156235,
    0.06442214548587799,
    0.06431888788938522,
    0.02562953718006611,
    0.03988572955131531,
    0.057251982390880585
  ],
  "acceptance_rates": [
    0.98704,
    0.94416,
    0.86121,
    0.81327,
    0.72646,
    0.64833,
    0.57982,
    0.54325,
    0.49036,
    0.4045,
    0.52236,
    0.44704,
    0.35624,
    0.33938,
    0.33824,
    0.34466,
    0.30061,
    0.22624,
    0.21727,
    0.22672,
    0.23497,
    0.23086,
    0.21851,
    0.12918,
    0.14076,
    0.09553,
    0.11861,
    0.14111,
    0.18553,
    0.06915,
    0.09129,
    0.1021,
    0.09142,
    0.12615,
    0.11748,
    0.12439,
    0.11858,
    0.04784,
    0.06955,
    0.09339
  ],
  "var_value_range": [
    0.01,
    0.03538461538461538,
    0.06076923076923077,
    0.08615384615384615,
    0.11153846153846153,
    0.13692307692307693,
    0.16230769230769232,
    0.18769230769230769,
    0.21307692307692308,
    0.23846153846153847,
    0.26384615384615384,
    0.28923076923076924,
    0.31461538461538463,
    0.34,
    0.36538461538461536,
    0.39076923076923076,
    0.41615384615384615,
    0.44153846153846155,
    0.46692307692307694,
    0.4923076923076923,
    0.5176923076923077,
    0.5430769230769231,
    0.5684615384615385,
    0.5938461538461538,
    0.6192307692307693,
    0.6446153846153846,
    0.67,
    0.6953846153846154,
    0.7207692307692307,
    0.7461538461538462,
    0.7715384615384615,
    0.796923076923077,
    0.8223076923076923,
    0.8476923076923076,
    0.8730769230769231,
    0.8984615384615384,
    0.9238461538461539,
    0.9492307692307692,
    0.9746153846153846,
    1.0
  ],
  "times": [
    42.13237285614014,
    39.83699035644531,
    39.80920934677124,
    39.816272020339966,
    39.70529007911682,
    39.76170873641968,
    39.74517631530762,
    39.82748627662659,
    39.770893812179565,
    39.79643154144287,
    39.75440287590027,
    39.7878954410553,
    39.67152547836304,
    39.79286789894104,
    39.76304888725281,
    39.74872851371765,
    39.71170949935913,
    39.771504402160645,
    39.709922075271606,
    39.741509675979614,
    39.68424034118652,
    39.78207540512085,
    39.690022468566895,
    39.77063059806824,
    39.68247127532959,
    39.73875689506531,
    39.69175481796265,
    39.7456910610199,
    39.713610887527466,
    39.727367639541626,
    39.68847966194153,
    39.758275270462036,
    39.73387026786804,
    39.74616765975952,
    39.73350214958191,
    39.78671669960022,
    39.72523903846741,
    39.79691529273987,
    39.762157678604126,
    39.77365183830261
  ]
}