{
  "target_distribution": "EvenRosenbrock",
  "dimension": 20,
  "num_iterations": 100000,
  "seed": 18,
  "total_time": 1396.1169347763062,
  "max_esjd": 0.038806118071079254,
  "max_acceptance_rate": 0.27494,
  "max_variance_value": 0.39076923076923076,
  "expected_squared_jump_distances": [
    9.890148066915572e-05,
    0.0011810630094259977,
    0.0032472668681293726,
    0.006087187211960554,
    0.009186511859297752,
    0.012201162055134773,
    0.01448957622051239,
    0.018355384469032288,
    0.020831357687711716,
    0.0256301611661911,
    0.022263430058956146,
    0.030366122722625732,
    0.024013208225369453,
    0.034660425037145615,
    0.02522546797990799,
    0.038806118071079254,
    0.026397839188575745,
    0.025429245084524155,
    0.027789076790213585,
    0.03208820894360542,
    0.023296622559428215,
    0.029280146583914757,
    0.027333535254001617,
    0.014827035367488861,
    0.013183473609387875,
    0.028377758339047432,
    0.015729455277323723,
    0.02593372017145157,
    0.011595592834055424,
    0.021884549409151077,
    0.014474719762802124,
    0.014987223781645298,
    0.019773084670305252,
    0.00990908220410347,
    0.016929589211940765,
    0.014717013575136662,
    0.024612240493297577,
    0.00787217728793621,
    0.008410953916609287,
    0.011709311045706272
  ],
  "acceptance_rates": [
    0.98848,
    0.94506,
    0.88385,
    0.82759,
    0.74943,
    0.66506,
    0.56751,
    0.53938,
    0.47811,
    0.47147,
    0.34085,
    0.38428,
    0.26334,
    0.32002,
    0.20766,
    0.27494,
    0.16901,
    0.14648,
    0.14356,
    0.1487,
    0.10008,
    0.11285,
    0.09743,
    0.05,
    0.04124,
    0.07907,
    0.04154,
    0.06361,
    0.02729,
    0.04673,
    0.02957,
    0.02886,
    0.03576,
    0.01707,
    0.02771,
    0.02263,
    0.03477,
    0.01101,
    0.01122,
    0.01476
  ],
  "var_value_range": [
    0.01,
    0.03538461538461538,
    0.06076923076923077,
    0.08615384615384615,
    0.11153846153846153,
    0.13692307692307693,
    0.16230769230769232,
    0.18769230769230769,
    0.21307692307692308,
    0.23846153846153847,
    0.26384615384615384,
    0.28923076923076924,
    0.31461538461538463,
    0.34,
    0.36538461538461536,
    0.39076923076923076,
    0.41615384615384615,
    0.44153846153846155,
    0.46692307692307694,
    0.4923076923076923,
    0.5176923076923077,
    0.5430769230769231,
    0.5684615384615385,
    0.5938461538461538,
    0.6192307692307693,
    0.6446153846153846,
    0.67,
    0.6953846153846154,
    0.7207692307692307,
    0.7461538461538462,
    0.7715384615384615,
    0.796923076923077,
    0.8223076923076923,
    0.8476923076923076,
    0.8730769230769231,
    0.8984615384615384,
    0.9238461538461539,
    0.9492307692307692,
    0.9746153846153846,
    1.0
  ],
  "times": [
    36.284417152404785,
    34.79807758331299,
    34.681368350982666,
    34.76742768287659,
    34.90978956222534,
    35.19236922264099,
    34.90658450126648,
    35.08588004112244,
    35.00239944458008,
    34.919851541519165,
    35.12298655509949,
    35.16525053977966,
    35.01275372505188,
    34.974857807159424,
    34.7187237739563,
    35.0629346370697,
    34.91527199745178,
    34.94458746910095,
    34.9416561126709,
    35.14167761802673,
    34.721518754959106,
    33.979432821273804,
    34.04335260391235,
    35.00000023841858,
    34.86591196060181,
    34.95978784561157,
    34.95453238487244,
    35.015095472335815,
    34.758326053619385,
    34.95553421974182,
    34.87330341339111,
    34.22654604911804,
    34.38775849342346,
    35.04338502883911,
    35.05313992500305,
    34.97053647041321,
    34.972980976104736,
    34.99818444252014,
    34.91797947883606,
    34.84368538856506
  ]
}