{
  "max_esjd": 0.015210738964378833,
  "max_acceptance_rate": 0.17862210000000003,
  "max_variance_value": 0.31100000000000005,
  "expected_squared_jump_distances": [
    9.839047197601758e-05,
    0.0016348407370969653,
    0.004343083221465349,
    0.0072993706446141,
    0.009576266910880805,
    0.011483661737293005,
    0.012285577412694693,
    0.013380845729261636,
    0.012946595158427953,
    0.013147049397230149,
    0.012044520676136016,
    0.01182339871302247,
    0.00960961622186005,
    0.00890892562456429,
    0.00998831815086305,
    0.009065329609438778,
    0.009515742119401694,
    0.007609170861542225,
    0.006486487481743098,
    0.008148538321256638,
    0.00791857335716486,
    0.005883284471929073,
    0.00635290895588696,
    0.005369354505091906,
    0.004788507078774274,
    0.0048599726054817435,
    0.004422900336794555,
    0.003669128776527941,
    0.004165041982196272,
    0.003602436673827469,
    0.0034516446525231005,
    0.003286278492305428,
    0.003011893341317773,
    0.0027510949992574753,
    0.0021674021612852813,
    0.0028912192559801043,
    0.0021539803128689528,
    0.0020310620311647654,
    0.002267396845854819,
    0.0018573939334601164
  ],
  "acceptance_rates": [
    0.9845630999999999,
    0.8850795999999999,
    0.7568313,
    0.6231874000000001,
    0.4866786,
    0.3880824,
    0.29716529999999997,
    0.24308670000000002,
    0.1841159,
    0.1502146,
    0.1132325,
    0.0931666,
    0.06476810000000001,
    0.05183190000000001,
    0.05030380000000001,
    0.0402253,
    0.037232,
    0.026735,
    0.0205582,
    0.023182599999999998,
    0.0205099,
    0.013942399999999999,
    0.0137965,
    0.010720999999999998,
    0.008889,
    0.008329,
    0.0070726,
    0.005462099999999999,
    0.005774800000000001,
    0.0046955,
    0.0042277,
    0.0037759,
    0.0032753000000000005,
    0.0028128,
    0.0021129,
    0.0026432,
    0.0018903,
    0.0016895999999999999,
    0.0017941000000000003,
    0.0014081999999999999
  ],
  "var_value_range": [
    0.01,
    0.04307692307692308,
    0.07615384615384616,
    0.10923076923076923,
    0.14230769230769233,
    0.17538461538461542,
    0.20846153846153848,
    0.24153846153846156,
    0.27461538461538465,
    0.3076923076923077,
    0.3407692307692308,
    0.3738461538461539,
    0.40692307692307694,
    0.44000000000000006,
    0.4730769230769231,
    0.5061538461538462,
    0.5392307692307693,
    0.5723076923076924,
    0.6053846153846154,
    0.6384615384615385,
    0.6715384615384616,
    0.7046153846153846,
    0.7376923076923078,
    0.7707692307692309,
    0.8038461538461539,
    0.836923076923077,
    0.8700000000000001,
    0.9030769230769232,
    0.9361538461538462,
    0.9692307692307693,
    1.0023076923076923,
    1.0353846153846156,
    1.0684615384615386,
    1.1015384615384616,
    1.1346153846153848,
    1.1676923076923078,
    1.2007692307692308,
    1.233846153846154,
    1.266923076923077,
    1.3
  ],
  "target_distribution": "EvenRosenbrock",
  "dimension": 30,
  "num_iterations": 1000000,
  "averaged_from_seeds": [
    4,
    5,
    10,
    6,
    9,
    1,
    8,
    3,
    7,
    2
  ],
  "num_files_averaged": 10,
  "source_files": [
    "EvenRosenbrock_RWM_GPU_dim30_1000000iters_seed4.json",
    "EvenRosenbrock_RWM_GPU_dim30_1000000iters_seed5.json",
    "EvenRosenbrock_RWM_GPU_dim30_1000000iters_seed10.json",
    "EvenRosenbrock_RWM_GPU_dim30_1000000iters_seed6.json",
    "EvenRosenbrock_RWM_GPU_dim30_1000000iters_seed9.json",
    "EvenRosenbrock_RWM_GPU_dim30_1000000iters_seed1.json",
    "EvenRosenbrock_RWM_GPU_dim30_1000000iters_seed8.json",
    "EvenRosenbrock_RWM_GPU_dim30_1000000iters_seed3.json",
    "EvenRosenbrock_RWM_GPU_dim30_1000000iters_seed7.json",
    "EvenRosenbrock_RWM_GPU_dim30_1000000iters_seed2.json"
  ]
}