{
  "target_distribution": "EvenRosenbrock",
  "dimension": 20,
  "num_iterations": 100000,
  "seed": 20,
  "total_time": 1387.9295225143433,
  "max_esjd": 0.038780517876148224,
  "max_acceptance_rate": 0.24358,
  "max_variance_value": 0.41615384615384615,
  "expected_squared_jump_distances": [
    9.891145600704476e-05,
    0.0011801287764683366,
    0.0032608318142592907,
    0.006038737017661333,
    0.00896525103598833,
    0.012406323105096817,
    0.015065478160977364,
    0.01767205074429512,
    0.019327886402606964,
    0.026879610493779182,
    0.026909174397587776,
    0.024458875879645348,
    0.02804362028837204,
    0.02923681028187275,
    0.025196678936481476,
    0.026807120069861412,
    0.038780517876148224,
    0.03414004668593407,
    0.023591522127389908,
    0.029205573722720146,
    0.032159317284822464,
    0.02554004266858101,
    0.022938476875424385,
    0.017289094626903534,
    0.03061138093471527,
    0.015869999304413795,
    0.012965246103703976,
    0.014496729709208012,
    0.012089688330888748,
    0.018812496215105057,
    0.01991014927625656,
    0.01721005141735077,
    0.01523391529917717,
    0.01611342467367649,
    0.014173576608300209,
    0.0179983489215374,
    0.011174695566296577,
    0.007947275415062904,
    0.02036905661225319,
    0.007048089988529682
  ],
  "acceptance_rates": [
    0.98854,
    0.94432,
    0.88748,
    0.82143,
    0.73198,
    0.67559,
    0.58913,
    0.52015,
    0.4457,
    0.49206,
    0.40693,
    0.31318,
    0.30454,
    0.27308,
    0.20786,
    0.19402,
    0.24358,
    0.19342,
    0.12284,
    0.13578,
    0.13533,
    0.09918,
    0.08254,
    0.05745,
    0.09254,
    0.04525,
    0.03492,
    0.03603,
    0.02818,
    0.04046,
    0.0402,
    0.03308,
    0.02744,
    0.02743,
    0.02303,
    0.02735,
    0.01664,
    0.01113,
    0.02633,
    0.0089
  ],
  "var_value_range": [
    0.01,
    0.03538461538461538,
    0.06076923076923077,
    0.08615384615384615,
    0.11153846153846153,
    0.13692307692307693,
    0.16230769230769232,
    0.18769230769230769,
    0.21307692307692308,
    0.23846153846153847,
    0.26384615384615384,
    0.28923076923076924,
    0.31461538461538463,
    0.34,
    0.36538461538461536,
    0.39076923076923076,
    0.41615384615384615,
    0.44153846153846155,
    0.46692307692307694,
    0.4923076923076923,
    0.5176923076923077,
    0.5430769230769231,
    0.5684615384615385,
    0.5938461538461538,
    0.6192307692307693,
    0.6446153846153846,
    0.67,
    0.6953846153846154,
    0.7207692307692307,
    0.7461538461538462,
    0.7715384615384615,
    0.796923076923077,
    0.8223076923076923,
    0.8476923076923076,
    0.8730769230769231,
    0.8984615384615384,
    0.9238461538461539,
    0.9492307692307692,
    0.9746153846153846,
    1.0
  ],
  "times": [
    36.229212284088135,
    34.693004846572876,
    34.629820823669434,
    34.63298940658569,
    34.798175573349,
    34.994922399520874,
    34.78477740287781,
    34.85711979866028,
    34.70158004760742,
    34.9773371219635,
    35.03193163871765,
    35.09205889701843,
    34.897690773010254,
    34.732553243637085,
    34.42502450942993,
    34.78622484207153,
    34.66215968132019,
    34.69568085670471,
    34.631916522979736,
    34.85613965988159,
    34.43690586090088,
    33.815887689590454,
    33.659934282302856,
    34.70099639892578,
    34.63363003730774,
    34.71252417564392,
    34.690897703170776,
    34.71274018287659,
    34.59075903892517,
    34.741018295288086,
    34.728012561798096,
    34.26622247695923,
    33.97434759140015,
    34.85610032081604,
    34.73032569885254,
    34.79525423049927,
    34.62267851829529,
    34.770599365234375,
    34.61299014091492,
    34.73211979866028
  ]
}