{
  "target_distribution": "EvenRosenbrock",
  "proposal_distribution": "Normal",
  "dimension": 20,
  "num_iterations": 1000000,
  "seed": 27,
  "total_time": 11599.612006902695,
  "max_esjd": 0.020841477438807487,
  "max_acceptance_rate": 0.104076,
  "max_scale_param": 0.47897435897435897,
  "expected_squared_jump_distances": [
    9.84199796221219e-05,
    0.0005954306689091027,
    0.0014279320603236556,
    0.0025378051213920116,
    0.0037676095962524414,
    0.005331131163984537,
    0.006870203651487827,
    0.007895312272012234,
    0.009287607856094837,
    0.01071588508784771,
    0.012291950173676014,
    0.01330792810767889,
    0.01517821941524744,
    0.01292336918413639,
    0.011970640160143375,
    0.012459835968911648,
    0.013436800800263882,
    0.014936858788132668,
    0.013827440328896046,
    0.009696918539702892,
    0.011041819117963314,
    0.013942793011665344,
    0.014509966596961021,
    0.014350859448313713,
    0.018288491293787956,
    0.01088243443518877,
    0.01573714055120945,
    0.014591689221560955,
    0.01134815625846386,
    0.014733980409801006,
    0.016335107386112213,
    0.020841477438807487,
    0.009255660697817802,
    0.011730493046343327,
    0.01362195797264576,
    0.009980604983866215,
    0.01375008374452591,
    0.012974977493286133,
    0.009997437708079815,
    0.007584191393107176
  ],
  "acceptance_rates": [
    0.984166,
    0.945176,
    0.886159,
    0.834919,
    0.768461,
    0.738794,
    0.690313,
    0.604777,
    0.559111,
    0.521206,
    0.49262,
    0.448484,
    0.434908,
    0.324272,
    0.263442,
    0.241638,
    0.230837,
    0.22889,
    0.191387,
    0.12399,
    0.12729,
    0.145326,
    0.138953,
    0.127048,
    0.147575,
    0.083778,
    0.110448,
    0.095505,
    0.070582,
    0.084799,
    0.087601,
    0.104076,
    0.045141,
    0.053801,
    0.058586,
    0.041029,
    0.052925,
    0.047644,
    0.035301,
    0.025898
  ],
  "scale_param_range": [
    0.01,
    0.025128205128205128,
    0.040256410256410254,
    0.055384615384615386,
    0.07051282051282051,
    0.08564102564102563,
    0.10076923076923076,
    0.11589743589743588,
    0.13102564102564102,
    0.14615384615384616,
    0.16128205128205128,
    0.1764102564102564,
    0.19153846153846155,
    0.20666666666666667,
    0.22179487179487178,
    0.23692307692307693,
    0.252051282051282,
    0.2671794871794872,
    0.2823076923076923,
    0.29743589743589743,
    0.31256410256410255,
    0.32769230769230767,
    0.3428205128205128,
    0.35794871794871796,
    0.3730769230769231,
    0.3882051282051282,
    0.4033333333333333,
    0.41846153846153844,
    0.43358974358974356,
    0.44871794871794873,
    0.46384615384615385,
    0.47897435897435897,
    0.4941025641025641,
    0.5092307692307692,
    0.5243589743589744,
    0.5394871794871795,
    0.5546153846153846,
    0.5697435897435897,
    0.5848717948717949,
    0.6
  ],
  "times": [
    292.2103409767151,
    292.2688570022583,
    293.19023752212524,
    291.893901348114,
    291.926078081131,
    290.8283612728119,
    289.4763505458832,
    288.10736989974976,
    289.43246150016785,
    288.5075399875641,
    288.2588412761688,
    289.6252512931824,
    289.23342871665955,
    288.8007552623749,
    289.88815569877625,
    288.97285079956055,
    288.08069372177124,
    289.88904881477356,
    288.48752665519714,
    288.4843897819519,
    290.4895968437195,
    290.1088569164276,
    289.52551674842834,
    290.45172095298767,
    290.18305230140686,
    289.58684182167053,
    289.9784984588623,
    291.62694120407104,
    290.35554599761963,
    290.74457359313965,
    291.7753756046295,
    289.67436242103577,
    287.8643922805786,
    291.237375497818,
    288.4903464317322,
    289.2330536842346,
    291.7745850086212,
    290.25227904319763,
    289.2580223083496,
    289.35741543769836
  ]
}