{
  "target_distribution": "EvenRosenbrock",
  "proposal_distribution": "Normal",
  "dimension": 30,
  "num_iterations": 1000000,
  "seed": 7,
  "total_time": 13002.158722162247,
  "max_esjd": 0.015933049842715263,
  "max_acceptance_rate": 0.192942,
  "max_scale_param": 0.29743589743589743,
  "expected_squared_jump_distances": [
    9.845039312494919e-05,
    0.0005946060409769416,
    0.0014412801247090101,
    0.0025284765288233757,
    0.0038077777717262506,
    0.005149553529918194,
    0.006442082114517689,
    0.007731600198894739,
    0.009587056003510952,
    0.010735576041042805,
    0.0122288279235363,
    0.012147925794124603,
    0.013841680251061916,
    0.014581792987883091,
    0.011395561508834362,
    0.011701355688273907,
    0.013153267093002796,
    0.010558299720287323,
    0.00868544727563858,
    0.015933049842715263,
    0.010011482052505016,
    0.01237332634627819,
    0.014953681267797947,
    0.01193762943148613,
    0.015835458412766457,
    0.011013169772922993,
    0.010477064177393913,
    0.00885504949837923,
    0.014172534458339214,
    0.009929760359227657,
    0.009657924063503742,
    0.009291252121329308,
    0.009402123279869556,
    0.006209473125636578,
    0.01064080186188221,
    0.01144452579319477,
    0.008784189820289612,
    0.0071504912339150906,
    0.008336466737091541,
    0.006306570488959551
  ],
  "acceptance_rates": [
    0.984649,
    0.943244,
    0.892621,
    0.829574,
    0.772973,
    0.710834,
    0.644929,
    0.587551,
    0.570586,
    0.515892,
    0.483802,
    0.404882,
    0.391676,
    0.356005,
    0.245592,
    0.221637,
    0.220211,
    0.15893,
    0.118831,
    0.192942,
    0.112248,
    0.125431,
    0.138197,
    0.10228,
    0.124023,
    0.080992,
    0.070935,
    0.05694,
    0.083104,
    0.055414,
    0.050809,
    0.04596,
    0.043395,
    0.027378,
    0.043829,
    0.044579,
    0.032861,
    0.025486,
    0.027889,
    0.020337
  ],
  "scale_param_range": [
    0.01,
    0.025128205128205128,
    0.040256410256410254,
    0.055384615384615386,
    0.07051282051282051,
    0.08564102564102563,
    0.10076923076923076,
    0.11589743589743588,
    0.13102564102564102,
    0.14615384615384616,
    0.16128205128205128,
    0.1764102564102564,
    0.19153846153846155,
    0.20666666666666667,
    0.22179487179487178,
    0.23692307692307693,
    0.252051282051282,
    0.2671794871794872,
    0.2823076923076923,
    0.29743589743589743,
    0.31256410256410255,
    0.32769230769230767,
    0.3428205128205128,
    0.35794871794871796,
    0.3730769230769231,
    0.3882051282051282,
    0.4033333333333333,
    0.41846153846153844,
    0.43358974358974356,
    0.44871794871794873,
    0.46384615384615385,
    0.47897435897435897,
    0.4941025641025641,
    0.5092307692307692,
    0.5243589743589744,
    0.5394871794871795,
    0.5546153846153846,
    0.5697435897435897,
    0.5848717948717949,
    0.6
  ],
  "times": [
    324.6248595714569,
    325.0190486907959,
    325.2219114303589,
    326.74306321144104,
    325.6288754940033,
    325.05917096138,
    325.5872197151184,
    324.9535036087036,
    324.95895648002625,
    325.6814248561859,
    324.79504895210266,
    324.8128590583801,
    325.2381911277771,
    324.97937273979187,
    326.4660475254059,
    325.0476086139679,
    324.54285764694214,
    324.74240159988403,
    324.8107416629791,
    324.4064209461212,
    325.07853078842163,
    325.86692667007446,
    325.22137451171875,
    324.8180317878723,
    324.9616017341614,
    325.08253622055054,
    325.18660521507263,
    324.97187876701355,
    325.12149691581726,
    324.5970416069031,
    325.22934126853943,
    324.7808196544647,
    324.5081090927124,
    325.55703234672546,
    324.481810092926,
    324.5442316532135,
    324.9969093799591,
    324.5592293739319,
    324.1748764514923,
    325.0205109119415
  ]
}