{
  "target_distribution": "EvenRosenbrock",
  "proposal_distribution": "Normal",
  "dimension": 30,
  "num_iterations": 1000000,
  "seed": 2,
  "total_time": 10954.633700847626,
  "max_esjd": 0.01623186096549034,
  "max_acceptance_rate": 0.217293,
  "max_scale_param": 0.2823076923076923,
  "expected_squared_jump_distances": [
    9.848794434219599e-05,
    0.000596970203332603,
    0.0014461418613791466,
    0.002536655403673649,
    0.003872470697388053,
    0.005351479630917311,
    0.006797831039875746,
    0.007648056838661432,
    0.009164731949567795,
    0.009670805186033249,
    0.012712991796433926,
    0.012116893194615841,
    0.012277237139642239,
    0.012460019439458847,
    0.014480173587799072,
    0.013698495924472809,
    0.009705648757517338,
    0.009164716117084026,
    0.01623186096549034,
    0.009982512332499027,
    0.011527009308338165,
    0.01570427231490612,
    0.009100127965211868,
    0.010189450345933437,
    0.01081774290651083,
    0.00890421774238348,
    0.012609802186489105,
    0.007582758087664843,
    0.013499347493052483,
    0.008625336922705173,
    0.007240278646349907,
    0.010480815544724464,
    0.009950662031769753,
    0.005298903677612543,
    0.004639089573174715,
    0.006823550909757614,
    0.008203784935176373,
    0.006105639040470123,
    0.01217749435454607,
    0.00908602587878704
  ],
  "acceptance_rates": [
    0.984814,
    0.946772,
    0.895401,
    0.832176,
    0.785497,
    0.737638,
    0.67903,
    0.581427,
    0.546383,
    0.466601,
    0.502277,
    0.403934,
    0.349124,
    0.306255,
    0.308835,
    0.258025,
    0.164293,
    0.139157,
    0.217293,
    0.122691,
    0.128344,
    0.157972,
    0.085707,
    0.088061,
    0.085762,
    0.066036,
    0.085788,
    0.04893,
    0.080071,
    0.048041,
    0.038263,
    0.051621,
    0.046336,
    0.023612,
    0.019562,
    0.027154,
    0.030526,
    0.021901,
    0.040585,
    0.029149
  ],
  "scale_param_range": [
    0.01,
    0.025128205128205128,
    0.040256410256410254,
    0.055384615384615386,
    0.07051282051282051,
    0.08564102564102563,
    0.10076923076923076,
    0.11589743589743588,
    0.13102564102564102,
    0.14615384615384616,
    0.16128205128205128,
    0.1764102564102564,
    0.19153846153846155,
    0.20666666666666667,
    0.22179487179487178,
    0.23692307692307693,
    0.252051282051282,
    0.2671794871794872,
    0.2823076923076923,
    0.29743589743589743,
    0.31256410256410255,
    0.32769230769230767,
    0.3428205128205128,
    0.35794871794871796,
    0.3730769230769231,
    0.3882051282051282,
    0.4033333333333333,
    0.41846153846153844,
    0.43358974358974356,
    0.44871794871794873,
    0.46384615384615385,
    0.47897435897435897,
    0.4941025641025641,
    0.5092307692307692,
    0.5243589743589744,
    0.5394871794871795,
    0.5546153846153846,
    0.5697435897435897,
    0.5848717948717949,
    0.6
  ],
  "times": [
    271.99026918411255,
    272.3849983215332,
    274.7844798564911,
    272.9326171875,
    269.6576542854309,
    269.70639634132385,
    269.8827154636383,
    270.0093650817871,
    272.97514605522156,
    275.1407594680786,
    273.9023768901825,
    271.23630809783936,
    271.14382791519165,
    272.8221082687378,
    273.80172967910767,
    274.25136518478394,
    273.7172908782959,
    274.21068596839905,
    274.23965215682983,
    274.191867351532,
    273.67459869384766,
    274.8756377696991,
    275.14572310447693,
    274.7907865047455,
    274.33074855804443,
    274.89404916763306,
    274.44855880737305,
    271.6071262359619,
    273.61175990104675,
    275.3546540737152,
    275.8191797733307,
    276.1894497871399,
    276.2004714012146,
    275.422402381897,
    274.75603795051575,
    275.81404757499695,
    275.1039307117462,
    276.7454905509949,
    276.19561100006104,
    276.57726407051086
  ]
}