{
  "target_distribution": "EvenRosenbrock",
  "dimension": 4,
  "num_iterations": 100000,
  "seed": 29,
  "total_time": 1590.7937707901,
  "max_esjd": 0.0650932565331459,
  "max_acceptance_rate": 0.12002,
  "max_variance_value": 0.9238461538461539,
  "expected_squared_jump_distances": [
    9.860333375399932e-05,
    0.0011640144512057304,
    0.003130632219836116,
    0.005760767497122288,
    0.008455926552414894,
    0.012622327543795109,
    0.01331418938934803,
    0.018030917271971703,
    0.018200736492872238,
    0.022686868906021118,
    0.027793265879154205,
    0.03030487149953842,
    0.03607121482491493,
    0.03331810608506203,
    0.038425277918577194,
    0.04113798588514328,
    0.03908560425043106,
    0.048358190804719925,
    0.03345367684960365,
    0.0388241782784462,
    0.05155773460865021,
    0.05139737203717232,
    0.05159479379653931,
    0.04431638494133949,
    0.0360688716173172,
    0.05286649614572525,
    0.04061511531472206,
    0.03800477460026741,
    0.05324593931436539,
    0.03632804751396179,
    0.04671338200569153,
    0.023409945890307426,
    0.034536201506853104,
    0.025168605148792267,
    0.018469713628292084,
    0.06195150315761566,
    0.0650932565331459,
    0.04907657578587532,
    0.044864822179079056,
    0.019076645374298096
  ],
  "acceptance_rates": [
    0.98692,
    0.94253,
    0.87616,
    0.81778,
    0.7363,
    0.73224,
    0.58444,
    0.58958,
    0.48302,
    0.48284,
    0.48217,
    0.44584,
    0.44971,
    0.36855,
    0.36923,
    0.34973,
    0.30371,
    0.32713,
    0.21573,
    0.22609,
    0.26602,
    0.24323,
    0.22614,
    0.18186,
    0.14089,
    0.18624,
    0.13591,
    0.12046,
    0.15364,
    0.10074,
    0.12131,
    0.06105,
    0.08056,
    0.05656,
    0.04115,
    0.11911,
    0.12002,
    0.08878,
    0.07843,
    0.03293
  ],
  "var_value_range": [
    0.01,
    0.03538461538461538,
    0.06076923076923077,
    0.08615384615384615,
    0.11153846153846153,
    0.13692307692307693,
    0.16230769230769232,
    0.18769230769230769,
    0.21307692307692308,
    0.23846153846153847,
    0.26384615384615384,
    0.28923076923076924,
    0.31461538461538463,
    0.34,
    0.36538461538461536,
    0.39076923076923076,
    0.41615384615384615,
    0.44153846153846155,
    0.46692307692307694,
    0.4923076923076923,
    0.5176923076923077,
    0.5430769230769231,
    0.5684615384615385,
    0.5938461538461538,
    0.6192307692307693,
    0.6446153846153846,
    0.67,
    0.6953846153846154,
    0.7207692307692307,
    0.7461538461538462,
    0.7715384615384615,
    0.796923076923077,
    0.8223076923076923,
    0.8476923076923076,
    0.8730769230769231,
    0.8984615384615384,
    0.9238461538461539,
    0.9492307692307692,
    0.9746153846153846,
    1.0
  ],
  "times": [
    41.71687078475952,
    39.87401032447815,
    39.76263666152954,
    39.849730491638184,
    39.87934064865112,
    39.87432289123535,
    39.78458619117737,
    39.91213083267212,
    39.81808137893677,
    39.889254331588745,
    39.829379081726074,
    39.91205978393555,
    39.68684911727905,
    39.679136753082275,
    39.64017653465271,
    39.68548655509949,
    39.654510259628296,
    39.688976764678955,
    39.71720743179321,
    39.67091727256775,
    39.629388093948364,
    39.6624538898468,
    39.580493211746216,
    39.69015955924988,
    39.64976644515991,
    39.68578839302063,
    39.66978573799133,
    39.71451020240784,
    39.67734956741333,
    39.62010979652405,
    39.64978814125061,
    39.66005325317383,
    39.66422724723816,
    39.730783224105835,
    39.64767909049988,
    39.67663502693176,
    39.612706899642944,
    39.69623351097107,
    39.63341999053955,
    39.66892123222351
  ]
}