{
  "target_distribution": "EvenRosenbrock",
  "dimension": 10,
  "num_iterations": 100000,
  "seed": 10,
  "total_time": 1337.694714307785,
  "max_esjd": 0.03930814191699028,
  "max_acceptance_rate": 0.07227,
  "max_variance_value": 0.8476923076923076,
  "expected_squared_jump_distances": [
    9.900316217681393e-05,
    0.0011682193726301193,
    0.00315360096283257,
    0.005862005520612001,
    0.008230854757130146,
    0.013031127862632275,
    0.014105703681707382,
    0.017226481810212135,
    0.017866451293230057,
    0.014309029094874859,
    0.016346855089068413,
    0.016006028279662132,
    0.023088783025741577,
    0.019099272787570953,
    0.027967171743512154,
    0.023304853588342667,
    0.028304319828748703,
    0.032720897346735,
    0.03052852861583233,
    0.03569566830992699,
    0.014477011747658253,
    0.03545103594660759,
    0.032147880643606186,
    0.029746435582637787,
    0.011977337300777435,
    0.033561527729034424,
    0.034930627793073654,
    0.01394796185195446,
    0.033014312386512756,
    0.025807734578847885,
    0.028011765331029892,
    0.014523920603096485,
    0.01822206750512123,
    0.03930814191699028,
    0.02091236785054207,
    0.01324524637311697,
    0.014885690994560719,
    0.015425006859004498,
    0.018016550689935684,
    0.01916547305881977
  ],
  "acceptance_rates": [
    0.99007,
    0.93873,
    0.8666,
    0.80764,
    0.68919,
    0.7199,
    0.5706,
    0.5269,
    0.43301,
    0.29091,
    0.27345,
    0.22527,
    0.27076,
    0.19747,
    0.24549,
    0.18452,
    0.19559,
    0.20041,
    0.17088,
    0.17823,
    0.06933,
    0.14748,
    0.12437,
    0.10701,
    0.04229,
    0.10228,
    0.09975,
    0.03977,
    0.08271,
    0.0614,
    0.06176,
    0.03179,
    0.0367,
    0.07227,
    0.03756,
    0.02298,
    0.0248,
    0.02421,
    0.0267,
    0.02696
  ],
  "var_value_range": [
    0.01,
    0.03538461538461538,
    0.06076923076923077,
    0.08615384615384615,
    0.11153846153846153,
    0.13692307692307693,
    0.16230769230769232,
    0.18769230769230769,
    0.21307692307692308,
    0.23846153846153847,
    0.26384615384615384,
    0.28923076923076924,
    0.31461538461538463,
    0.34,
    0.36538461538461536,
    0.39076923076923076,
    0.41615384615384615,
    0.44153846153846155,
    0.46692307692307694,
    0.4923076923076923,
    0.5176923076923077,
    0.5430769230769231,
    0.5684615384615385,
    0.5938461538461538,
    0.6192307692307693,
    0.6446153846153846,
    0.67,
    0.6953846153846154,
    0.7207692307692307,
    0.7461538461538462,
    0.7715384615384615,
    0.796923076923077,
    0.8223076923076923,
    0.8476923076923076,
    0.8730769230769231,
    0.8984615384615384,
    0.9238461538461539,
    0.9492307692307692,
    0.9746153846153846,
    1.0
  ],
  "times": [
    35.516769886016846,
    33.555763483047485,
    33.505476236343384,
    33.62013483047485,
    33.621001958847046,
    33.61763548851013,
    33.601213216781616,
    33.63522219657898,
    33.65288257598877,
    33.56731128692627,
    33.54094386100769,
    33.55738162994385,
    33.444406509399414,
    33.48215889930725,
    33.433894872665405,
    33.635584354400635,
    33.58773994445801,
    33.643415689468384,
    33.22344374656677,
    33.200143337249756,
    33.12144684791565,
    33.48031520843506,
    33.31051254272461,
    33.192885398864746,
    33.152995109558105,
    33.26211953163147,
    33.373329877853394,
    33.23044276237488,
    33.29116368293762,
    33.30987000465393,
    33.50776481628418,
    33.40737557411194,
    33.18223977088928,
    33.15407705307007,
    33.11035752296448,
    33.18546199798584,
    33.18583083152771,
    33.25290775299072,
    33.07460284233093,
    33.238852977752686
  ]
}