{
  "target_distribution": "EvenRosenbrock",
  "dimension": 4,
  "num_iterations": 100000,
  "seed": 14,
  "total_time": 1597.3737709522247,
  "max_esjd": 0.06551661342382431,
  "max_acceptance_rate": 0.13282,
  "max_variance_value": 0.8730769230769231,
  "expected_squared_jump_distances": [
    9.861803846433759e-05,
    0.001167414477095008,
    0.00313491839915514,
    0.005463751032948494,
    0.008298727683722973,
    0.011412582360208035,
    0.015842413529753685,
    0.01918606646358967,
    0.021154334768652916,
    0.02544269524514675,
    0.024617863819003105,
    0.02801402285695076,
    0.035317596048116684,
    0.025628836825489998,
    0.03367382660508156,
    0.033434778451919556,
    0.033628784120082855,
    0.039902400225400925,
    0.02601182460784912,
    0.04526147246360779,
    0.04577327147126198,
    0.027016302570700645,
    0.047939568758010864,
    0.05623719468712807,
    0.03378211334347725,
    0.04525810480117798,
    0.02146904729306698,
    0.048704344779253006,
    0.050563398748636246,
    0.05578487738966942,
    0.04493740200996399,
    0.05134578421711922,
    0.045017801225185394,
    0.03950154781341553,
    0.06551661342382431,
    0.043397173285484314,
    0.03317652642726898,
    0.045930009335279465,
    0.03514161333441734,
    0.04464304447174072
  ],
  "acceptance_rates": [
    0.98704,
    0.9448,
    0.87699,
    0.78458,
    0.72619,
    0.67548,
    0.66992,
    0.61833,
    0.54454,
    0.53159,
    0.43693,
    0.41503,
    0.4424,
    0.2936,
    0.32953,
    0.29371,
    0.26189,
    0.27874,
    0.17333,
    0.25698,
    0.2389,
    0.13758,
    0.21234,
    0.2262,
    0.13205,
    0.16064,
    0.0756,
    0.15056,
    0.14765,
    0.15063,
    0.11779,
    0.12382,
    0.10418,
    0.08765,
    0.13282,
    0.08673,
    0.06574,
    0.08168,
    0.06061,
    0.07293
  ],
  "var_value_range": [
    0.01,
    0.03538461538461538,
    0.06076923076923077,
    0.08615384615384615,
    0.11153846153846153,
    0.13692307692307693,
    0.16230769230769232,
    0.18769230769230769,
    0.21307692307692308,
    0.23846153846153847,
    0.26384615384615384,
    0.28923076923076924,
    0.31461538461538463,
    0.34,
    0.36538461538461536,
    0.39076923076923076,
    0.41615384615384615,
    0.44153846153846155,
    0.46692307692307694,
    0.4923076923076923,
    0.5176923076923077,
    0.5430769230769231,
    0.5684615384615385,
    0.5938461538461538,
    0.6192307692307693,
    0.6446153846153846,
    0.67,
    0.6953846153846154,
    0.7207692307692307,
    0.7461538461538462,
    0.7715384615384615,
    0.796923076923077,
    0.8223076923076923,
    0.8476923076923076,
    0.8730769230769231,
    0.8984615384615384,
    0.9238461538461539,
    0.9492307692307692,
    0.9746153846153846,
    1.0
  ],
  "times": [
    42.29206109046936,
    39.887815713882446,
    39.87381863594055,
    39.89881420135498,
    39.83166527748108,
    39.94032549858093,
    39.88588213920593,
    40.00157952308655,
    39.92563343048096,
    39.968809366226196,
    39.83280396461487,
    39.9480562210083,
    39.7968008518219,
    39.91498160362244,
    39.80800271034241,
    39.87962818145752,
    39.89458227157593,
    39.899850845336914,
    39.799086809158325,
    39.86359214782715,
    39.800119400024414,
    39.87546753883362,
    39.93905544281006,
    39.88535284996033,
    39.809799671173096,
    39.8594172000885,
    39.89215803146362,
    39.94148564338684,
    39.815250635147095,
    39.8991916179657,
    39.7715425491333,
    39.88188862800598,
    39.832223892211914,
    39.87583804130554,
    39.81722950935364,
    39.87041878700256,
    39.804067850112915,
    39.82459211349487,
    39.81669044494629,
    39.97191023826599
  ]
}