{
  "target_distribution": "EvenRosenbrock",
  "proposal_distribution": "Normal",
  "dimension": 4,
  "num_iterations": 1000000,
  "seed": 6,
  "total_time": 12951.23684000969,
  "max_esjd": 0.05103559419512749,
  "max_acceptance_rate": 0.05711,
  "max_scale_param": 1.233846153846154,
  "expected_squared_jump_distances": [
    9.761274850461632e-05,
    0.001462972373701632,
    0.0037197608035057783,
    0.005439708009362221,
    0.007337722461670637,
    0.00519551383331418,
    0.008701465092599392,
    0.011867777444422245,
    0.02106005884706974,
    0.0065972041338682175,
    0.011830845847725868,
    0.026362601667642593,
    0.023859448730945587,
    0.028024543076753616,
    0.023404648527503014,
    0.03392895311117172,
    0.0375787615776062,
    0.023613784462213516,
    0.03417150676250458,
    0.022678805515170097,
    0.02367805875837803,
    0.03183773159980774,
    0.038043245673179626,
    0.03553182631731033,
    0.03772956505417824,
    0.0446745827794075,
    0.05012759938836098,
    0.03447157144546509,
    0.044717054814100266,
    0.0333123654127121,
    0.04902200028300285,
    0.04026944562792778,
    0.024651598185300827,
    0.04226972535252571,
    0.03573140501976013,
    0.03036370687186718,
    0.04876696690917015,
    0.05103559419512749,
    0.02601814828813076,
    0.03780563175678253
  ],
  "acceptance_rates": [
    0.981032,
    0.828812,
    0.704465,
    0.540404,
    0.447135,
    0.233234,
    0.273486,
    0.270038,
    0.358605,
    0.105337,
    0.148428,
    0.255861,
    0.201212,
    0.204328,
    0.151764,
    0.189204,
    0.185973,
    0.109932,
    0.139812,
    0.086323,
    0.082882,
    0.099477,
    0.108874,
    0.094332,
    0.092163,
    0.100401,
    0.104632,
    0.068794,
    0.082611,
    0.058674,
    0.079938,
    0.062405,
    0.036672,
    0.058096,
    0.04711,
    0.038247,
    0.057183,
    0.05711,
    0.028591,
    0.039263
  ],
  "scale_param_range": [
    0.01,
    0.04307692307692308,
    0.07615384615384616,
    0.10923076923076923,
    0.14230769230769233,
    0.17538461538461542,
    0.20846153846153848,
    0.24153846153846156,
    0.27461538461538465,
    0.3076923076923077,
    0.3407692307692308,
    0.3738461538461539,
    0.40692307692307694,
    0.44000000000000006,
    0.4730769230769231,
    0.5061538461538462,
    0.5392307692307693,
    0.5723076923076924,
    0.6053846153846154,
    0.6384615384615385,
    0.6715384615384616,
    0.7046153846153846,
    0.7376923076923078,
    0.7707692307692309,
    0.8038461538461539,
    0.836923076923077,
    0.8700000000000001,
    0.9030769230769232,
    0.9361538461538462,
    0.9692307692307693,
    1.0023076923076923,
    1.0353846153846156,
    1.0684615384615386,
    1.1015384615384616,
    1.1346153846153848,
    1.1676923076923078,
    1.2007692307692308,
    1.233846153846154,
    1.266923076923077,
    1.3
  ],
  "times": [
    322.5828592777252,
    322.1493430137634,
    322.6037781238556,
    322.0108940601349,
    321.9831829071045,
    322.00561261177063,
    321.70390582084656,
    322.6470305919647,
    323.1910471916199,
    325.30092453956604,
    324.1622009277344,
    325.04763007164,
    324.32511162757874,
    324.84656620025635,
    324.3020396232605,
    324.4091680049896,
    324.26413321495056,
    323.90897607803345,
    323.9044349193573,
    324.3192880153656,
    323.7080078125,
    324.5486693382263,
    324.6551115512848,
    324.46153497695923,
    324.64530420303345,
    323.46979117393494,
    323.62241101264954,
    324.26665139198303,
    324.47908639907837,
    324.0471374988556,
    323.83987760543823,
    323.7579987049103,
    323.4624798297882,
    324.28922939300537,
    324.3568043708801,
    324.0413167476654,
    323.69640278816223,
    324.5725247859955,
    323.9068925380707,
    323.6966145038605
  ]
}