{
  "target_distribution": "EvenRosenbrock",
  "proposal_distribution": "Normal",
  "dimension": 30,
  "num_iterations": 1000000,
  "seed": 1,
  "total_time": 11263.339962720871,
  "max_esjd": 0.017232650890946388,
  "max_acceptance_rate": 0.365175,
  "max_scale_param": 0.22179487179487178,
  "expected_squared_jump_distances": [
    9.848299669101834e-05,
    0.0005977034452371299,
    0.0014477161457762122,
    0.0025703387800604105,
    0.003789058653637767,
    0.005217098630964756,
    0.00674599502235651,
    0.008240998722612858,
    0.008343690074980259,
    0.01036177296191454,
    0.012464984320104122,
    0.013151094317436218,
    0.011714559979736805,
    0.013998670503497124,
    0.017232650890946388,
    0.012221833691000938,
    0.015012371353805065,
    0.012444470077753067,
    0.01706862263381481,
    0.01045907847583294,
    0.016312791034579277,
    0.014180438593029976,
    0.01368064433336258,
    0.013439685106277466,
    0.01485561951994896,
    0.012661389075219631,
    0.011131762526929379,
    0.014319183304905891,
    0.009465381503105164,
    0.011356458067893982,
    0.006857188418507576,
    0.011287607252597809,
    0.014459189027547836,
    0.00879997294396162,
    0.0070539480075240135,
    0.006524010561406612,
    0.00886507797986269,
    0.008509685285389423,
    0.005525113083422184,
    0.00804960262030363
  ],
  "acceptance_rates": [
    0.984761,
    0.947904,
    0.896335,
    0.842781,
    0.769307,
    0.719938,
    0.674134,
    0.624581,
    0.499349,
    0.498515,
    0.492825,
    0.436823,
    0.334114,
    0.342316,
    0.365175,
    0.231222,
    0.250287,
    0.186587,
    0.227707,
    0.128822,
    0.179239,
    0.143261,
    0.126931,
    0.115142,
    0.116406,
    0.092485,
    0.076216,
    0.090272,
    0.056734,
    0.063135,
    0.036399,
    0.055554,
    0.066305,
    0.038636,
    0.029501,
    0.025878,
    0.033087,
    0.030228,
    0.0188,
    0.025926
  ],
  "scale_param_range": [
    0.01,
    0.025128205128205128,
    0.040256410256410254,
    0.055384615384615386,
    0.07051282051282051,
    0.08564102564102563,
    0.10076923076923076,
    0.11589743589743588,
    0.13102564102564102,
    0.14615384615384616,
    0.16128205128205128,
    0.1764102564102564,
    0.19153846153846155,
    0.20666666666666667,
    0.22179487179487178,
    0.23692307692307693,
    0.252051282051282,
    0.2671794871794872,
    0.2823076923076923,
    0.29743589743589743,
    0.31256410256410255,
    0.32769230769230767,
    0.3428205128205128,
    0.35794871794871796,
    0.3730769230769231,
    0.3882051282051282,
    0.4033333333333333,
    0.41846153846153844,
    0.43358974358974356,
    0.44871794871794873,
    0.46384615384615385,
    0.47897435897435897,
    0.4941025641025641,
    0.5092307692307692,
    0.5243589743589744,
    0.5394871794871795,
    0.5546153846153846,
    0.5697435897435897,
    0.5848717948717949,
    0.6
  ],
  "times": [
    276.6688561439514,
    275.7609758377075,
    275.44522166252136,
    276.5836977958679,
    276.52200531959534,
    278.03190445899963,
    281.4725081920624,
    281.82739996910095,
    282.6032524108887,
    282.7102882862091,
    281.90708565711975,
    283.22620034217834,
    281.31990790367126,
    281.6586883068085,
    282.2680742740631,
    282.599422454834,
    281.96083092689514,
    282.72898507118225,
    282.6990568637848,
    282.1698958873749,
    282.92940974235535,
    282.0871744155884,
    281.77696204185486,
    282.5454454421997,
    282.4841649532318,
    281.8426480293274,
    283.1667582988739,
    282.8177318572998,
    282.24704003334045,
    283.2349810600281,
    282.7837586402893,
    282.00470757484436,
    284.6954095363617,
    284.40145468711853,
    284.7798013687134,
    282.8182489871979,
    281.4956476688385,
    281.4724817276001,
    282.3213176727295,
    281.1742959022522
  ]
}