{
  "target_distribution": "EvenRosenbrock",
  "proposal_distribution": "Normal",
  "dimension": 10,
  "num_iterations": 1000000,
  "seed": 25,
  "total_time": 11128.275367736816,
  "max_esjd": 0.02120041847229004,
  "max_acceptance_rate": 0.084262,
  "max_scale_param": 0.5697435897435897,
  "expected_squared_jump_distances": [
    9.792569471755996e-05,
    0.0005838623037561774,
    0.001402109395712614,
    0.002439894014969468,
    0.0037025834899395704,
    0.005057941190898418,
    0.006377613637596369,
    0.007655940018594265,
    0.009698537178337574,
    0.011327737011015415,
    0.011271476745605469,
    0.01391497254371643,
    0.01638358272612095,
    0.01642087660729885,
    0.017024539411067963,
    0.014887997880578041,
    0.01898934319615364,
    0.015547901391983032,
    0.009024292230606079,
    0.017086884006857872,
    0.014537226408720016,
    0.017680758610367775,
    0.019913487136363983,
    0.017030766233801842,
    0.009631228633224964,
    0.01382398046553135,
    0.019406531006097794,
    0.01873907446861267,
    0.017256880179047585,
    0.004407528322190046,
    0.004168445244431496,
    0.011723140254616737,
    0.007823867723345757,
    0.009890461340546608,
    0.009089953266084194,
    0.014214490540325642,
    0.014969429932534695,
    0.02120041847229004,
    0.012973585166037083,
    0.011705624870955944
  ],
  "acceptance_rates": [
    0.980816,
    0.930991,
    0.876976,
    0.813089,
    0.766407,
    0.715652,
    0.658325,
    0.603829,
    0.598558,
    0.566306,
    0.472257,
    0.486031,
    0.485508,
    0.424338,
    0.384917,
    0.302564,
    0.337734,
    0.254122,
    0.140671,
    0.226244,
    0.179071,
    0.196534,
    0.201583,
    0.161568,
    0.088405,
    0.115332,
    0.145559,
    0.132476,
    0.115145,
    0.030166,
    0.026487,
    0.067283,
    0.043359,
    0.050837,
    0.044563,
    0.063041,
    0.063797,
    0.084262,
    0.050285,
    0.0439
  ],
  "scale_param_range": [
    0.01,
    0.025128205128205128,
    0.040256410256410254,
    0.055384615384615386,
    0.07051282051282051,
    0.08564102564102563,
    0.10076923076923076,
    0.11589743589743588,
    0.13102564102564102,
    0.14615384615384616,
    0.16128205128205128,
    0.1764102564102564,
    0.19153846153846155,
    0.20666666666666667,
    0.22179487179487178,
    0.23692307692307693,
    0.252051282051282,
    0.2671794871794872,
    0.2823076923076923,
    0.29743589743589743,
    0.31256410256410255,
    0.32769230769230767,
    0.3428205128205128,
    0.35794871794871796,
    0.3730769230769231,
    0.3882051282051282,
    0.4033333333333333,
    0.41846153846153844,
    0.43358974358974356,
    0.44871794871794873,
    0.46384615384615385,
    0.47897435897435897,
    0.4941025641025641,
    0.5092307692307692,
    0.5243589743589744,
    0.5394871794871795,
    0.5546153846153846,
    0.5697435897435897,
    0.5848717948717949,
    0.6
  ],
  "times": [
    281.1081247329712,
    283.6324887275696,
    284.0171730518341,
    283.61939764022827,
    283.77993726730347,
    283.9716124534607,
    284.3038332462311,
    283.9933955669403,
    283.66757106781006,
    283.6185154914856,
    283.94030380249023,
    282.6044020652771,
    282.9383325576782,
    283.1089997291565,
    282.5211284160614,
    283.69999504089355,
    284.47406220436096,
    284.54287934303284,
    286.28839325904846,
    292.330935716629,
    291.04201006889343,
    289.24598360061646,
    273.4184272289276,
    270.4669978618622,
    269.6334490776062,
    269.43109130859375,
    270.1810758113861,
    270.5272378921509,
    270.09229373931885,
    270.73120284080505,
    270.2368657588959,
    270.6680886745453,
    269.8610010147095,
    270.3058702945709,
    270.2122802734375,
    270.3175594806671,
    270.2600028514862,
    269.8444757461548,
    269.28300309181213,
    270.28796911239624
  ]
}