{
  "target_distribution": "EvenRosenbrock",
  "dimension": 30,
  "num_iterations": 100000,
  "seed": 28,
  "total_time": 1578.105943441391,
  "max_esjd": 0.03065737709403038,
  "max_acceptance_rate": 0.12502,
  "max_variance_value": 0.5176923076923077,
  "expected_squared_jump_distances": [
    9.910359949572012e-05,
    0.0011865729466080666,
    0.003306610742583871,
    0.006180464755743742,
    0.009479561820626259,
    0.01275287102907896,
    0.015619694255292416,
    0.01844535395503044,
    0.02177778258919716,
    0.021766532212495804,
    0.021794496104121208,
    0.020443057641386986,
    0.025082586333155632,
    0.02515188232064247,
    0.028143256902694702,
    0.029128262773156166,
    0.022309105843305588,
    0.027636341750621796,
    0.029469037428498268,
    0.018397394567728043,
    0.03065737709403038,
    0.023462926968932152,
    0.020950626581907272,
    0.01906481944024563,
    0.01978728547692299,
    0.015075202099978924,
    0.017513155937194824,
    0.019171159714460373,
    0.01700180396437645,
    0.016973713412880898,
    0.010448108427226543,
    0.020793844014406204,
    0.019981104880571365,
    0.020213499665260315,
    0.015284656547009945,
    0.009396359324455261,
    0.015822628512978554,
    0.01795981451869011,
    0.010663117282092571,
    0.012712213210761547
  ],
  "acceptance_rates": [
    0.98985,
    0.94804,
    0.89738,
    0.83658,
    0.76806,
    0.68874,
    0.60328,
    0.53525,
    0.49235,
    0.39659,
    0.32718,
    0.25775,
    0.26742,
    0.23061,
    0.22335,
    0.20371,
    0.13965,
    0.15277,
    0.14651,
    0.08364,
    0.12502,
    0.08783,
    0.07217,
    0.06063,
    0.05781,
    0.04145,
    0.04447,
    0.04462,
    0.03726,
    0.03489,
    0.02039,
    0.03741,
    0.03423,
    0.03253,
    0.02307,
    0.01359,
    0.02161,
    0.02332,
    0.01334,
    0.01494
  ],
  "var_value_range": [
    0.01,
    0.03538461538461538,
    0.06076923076923077,
    0.08615384615384615,
    0.11153846153846153,
    0.13692307692307693,
    0.16230769230769232,
    0.18769230769230769,
    0.21307692307692308,
    0.23846153846153847,
    0.26384615384615384,
    0.28923076923076924,
    0.31461538461538463,
    0.34,
    0.36538461538461536,
    0.39076923076923076,
    0.41615384615384615,
    0.44153846153846155,
    0.46692307692307694,
    0.4923076923076923,
    0.5176923076923077,
    0.5430769230769231,
    0.5684615384615385,
    0.5938461538461538,
    0.6192307692307693,
    0.6446153846153846,
    0.67,
    0.6953846153846154,
    0.7207692307692307,
    0.7461538461538462,
    0.7715384615384615,
    0.796923076923077,
    0.8223076923076923,
    0.8476923076923076,
    0.8730769230769231,
    0.8984615384615384,
    0.9238461538461539,
    0.9492307692307692,
    0.9746153846153846,
    1.0
  ],
  "times": [
    41.44583082199097,
    39.41610050201416,
    39.54019808769226,
    39.59264516830444,
    39.4127471446991,
    39.48739743232727,
    39.518434047698975,
    39.44170546531677,
    39.35584354400635,
    39.45797157287598,
    39.38681483268738,
    39.35555458068848,
    39.36223888397217,
    39.398449659347534,
    39.327361822128296,
    39.43871593475342,
    39.39611530303955,
    39.40428829193115,
    39.39529275894165,
    39.370023250579834,
    39.311317920684814,
    39.43675184249878,
    39.38829016685486,
    39.37066602706909,
    39.335543155670166,
    39.41665458679199,
    39.30512976646423,
    39.375170946121216,
    39.329461097717285,
    39.44293236732483,
    39.37143898010254,
    39.397682189941406,
    39.37371373176575,
    39.43474793434143,
    39.369121074676514,
    39.36518168449402,
    39.29156804084778,
    39.37263011932373,
    39.41485381126404,
    39.46953821182251
  ]
}