{
  "target_distribution": "EvenRosenbrock",
  "proposal_distribution": "Normal",
  "dimension": 2,
  "num_iterations": 1000000,
  "seed": 15,
  "total_time": 12612.543421268463,
  "max_esjd": 0.24890755116939545,
  "max_acceptance_rate": 0.064653,
  "max_scale_param": 2.8,
  "expected_squared_jump_distances": [
    9.731623867992312e-05,
    0.00434113759547472,
    0.010924533940851688,
    0.011281894519925117,
    0.02597714401781559,
    0.034230515360832214,
    0.0396944060921669,
    0.04680928215384483,
    0.047343842685222626,
    0.053201090544462204,
    0.06306663900613785,
    0.07146041095256805,
    0.0790356919169426,
    0.0797567144036293,
    0.08816941827535629,
    0.09504775702953339,
    0.11031937599182129,
    0.10684721916913986,
    0.1212054044008255,
    0.1301283836364746,
    0.14037515223026276,
    0.13020573556423187,
    0.12421610206365585,
    0.1386699676513672,
    0.14761412143707275,
    0.17692196369171143,
    0.17284159362316132,
    0.17582030594348907,
    0.17715241014957428,
    0.1838461309671402,
    0.17868399620056152,
    0.19345751404762268,
    0.20535586774349213,
    0.206346333026886,
    0.1971062421798706,
    0.20670312643051147,
    0.2141616940498352,
    0.2165830433368683,
    0.23581847548484802,
    0.24890755116939545
  ],
  "acceptance_rates": [
    0.982165,
    0.754313,
    0.591874,
    0.333664,
    0.422576,
    0.373722,
    0.317445,
    0.284138,
    0.229543,
    0.208442,
    0.203909,
    0.193644,
    0.183129,
    0.160133,
    0.154467,
    0.147043,
    0.150243,
    0.131175,
    0.133107,
    0.130285,
    0.127242,
    0.107533,
    0.094162,
    0.097047,
    0.095299,
    0.106002,
    0.095272,
    0.091547,
    0.084491,
    0.082597,
    0.075443,
    0.07724,
    0.07742,
    0.073254,
    0.066506,
    0.065611,
    0.064656,
    0.061651,
    0.064249,
    0.064653
  ],
  "scale_param_range": [
    0.01,
    0.08153846153846153,
    0.15307692307692308,
    0.2246153846153846,
    0.29615384615384616,
    0.3676923076923077,
    0.4392307692307692,
    0.5107692307692308,
    0.5823076923076923,
    0.6538461538461539,
    0.7253846153846154,
    0.796923076923077,
    0.8684615384615384,
    0.94,
    1.0115384615384615,
    1.083076923076923,
    1.1546153846153846,
    1.2261538461538461,
    1.2976923076923077,
    1.3692307692307693,
    1.4407692307692308,
    1.5123076923076924,
    1.583846153846154,
    1.6553846153846155,
    1.7269230769230768,
    1.7984615384615383,
    1.8699999999999999,
    1.9415384615384614,
    2.0130769230769228,
    2.0846153846153843,
    2.156153846153846,
    2.2276923076923074,
    2.299230769230769,
    2.3707692307692305,
    2.442307692307692,
    2.5138461538461536,
    2.585384615384615,
    2.6569230769230767,
    2.7284615384615383,
    2.8
  ],
  "times": [
    315.01238775253296,
    315.8673141002655,
    315.7876965999603,
    315.1298129558563,
    315.8274748325348,
    314.94820165634155,
    315.6671676635742,
    315.086473941803,
    315.802134513855,
    315.5247254371643,
    315.54642510414124,
    315.38029503822327,
    314.7997155189514,
    315.25220489501953,
    315.1499922275543,
    315.798344373703,
    315.70830273628235,
    315.36852741241455,
    314.5682144165039,
    314.7435088157654,
    315.6252529621124,
    315.0152268409729,
    315.024733543396,
    315.32412576675415,
    315.8611967563629,
    314.8499312400818,
    315.2305278778076,
    315.368283033371,
    314.9284610748291,
    315.0624535083771,
    315.2761797904968,
    315.4529163837433,
    314.657808303833,
    315.65548825263977,
    315.28670382499695,
    315.81452107429504,
    315.2365562915802,
    315.48327565193176,
    315.18049716949463,
    315.19780135154724
  ]
}