{
  "target_distribution": "EvenRosenbrock",
  "dimension": 4,
  "num_iterations": 100000,
  "seed": 21,
  "total_time": 1588.6135938167572,
  "max_esjd": 0.06290148198604584,
  "max_acceptance_rate": 0.10214,
  "max_variance_value": 1.0,
  "expected_squared_jump_distances": [
    9.861064609140158e-05,
    0.0011710316175594926,
    0.0031112181022763252,
    0.005519116297364235,
    0.00832000095397234,
    0.01132169272750616,
    0.014353442005813122,
    0.018481390550732613,
    0.020233770832419395,
    0.022791920229792595,
    0.026533666998147964,
    0.027673382312059402,
    0.02531735599040985,
    0.03404134139418602,
    0.0337907113134861,
    0.03226187825202942,
    0.034970998764038086,
    0.035830240696668625,
    0.034288372844457626,
    0.043175410479307175,
    0.031599413603544235,
    0.04641837254166603,
    0.03958415985107422,
    0.05433817207813263,
    0.0454978346824646,
    0.04196672886610031,
    0.0482398197054863,
    0.04703350365161896,
    0.03677999600768089,
    0.05613459274172783,
    0.041239749640226364,
    0.023669905960559845,
    0.05646209791302681,
    0.04256187751889229,
    0.03242013603448868,
    0.040752578526735306,
    0.05534113943576813,
    0.04532702639698982,
    0.046647313982248306,
    0.06290148198604584
  ],
  "acceptance_rates": [
    0.987,
    0.94705,
    0.87126,
    0.79037,
    0.72709,
    0.67001,
    0.61844,
    0.6016,
    0.52734,
    0.48501,
    0.46419,
    0.41388,
    0.33452,
    0.37387,
    0.33267,
    0.2859,
    0.27473,
    0.25209,
    0.21883,
    0.24761,
    0.17263,
    0.22425,
    0.17657,
    0.2169,
    0.17558,
    0.15071,
    0.15853,
    0.14468,
    0.11212,
    0.151,
    0.10756,
    0.06127,
    0.12884,
    0.09334,
    0.06912,
    0.0812,
    0.10414,
    0.08056,
    0.07977,
    0.10214
  ],
  "var_value_range": [
    0.01,
    0.03538461538461538,
    0.06076923076923077,
    0.08615384615384615,
    0.11153846153846153,
    0.13692307692307693,
    0.16230769230769232,
    0.18769230769230769,
    0.21307692307692308,
    0.23846153846153847,
    0.26384615384615384,
    0.28923076923076924,
    0.31461538461538463,
    0.34,
    0.36538461538461536,
    0.39076923076923076,
    0.41615384615384615,
    0.44153846153846155,
    0.46692307692307694,
    0.4923076923076923,
    0.5176923076923077,
    0.5430769230769231,
    0.5684615384615385,
    0.5938461538461538,
    0.6192307692307693,
    0.6446153846153846,
    0.67,
    0.6953846153846154,
    0.7207692307692307,
    0.7461538461538462,
    0.7715384615384615,
    0.796923076923077,
    0.8223076923076923,
    0.8476923076923076,
    0.8730769230769231,
    0.8984615384615384,
    0.9238461538461539,
    0.9492307692307692,
    0.9746153846153846,
    1.0
  ],
  "times": [
    41.859290599823,
    39.678675174713135,
    39.632731914520264,
    39.63070726394653,
    39.61048436164856,
    39.81258940696716,
    39.76718854904175,
    39.814255237579346,
    39.71853709220886,
    39.826870918273926,
    39.70344424247742,
    39.68196392059326,
    39.5074987411499,
    39.73938727378845,
    39.74894690513611,
    39.74128222465515,
    39.66826605796814,
    39.72153162956238,
    39.592132806777954,
    39.58715558052063,
    39.56049418449402,
    39.74493670463562,
    39.71629238128662,
    39.59551215171814,
    39.53145670890808,
    39.61861562728882,
    39.540488481521606,
    39.63737225532532,
    39.56953477859497,
    39.642359495162964,
    39.4987096786499,
    39.634032011032104,
    39.57099723815918,
    39.5830180644989,
    39.51813554763794,
    39.69571495056152,
    39.6170334815979,
    39.7403826713562,
    39.71501088142395,
    39.790993213653564
  ]
}