{
  "target_distribution": "EvenRosenbrock",
  "dimension": 4,
  "num_iterations": 100000,
  "seed": 20,
  "total_time": 1577.184820175171,
  "max_esjd": 0.05997501686215401,
  "max_acceptance_rate": 0.18271,
  "max_variance_value": 0.6953846153846154,
  "expected_squared_jump_distances": [
    9.86197410384193e-05,
    0.001168600283563137,
    0.003116132225841284,
    0.005476047284901142,
    0.0085762245580554,
    0.012009109370410442,
    0.015774765983223915,
    0.016177093610167503,
    0.022546621039509773,
    0.026041775941848755,
    0.020186690613627434,
    0.02514244057238102,
    0.03211803734302521,
    0.03044169582426548,
    0.03296676650643349,
    0.03990229219198227,
    0.03888937830924988,
    0.041716836392879486,
    0.03283883258700371,
    0.04913051053881645,
    0.035862065851688385,
    0.049319762736558914,
    0.046532757580280304,
    0.04836403205990791,
    0.042204082012176514,
    0.021608207374811172,
    0.057960182428359985,
    0.05997501686215401,
    0.04568253457546234,
    0.014827867038547993,
    0.04899661988019943,
    0.035380229353904724,
    0.05311385169625282,
    0.04592474550008774,
    0.04007795453071594,
    0.05369747430086136,
    0.04192773252725601,
    0.05720464885234833,
    0.04846001788973808,
    0.028107723221182823
  ],
  "acceptance_rates": [
    0.98702,
    0.94546,
    0.87257,
    0.78567,
    0.74504,
    0.70304,
    0.66697,
    0.54077,
    0.57568,
    0.5427,
    0.3706,
    0.38147,
    0.4076,
    0.34354,
    0.3246,
    0.34013,
    0.30073,
    0.28831,
    0.21317,
    0.27612,
    0.19381,
    0.23661,
    0.20594,
    0.19824,
    0.1646,
    0.08367,
    0.19122,
    0.18271,
    0.1327,
    0.04513,
    0.12488,
    0.08801,
    0.12148,
    0.09979,
    0.08426,
    0.10436,
    0.07928,
    0.10144,
    0.08411,
    0.04697
  ],
  "var_value_range": [
    0.01,
    0.03538461538461538,
    0.06076923076923077,
    0.08615384615384615,
    0.11153846153846153,
    0.13692307692307693,
    0.16230769230769232,
    0.18769230769230769,
    0.21307692307692308,
    0.23846153846153847,
    0.26384615384615384,
    0.28923076923076924,
    0.31461538461538463,
    0.34,
    0.36538461538461536,
    0.39076923076923076,
    0.41615384615384615,
    0.44153846153846155,
    0.46692307692307694,
    0.4923076923076923,
    0.5176923076923077,
    0.5430769230769231,
    0.5684615384615385,
    0.5938461538461538,
    0.6192307692307693,
    0.6446153846153846,
    0.67,
    0.6953846153846154,
    0.7207692307692307,
    0.7461538461538462,
    0.7715384615384615,
    0.796923076923077,
    0.8223076923076923,
    0.8476923076923076,
    0.8730769230769231,
    0.8984615384615384,
    0.9238461538461539,
    0.9492307692307692,
    0.9746153846153846,
    1.0
  ],
  "times": [
    41.47278881072998,
    39.392321825027466,
    39.41350340843201,
    39.41503286361694,
    39.456292390823364,
    39.42697858810425,
    39.3919677734375,
    39.41183948516846,
    39.32325530052185,
    39.16940188407898,
    39.2868435382843,
    39.35802245140076,
    39.36234664916992,
    39.441465616226196,
    39.30544352531433,
    39.44857597351074,
    39.32730793952942,
    39.33747148513794,
    39.43316912651062,
    39.366931200027466,
    39.368088245391846,
    39.408172607421875,
    39.3976616859436,
    39.37523865699768,
    39.34229326248169,
    39.42736864089966,
    39.315956115722656,
    39.36812901496887,
    39.30986404418945,
    39.38614797592163,
    39.35624885559082,
    39.3879873752594,
    39.33183789253235,
    39.433608055114746,
    39.32512807846069,
    39.44366645812988,
    39.35441184043884,
    39.534605503082275,
    39.358540773391724,
    39.38461756706238
  ]
}