{
  "target_distribution": "EvenRosenbrock",
  "proposal_distribution": "Normal",
  "dimension": 4,
  "num_iterations": 1000000,
  "seed": 18,
  "total_time": 13201.114315032959,
  "max_esjd": 0.051218122243881226,
  "max_acceptance_rate": 0.060279,
  "max_scale_param": 1.2007692307692308,
  "expected_squared_jump_distances": [
    9.743990085553378e-05,
    0.0014530272455886006,
    0.003568535204976797,
    0.006033363286405802,
    0.009242169559001923,
    0.01242437306791544,
    0.009232656098902225,
    0.007439604494720697,
    0.010245009325444698,
    0.022306930273771286,
    0.016777168959379196,
    0.022542936727404594,
    0.02970544993877411,
    0.022016046568751335,
    0.021190674975514412,
    0.03312729299068451,
    0.02512301877140999,
    0.03217838704586029,
    0.037690773606300354,
    0.03780215606093407,
    0.027978472411632538,
    0.03512410447001457,
    0.031504519283771515,
    0.03478216379880905,
    0.04091598466038704,
    0.03644491359591484,
    0.029025405645370483,
    0.04428252577781677,
    0.04564015567302704,
    0.038553740829229355,
    0.051047686487436295,
    0.03879686817526817,
    0.031887833029031754,
    0.04946017265319824,
    0.046226866543293,
    0.04043035954236984,
    0.051218122243881226,
    0.033661410212516785,
    0.04706437513232231,
    0.047747138887643814
  ],
  "acceptance_rates": [
    0.979661,
    0.824717,
    0.682082,
    0.585426,
    0.53674,
    0.484612,
    0.283249,
    0.185626,
    0.196476,
    0.308847,
    0.19937,
    0.221605,
    0.245592,
    0.163332,
    0.138361,
    0.184708,
    0.127835,
    0.145107,
    0.151558,
    0.139066,
    0.096296,
    0.108819,
    0.090132,
    0.092095,
    0.099159,
    0.082799,
    0.062652,
    0.087185,
    0.083844,
    0.067628,
    0.08275,
    0.060127,
    0.046925,
    0.067533,
    0.060341,
    0.050333,
    0.060279,
    0.038564,
    0.050206,
    0.048143
  ],
  "scale_param_range": [
    0.01,
    0.04307692307692308,
    0.07615384615384616,
    0.10923076923076923,
    0.14230769230769233,
    0.17538461538461542,
    0.20846153846153848,
    0.24153846153846156,
    0.27461538461538465,
    0.3076923076923077,
    0.3407692307692308,
    0.3738461538461539,
    0.40692307692307694,
    0.44000000000000006,
    0.4730769230769231,
    0.5061538461538462,
    0.5392307692307693,
    0.5723076923076924,
    0.6053846153846154,
    0.6384615384615385,
    0.6715384615384616,
    0.7046153846153846,
    0.7376923076923078,
    0.7707692307692309,
    0.8038461538461539,
    0.836923076923077,
    0.8700000000000001,
    0.9030769230769232,
    0.9361538461538462,
    0.9692307692307693,
    1.0023076923076923,
    1.0353846153846156,
    1.0684615384615386,
    1.1015384615384616,
    1.1346153846153848,
    1.1676923076923078,
    1.2007692307692308,
    1.233846153846154,
    1.266923076923077,
    1.3
  ],
  "times": [
    329.9043412208557,
    329.16189646720886,
    329.3526568412781,
    329.5731210708618,
    329.4570906162262,
    329.0692946910858,
    329.16127014160156,
    330.05112743377686,
    329.9003384113312,
    330.17861127853394,
    329.38554644584656,
    329.50248742103577,
    330.3663532733917,
    330.02153611183167,
    330.6597099304199,
    331.8169674873352,
    330.66629338264465,
    330.6618547439575,
    332.1253604888916,
    330.67413663864136,
    330.61390566825867,
    331.00373888015747,
    329.85263442993164,
    330.83635807037354,
    332.34893679618835,
    331.9696316719055,
    331.72096371650696,
    332.51563930511475,
    330.2012131214142,
    329.9313962459564,
    330.02603483200073,
    329.76973056793213,
    328.72985219955444,
    329.2611312866211,
    328.8857262134552,
    328.2352590560913,
    328.315984249115,
    328.3958520889282,
    328.42385172843933,
    328.34283781051636
  ]
}