{
  "target_distribution": "EvenRosenbrock",
  "dimension": 20,
  "num_iterations": 100000,
  "seed": 7,
  "total_time": 1560.9640007019043,
  "max_esjd": 0.03695671632885933,
  "max_acceptance_rate": 0.12958,
  "max_variance_value": 0.5684615384615385,
  "expected_squared_jump_distances": [
    9.890519140753895e-05,
    0.001181356841698289,
    0.003237556666135788,
    0.006180347874760628,
    0.00924258679151535,
    0.012007991783320904,
    0.014421186409890652,
    0.018266858533024788,
    0.02271607331931591,
    0.023562181740999222,
    0.023631025105714798,
    0.02630150318145752,
    0.021910076960921288,
    0.02379474975168705,
    0.025756411254405975,
    0.02265264093875885,
    0.019124910235404968,
    0.028664786368608475,
    0.02400253899395466,
    0.027308624237775803,
    0.029315611347556114,
    0.025829408317804337,
    0.03695671632885933,
    0.019835539162158966,
    0.020063040778040886,
    0.016567787155508995,
    0.026424985378980637,
    0.01259639859199524,
    0.017017623409628868,
    0.01432481687515974,
    0.01718081720173359,
    0.02591899409890175,
    0.013363615609705448,
    0.015442377887666225,
    0.012171952985227108,
    0.013887162320315838,
    0.009511956013739109,
    0.016439998522400856,
    0.01284003909677267,
    0.01559746079146862
  ],
  "acceptance_rates": [
    0.98851,
    0.94528,
    0.88168,
    0.83932,
    0.75315,
    0.65519,
    0.56561,
    0.53768,
    0.51964,
    0.43516,
    0.36053,
    0.33581,
    0.24071,
    0.22549,
    0.21161,
    0.16607,
    0.12508,
    0.16397,
    0.12501,
    0.12815,
    0.12402,
    0.10045,
    0.12958,
    0.06617,
    0.06091,
    0.0477,
    0.06885,
    0.03135,
    0.03951,
    0.03174,
    0.03527,
    0.049,
    0.02438,
    0.02663,
    0.01966,
    0.02114,
    0.01406,
    0.02274,
    0.01704,
    0.01937
  ],
  "var_value_range": [
    0.01,
    0.03538461538461538,
    0.06076923076923077,
    0.08615384615384615,
    0.11153846153846153,
    0.13692307692307693,
    0.16230769230769232,
    0.18769230769230769,
    0.21307692307692308,
    0.23846153846153847,
    0.26384615384615384,
    0.28923076923076924,
    0.31461538461538463,
    0.34,
    0.36538461538461536,
    0.39076923076923076,
    0.41615384615384615,
    0.44153846153846155,
    0.46692307692307694,
    0.4923076923076923,
    0.5176923076923077,
    0.5430769230769231,
    0.5684615384615385,
    0.5938461538461538,
    0.6192307692307693,
    0.6446153846153846,
    0.67,
    0.6953846153846154,
    0.7207692307692307,
    0.7461538461538462,
    0.7715384615384615,
    0.796923076923077,
    0.8223076923076923,
    0.8476923076923076,
    0.8730769230769231,
    0.8984615384615384,
    0.9238461538461539,
    0.9492307692307692,
    0.9746153846153846,
    1.0
  ],
  "times": [
    41.74480152130127,
    39.14716625213623,
    38.98433566093445,
    39.06504440307617,
    38.99468159675598,
    38.925347328186035,
    38.7845184803009,
    38.92174243927002,
    39.06160020828247,
    39.140013456344604,
    39.2234673500061,
    39.034146785736084,
    38.82863235473633,
    39.02606201171875,
    38.84470748901367,
    38.93930411338806,
    38.871713161468506,
    38.9103479385376,
    38.851881980895996,
    38.876429319381714,
    38.71815085411072,
    38.932424783706665,
    38.884528160095215,
    39.071582555770874,
    39.020103454589844,
    38.9834668636322,
    38.979312896728516,
    39.08121848106384,
    38.97482681274414,
    38.955068588256836,
    39.04329872131348,
    38.92096948623657,
    38.96545910835266,
    38.92727303504944,
    38.78577709197998,
    38.89874815940857,
    38.8407518863678,
    39.04638481140137,
    38.850897789001465,
    38.87303042411804
  ]
}