{
  "target_distribution": "EvenRosenbrock",
  "proposal_distribution": "Normal",
  "dimension": 10,
  "num_iterations": 1000000,
  "seed": 16,
  "total_time": 12826.355593681335,
  "max_esjd": 0.023512357845902443,
  "max_acceptance_rate": 0.153125,
  "max_scale_param": 0.43358974358974356,
  "expected_squared_jump_distances": [
    9.820260311244056e-05,
    0.0005914911744184792,
    0.0014159891288727522,
    0.0025171064771711826,
    0.003708185628056526,
    0.005149184726178646,
    0.006420929450541735,
    0.007265561725944281,
    0.0074597010388970375,
    0.009409904479980469,
    0.00924932211637497,
    0.009143478237092495,
    0.00998425018042326,
    0.007492619100958109,
    0.00898763258010149,
    0.011604447849094868,
    0.0067196013405919075,
    0.01511976309120655,
    0.011133710853755474,
    0.018116172403097153,
    0.008878357708454132,
    0.010671662166714668,
    0.020937146618962288,
    0.009786002337932587,
    0.019416624680161476,
    0.00800690334290266,
    0.01566692814230919,
    0.009721704758703709,
    0.023512357845902443,
    0.01061565987765789,
    0.013927333056926727,
    0.009876582771539688,
    0.007101498078554869,
    0.009251689538359642,
    0.004219946451485157,
    0.018788093701004982,
    0.011624440550804138,
    0.014597373083233833,
    0.016657093539834023,
    0.0071877287700772285
  ],
  "acceptance_rates": [
    0.983588,
    0.942308,
    0.885016,
    0.836372,
    0.767814,
    0.727003,
    0.661968,
    0.576086,
    0.473212,
    0.479817,
    0.395304,
    0.331868,
    0.309773,
    0.208397,
    0.21632,
    0.238898,
    0.130979,
    0.247421,
    0.169823,
    0.24001,
    0.113769,
    0.123472,
    0.211165,
    0.096571,
    0.168889,
    0.069513,
    0.119313,
    0.071245,
    0.153125,
    0.06947,
    0.083916,
    0.056684,
    0.039599,
    0.047605,
    0.020912,
    0.082714,
    0.050718,
    0.058955,
    0.064115,
    0.027772
  ],
  "scale_param_range": [
    0.01,
    0.025128205128205128,
    0.040256410256410254,
    0.055384615384615386,
    0.07051282051282051,
    0.08564102564102563,
    0.10076923076923076,
    0.11589743589743588,
    0.13102564102564102,
    0.14615384615384616,
    0.16128205128205128,
    0.1764102564102564,
    0.19153846153846155,
    0.20666666666666667,
    0.22179487179487178,
    0.23692307692307693,
    0.252051282051282,
    0.2671794871794872,
    0.2823076923076923,
    0.29743589743589743,
    0.31256410256410255,
    0.32769230769230767,
    0.3428205128205128,
    0.35794871794871796,
    0.3730769230769231,
    0.3882051282051282,
    0.4033333333333333,
    0.41846153846153844,
    0.43358974358974356,
    0.44871794871794873,
    0.46384615384615385,
    0.47897435897435897,
    0.4941025641025641,
    0.5092307692307692,
    0.5243589743589744,
    0.5394871794871795,
    0.5546153846153846,
    0.5697435897435897,
    0.5848717948717949,
    0.6
  ],
  "times": [
    321.1604473590851,
    320.90186977386475,
    320.65601801872253,
    321.5124623775482,
    320.51873087882996,
    320.9530370235443,
    321.14365100860596,
    321.1413531303406,
    320.93211221694946,
    321.59596276283264,
    320.6412980556488,
    320.3034951686859,
    321.26600408554077,
    320.6536502838135,
    321.41967129707336,
    321.3611967563629,
    320.0440821647644,
    319.88184237480164,
    320.58250164985657,
    320.49922585487366,
    319.94951462745667,
    320.2580289840698,
    320.28262209892273,
    320.3670620918274,
    320.1063106060028,
    320.8925654888153,
    321.08939933776855,
    320.2455954551697,
    320.06313467025757,
    320.81842374801636,
    320.6343026161194,
    320.2236213684082,
    320.03613352775574,
    320.2754261493683,
    320.5974078178406,
    320.69819235801697,
    320.33225440979004,
    320.7219660282135,
    320.83521032333374,
    320.7103853225708
  ]
}