{
  "target_distribution": "EvenRosenbrock",
  "dimension": 4,
  "num_iterations": 100000,
  "seed": 28,
  "total_time": 1594.4186985492706,
  "max_esjd": 0.062428273260593414,
  "max_acceptance_rate": 0.10512,
  "max_variance_value": 0.9746153846153846,
  "expected_squared_jump_distances": [
    9.859869896899909e-05,
    0.0011646487982943654,
    0.0031071112025529146,
    0.005564230959862471,
    0.008289624936878681,
    0.010596442967653275,
    0.014099362306296825,
    0.018075590953230858,
    0.018101312220096588,
    0.023979704827070236,
    0.019409630447626114,
    0.032110247761011124,
    0.03368498012423515,
    0.027408290654420853,
    0.02166825160384178,
    0.036153148859739304,
    0.04415388032793999,
    0.01792985200881958,
    0.041032690554857254,
    0.044528841972351074,
    0.04571668431162834,
    0.037498652935028076,
    0.049958329647779465,
    0.03244725614786148,
    0.047642480581998825,
    0.048026543110609055,
    0.04464628919959068,
    0.0459895022213459,
    0.051984887570142746,
    0.04400814324617386,
    0.05155660957098007,
    0.052946291863918304,
    0.057162508368492126,
    0.05343066155910492,
    0.05239509791135788,
    0.05108678713440895,
    0.0393701046705246,
    0.03806978836655617,
    0.062428273260593414,
    0.04729672893881798
  ],
  "acceptance_rates": [
    0.9869,
    0.94286,
    0.87084,
    0.79529,
    0.72546,
    0.63734,
    0.61018,
    0.58886,
    0.48522,
    0.50643,
    0.35818,
    0.46787,
    0.42422,
    0.31222,
    0.22872,
    0.31509,
    0.3361,
    0.13909,
    0.25782,
    0.25046,
    0.23793,
    0.18455,
    0.22007,
    0.13686,
    0.18217,
    0.17044,
    0.14955,
    0.14387,
    0.15242,
    0.12096,
    0.13312,
    0.12964,
    0.12998,
    0.11477,
    0.1081,
    0.10139,
    0.07438,
    0.06961,
    0.10512,
    0.07716
  ],
  "var_value_range": [
    0.01,
    0.03538461538461538,
    0.06076923076923077,
    0.08615384615384615,
    0.11153846153846153,
    0.13692307692307693,
    0.16230769230769232,
    0.18769230769230769,
    0.21307692307692308,
    0.23846153846153847,
    0.26384615384615384,
    0.28923076923076924,
    0.31461538461538463,
    0.34,
    0.36538461538461536,
    0.39076923076923076,
    0.41615384615384615,
    0.44153846153846155,
    0.46692307692307694,
    0.4923076923076923,
    0.5176923076923077,
    0.5430769230769231,
    0.5684615384615385,
    0.5938461538461538,
    0.6192307692307693,
    0.6446153846153846,
    0.67,
    0.6953846153846154,
    0.7207692307692307,
    0.7461538461538462,
    0.7715384615384615,
    0.796923076923077,
    0.8223076923076923,
    0.8476923076923076,
    0.8730769230769231,
    0.8984615384615384,
    0.9238461538461539,
    0.9492307692307692,
    0.9746153846153846,
    1.0
  ],
  "times": [
    42.090556621551514,
    40.198158264160156,
    39.973849296569824,
    39.924606800079346,
    39.81295728683472,
    39.87732195854187,
    39.804882764816284,
    39.82535672187805,
    39.74911451339722,
    39.7752480506897,
    39.73881983757019,
    39.79858374595642,
    39.77518844604492,
    39.78237867355347,
    39.74968123435974,
    39.791178941726685,
    39.72773814201355,
    39.79502010345459,
    39.79727339744568,
    39.800431966781616,
    39.70044255256653,
    39.731801986694336,
    39.79136848449707,
    39.795464515686035,
    39.76389408111572,
    39.87108397483826,
    39.757222175598145,
    39.78655409812927,
    39.744492530822754,
    39.7942750453949,
    39.7550835609436,
    39.867303133010864,
    39.813106060028076,
    39.79541778564453,
    39.738718032836914,
    39.75322341918945,
    39.72631621360779,
    39.83431673049927,
    39.79421401023865,
    39.78388428688049
  ]
}