{
  "target_distribution": "EvenRosenbrock",
  "dimension": 4,
  "num_iterations": 100000,
  "seed": 23,
  "total_time": 1581.2883095741272,
  "max_esjd": 0.0652831643819809,
  "max_acceptance_rate": 0.13264,
  "max_variance_value": 0.8730769230769231,
  "expected_squared_jump_distances": [
    9.860412683337927e-05,
    0.001162546337582171,
    0.0030977800488471985,
    0.005720063112676144,
    0.008130425587296486,
    0.011660038493573666,
    0.014541042037308216,
    0.01743992418050766,
    0.02096872217953205,
    0.02080734260380268,
    0.027608564123511314,
    0.02716878056526184,
    0.030439073219895363,
    0.031078871339559555,
    0.035523731261491776,
    0.042112138122320175,
    0.033196087926626205,
    0.03783944994211197,
    0.04043712094426155,
    0.04787825420498848,
    0.04113752394914627,
    0.037016987800598145,
    0.0537613183259964,
    0.054790038615465164,
    0.05547710880637169,
    0.059093788266181946,
    0.05894163250923157,
    0.04258855804800987,
    0.03870571777224541,
    0.03529656305909157,
    0.06418687850236893,
    0.024309149011969566,
    0.03824014961719513,
    0.06423840671777725,
    0.0652831643819809,
    0.05311514437198639,
    0.054917000234127045,
    0.02426939085125923,
    0.053235456347465515,
    0.04028291255235672
  ],
  "acceptance_rates": [
    0.98695,
    0.94167,
    0.86851,
    0.81246,
    0.7159,
    0.68797,
    0.62484,
    0.57365,
    0.54264,
    0.45022,
    0.4782,
    0.4062,
    0.38989,
    0.34724,
    0.34592,
    0.35743,
    0.26024,
    0.26146,
    0.25551,
    0.26977,
    0.21819,
    0.18174,
    0.23455,
    0.22112,
    0.20627,
    0.20648,
    0.191,
    0.13346,
    0.11296,
    0.09864,
    0.16159,
    0.06296,
    0.08921,
    0.13787,
    0.13264,
    0.10271,
    0.10134,
    0.04499,
    0.08965,
    0.06498
  ],
  "var_value_range": [
    0.01,
    0.03538461538461538,
    0.06076923076923077,
    0.08615384615384615,
    0.11153846153846153,
    0.13692307692307693,
    0.16230769230769232,
    0.18769230769230769,
    0.21307692307692308,
    0.23846153846153847,
    0.26384615384615384,
    0.28923076923076924,
    0.31461538461538463,
    0.34,
    0.36538461538461536,
    0.39076923076923076,
    0.41615384615384615,
    0.44153846153846155,
    0.46692307692307694,
    0.4923076923076923,
    0.5176923076923077,
    0.5430769230769231,
    0.5684615384615385,
    0.5938461538461538,
    0.6192307692307693,
    0.6446153846153846,
    0.67,
    0.6953846153846154,
    0.7207692307692307,
    0.7461538461538462,
    0.7715384615384615,
    0.796923076923077,
    0.8223076923076923,
    0.8476923076923076,
    0.8730769230769231,
    0.8984615384615384,
    0.9238461538461539,
    0.9492307692307692,
    0.9746153846153846,
    1.0
  ],
  "times": [
    41.70745611190796,
    39.615498781204224,
    39.52375340461731,
    39.63976001739502,
    39.49385190010071,
    39.62606883049011,
    39.569005727767944,
    39.60554575920105,
    39.53594708442688,
    39.57521057128906,
    39.46375226974487,
    39.54063105583191,
    39.41973042488098,
    39.557976961135864,
    39.509899377822876,
    39.54932117462158,
    39.468520641326904,
    39.54371881484985,
    39.43044710159302,
    39.49678349494934,
    39.47586107254028,
    39.571006298065186,
    39.45379590988159,
    39.518548011779785,
    39.412370920181274,
    39.51972818374634,
    39.44813013076782,
    39.55871868133545,
    39.44737386703491,
    39.52844166755676,
    39.39565110206604,
    39.37483334541321,
    39.34024620056152,
    39.37588047981262,
    39.26722025871277,
    39.40852975845337,
    39.26362681388855,
    39.380080461502075,
    39.27484321594238,
    39.370219707489014
  ]
}