{
  "target_distribution": "EvenRosenbrock",
  "dimension": 20,
  "num_iterations": 1000000,
  "seed": 8,
  "total_time": 9901.356811761856,
  "max_esjd": 0.01454293355345726,
  "max_acceptance_rate": 0.17102,
  "max_variance_value": 0.3076923076923077,
  "expected_squared_jump_distances": [
    9.81568155111745e-05,
    0.001605561817996204,
    0.004193050786852837,
    0.006800500676035881,
    0.008446277119219303,
    0.011277730576694012,
    0.01000434160232544,
    0.01131837721914053,
    0.012913108803331852,
    0.01454293355345726,
    0.0073824054561555386,
    0.007989956066012383,
    0.012489908374845982,
    0.013286072760820389,
    0.009555989876389503,
    0.013676640577614307,
    0.008383598178625107,
    0.00962083600461483,
    0.009632275439798832,
    0.011203547939658165,
    0.007166481576859951,
    0.009081942029297352,
    0.009501298889517784,
    0.008602171204984188,
    0.002526674885302782,
    0.008776026777923107,
    0.00622586440294981,
    0.004397883545607328,
    0.007834158837795258,
    0.0073187872767448425,
    0.00655860360711813,
    0.006252898834645748,
    0.00541455065831542,
    0.0023156895767897367,
    0.0037241640966385603,
    0.0020594745874404907,
    0.002551850862801075,
    0.00223908550105989,
    0.0030684364028275013,
    0.0029124580323696136
  ],
  "acceptance_rates": [
    0.982303,
    0.87157,
    0.735532,
    0.58775,
    0.43829,
    0.38822,
    0.250321,
    0.21301,
    0.189415,
    0.17102,
    0.07356,
    0.066437,
    0.086845,
    0.079345,
    0.050866,
    0.062759,
    0.034982,
    0.03552,
    0.031983,
    0.033212,
    0.019844,
    0.022605,
    0.021597,
    0.01798,
    0.005118,
    0.015614,
    0.01052,
    0.00687,
    0.011408,
    0.010025,
    0.008522,
    0.007586,
    0.006271,
    0.002595,
    0.00385,
    0.002065,
    0.002418,
    0.002037,
    0.002584,
    0.002358
  ],
  "var_value_range": [
    0.01,
    0.04307692307692308,
    0.07615384615384616,
    0.10923076923076923,
    0.14230769230769233,
    0.17538461538461542,
    0.20846153846153848,
    0.24153846153846156,
    0.27461538461538465,
    0.3076923076923077,
    0.3407692307692308,
    0.3738461538461539,
    0.40692307692307694,
    0.44000000000000006,
    0.4730769230769231,
    0.5061538461538462,
    0.5392307692307693,
    0.5723076923076924,
    0.6053846153846154,
    0.6384615384615385,
    0.6715384615384616,
    0.7046153846153846,
    0.7376923076923078,
    0.7707692307692309,
    0.8038461538461539,
    0.836923076923077,
    0.8700000000000001,
    0.9030769230769232,
    0.9361538461538462,
    0.9692307692307693,
    1.0023076923076923,
    1.0353846153846156,
    1.0684615384615386,
    1.1015384615384616,
    1.1346153846153848,
    1.1676923076923078,
    1.2007692307692308,
    1.233846153846154,
    1.266923076923077,
    1.3
  ],
  "times": [
    253.31229519844055,
    252.15803599357605,
    250.2004063129425,
    246.6982080936432,
    248.07717537879944,
    246.41068840026855,
    251.68045115470886,
    248.77358102798462,
    248.01225686073303,
    247.63770127296448,
    246.26097631454468,
    248.97691106796265,
    247.9905707836151,
    244.7562336921692,
    246.09250593185425,
    242.4967279434204,
    245.97136616706848,
    242.6928961277008,
    244.88033866882324,
    247.02176880836487,
    243.96094155311584,
    244.50804567337036,
    249.44437551498413,
    250.29816436767578,
    247.5493483543396,
    249.7471981048584,
    247.1773886680603,
    247.56354641914368,
    248.71031403541565,
    247.64067840576172,
    245.9974811077118,
    248.4112057685852,
    245.44831204414368,
    246.8407256603241,
    249.6659996509552,
    250.23126864433289,
    250.8521213531494,
    249.54693388938904,
    246.29644012451172,
    241.28020334243774
  ]
}