{
  "target_distribution": "EvenRosenbrock",
  "dimension": 20,
  "num_iterations": 100000,
  "seed": 11,
  "total_time": 1582.2084786891937,
  "max_esjd": 0.0276853796094656,
  "max_acceptance_rate": 0.35136,
  "max_variance_value": 0.28923076923076924,
  "expected_squared_jump_distances": [
    9.890823275782168e-05,
    0.0011813301825895905,
    0.003251084592193365,
    0.005994402803480625,
    0.009272434748709202,
    0.012107775546610355,
    0.014792387373745441,
    0.018961459398269653,
    0.02223152108490467,
    0.026223065331578255,
    0.0204627625644207,
    0.0276853796094656,
    0.02641710452735424,
    0.01962060108780861,
    0.024654915556311607,
    0.020058879628777504,
    0.02306990697979927,
    0.023739749565720558,
    0.025484537705779076,
    0.021455707028508186,
    0.020766278728842735,
    0.01590963639318943,
    0.014988400042057037,
    0.016302097588777542,
    0.02666601538658142,
    0.01714208908379078,
    0.023484710603952408,
    0.017472408711910248,
    0.017163027077913284,
    0.013284245505928993,
    0.010705038905143738,
    0.01237980555742979,
    0.026452453806996346,
    0.01403520442545414,
    0.01085258275270462,
    0.014766227453947067,
    0.009674864821135998,
    0.013712097890675068,
    0.01037294790148735,
    0.014025626704096794
  ],
  "acceptance_rates": [
    0.98853,
    0.94531,
    0.88512,
    0.81577,
    0.7557,
    0.66071,
    0.57912,
    0.55632,
    0.50931,
    0.48091,
    0.315,
    0.35136,
    0.28807,
    0.18779,
    0.2027,
    0.14696,
    0.14858,
    0.13721,
    0.13194,
    0.10188,
    0.08963,
    0.06307,
    0.05455,
    0.05433,
    0.08065,
    0.04879,
    0.06146,
    0.04353,
    0.03976,
    0.02883,
    0.02205,
    0.02389,
    0.0469,
    0.02396,
    0.01792,
    0.0223,
    0.01403,
    0.01917,
    0.0137,
    0.01749
  ],
  "var_value_range": [
    0.01,
    0.03538461538461538,
    0.06076923076923077,
    0.08615384615384615,
    0.11153846153846153,
    0.13692307692307693,
    0.16230769230769232,
    0.18769230769230769,
    0.21307692307692308,
    0.23846153846153847,
    0.26384615384615384,
    0.28923076923076924,
    0.31461538461538463,
    0.34,
    0.36538461538461536,
    0.39076923076923076,
    0.41615384615384615,
    0.44153846153846155,
    0.46692307692307694,
    0.4923076923076923,
    0.5176923076923077,
    0.5430769230769231,
    0.5684615384615385,
    0.5938461538461538,
    0.6192307692307693,
    0.6446153846153846,
    0.67,
    0.6953846153846154,
    0.7207692307692307,
    0.7461538461538462,
    0.7715384615384615,
    0.796923076923077,
    0.8223076923076923,
    0.8476923076923076,
    0.8730769230769231,
    0.8984615384615384,
    0.9238461538461539,
    0.9492307692307692,
    0.9746153846153846,
    1.0
  ],
  "times": [
    41.65843605995178,
    39.657968521118164,
    39.5452606678009,
    39.613789558410645,
    39.518712282180786,
    39.50398564338684,
    39.46333336830139,
    39.57540965080261,
    39.62039136886597,
    39.78402495384216,
    39.62402319908142,
    39.59233856201172,
    39.52362871170044,
    39.598307847976685,
    39.53416609764099,
    39.55772280693054,
    39.42620873451233,
    39.533268451690674,
    39.49746012687683,
    39.55918264389038,
    39.40882635116577,
    39.547887086868286,
    39.407105684280396,
    39.48825979232788,
    39.40610885620117,
    39.54637336730957,
    39.44042754173279,
    39.53992176055908,
    39.421077489852905,
    39.582730770111084,
    39.28312563896179,
    39.34814214706421,
    39.30497336387634,
    39.346256732940674,
    39.25040793418884,
    39.45162653923035,
    39.441651821136475,
    39.59605836868286,
    39.46508526802063,
    39.514370918273926
  ]
}