{
  "target_distribution": "EvenRosenbrock",
  "dimension": 20,
  "num_iterations": 100000,
  "seed": 5,
  "total_time": 1584.724984407425,
  "max_esjd": 0.03172449767589569,
  "max_acceptance_rate": 0.40053,
  "max_variance_value": 0.28923076923076924,
  "expected_squared_jump_distances": [
    9.890577348414809e-05,
    0.0011797542683780193,
    0.003250760491937399,
    0.006032347213476896,
    0.009530999697744846,
    0.012307011522352695,
    0.014091374352574348,
    0.01626310683786869,
    0.019269905984401703,
    0.02038729377090931,
    0.020951854065060616,
    0.03172449767589569,
    0.0206891018897295,
    0.0282499548047781,
    0.025794433429837227,
    0.02812718227505684,
    0.024198468774557114,
    0.019264928996562958,
    0.02115442417562008,
    0.02972986176609993,
    0.028595199808478355,
    0.02128603309392929,
    0.02573038823902607,
    0.023127075284719467,
    0.02001359686255455,
    0.013558818027377129,
    0.014065743423998356,
    0.016115261241793633,
    0.018221866339445114,
    0.02000325545668602,
    0.011613953858613968,
    0.01723957061767578,
    0.017094286158680916,
    0.015565174631774426,
    0.018679790198802948,
    0.030413761734962463,
    0.013849850744009018,
    0.01739419810473919,
    0.014754765667021275,
    0.018165724352002144
  ],
  "acceptance_rates": [
    0.98849,
    0.94411,
    0.88478,
    0.8199,
    0.7758,
    0.67071,
    0.55271,
    0.48191,
    0.44596,
    0.37978,
    0.32257,
    0.40053,
    0.22864,
    0.26578,
    0.21179,
    0.20303,
    0.15609,
    0.11233,
    0.11065,
    0.13832,
    0.12131,
    0.08266,
    0.09198,
    0.07633,
    0.06109,
    0.03929,
    0.03758,
    0.03958,
    0.04241,
    0.0426,
    0.02394,
    0.03309,
    0.0309,
    0.02622,
    0.03021,
    0.04521,
    0.02001,
    0.02429,
    0.01958,
    0.02259
  ],
  "var_value_range": [
    0.01,
    0.03538461538461538,
    0.06076923076923077,
    0.08615384615384615,
    0.11153846153846153,
    0.13692307692307693,
    0.16230769230769232,
    0.18769230769230769,
    0.21307692307692308,
    0.23846153846153847,
    0.26384615384615384,
    0.28923076923076924,
    0.31461538461538463,
    0.34,
    0.36538461538461536,
    0.39076923076923076,
    0.41615384615384615,
    0.44153846153846155,
    0.46692307692307694,
    0.4923076923076923,
    0.5176923076923077,
    0.5430769230769231,
    0.5684615384615385,
    0.5938461538461538,
    0.6192307692307693,
    0.6446153846153846,
    0.67,
    0.6953846153846154,
    0.7207692307692307,
    0.7461538461538462,
    0.7715384615384615,
    0.796923076923077,
    0.8223076923076923,
    0.8476923076923076,
    0.8730769230769231,
    0.8984615384615384,
    0.9238461538461539,
    0.9492307692307692,
    0.9746153846153846,
    1.0
  ],
  "times": [
    41.90398335456848,
    39.73162007331848,
    39.68306803703308,
    39.75047731399536,
    39.558626651763916,
    39.61295533180237,
    39.44250297546387,
    39.61284375190735,
    39.5592405796051,
    39.59489417076111,
    39.67064189910889,
    39.617814779281616,
    39.43905186653137,
    39.556729793548584,
    39.614919662475586,
    39.561110496520996,
    39.47648239135742,
    39.58084321022034,
    39.42484450340271,
    39.56228017807007,
    39.4531729221344,
    39.57528352737427,
    39.43912053108215,
    39.56829857826233,
    39.460211515426636,
    39.669710874557495,
    39.62448716163635,
    39.59522032737732,
    39.50092387199402,
    39.58214616775513,
    39.465900182724,
    39.55809712409973,
    39.5355658531189,
    39.50786519050598,
    39.43330407142639,
    39.618147134780884,
    39.47799777984619,
    39.57265114784241,
    39.50606369972229,
    39.594144344329834
  ]
}