{
  "target_distribution": "EvenRosenbrock",
  "dimension": 20,
  "num_iterations": 100000,
  "seed": 12,
  "total_time": 1562.7816874980927,
  "max_esjd": 0.03235398977994919,
  "max_acceptance_rate": 0.3009,
  "max_variance_value": 0.34,
  "expected_squared_jump_distances": [
    9.891293302644044e-05,
    0.001180797815322876,
    0.0032553442288190126,
    0.00599889038130641,
    0.009354433044791222,
    0.011049189604818821,
    0.014856749214231968,
    0.018737751990556717,
    0.02142036147415638,
    0.02483721636235714,
    0.021832631900906563,
    0.021914994344115257,
    0.02338424324989319,
    0.03235398977994919,
    0.026500480249524117,
    0.030335424467921257,
    0.02813001349568367,
    0.019493086263537407,
    0.017124582082033157,
    0.01907728798687458,
    0.022004013881087303,
    0.015268737450242043,
    0.025310205295681953,
    0.023172784596681595,
    0.021467363461852074,
    0.022870387881994247,
    0.01506663579493761,
    0.017898671329021454,
    0.023324057459831238,
    0.020062817260622978,
    0.013970324769616127,
    0.020049965009093285,
    0.016906827688217163,
    0.013565518893301487,
    0.012633574195206165,
    0.022707561030983925,
    0.028671134263277054,
    0.007674801629036665,
    0.01295034121721983,
    0.011941415257751942
  ],
  "acceptance_rates": [
    0.98855,
    0.94479,
    0.88627,
    0.81616,
    0.76215,
    0.60559,
    0.58057,
    0.55042,
    0.49184,
    0.45665,
    0.33501,
    0.28227,
    0.25573,
    0.3009,
    0.21731,
    0.21801,
    0.18009,
    0.11315,
    0.09003,
    0.09041,
    0.09449,
    0.06047,
    0.0904,
    0.07582,
    0.06582,
    0.06428,
    0.04051,
    0.04411,
    0.05303,
    0.04305,
    0.02797,
    0.03793,
    0.03027,
    0.02287,
    0.02076,
    0.03444,
    0.041,
    0.0109,
    0.01709,
    0.015
  ],
  "var_value_range": [
    0.01,
    0.03538461538461538,
    0.06076923076923077,
    0.08615384615384615,
    0.11153846153846153,
    0.13692307692307693,
    0.16230769230769232,
    0.18769230769230769,
    0.21307692307692308,
    0.23846153846153847,
    0.26384615384615384,
    0.28923076923076924,
    0.31461538461538463,
    0.34,
    0.36538461538461536,
    0.39076923076923076,
    0.41615384615384615,
    0.44153846153846155,
    0.46692307692307694,
    0.4923076923076923,
    0.5176923076923077,
    0.5430769230769231,
    0.5684615384615385,
    0.5938461538461538,
    0.6192307692307693,
    0.6446153846153846,
    0.67,
    0.6953846153846154,
    0.7207692307692307,
    0.7461538461538462,
    0.7715384615384615,
    0.796923076923077,
    0.8223076923076923,
    0.8476923076923076,
    0.8730769230769231,
    0.8984615384615384,
    0.9238461538461539,
    0.9492307692307692,
    0.9746153846153846,
    1.0
  ],
  "times": [
    41.34496545791626,
    39.04013776779175,
    39.142613887786865,
    39.0770788192749,
    39.05665993690491,
    39.08843278884888,
    38.921210289001465,
    39.039039850234985,
    39.07336211204529,
    38.95284175872803,
    39.01967215538025,
    39.05339503288269,
    38.91574835777283,
    39.06983017921448,
    38.976991415023804,
    39.0731418132782,
    38.95311260223389,
    39.04840087890625,
    38.9563410282135,
    39.08434844017029,
    38.86589527130127,
    39.08032822608948,
    38.96358776092529,
    39.026803731918335,
    38.934326171875,
    39.02428865432739,
    38.971165895462036,
    39.0040864944458,
    38.893758058547974,
    39.04864859580994,
    38.99807095527649,
    39.00067377090454,
    38.994205713272095,
    39.03190231323242,
    38.96479558944702,
    39.06576442718506,
    39.023858070373535,
    39.035908222198486,
    38.96079087257385,
    38.97564435005188
  ]
}