{
  "max_esjd": 0.03679277958969275,
  "max_acceptance_rate": 0.14899766666666667,
  "max_variance_value": 0.6061709401709401,
  "expected_squared_jump_distances": [
    9.898611703344311e-05,
    0.0012012392864562571,
    0.0032805813864494365,
    0.005968032668655117,
    0.00872710592423876,
    0.0117109431574742,
    0.014163258764892817,
    0.016439651759962242,
    0.018406170358260473,
    0.01914794705808163,
    0.02165906773880124,
    0.022304985548059146,
    0.023435784255464873,
    0.022667356704672178,
    0.02326521718253692,
    0.0248809275838236,
    0.02429891809200247,
    0.023139834372947612,
    0.025217444635927677,
    0.025204500059286754,
    0.023327622779955468,
    0.02488497697437803,
    0.02448830616970857,
    0.024346942858149607,
    0.024352938231701652,
    0.02442306764423847,
    0.023378228272000947,
    0.024246181889126698,
    0.0216514619688193,
    0.024061711598187686,
    0.022355592312912145,
    0.020291475113481283,
    0.020927414391189815,
    0.02022290164604783,
    0.020712191673616567,
    0.020223290690531335,
    0.018608552776277064,
    0.018162322929129004,
    0.015417821860561768,
    0.015971658254663148
  ],
  "acceptance_rates": [
    0.9899333333333333,
    0.9391796666666666,
    0.8736160000000002,
    0.8000723333333334,
    0.7071389999999999,
    0.6378916666666666,
    0.5627896666666666,
    0.4921813333333333,
    0.43607566666666664,
    0.367323,
    0.34311666666666674,
    0.295915,
    0.268018,
    0.22346599999999991,
    0.202498,
    0.19098000000000004,
    0.16765366666666667,
    0.14474099999999995,
    0.13933933333333334,
    0.12710266666666664,
    0.10764633333333334,
    0.10488166666666664,
    0.09456599999999998,
    0.08732866666666665,
    0.08050233333333331,
    0.07486600000000002,
    0.06706766666666666,
    0.06477766666666668,
    0.05440366666666666,
    0.05686333333333334,
    0.049474000000000004,
    0.04243166666666667,
    0.041637999999999994,
    0.03831199999999999,
    0.036624333333333335,
    0.03406233333333333,
    0.030161666666666663,
    0.027912666666666672,
    0.022681999999999994,
    0.022390333333333335
  ],
  "var_value_range": [
    0.01,
    0.03538461538461538,
    0.06076923076923077,
    0.08615384615384615,
    0.11153846153846153,
    0.13692307692307693,
    0.16230769230769232,
    0.18769230769230769,
    0.21307692307692308,
    0.23846153846153847,
    0.26384615384615384,
    0.28923076923076924,
    0.31461538461538463,
    0.34,
    0.36538461538461536,
    0.39076923076923076,
    0.41615384615384615,
    0.44153846153846155,
    0.46692307692307694,
    0.4923076923076923,
    0.5176923076923077,
    0.5430769230769231,
    0.5684615384615385,
    0.5938461538461538,
    0.6192307692307693,
    0.6446153846153846,
    0.67,
    0.6953846153846154,
    0.7207692307692307,
    0.7461538461538462,
    0.7715384615384615,
    0.796923076923077,
    0.8223076923076923,
    0.8476923076923076,
    0.8730769230769231,
    0.8984615384615384,
    0.9238461538461539,
    0.9492307692307692,
    0.9746153846153846,
    1.0
  ],
  "target_distribution": "EvenRosenbrock",
  "dimension": 10,
  "num_iterations": 100000,
  "averaged_from_seeds": [
    23,
    14,
    3,
    9,
    4,
    25,
    29,
    10,
    13,
    27,
    21,
    12,
    24,
    28,
    1,
    11,
    7,
    30,
    15,
    5,
    19,
    2,
    8,
    20,
    26,
    22,
    18,
    6,
    17,
    16
  ],
  "num_files_averaged": 30,
  "source_files": [
    "EvenRosenbrock_RWM_GPU_dim10_100000iters_seed23.json",
    "EvenRosenbrock_RWM_GPU_dim10_100000iters_seed14.json",
    "EvenRosenbrock_RWM_GPU_dim10_100000iters_seed3.json",
    "EvenRosenbrock_RWM_GPU_dim10_100000iters_seed9.json",
    "EvenRosenbrock_RWM_GPU_dim10_100000iters_seed4.json",
    "EvenRosenbrock_RWM_GPU_dim10_100000iters_seed25.json",
    "EvenRosenbrock_RWM_GPU_dim10_100000iters_seed29.json",
    "EvenRosenbrock_RWM_GPU_dim10_100000iters_seed10.json",
    "EvenRosenbrock_RWM_GPU_dim10_100000iters_seed13.json",
    "EvenRosenbrock_RWM_GPU_dim10_100000iters_seed27.json",
    "EvenRosenbrock_RWM_GPU_dim10_100000iters_seed21.json",
    "EvenRosenbrock_RWM_GPU_dim10_100000iters_seed12.json",
    "EvenRosenbrock_RWM_GPU_dim10_100000iters_seed24.json",
    "EvenRosenbrock_RWM_GPU_dim10_100000iters_seed28.json",
    "EvenRosenbrock_RWM_GPU_dim10_100000iters_seed1.json",
    "EvenRosenbrock_RWM_GPU_dim10_100000iters_seed11.json",
    "EvenRosenbrock_RWM_GPU_dim10_100000iters_seed7.json",
    "EvenRosenbrock_RWM_GPU_dim10_100000iters_seed30.json",
    "EvenRosenbrock_RWM_GPU_dim10_100000iters_seed15.json",
    "EvenRosenbrock_RWM_GPU_dim10_100000iters_seed5.json",
    "EvenRosenbrock_RWM_GPU_dim10_100000iters_seed19.json",
    "EvenRosenbrock_RWM_GPU_dim10_100000iters_seed2.json",
    "EvenRosenbrock_RWM_GPU_dim10_100000iters_seed8.json",
    "EvenRosenbrock_RWM_GPU_dim10_100000iters_seed20.json",
    "EvenRosenbrock_RWM_GPU_dim10_100000iters_seed26.json",
    "EvenRosenbrock_RWM_GPU_dim10_100000iters_seed22.json",
    "EvenRosenbrock_RWM_GPU_dim10_100000iters_seed18.json",
    "EvenRosenbrock_RWM_GPU_dim10_100000iters_seed6.json",
    "EvenRosenbrock_RWM_GPU_dim10_100000iters_seed17.json",
    "EvenRosenbrock_RWM_GPU_dim10_100000iters_seed16.json"
  ]
}