{
  "target_distribution": "EvenRosenbrock",
  "proposal_distribution": "Normal",
  "dimension": 2,
  "num_iterations": 1000000,
  "seed": 18,
  "total_time": 12508.719806432724,
  "max_esjd": 0.2291283756494522,
  "max_acceptance_rate": 0.062212,
  "max_scale_param": 2.7284615384615383,
  "expected_squared_jump_distances": [
    9.728364966576919e-05,
    0.004297918174415827,
    0.011140760034322739,
    0.01627330482006073,
    0.02250354178249836,
    0.030674297362565994,
    0.040932707488536835,
    0.045864537358284,
    0.05556153133511543,
    0.052281808108091354,
    0.06102453172206879,
    0.06856290251016617,
    0.05003105476498604,
    0.0777803435921669,
    0.0970696210861206,
    0.09492035955190659,
    0.10782288759946823,
    0.12511907517910004,
    0.09679914265871048,
    0.1131761446595192,
    0.12762989103794098,
    0.13298887014389038,
    0.1525679975748062,
    0.14970698952674866,
    0.15119606256484985,
    0.17644765973091125,
    0.178978830575943,
    0.14173512160778046,
    0.17518097162246704,
    0.1774226576089859,
    0.19259031116962433,
    0.20872099697589874,
    0.1951926201581955,
    0.18599584698677063,
    0.21503134071826935,
    0.2179209440946579,
    0.21423818171024323,
    0.21801140904426575,
    0.2291283756494522,
    0.22112587094306946
  ],
  "acceptance_rates": [
    0.98195,
    0.747391,
    0.601995,
    0.451826,
    0.373948,
    0.341199,
    0.326324,
    0.278437,
    0.264629,
    0.205556,
    0.197188,
    0.186933,
    0.119039,
    0.156894,
    0.16981,
    0.146184,
    0.147697,
    0.153264,
    0.10747,
    0.112905,
    0.115554,
    0.110808,
    0.115515,
    0.104709,
    0.096964,
    0.105216,
    0.099658,
    0.073094,
    0.084582,
    0.080492,
    0.082229,
    0.084061,
    0.073651,
    0.065591,
    0.07232,
    0.06932,
    0.064898,
    0.062752,
    0.062212,
    0.057405
  ],
  "scale_param_range": [
    0.01,
    0.08153846153846153,
    0.15307692307692308,
    0.2246153846153846,
    0.29615384615384616,
    0.3676923076923077,
    0.4392307692307692,
    0.5107692307692308,
    0.5823076923076923,
    0.6538461538461539,
    0.7253846153846154,
    0.796923076923077,
    0.8684615384615384,
    0.94,
    1.0115384615384615,
    1.083076923076923,
    1.1546153846153846,
    1.2261538461538461,
    1.2976923076923077,
    1.3692307692307693,
    1.4407692307692308,
    1.5123076923076924,
    1.583846153846154,
    1.6553846153846155,
    1.7269230769230768,
    1.7984615384615383,
    1.8699999999999999,
    1.9415384615384614,
    2.0130769230769228,
    2.0846153846153843,
    2.156153846153846,
    2.2276923076923074,
    2.299230769230769,
    2.3707692307692305,
    2.442307692307692,
    2.5138461538461536,
    2.585384615384615,
    2.6569230769230767,
    2.7284615384615383,
    2.8
  ],
  "times": [
    311.07068824768066,
    311.4498610496521,
    312.02971863746643,
    313.4778084754944,
    312.48849868774414,
    311.93509316444397,
    312.2993595600128,
    312.74206352233887,
    314.12620973587036,
    315.3371584415436,
    315.3437387943268,
    314.39940333366394,
    313.6795320510864,
    315.53423833847046,
    316.4499189853668,
    312.8978178501129,
    312.04376912117004,
    311.0245430469513,
    312.3720531463623,
    311.6886291503906,
    311.61371326446533,
    312.21436405181885,
    313.710818529129,
    312.4380078315735,
    313.07633686065674,
    312.52286672592163,
    312.16730308532715,
    311.9748191833496,
    311.8112094402313,
    312.25717878341675,
    312.1880021095276,
    311.80869483947754,
    312.7211649417877,
    312.4758698940277,
    312.52131485939026,
    312.0914616584778,
    312.91109704971313,
    312.64165687561035,
    311.5044438838959,
    311.64128494262695
  ]
}