{
  "target_distribution": "EvenRosenbrock",
  "dimension": 10,
  "num_iterations": 100000,
  "seed": 27,
  "total_time": 1564.5710899829865,
  "max_esjd": 0.04191453009843826,
  "max_acceptance_rate": 0.07209,
  "max_variance_value": 0.8730769230769231,
  "expected_squared_jump_distances": [
    9.898244752548635e-05,
    0.0011705815559253097,
    0.003216031938791275,
    0.005948199424892664,
    0.009065872989594936,
    0.010715438053011894,
    0.01213311217725277,
    0.013479931280016899,
    0.018763182684779167,
    0.016011187806725502,
    0.014598147943615913,
    0.026269884780049324,
    0.024336330592632294,
    0.02163049764931202,
    0.015286939218640327,
    0.0266801156103611,
    0.019681017845869064,
    0.01959674432873726,
    0.02935589849948883,
    0.03685173764824867,
    0.013074609450995922,
    0.03184263035655022,
    0.028454730287194252,
    0.034059006720781326,
    0.01655176840722561,
    0.02022191882133484,
    0.023374704644083977,
    0.02227574586868286,
    0.016666583716869354,
    0.027439506724476814,
    0.021262317895889282,
    0.019651396200060844,
    0.020635360851883888,
    0.01839977502822876,
    0.04191453009843826,
    0.010259260423481464,
    0.02368554100394249,
    0.013510258868336678,
    0.011432753875851631,
    0.01607133075594902
  ],
  "acceptance_rates": [
    0.98992,
    0.94024,
    0.88211,
    0.81813,
    0.75175,
    0.60511,
    0.49947,
    0.4223,
    0.45088,
    0.32041,
    0.24695,
    0.35316,
    0.28442,
    0.22092,
    0.14131,
    0.20933,
    0.13931,
    0.12523,
    0.16326,
    0.18392,
    0.06262,
    0.13394,
    0.10931,
    0.11978,
    0.05722,
    0.06338,
    0.06903,
    0.06073,
    0.04374,
    0.06505,
    0.04875,
    0.04228,
    0.04219,
    0.0354,
    0.07209,
    0.01816,
    0.03765,
    0.02145,
    0.01767,
    0.02297
  ],
  "var_value_range": [
    0.01,
    0.03538461538461538,
    0.06076923076923077,
    0.08615384615384615,
    0.11153846153846153,
    0.13692307692307693,
    0.16230769230769232,
    0.18769230769230769,
    0.21307692307692308,
    0.23846153846153847,
    0.26384615384615384,
    0.28923076923076924,
    0.31461538461538463,
    0.34,
    0.36538461538461536,
    0.39076923076923076,
    0.41615384615384615,
    0.44153846153846155,
    0.46692307692307694,
    0.4923076923076923,
    0.5176923076923077,
    0.5430769230769231,
    0.5684615384615385,
    0.5938461538461538,
    0.6192307692307693,
    0.6446153846153846,
    0.67,
    0.6953846153846154,
    0.7207692307692307,
    0.7461538461538462,
    0.7715384615384615,
    0.796923076923077,
    0.8223076923076923,
    0.8476923076923076,
    0.8730769230769231,
    0.8984615384615384,
    0.9238461538461539,
    0.9492307692307692,
    0.9746153846153846,
    1.0
  ],
  "times": [
    41.412904024124146,
    39.14797568321228,
    39.06940937042236,
    39.139147996902466,
    38.97966456413269,
    39.063045024871826,
    39.048728704452515,
    39.02018094062805,
    39.046257734298706,
    39.047951221466064,
    38.997106075286865,
    39.037997007369995,
    39.00865173339844,
    39.035651206970215,
    39.07782292366028,
    39.04002833366394,
    39.076101779937744,
    39.04455375671387,
    39.07061314582825,
    39.08366084098816,
    39.05136227607727,
    39.115795850753784,
    39.061155557632446,
    39.03855633735657,
    39.011003255844116,
    39.032925605773926,
    39.06477451324463,
    39.05702590942383,
    39.091689348220825,
    39.057785987854004,
    39.0223331451416,
    39.06208276748657,
    39.03469181060791,
    39.067782402038574,
    39.037898540496826,
    39.09449291229248,
    39.084755420684814,
    39.045430421829224,
    39.04061841964722,
    39.0209105014801
  ]
}