{
  "target_distribution": "EvenRosenbrock",
  "dimension": 30,
  "num_iterations": 100000,
  "seed": 7,
  "total_time": 1588.5966613292694,
  "max_esjd": 0.03454689309000969,
  "max_acceptance_rate": 0.31302,
  "max_variance_value": 0.34,
  "expected_squared_jump_distances": [
    9.911123925121501e-05,
    0.0011871677124872804,
    0.0032831423450261354,
    0.006102439481765032,
    0.00959073007106781,
    0.0126179289072752,
    0.015731051564216614,
    0.018974943086504936,
    0.020142734050750732,
    0.023503407835960388,
    0.022745121270418167,
    0.023878060281276703,
    0.03037538006901741,
    0.03454689309000969,
    0.026869993656873703,
    0.030572906136512756,
    0.02937636710703373,
    0.027488013729453087,
    0.02445099502801895,
    0.0327269546687603,
    0.02415633760392666,
    0.0187314935028553,
    0.020082812756299973,
    0.01874222792685032,
    0.02925688959658146,
    0.018616778776049614,
    0.0158645361661911,
    0.02468806318938732,
    0.018328258767724037,
    0.01757570169866085,
    0.01568281464278698,
    0.013727297075092793,
    0.02370290458202362,
    0.012373358942568302,
    0.015024075284600258,
    0.014174248091876507,
    0.00988813117146492,
    0.013729014433920383,
    0.017044395208358765,
    0.006939293816685677
  ],
  "acceptance_rates": [
    0.9899,
    0.94851,
    0.89106,
    0.82614,
    0.77671,
    0.68162,
    0.6073,
    0.55016,
    0.45742,
    0.4271,
    0.34065,
    0.29956,
    0.32051,
    0.31302,
    0.21413,
    0.21299,
    0.18233,
    0.15241,
    0.12208,
    0.1456,
    0.09922,
    0.07054,
    0.06925,
    0.05974,
    0.0843,
    0.05023,
    0.04052,
    0.05713,
    0.04018,
    0.03653,
    0.03033,
    0.02495,
    0.0403,
    0.0202,
    0.02296,
    0.02054,
    0.0136,
    0.01774,
    0.02117,
    0.00826
  ],
  "var_value_range": [
    0.01,
    0.03538461538461538,
    0.06076923076923077,
    0.08615384615384615,
    0.11153846153846153,
    0.13692307692307693,
    0.16230769230769232,
    0.18769230769230769,
    0.21307692307692308,
    0.23846153846153847,
    0.26384615384615384,
    0.28923076923076924,
    0.31461538461538463,
    0.34,
    0.36538461538461536,
    0.39076923076923076,
    0.41615384615384615,
    0.44153846153846155,
    0.46692307692307694,
    0.4923076923076923,
    0.5176923076923077,
    0.5430769230769231,
    0.5684615384615385,
    0.5938461538461538,
    0.6192307692307693,
    0.6446153846153846,
    0.67,
    0.6953846153846154,
    0.7207692307692307,
    0.7461538461538462,
    0.7715384615384615,
    0.796923076923077,
    0.8223076923076923,
    0.8476923076923076,
    0.8730769230769231,
    0.8984615384615384,
    0.9238461538461539,
    0.9492307692307692,
    0.9746153846153846,
    1.0
  ],
  "times": [
    41.75618886947632,
    39.808934926986694,
    39.67804574966431,
    39.76900267601013,
    39.798582792282104,
    39.71010732650757,
    39.69717526435852,
    39.708964347839355,
    39.699435234069824,
    39.67992329597473,
    39.71876573562622,
    39.725290298461914,
    39.650132179260254,
    39.65467548370361,
    39.625627279281616,
    39.67630624771118,
    39.614633560180664,
    39.661121129989624,
    39.65610647201538,
    39.59815001487732,
    39.64634609222412,
    39.64953279495239,
    39.624367237091064,
    39.64363074302673,
    39.61364817619324,
    39.612038135528564,
    39.574151277542114,
    39.68446469306946,
    39.65762138366699,
    39.66525673866272,
    39.62190341949463,
    39.61044526100159,
    39.5736186504364,
    39.66574215888977,
    39.61354994773865,
    39.66896438598633,
    39.603920221328735,
    39.6322283744812,
    39.58532524108887,
    39.731152057647705
  ]
}