{
  "target_distribution": "EvenRosenbrock",
  "proposal_distribution": "Normal",
  "dimension": 4,
  "num_iterations": 1000000,
  "seed": 9,
  "total_time": 11001.333483219147,
  "max_esjd": 0.051214829087257385,
  "max_acceptance_rate": 0.059909,
  "max_scale_param": 1.2007692307692308,
  "expected_squared_jump_distances": [
    9.772110206540674e-05,
    0.0015736930072307587,
    0.004452577326446772,
    0.006737958639860153,
    0.009684394113719463,
    0.01141649205237627,
    0.01802190952003002,
    0.011448346078395844,
    0.016793733462691307,
    0.02017746865749359,
    0.026308851316571236,
    0.024115851148962975,
    0.028570611029863358,
    0.03412393853068352,
    0.0303840059787035,
    0.01636076532304287,
    0.031127918511629105,
    0.02512805350124836,
    0.032792799174785614,
    0.017813632264733315,
    0.03239917755126953,
    0.024463584646582603,
    0.03334369510412216,
    0.03958358243107796,
    0.032301947474479675,
    0.04125002399086952,
    0.03927135467529297,
    0.04936071112751961,
    0.03642304241657257,
    0.026196910068392754,
    0.03675207123160362,
    0.036158595234155655,
    0.027422968298196793,
    0.02367035485804081,
    0.025775667279958725,
    0.04265054687857628,
    0.051214829087257385,
    0.04147055745124817,
    0.04022115841507912,
    0.03729928284883499
  ],
  "acceptance_rates": [
    0.981723,
    0.877808,
    0.812195,
    0.638336,
    0.557549,
    0.450332,
    0.496152,
    0.2622,
    0.293646,
    0.284322,
    0.300446,
    0.23653,
    0.238011,
    0.242024,
    0.193185,
    0.098345,
    0.15556,
    0.114679,
    0.133681,
    0.070032,
    0.110974,
    0.077773,
    0.095483,
    0.10394,
    0.079438,
    0.093449,
    0.08273,
    0.096472,
    0.067683,
    0.046485,
    0.060808,
    0.056153,
    0.040576,
    0.033629,
    0.034906,
    0.053188,
    0.059909,
    0.046639,
    0.042881,
    0.038018
  ],
  "scale_param_range": [
    0.01,
    0.04307692307692308,
    0.07615384615384616,
    0.10923076923076923,
    0.14230769230769233,
    0.17538461538461542,
    0.20846153846153848,
    0.24153846153846156,
    0.27461538461538465,
    0.3076923076923077,
    0.3407692307692308,
    0.3738461538461539,
    0.40692307692307694,
    0.44000000000000006,
    0.4730769230769231,
    0.5061538461538462,
    0.5392307692307693,
    0.5723076923076924,
    0.6053846153846154,
    0.6384615384615385,
    0.6715384615384616,
    0.7046153846153846,
    0.7376923076923078,
    0.7707692307692309,
    0.8038461538461539,
    0.836923076923077,
    0.8700000000000001,
    0.9030769230769232,
    0.9361538461538462,
    0.9692307692307693,
    1.0023076923076923,
    1.0353846153846156,
    1.0684615384615386,
    1.1015384615384616,
    1.1346153846153848,
    1.1676923076923078,
    1.2007692307692308,
    1.233846153846154,
    1.266923076923077,
    1.3
  ],
  "times": [
    273.9018497467041,
    273.4794361591339,
    273.42104411125183,
    273.88767886161804,
    274.18696117401123,
    274.17088532447815,
    274.6324813365936,
    274.70458698272705,
    274.2848014831543,
    273.8562731742859,
    273.2992117404938,
    274.09997272491455,
    274.2211239337921,
    273.99218678474426,
    274.0603189468384,
    274.34168791770935,
    273.74335074424744,
    274.6452100276947,
    274.763986825943,
    275.0013196468353,
    274.2747657299042,
    274.8641505241394,
    273.8024935722351,
    273.93949151039124,
    274.07295656204224,
    273.65193462371826,
    270.9306206703186,
    270.6383707523346,
    274.26560068130493,
    276.8312005996704,
    275.94407081604004,
    276.2991919517517,
    274.1351635456085,
    278.74311113357544,
    277.2376492023468,
    278.63287925720215,
    278.58165431022644,
    278.47508120536804,
    280.7308964729309,
    282.54044365882874
  ]
}