{
  "target_distribution": "EvenRosenbrock",
  "dimension": 20,
  "num_iterations": 100000,
  "seed": 17,
  "total_time": 1573.424256324768,
  "max_esjd": 0.03683754801750183,
  "max_acceptance_rate": 0.1413,
  "max_variance_value": 0.5430769230769231,
  "expected_squared_jump_distances": [
    9.890184446703643e-05,
    0.0011809268034994602,
    0.0032596129458397627,
    0.006030588410794735,
    0.009348282590508461,
    0.012119406834244728,
    0.014288898557424545,
    0.016898712143301964,
    0.022087611258029938,
    0.02287713810801506,
    0.02736375667154789,
    0.024381229653954506,
    0.02197084203362465,
    0.01866135187447071,
    0.027799716219305992,
    0.025622446089982986,
    0.032077524811029434,
    0.02307041920721531,
    0.029508627951145172,
    0.027108201757073402,
    0.015599743463099003,
    0.03683754801750183,
    0.030459335073828697,
    0.018422873690724373,
    0.018705997616052628,
    0.031071271747350693,
    0.013406464830040932,
    0.024833479896187782,
    0.021207166835665703,
    0.016380099579691887,
    0.01909315399825573,
    0.01666956953704357,
    0.015326461754739285,
    0.013973998837172985,
    0.016139917075634003,
    0.02276168391108513,
    0.019052326679229736,
    0.010866734199225903,
    0.01662423275411129,
    0.01375093124806881
  ],
  "acceptance_rates": [
    0.98848,
    0.945,
    0.88731,
    0.82036,
    0.76147,
    0.66058,
    0.56008,
    0.49885,
    0.5058,
    0.42288,
    0.41393,
    0.31298,
    0.24206,
    0.1788,
    0.22773,
    0.1852,
    0.20417,
    0.13309,
    0.1508,
    0.12673,
    0.06745,
    0.1413,
    0.10734,
    0.06131,
    0.05706,
    0.08674,
    0.03646,
    0.06053,
    0.04862,
    0.03534,
    0.03904,
    0.03212,
    0.02774,
    0.02411,
    0.0261,
    0.03435,
    0.02775,
    0.01504,
    0.02188,
    0.01737
  ],
  "var_value_range": [
    0.01,
    0.03538461538461538,
    0.06076923076923077,
    0.08615384615384615,
    0.11153846153846153,
    0.13692307692307693,
    0.16230769230769232,
    0.18769230769230769,
    0.21307692307692308,
    0.23846153846153847,
    0.26384615384615384,
    0.28923076923076924,
    0.31461538461538463,
    0.34,
    0.36538461538461536,
    0.39076923076923076,
    0.41615384615384615,
    0.44153846153846155,
    0.46692307692307694,
    0.4923076923076923,
    0.5176923076923077,
    0.5430769230769231,
    0.5684615384615385,
    0.5938461538461538,
    0.6192307692307693,
    0.6446153846153846,
    0.67,
    0.6953846153846154,
    0.7207692307692307,
    0.7461538461538462,
    0.7715384615384615,
    0.796923076923077,
    0.8223076923076923,
    0.8476923076923076,
    0.8730769230769231,
    0.8984615384615384,
    0.9238461538461539,
    0.9492307692307692,
    0.9746153846153846,
    1.0
  ],
  "times": [
    41.50210189819336,
    39.368435859680176,
    39.252997398376465,
    39.372827768325806,
    39.29509401321411,
    39.3207323551178,
    39.23394465446472,
    39.32920575141907,
    39.24730110168457,
    39.2174608707428,
    39.2789363861084,
    39.2664794921875,
    39.22023415565491,
    39.26138353347778,
    39.29407835006714,
    39.35570192337036,
    39.239765882492065,
    39.301218032836914,
    39.23339009284973,
    39.32277512550354,
    39.119545459747314,
    39.346556425094604,
    39.13801026344299,
    39.33127570152283,
    39.14340114593506,
    39.333008766174316,
    39.253692626953125,
    39.38629603385925,
    39.18574857711792,
    39.344138622283936,
    39.336570501327515,
    39.26853895187378,
    39.32090926170349,
    39.32391333580017,
    39.18604898452759,
    39.26123762130737,
    39.21667265892029,
    39.33234190940857,
    39.22900676727295,
    39.42402505874634
  ]
}