{
  "target_distribution": "EvenRosenbrock",
  "dimension": 10,
  "num_iterations": 100000,
  "seed": 6,
  "total_time": 1618.245034456253,
  "max_esjd": 0.035008493810892105,
  "max_acceptance_rate": 0.13496,
  "max_variance_value": 0.5684615384615385,
  "expected_squared_jump_distances": [
    9.898849384626374e-05,
    0.0011728982208296657,
    0.0031518938485533,
    0.005872064270079136,
    0.008997322991490364,
    0.010201362892985344,
    0.013000606559216976,
    0.01767188496887684,
    0.017702633515000343,
    0.018942561000585556,
    0.02259068377315998,
    0.021185480058193207,
    0.020088188350200653,
    0.014724034816026688,
    0.025158876553177834,
    0.02303406223654747,
    0.01985154300928116,
    0.017614107578992844,
    0.018020927906036377,
    0.024263259023427963,
    0.03176440671086311,
    0.023976195603609085,
    0.035008493810892105,
    0.02705300785601139,
    0.01733251102268696,
    0.026855843141674995,
    0.01863451860845089,
    0.025442397221922874,
    0.03279179707169533,
    0.026031989604234695,
    0.023078612983226776,
    0.030148714780807495,
    0.026503214612603188,
    0.02839972823858261,
    0.025404756888747215,
    0.023906653746962547,
    0.026268377900123596,
    0.024457035586237907,
    0.03278912603855133,
    0.009599752724170685
  ],
  "acceptance_rates": [
    0.98995,
    0.94189,
    0.86601,
    0.8092,
    0.74609,
    0.57982,
    0.53098,
    0.53745,
    0.42958,
    0.37438,
    0.3656,
    0.29163,
    0.23715,
    0.1545,
    0.22252,
    0.18112,
    0.14111,
    0.11378,
    0.1048,
    0.12471,
    0.14538,
    0.10297,
    0.13496,
    0.09794,
    0.05924,
    0.08423,
    0.05501,
    0.06864,
    0.08146,
    0.06251,
    0.0528,
    0.06275,
    0.05277,
    0.05301,
    0.04512,
    0.04015,
    0.04189,
    0.03723,
    0.04662,
    0.01399
  ],
  "var_value_range": [
    0.01,
    0.03538461538461538,
    0.06076923076923077,
    0.08615384615384615,
    0.11153846153846153,
    0.13692307692307693,
    0.16230769230769232,
    0.18769230769230769,
    0.21307692307692308,
    0.23846153846153847,
    0.26384615384615384,
    0.28923076923076924,
    0.31461538461538463,
    0.34,
    0.36538461538461536,
    0.39076923076923076,
    0.41615384615384615,
    0.44153846153846155,
    0.46692307692307694,
    0.4923076923076923,
    0.5176923076923077,
    0.5430769230769231,
    0.5684615384615385,
    0.5938461538461538,
    0.6192307692307693,
    0.6446153846153846,
    0.67,
    0.6953846153846154,
    0.7207692307692307,
    0.7461538461538462,
    0.7715384615384615,
    0.796923076923077,
    0.8223076923076923,
    0.8476923076923076,
    0.8730769230769231,
    0.8984615384615384,
    0.9238461538461539,
    0.9492307692307692,
    0.9746153846153846,
    1.0
  ],
  "times": [
    42.51601457595825,
    40.38196849822998,
    40.43530297279358,
    40.560481786727905,
    40.52711248397827,
    40.52441716194153,
    40.38212585449219,
    40.477022647857666,
    40.35120105743408,
    40.39276361465454,
    40.32514476776123,
    40.40506958961487,
    40.40243983268738,
    40.454803705215454,
    40.37631678581238,
    40.44042420387268,
    40.42130899429321,
    40.47434139251709,
    40.333526611328125,
    40.412883281707764,
    40.38122010231018,
    40.38995981216431,
    40.36484909057617,
    40.395999908447266,
    40.31504225730896,
    40.41667556762695,
    40.34371471405029,
    40.36474013328552,
    40.37327718734741,
    40.3706591129303,
    40.35525584220886,
    40.39311861991882,
    40.38700723648071,
    40.391757011413574,
    40.345701694488525,
    40.37562894821167,
    40.391196489334106,
    40.376368045806885,
    40.41528677940369,
    40.46177315711975
  ]
}