{
  "target_distribution": "EvenRosenbrock",
  "proposal_distribution": "Normal",
  "dimension": 10,
  "num_iterations": 1000000,
  "seed": 15,
  "total_time": 12766.44020152092,
  "max_esjd": 0.018882304430007935,
  "max_acceptance_rate": 0.132895,
  "max_scale_param": 0.41846153846153844,
  "expected_squared_jump_distances": [
    9.819302067626268e-05,
    0.0005894785281270742,
    0.0014151557115837932,
    0.0024865688756108284,
    0.003578122006729245,
    0.005096497945487499,
    0.005762830842286348,
    0.007389605510979891,
    0.007225617300719023,
    0.007315898779779673,
    0.00891911145299673,
    0.011502967216074467,
    0.009686124511063099,
    0.006847009528428316,
    0.01046076975762844,
    0.015926925465464592,
    0.0113821467384696,
    0.012034271843731403,
    0.007991841994225979,
    0.009407239966094494,
    0.008964931592345238,
    0.004724537022411823,
    0.014368142932653427,
    0.014488698914647102,
    0.015568576753139496,
    0.014404539950191975,
    0.01178966835141182,
    0.018882304430007935,
    0.005480071064084768,
    0.017152613028883934,
    0.006766126025468111,
    0.009236798621714115,
    0.008384066633880138,
    0.0051899803802371025,
    0.017673207446932793,
    0.011820199899375439,
    0.017691535875201225,
    0.010603595525026321,
    0.012883624993264675,
    0.00663499440997839
  ],
  "acceptance_rates": [
    0.983515,
    0.939373,
    0.884603,
    0.827208,
    0.743674,
    0.72082,
    0.601456,
    0.584955,
    0.458258,
    0.381373,
    0.382933,
    0.409671,
    0.301573,
    0.191958,
    0.248432,
    0.321915,
    0.212633,
    0.201536,
    0.124259,
    0.132642,
    0.113516,
    0.056707,
    0.149009,
    0.13969,
    0.138281,
    0.118748,
    0.091688,
    0.132895,
    0.039021,
    0.107393,
    0.043038,
    0.05403,
    0.045253,
    0.027651,
    0.082953,
    0.054085,
    0.074857,
    0.043531,
    0.05043,
    0.025281
  ],
  "scale_param_range": [
    0.01,
    0.025128205128205128,
    0.040256410256410254,
    0.055384615384615386,
    0.07051282051282051,
    0.08564102564102563,
    0.10076923076923076,
    0.11589743589743588,
    0.13102564102564102,
    0.14615384615384616,
    0.16128205128205128,
    0.1764102564102564,
    0.19153846153846155,
    0.20666666666666667,
    0.22179487179487178,
    0.23692307692307693,
    0.252051282051282,
    0.2671794871794872,
    0.2823076923076923,
    0.29743589743589743,
    0.31256410256410255,
    0.32769230769230767,
    0.3428205128205128,
    0.35794871794871796,
    0.3730769230769231,
    0.3882051282051282,
    0.4033333333333333,
    0.41846153846153844,
    0.43358974358974356,
    0.44871794871794873,
    0.46384615384615385,
    0.47897435897435897,
    0.4941025641025641,
    0.5092307692307692,
    0.5243589743589744,
    0.5394871794871795,
    0.5546153846153846,
    0.5697435897435897,
    0.5848717948717949,
    0.6
  ],
  "times": [
    318.9146931171417,
    320.06237149238586,
    319.76287961006165,
    319.27378821372986,
    319.2282643318176,
    319.0891191959381,
    319.2576434612274,
    319.4323570728302,
    318.7006878852844,
    318.8633506298065,
    319.0503432750702,
    318.5525588989258,
    319.5794577598572,
    318.87089943885803,
    319.02062153816223,
    318.9310121536255,
    318.7385778427124,
    319.21789622306824,
    319.3411316871643,
    318.9390003681183,
    319.2265827655792,
    319.1517629623413,
    319.39957880973816,
    319.6429054737091,
    318.9730842113495,
    318.96268129348755,
    319.3003544807434,
    318.7148246765137,
    319.15123772621155,
    318.7894148826599,
    319.116336107254,
    318.9222538471222,
    318.3560485839844,
    320.1065242290497,
    320.4600100517273,
    319.7664358615875,
    318.5911748409271,
    319.1481351852417,
    318.9881680011749,
    318.79650354385376
  ]
}