{
  "target_distribution": "EvenRosenbrock",
  "dimension": 20,
  "num_iterations": 100000,
  "seed": 25,
  "total_time": 1598.540723323822,
  "max_esjd": 0.033197227865457535,
  "max_acceptance_rate": 0.30782,
  "max_variance_value": 0.34,
  "expected_squared_jump_distances": [
    9.890247747534886e-05,
    0.0011805669637396932,
    0.0032440011855214834,
    0.0060185519978404045,
    0.009357232600450516,
    0.01192978024482727,
    0.013812563382089138,
    0.019734492525458336,
    0.020756378769874573,
    0.02422555349767208,
    0.02368374913930893,
    0.0272052139043808,
    0.027675746008753777,
    0.033197227865457535,
    0.023778347298502922,
    0.026977909728884697,
    0.028106674551963806,
    0.028684724122285843,
    0.023665353655815125,
    0.014598537236452103,
    0.022611405700445175,
    0.021119242534041405,
    0.017286190763115883,
    0.025370951741933823,
    0.027755646035075188,
    0.016067804768681526,
    0.025227133184671402,
    0.010982218198478222,
    0.01323268748819828,
    0.024713441729545593,
    0.015482479706406593,
    0.026173202320933342,
    0.019642146304249763,
    0.01436446700245142,
    0.017979055643081665,
    0.012981369160115719,
    0.011878258548676968,
    0.012462805025279522,
    0.013524550013244152,
    0.0140084745362401
  ],
  "acceptance_rates": [
    0.98848,
    0.94484,
    0.88328,
    0.81859,
    0.76266,
    0.65087,
    0.54321,
    0.57747,
    0.47729,
    0.44646,
    0.36214,
    0.34683,
    0.30128,
    0.30782,
    0.19649,
    0.19539,
    0.17913,
    0.16441,
    0.12287,
    0.06961,
    0.09679,
    0.08278,
    0.0625,
    0.08331,
    0.08441,
    0.04598,
    0.06624,
    0.02738,
    0.03082,
    0.05261,
    0.03133,
    0.04894,
    0.0352,
    0.02468,
    0.02902,
    0.01974,
    0.01779,
    0.01725,
    0.01774,
    0.01738
  ],
  "var_value_range": [
    0.01,
    0.03538461538461538,
    0.06076923076923077,
    0.08615384615384615,
    0.11153846153846153,
    0.13692307692307693,
    0.16230769230769232,
    0.18769230769230769,
    0.21307692307692308,
    0.23846153846153847,
    0.26384615384615384,
    0.28923076923076924,
    0.31461538461538463,
    0.34,
    0.36538461538461536,
    0.39076923076923076,
    0.41615384615384615,
    0.44153846153846155,
    0.46692307692307694,
    0.4923076923076923,
    0.5176923076923077,
    0.5430769230769231,
    0.5684615384615385,
    0.5938461538461538,
    0.6192307692307693,
    0.6446153846153846,
    0.67,
    0.6953846153846154,
    0.7207692307692307,
    0.7461538461538462,
    0.7715384615384615,
    0.796923076923077,
    0.8223076923076923,
    0.8476923076923076,
    0.8730769230769231,
    0.8984615384615384,
    0.9238461538461539,
    0.9492307692307692,
    0.9746153846153846,
    1.0
  ],
  "times": [
    42.13166356086731,
    39.97734832763672,
    39.96297359466553,
    39.94710373878479,
    39.91612505912781,
    39.94642472267151,
    39.76291537284851,
    39.95323586463928,
    39.85164999961853,
    39.91156339645386,
    39.85765099525452,
    39.92448663711548,
    39.807188749313354,
    39.89524865150452,
    39.87842082977295,
    39.93676137924194,
    39.810383796691895,
    39.95698428153992,
    39.85641670227051,
    40.00678062438965,
    39.74128222465515,
    39.98707699775696,
    39.77787184715271,
    39.95970940589905,
    39.75078344345093,
    39.95627236366272,
    39.88513779640198,
    40.015307903289795,
    39.82500720024109,
    40.01327657699585,
    39.821391582489014,
    39.922651052474976,
    39.891419410705566,
    39.99950885772705,
    39.87385582923889,
    39.93048977851868,
    39.844844818115234,
    39.967904567718506,
    39.872796297073364,
    40.18172526359558
  ]
}