{
  "target_distribution": "EvenRosenbrock",
  "proposal_distribution": "Normal",
  "dimension": 30,
  "num_iterations": 1000000,
  "seed": 17,
  "total_time": 11301.837806940079,
  "max_esjd": 0.01592506840825081,
  "max_acceptance_rate": 0.33842,
  "max_scale_param": 0.22179487179487178,
  "expected_squared_jump_distances": [
    9.848347690422088e-05,
    0.0005972717772237957,
    0.0014471462927758694,
    0.002572184894233942,
    0.00383429741486907,
    0.005170763470232487,
    0.0066763125360012054,
    0.00797328446060419,
    0.00923692062497139,
    0.010386726818978786,
    0.011722994968295097,
    0.011450360529124737,
    0.011568889021873474,
    0.012769035995006561,
    0.01592506840825081,
    0.015855401754379272,
    0.011996881105005741,
    0.013560564257204533,
    0.014087289571762085,
    0.013953596353530884,
    0.014859895221889019,
    0.008577597327530384,
    0.012043330818414688,
    0.013762484304606915,
    0.012868260033428669,
    0.009586339816451073,
    0.011820252053439617,
    0.00834160577505827,
    0.013197781518101692,
    0.011471069417893887,
    0.011194941587746143,
    0.008571957238018513,
    0.004551581107079983,
    0.006001251749694347,
    0.010890047065913677,
    0.011870997957885265,
    0.008033289574086666,
    0.0077543677762150764,
    0.005289928987622261,
    0.006286485120654106
  ],
  "acceptance_rates": [
    0.984769,
    0.947206,
    0.896042,
    0.843413,
    0.77804,
    0.713759,
    0.667377,
    0.604941,
    0.550665,
    0.499825,
    0.464681,
    0.382507,
    0.3301,
    0.313475,
    0.33842,
    0.296839,
    0.201813,
    0.202834,
    0.188826,
    0.170039,
    0.16403,
    0.087983,
    0.112336,
    0.117486,
    0.101531,
    0.07103,
    0.080513,
    0.053751,
    0.07793,
    0.063954,
    0.05832,
    0.042573,
    0.021554,
    0.026634,
    0.045049,
    0.046289,
    0.03003,
    0.027662,
    0.018194,
    0.02037
  ],
  "scale_param_range": [
    0.01,
    0.025128205128205128,
    0.040256410256410254,
    0.055384615384615386,
    0.07051282051282051,
    0.08564102564102563,
    0.10076923076923076,
    0.11589743589743588,
    0.13102564102564102,
    0.14615384615384616,
    0.16128205128205128,
    0.1764102564102564,
    0.19153846153846155,
    0.20666666666666667,
    0.22179487179487178,
    0.23692307692307693,
    0.252051282051282,
    0.2671794871794872,
    0.2823076923076923,
    0.29743589743589743,
    0.31256410256410255,
    0.32769230769230767,
    0.3428205128205128,
    0.35794871794871796,
    0.3730769230769231,
    0.3882051282051282,
    0.4033333333333333,
    0.41846153846153844,
    0.43358974358974356,
    0.44871794871794873,
    0.46384615384615385,
    0.47897435897435897,
    0.4941025641025641,
    0.5092307692307692,
    0.5243589743589744,
    0.5394871794871795,
    0.5546153846153846,
    0.5697435897435897,
    0.5848717948717949,
    0.6
  ],
  "times": [
    283.9954996109009,
    283.436758518219,
    284.0290641784668,
    285.3030116558075,
    284.4084186553955,
    284.2046859264374,
    286.3326232433319,
    285.05753684043884,
    285.0409336090088,
    285.71207451820374,
    284.49750995635986,
    285.09432005882263,
    285.32758498191833,
    283.28259682655334,
    283.0465760231018,
    283.0088324546814,
    281.3004217147827,
    283.24276328086853,
    281.50063729286194,
    282.5299165248871,
    283.1415915489197,
    284.56130599975586,
    285.38427543640137,
    285.3359308242798,
    285.1692168712616,
    283.00448632240295,
    282.4265103340149,
    277.90448212623596,
    280.44833636283875,
    281.979373216629,
    281.59484791755676,
    281.28063917160034,
    280.6384220123291,
    281.1427571773529,
    280.1999046802521,
    280.46035957336426,
    280.28026270866394,
    276.943941116333,
    275.1551721096039,
    274.33754324913025
  ]
}