{
  "target_distribution": "EvenRosenbrock",
  "proposal_distribution": "Normal",
  "dimension": 10,
  "num_iterations": 1000000,
  "seed": 10,
  "total_time": 10742.046152591705,
  "max_esjd": 0.023233795538544655,
  "max_acceptance_rate": 0.173286,
  "max_scale_param": 0.4033333333333333,
  "expected_squared_jump_distances": [
    9.7928277682513e-05,
    0.0005843722028657794,
    0.0014056088402867317,
    0.0024330029264092445,
    0.003656362881883979,
    0.004986950661987066,
    0.006620593834668398,
    0.00791721511632204,
    0.009105916135013103,
    0.011404487304389477,
    0.011597909964621067,
    0.013682876713573933,
    0.014227822422981262,
    0.014611192047595978,
    0.01293313317000866,
    0.015816764906048775,
    0.020093383267521858,
    0.015261114574968815,
    0.016132080927491188,
    0.008221673779189587,
    0.015325017273426056,
    0.014234371483325958,
    0.012198748998343945,
    0.015950169414281845,
    0.020074890926480293,
    0.0121593177318573,
    0.023233795538544655,
    0.015881869941949844,
    0.019117604941129684,
    0.02059980109333992,
    0.012537763454020023,
    0.010503614321351051,
    0.01355998869985342,
    0.015597398392856121,
    0.008462812751531601,
    0.009317922405898571,
    0.015816757455468178,
    0.020236458629369736,
    0.018314523622393608,
    0.015714731067419052
  ],
  "acceptance_rates": [
    0.980833,
    0.931734,
    0.878976,
    0.811256,
    0.757966,
    0.706786,
    0.680485,
    0.622083,
    0.566003,
    0.569521,
    0.48471,
    0.478441,
    0.427436,
    0.3808,
    0.299371,
    0.319749,
    0.355868,
    0.248703,
    0.236232,
    0.114462,
    0.186756,
    0.159577,
    0.127508,
    0.152279,
    0.174137,
    0.101538,
    0.173286,
    0.113817,
    0.126664,
    0.12617,
    0.074892,
    0.06028,
    0.0726,
    0.077959,
    0.041649,
    0.042993,
    0.06737,
    0.080668,
    0.069963,
    0.057241
  ],
  "scale_param_range": [
    0.01,
    0.025128205128205128,
    0.040256410256410254,
    0.055384615384615386,
    0.07051282051282051,
    0.08564102564102563,
    0.10076923076923076,
    0.11589743589743588,
    0.13102564102564102,
    0.14615384615384616,
    0.16128205128205128,
    0.1764102564102564,
    0.19153846153846155,
    0.20666666666666667,
    0.22179487179487178,
    0.23692307692307693,
    0.252051282051282,
    0.2671794871794872,
    0.2823076923076923,
    0.29743589743589743,
    0.31256410256410255,
    0.32769230769230767,
    0.3428205128205128,
    0.35794871794871796,
    0.3730769230769231,
    0.3882051282051282,
    0.4033333333333333,
    0.41846153846153844,
    0.43358974358974356,
    0.44871794871794873,
    0.46384615384615385,
    0.47897435897435897,
    0.4941025641025641,
    0.5092307692307692,
    0.5243589743589744,
    0.5394871794871795,
    0.5546153846153846,
    0.5697435897435897,
    0.5848717948717949,
    0.6
  ],
  "times": [
    268.5674250125885,
    268.0565197467804,
    267.60077023506165,
    268.2024259567261,
    268.2974343299866,
    268.0757031440735,
    268.27735781669617,
    268.92786169052124,
    268.3467378616333,
    269.54450035095215,
    271.25578236579895,
    268.1248252391815,
    268.8103561401367,
    265.77415013313293,
    267.34988951683044,
    264.4704911708832,
    265.94275164604187,
    265.6465549468994,
    265.984575510025,
    266.1408910751343,
    267.6047258377075,
    266.78632736206055,
    270.04966402053833,
    270.4552671909332,
    269.9670104980469,
    269.95436835289,
    272.31559896469116,
    270.8083736896515,
    270.5880608558655,
    270.5441143512726,
    270.7552239894867,
    270.6554229259491,
    270.7845833301544,
    270.63847756385803,
    268.2406644821167,
    267.7268958091736,
    268.210497379303,
    267.8576428890228,
    267.7272446155548,
    266.9247977733612
  ]
}