{
  "target_distribution": "EvenRosenbrock",
  "dimension": 30,
  "num_iterations": 100000,
  "seed": 9,
  "total_time": 546.4891338348389,
  "max_esjd": 0.032960403710603714,
  "max_acceptance_rate": 0.22742,
  "max_variance_value": 0.39205128205128204,
  "expected_squared_jump_distances": [
    9.910491644404829e-05,
    0.0021438042167574167,
    0.0061598592437803745,
    0.010817747563123703,
    0.014698001556098461,
    0.017830101773142815,
    0.022890429943799973,
    0.02398476004600525,
    0.027770748361945152,
    0.0246223583817482,
    0.032960403710603714,
    0.02297012321650982,
    0.0254561398178339,
    0.031109891831874847,
    0.022481100633740425,
    0.02938067726790905,
    0.026664290577173233,
    0.025831613689661026,
    0.024573510512709618,
    0.023677421733736992,
    0.016659189015626907,
    0.012186371721327305,
    0.02117137424647808,
    0.015038692392408848,
    0.012115239165723324,
    0.013681171461939812,
    0.009756091982126236,
    0.006594836711883545,
    0.013523593544960022,
    0.009469522163271904,
    0.014223097823560238,
    0.009696334600448608,
    0.008405807428061962,
    0.008125804364681244,
    0.0065451450645923615,
    0.005177872255444527,
    0.007606398779898882,
    0.0051367501728236675,
    0.005854318849742413,
    0.005184471141546965
  ],
  "acceptance_rates": [
    0.98984,
    0.92358,
    0.82878,
    0.70459,
    0.56601,
    0.45421,
    0.41324,
    0.32531,
    0.29271,
    0.20992,
    0.22742,
    0.13427,
    0.12626,
    0.13199,
    0.08364,
    0.09547,
    0.0765,
    0.06661,
    0.05661,
    0.04924,
    0.03193,
    0.02136,
    0.0335,
    0.02232,
    0.01682,
    0.01734,
    0.01156,
    0.00731,
    0.01359,
    0.00897,
    0.01268,
    0.00819,
    0.00681,
    0.00622,
    0.00471,
    0.00359,
    0.00483,
    0.00313,
    0.0034,
    0.00294
  ],
  "var_value_range": [
    0.01,
    0.048205128205128206,
    0.0864102564102564,
    0.12461538461538461,
    0.16282051282051282,
    0.20102564102564102,
    0.23923076923076925,
    0.2774358974358974,
    0.31564102564102564,
    0.35384615384615387,
    0.39205128205128204,
    0.43025641025641026,
    0.4684615384615385,
    0.5066666666666666,
    0.5448717948717948,
    0.583076923076923,
    0.6212820512820513,
    0.6594871794871795,
    0.6976923076923077,
    0.7358974358974358,
    0.7741025641025641,
    0.8123076923076923,
    0.8505128205128205,
    0.8887179487179487,
    0.926923076923077,
    0.9651282051282051,
    1.0033333333333332,
    1.0415384615384615,
    1.0797435897435896,
    1.117948717948718,
    1.156153846153846,
    1.1943589743589744,
    1.2325641025641025,
    1.2707692307692307,
    1.308974358974359,
    1.347179487179487,
    1.3853846153846154,
    1.4235897435897436,
    1.4617948717948717,
    1.5
  ],
  "times": [
    13.8974928855896,
    13.621263265609741,
    13.513222694396973,
    13.640601873397827,
    13.648312091827393,
    13.670783042907715,
    13.667434215545654,
    13.700377464294434,
    13.68533730506897,
    13.697521448135376,
    13.675861120223999,
    13.68916392326355,
    13.666043281555176,
    13.681819915771484,
    13.673456192016602,
    13.64632773399353,
    13.643357992172241,
    13.657674789428711,
    13.657374620437622,
    13.66186809539795,
    13.655091285705566,
    13.664486169815063,
    13.646074771881104,
    13.648868560791016,
    13.623700380325317,
    13.642416715621948,
    13.638875007629395,
    13.670287132263184,
    13.653210639953613,
    13.659940958023071,
    13.651116609573364,
    13.656139373779297,
    13.654268980026245,
    13.64564061164856,
    13.675931692123413,
    13.689039707183838,
    13.656829833984375,
    13.6514151096344,
    13.653367757797241,
    13.632476806640625
  ]
}