{
  "target_distribution": "EvenRosenbrock",
  "proposal_distribution": "Normal",
  "dimension": 4,
  "num_iterations": 1000000,
  "seed": 24,
  "total_time": 11067.171557188034,
  "max_esjd": 0.04911017790436745,
  "max_acceptance_rate": 0.079754,
  "max_scale_param": 1.0023076923076923,
  "expected_squared_jump_distances": [
    9.77101517491974e-05,
    0.0016032966086640954,
    0.0038848884869366884,
    0.007133410777896643,
    0.010987958870828152,
    0.013303720392286777,
    0.01617114618420601,
    0.012516445480287075,
    0.02392815239727497,
    0.023611709475517273,
    0.024317139759659767,
    0.017338937148451805,
    0.022861238569021225,
    0.02151828072965145,
    0.019440021365880966,
    0.03644714877009392,
    0.02951422892510891,
    0.03424627706408501,
    0.02338102087378502,
    0.01594976708292961,
    0.015447908081114292,
    0.02938668802380562,
    0.045080993324518204,
    0.03787091001868248,
    0.044750381261110306,
    0.033430539071559906,
    0.04324905574321747,
    0.03202388808131218,
    0.0395549051463604,
    0.03945042937994003,
    0.04911017790436745,
    0.03743589296936989,
    0.02634330652654171,
    0.03674712032079697,
    0.036552295088768005,
    0.03989126905798912,
    0.04254844784736633,
    0.036866676062345505,
    0.03254901245236397,
    0.03777625784277916
  ],
  "acceptance_rates": [
    0.981661,
    0.890836,
    0.730528,
    0.666839,
    0.617237,
    0.513082,
    0.454415,
    0.283759,
    0.397256,
    0.325002,
    0.279989,
    0.175247,
    0.192203,
    0.159467,
    0.129273,
    0.202801,
    0.149811,
    0.15411,
    0.098577,
    0.063064,
    0.055165,
    0.091991,
    0.126373,
    0.099916,
    0.108338,
    0.076398,
    0.091427,
    0.063497,
    0.073588,
    0.068548,
    0.079754,
    0.058178,
    0.039185,
    0.05101,
    0.048151,
    0.049982,
    0.0505,
    0.041573,
    0.03534,
    0.038415
  ],
  "scale_param_range": [
    0.01,
    0.04307692307692308,
    0.07615384615384616,
    0.10923076923076923,
    0.14230769230769233,
    0.17538461538461542,
    0.20846153846153848,
    0.24153846153846156,
    0.27461538461538465,
    0.3076923076923077,
    0.3407692307692308,
    0.3738461538461539,
    0.40692307692307694,
    0.44000000000000006,
    0.4730769230769231,
    0.5061538461538462,
    0.5392307692307693,
    0.5723076923076924,
    0.6053846153846154,
    0.6384615384615385,
    0.6715384615384616,
    0.7046153846153846,
    0.7376923076923078,
    0.7707692307692309,
    0.8038461538461539,
    0.836923076923077,
    0.8700000000000001,
    0.9030769230769232,
    0.9361538461538462,
    0.9692307692307693,
    1.0023076923076923,
    1.0353846153846156,
    1.0684615384615386,
    1.1015384615384616,
    1.1346153846153848,
    1.1676923076923078,
    1.2007692307692308,
    1.233846153846154,
    1.266923076923077,
    1.3
  ],
  "times": [
    272.9561815261841,
    271.55690813064575,
    271.5623252391815,
    272.41581416130066,
    270.40875816345215,
    268.85610604286194,
    269.8533091545105,
    269.04493474960327,
    266.45583629608154,
    270.9541575908661,
    270.0834515094757,
    269.6911699771881,
    272.258337020874,
    271.9056317806244,
    270.9094033241272,
    272.80926179885864,
    272.51946115493774,
    272.39296865463257,
    272.06086015701294,
    271.7595829963684,
    273.46136140823364,
    277.4748387336731,
    278.4589216709137,
    278.4214930534363,
    278.4215281009674,
    285.80271649360657,
    286.1062910556793,
    285.33631587028503,
    284.5111804008484,
    284.90271043777466,
    285.0892868041992,
    285.2053349018097,
    286.64217472076416,
    286.4581928253174,
    282.46862721443176,
    281.759938955307,
    284.8065528869629,
    281.71953892707825,
    279.64804315567017,
    279.9731888771057
  ]
}