{
  "target_distribution": "EvenRosenbrock",
  "dimension": 20,
  "num_iterations": 100000,
  "seed": 6,
  "total_time": 2451.3742957115173,
  "max_esjd": 0.03267953544855118,
  "max_acceptance_rate": 0.11531,
  "max_variance_value": 0.5684615384615385,
  "expected_squared_jump_distances": [
    9.890744695439935e-05,
    0.001180664636194706,
    0.003240908496081829,
    0.006036291364580393,
    0.009315778501331806,
    0.0111567797139287,
    0.015746986493468285,
    0.01819823496043682,
    0.0220926646143198,
    0.02107595093548298,
    0.024150200188159943,
    0.01989954710006714,
    0.0301970262080431,
    0.026616644114255905,
    0.02473621442914009,
    0.025262391194701195,
    0.022377293556928635,
    0.02056148461997509,
    0.02276308834552765,
    0.023102177307009697,
    0.02843286842107773,
    0.018668219447135925,
    0.03267953544855118,
    0.022124994546175003,
    0.01445572916418314,
    0.012196720577776432,
    0.02393737994134426,
    0.01857111044228077,
    0.025691991671919823,
    0.02195936255156994,
    0.023163041099905968,
    0.02436819300055504,
    0.014276235364377499,
    0.012461701408028603,
    0.017208660021424294,
    0.013828739523887634,
    0.02049013413488865,
    0.016018712893128395,
    0.011655909940600395,
    0.011461082845926285
  ],
  "acceptance_rates": [
    0.98852,
    0.94485,
    0.88234,
    0.8214,
    0.75897,
    0.61125,
    0.61379,
    0.53524,
    0.50585,
    0.39173,
    0.3679,
    0.25834,
    0.32585,
    0.24975,
    0.20352,
    0.18265,
    0.14484,
    0.11953,
    0.11812,
    0.10906,
    0.11993,
    0.07358,
    0.11531,
    0.07285,
    0.04485,
    0.03488,
    0.06291,
    0.04589,
    0.05882,
    0.04715,
    0.04666,
    0.04611,
    0.02577,
    0.02144,
    0.0279,
    0.02138,
    0.0297,
    0.02236,
    0.01536,
    0.01452
  ],
  "var_value_range": [
    0.01,
    0.03538461538461538,
    0.06076923076923077,
    0.08615384615384615,
    0.11153846153846153,
    0.13692307692307693,
    0.16230769230769232,
    0.18769230769230769,
    0.21307692307692308,
    0.23846153846153847,
    0.26384615384615384,
    0.28923076923076924,
    0.31461538461538463,
    0.34,
    0.36538461538461536,
    0.39076923076923076,
    0.41615384615384615,
    0.44153846153846155,
    0.46692307692307694,
    0.4923076923076923,
    0.5176923076923077,
    0.5430769230769231,
    0.5684615384615385,
    0.5938461538461538,
    0.6192307692307693,
    0.6446153846153846,
    0.67,
    0.6953846153846154,
    0.7207692307692307,
    0.7461538461538462,
    0.7715384615384615,
    0.796923076923077,
    0.8223076923076923,
    0.8476923076923076,
    0.8730769230769231,
    0.8984615384615384,
    0.9238461538461539,
    0.9492307692307692,
    0.9746153846153846,
    1.0
  ],
  "times": [
    64.73783993721008,
    61.455286502838135,
    61.270487546920776,
    61.38330698013306,
    61.29891920089722,
    61.26367735862732,
    61.189149379730225,
    61.3646240234375,
    61.19491171836853,
    61.12960982322693,
    61.161062479019165,
    61.195743560791016,
    61.09958744049072,
    61.09545373916626,
    61.152368783950806,
    61.2658109664917,
    61.14790391921997,
    61.217830657958984,
    61.142101764678955,
    61.23875689506531,
    61.035685300827026,
    61.216890811920166,
    61.04101610183716,
    61.225324630737305,
    61.0966100692749,
    61.20553112030029,
    61.180028676986694,
    61.21394395828247,
    61.21136736869812,
    61.23852777481079,
    61.18273687362671,
    61.115593910217285,
    61.12294864654541,
    61.188076972961426,
    61.1270215511322,
    61.159695625305176,
    61.137547969818115,
    61.269375801086426,
    61.14063882827759,
    61.221961975097656
  ]
}