{
  "target_distribution": "EvenRosenbrock",
  "dimension": 30,
  "num_iterations": 100000,
  "seed": 23,
  "total_time": 1574.8451313972473,
  "max_esjd": 0.02933194674551487,
  "max_acceptance_rate": 0.18171,
  "max_variance_value": 0.41615384615384615,
  "expected_squared_jump_distances": [
    9.910325752571225e-05,
    0.0011880603851750493,
    0.0032878422643989325,
    0.006165923085063696,
    0.009382080286741257,
    0.012987104244530201,
    0.01667877659201622,
    0.018977828323841095,
    0.02174142189323902,
    0.02242669090628624,
    0.0216874610632658,
    0.02375521883368492,
    0.024740276858210564,
    0.025401044636964798,
    0.0236987192183733,
    0.021205049008131027,
    0.02933194674551487,
    0.027007490396499634,
    0.021219691261649132,
    0.024970753118395805,
    0.025327343493700027,
    0.01948993094265461,
    0.01475538033992052,
    0.021097345277667046,
    0.019628265872597694,
    0.024174638092517853,
    0.015181506052613258,
    0.016475841403007507,
    0.019961701706051826,
    0.020608244463801384,
    0.018272297456860542,
    0.01429735030978918,
    0.01825411058962345,
    0.011087439954280853,
    0.009903205558657646,
    0.012072809971868992,
    0.010830581188201904,
    0.013260914944112301,
    0.01792772300541401,
    0.007146656513214111
  ],
  "acceptance_rates": [
    0.98982,
    0.94918,
    0.89236,
    0.83477,
    0.76045,
    0.70106,
    0.64267,
    0.5505,
    0.49179,
    0.40821,
    0.32559,
    0.29739,
    0.26358,
    0.23272,
    0.18989,
    0.14995,
    0.18171,
    0.14969,
    0.10647,
    0.11294,
    0.10416,
    0.07352,
    0.05144,
    0.06702,
    0.05759,
    0.06546,
    0.0383,
    0.03877,
    0.04418,
    0.04207,
    0.03537,
    0.02628,
    0.03096,
    0.01802,
    0.01524,
    0.01745,
    0.01503,
    0.01754,
    0.02184,
    0.00854
  ],
  "var_value_range": [
    0.01,
    0.03538461538461538,
    0.06076923076923077,
    0.08615384615384615,
    0.11153846153846153,
    0.13692307692307693,
    0.16230769230769232,
    0.18769230769230769,
    0.21307692307692308,
    0.23846153846153847,
    0.26384615384615384,
    0.28923076923076924,
    0.31461538461538463,
    0.34,
    0.36538461538461536,
    0.39076923076923076,
    0.41615384615384615,
    0.44153846153846155,
    0.46692307692307694,
    0.4923076923076923,
    0.5176923076923077,
    0.5430769230769231,
    0.5684615384615385,
    0.5938461538461538,
    0.6192307692307693,
    0.6446153846153846,
    0.67,
    0.6953846153846154,
    0.7207692307692307,
    0.7461538461538462,
    0.7715384615384615,
    0.796923076923077,
    0.8223076923076923,
    0.8476923076923076,
    0.8730769230769231,
    0.8984615384615384,
    0.9238461538461539,
    0.9492307692307692,
    0.9746153846153846,
    1.0
  ],
  "times": [
    42.009891986846924,
    39.31122946739197,
    39.329177379608154,
    39.300947189331055,
    39.5006537437439,
    39.59226083755493,
    39.39492702484131,
    39.31410360336304,
    39.40952944755554,
    39.48223900794983,
    39.346516847610474,
    39.301586389541626,
    39.30028676986694,
    39.310020446777344,
    39.246015787124634,
    39.2989821434021,
    39.26174569129944,
    39.267823934555054,
    39.28701114654541,
    39.32943320274353,
    39.27789497375488,
    39.350327253341675,
    39.26426124572754,
    39.277255058288574,
    39.29367208480835,
    39.35720133781433,
    39.23342323303223,
    39.270615577697754,
    39.223968267440796,
    39.26167178153992,
    39.25794339179993,
    39.27281904220581,
    39.18500018119812,
    39.210485219955444,
    39.20123100280762,
    39.18164372444153,
    39.261138677597046,
    39.21694350242615,
    39.28721594810486,
    39.33153462409973
  ]
}