{
  "target_distribution": "EvenRosenbrock",
  "dimension": 10,
  "num_iterations": 100000,
  "seed": 22,
  "total_time": 1604.9686863422394,
  "max_esjd": 0.03796343877911568,
  "max_acceptance_rate": 0.28609,
  "max_variance_value": 0.39076923076923076,
  "expected_squared_jump_distances": [
    9.896208212012425e-05,
    0.0011674950364977121,
    0.0031983708031475544,
    0.0058953952975571156,
    0.008784481324255466,
    0.012144124135375023,
    0.013651271350681782,
    0.016434907913208008,
    0.019304867833852768,
    0.023329926654696465,
    0.017465632408857346,
    0.022211870178580284,
    0.021129002794623375,
    0.014790458604693413,
    0.021201658993959427,
    0.03796343877911568,
    0.02689277194440365,
    0.018679702654480934,
    0.020646972581744194,
    0.02151878923177719,
    0.03289254009723663,
    0.017574941739439964,
    0.02133849263191223,
    0.019033735617995262,
    0.02762209251523018,
    0.03593621402978897,
    0.028303546831011772,
    0.03616270795464516,
    0.012131542898714542,
    0.013757183216512203,
    0.009937625378370285,
    0.03205972537398338,
    0.02328319475054741,
    0.02903495542705059,
    0.020294811576604843,
    0.029191352427005768,
    0.014854979701340199,
    0.021253207698464394,
    0.015286476351320744,
    0.01135646365582943
  ],
  "acceptance_rates": [
    0.98976,
    0.9382,
    0.87777,
    0.81211,
    0.73071,
    0.67678,
    0.55417,
    0.50504,
    0.46476,
    0.44966,
    0.28721,
    0.30401,
    0.24875,
    0.157,
    0.19004,
    0.28609,
    0.18798,
    0.12077,
    0.11751,
    0.1109,
    0.15029,
    0.07623,
    0.08438,
    0.07038,
    0.09284,
    0.10943,
    0.08204,
    0.09657,
    0.03232,
    0.0335,
    0.0237,
    0.06634,
    0.04639,
    0.05387,
    0.03657,
    0.04865,
    0.02437,
    0.03312,
    0.02308,
    0.01616
  ],
  "var_value_range": [
    0.01,
    0.03538461538461538,
    0.06076923076923077,
    0.08615384615384615,
    0.11153846153846153,
    0.13692307692307693,
    0.16230769230769232,
    0.18769230769230769,
    0.21307692307692308,
    0.23846153846153847,
    0.26384615384615384,
    0.28923076923076924,
    0.31461538461538463,
    0.34,
    0.36538461538461536,
    0.39076923076923076,
    0.41615384615384615,
    0.44153846153846155,
    0.46692307692307694,
    0.4923076923076923,
    0.5176923076923077,
    0.5430769230769231,
    0.5684615384615385,
    0.5938461538461538,
    0.6192307692307693,
    0.6446153846153846,
    0.67,
    0.6953846153846154,
    0.7207692307692307,
    0.7461538461538462,
    0.7715384615384615,
    0.796923076923077,
    0.8223076923076923,
    0.8476923076923076,
    0.8730769230769231,
    0.8984615384615384,
    0.9238461538461539,
    0.9492307692307692,
    0.9746153846153846,
    1.0
  ],
  "times": [
    42.08887028694153,
    40.19275712966919,
    40.02843952178955,
    40.14372396469116,
    40.151644468307495,
    40.17336177825928,
    40.072938680648804,
    40.1146354675293,
    40.027320861816406,
    40.059210538864136,
    39.99052810668945,
    40.132017374038696,
    40.00625801086426,
    40.03734064102173,
    40.02384400367737,
    40.13663053512573,
    40.02389669418335,
    40.01699471473694,
    39.982131481170654,
    40.099541664123535,
    40.02349066734314,
    40.10131001472473,
    40.00613713264465,
    40.09842491149902,
    40.02508091926575,
    40.06961250305176,
    40.015820026397705,
    40.111719369888306,
    40.05672311782837,
    40.18745517730713,
    40.08336806297302,
    40.09757590293884,
    40.01021218299866,
    40.092013120651245,
    40.019774198532104,
    40.13394784927368,
    40.07146859169006,
    40.10561275482178,
    40.04638624191284,
    40.080759048461914
  ]
}