{
  "target_distribution": "EvenRosenbrock",
  "proposal_distribution": "Normal",
  "dimension": 10,
  "num_iterations": 1000000,
  "seed": 30,
  "total_time": 10837.609625816345,
  "max_esjd": 0.021404961124062538,
  "max_acceptance_rate": 0.198914,
  "max_scale_param": 0.35794871794871796,
  "expected_squared_jump_distances": [
    9.793393110157922e-05,
    0.0005836110794916749,
    0.0013971799053251743,
    0.002387110609561205,
    0.0036001030821353197,
    0.004997678566724062,
    0.006468126550316811,
    0.00823705643415451,
    0.010000732727348804,
    0.010792970657348633,
    0.01215716265141964,
    0.013547052629292011,
    0.011951708234846592,
    0.011282157152891159,
    0.016596617177128792,
    0.01830701157450676,
    0.019052742049098015,
    0.019227657467126846,
    0.018322395160794258,
    0.016397900879383087,
    0.017432987689971924,
    0.013703572563827038,
    0.016217632219195366,
    0.021404961124062538,
    0.016290688887238503,
    0.014565610326826572,
    0.010418247431516647,
    0.019236141815781593,
    0.020721042528748512,
    0.01351050566881895,
    0.016315530985593796,
    0.016995009034872055,
    0.007011989131569862,
    0.0062567549757659435,
    0.018087543547153473,
    0.01918635331094265,
    0.01059041079133749,
    0.012333708815276623,
    0.012640940956771374,
    0.018144534900784492
  ],
  "acceptance_rates": [
    0.980901,
    0.930557,
    0.874237,
    0.797278,
    0.747512,
    0.708194,
    0.666614,
    0.644422,
    0.615515,
    0.54207,
    0.504812,
    0.474471,
    0.364837,
    0.302928,
    0.377586,
    0.365497,
    0.338676,
    0.30701,
    0.266259,
    0.218388,
    0.210297,
    0.156711,
    0.166031,
    0.198914,
    0.143716,
    0.120857,
    0.082765,
    0.13514,
    0.136263,
    0.085846,
    0.095525,
    0.094226,
    0.039579,
    0.033223,
    0.084795,
    0.08459,
    0.046063,
    0.051124,
    0.048505,
    0.065577
  ],
  "scale_param_range": [
    0.01,
    0.025128205128205128,
    0.040256410256410254,
    0.055384615384615386,
    0.07051282051282051,
    0.08564102564102563,
    0.10076923076923076,
    0.11589743589743588,
    0.13102564102564102,
    0.14615384615384616,
    0.16128205128205128,
    0.1764102564102564,
    0.19153846153846155,
    0.20666666666666667,
    0.22179487179487178,
    0.23692307692307693,
    0.252051282051282,
    0.2671794871794872,
    0.2823076923076923,
    0.29743589743589743,
    0.31256410256410255,
    0.32769230769230767,
    0.3428205128205128,
    0.35794871794871796,
    0.3730769230769231,
    0.3882051282051282,
    0.4033333333333333,
    0.41846153846153844,
    0.43358974358974356,
    0.44871794871794873,
    0.46384615384615385,
    0.47897435897435897,
    0.4941025641025641,
    0.5092307692307692,
    0.5243589743589744,
    0.5394871794871795,
    0.5546153846153846,
    0.5697435897435897,
    0.5848717948717949,
    0.6
  ],
  "times": [
    274.53132581710815,
    273.8701434135437,
    272.80485796928406,
    270.73750352859497,
    271.71434807777405,
    268.70168900489807,
    268.5166885852814,
    271.2055432796478,
    269.46921277046204,
    269.12981271743774,
    268.49742674827576,
    270.98250126838684,
    269.0623083114624,
    268.8809039592743,
    269.93950939178467,
    271.41823863983154,
    267.9328169822693,
    268.80955505371094,
    271.2700147628784,
    268.13661336898804,
    268.9242351055145,
    270.0614559650421,
    269.60648560523987,
    270.2630968093872,
    270.4453091621399,
    271.25840640068054,
    270.1822130680084,
    270.71068143844604,
    274.48646664619446,
    273.1110761165619,
    275.03788709640503,
    274.4470200538635,
    271.16269993782043,
    270.88847517967224,
    272.3833758831024,
    273.5966031551361,
    271.6469566822052,
    270.37083983421326,
    270.42503118515015,
    272.9323151111603
  ]
}