{
  "max_esjd": 0.03249352965503931,
  "max_acceptance_rate": 0.219682,
  "max_variance_value": 0.4149743589743589,
  "expected_squared_jump_distances": [
    9.91071188764181e-05,
    0.0021418997319415213,
    0.006180043751373887,
    0.011101223342120648,
    0.015405987855046988,
    0.01909654252231121,
    0.02232107110321522,
    0.02505977377295494,
    0.02499363273382187,
    0.025731181912124156,
    0.026464119367301465,
    0.025159987434744836,
    0.02702148761600256,
    0.027818234264850618,
    0.023472119495272635,
    0.023995134606957437,
    0.02019116384908557,
    0.019902805145829917,
    0.020263705309480427,
    0.0160731952637434,
    0.017857755534350872,
    0.016191977728158235,
    0.0153323944658041,
    0.012345025967806577,
    0.012435434479266405,
    0.011550119053572417,
    0.012173185124993324,
    0.009720916161313653,
    0.010643558483570814,
    0.008882361091673374,
    0.009308396745473147,
    0.00855947625823319,
    0.00868484228849411,
    0.008110159961506724,
    0.007533331401646137,
    0.00773215894587338,
    0.0073358031222596765,
    0.006484402855858207,
    0.005956372525542974,
    0.004970871517434717
  ],
  "acceptance_rates": [
    0.9898660000000001,
    0.9227780000000001,
    0.831643,
    0.722273,
    0.591863,
    0.485143,
    0.40358599999999994,
    0.33967600000000003,
    0.264387,
    0.21834099999999998,
    0.18426199999999998,
    0.146708,
    0.133495,
    0.11805599999999998,
    0.087126,
    0.07833300000000001,
    0.05863,
    0.051636,
    0.047022999999999995,
    0.033889999999999997,
    0.034223,
    0.028283999999999997,
    0.02462,
    0.018314,
    0.017062,
    0.014697999999999998,
    0.014327000000000001,
    0.010698,
    0.010900000000000002,
    0.00859,
    0.008406,
    0.007312000000000001,
    0.006980999999999999,
    0.006178,
    0.005415,
    0.005271,
    0.004731000000000001,
    0.003993,
    0.0034769999999999996,
    0.0027990000000000003
  ],
  "var_value_range": [
    0.01,
    0.048205128205128206,
    0.0864102564102564,
    0.12461538461538461,
    0.16282051282051282,
    0.20102564102564102,
    0.23923076923076925,
    0.2774358974358974,
    0.31564102564102564,
    0.35384615384615387,
    0.39205128205128204,
    0.43025641025641026,
    0.4684615384615385,
    0.5066666666666666,
    0.5448717948717948,
    0.583076923076923,
    0.6212820512820513,
    0.6594871794871795,
    0.6976923076923077,
    0.7358974358974358,
    0.7741025641025641,
    0.8123076923076923,
    0.8505128205128205,
    0.8887179487179487,
    0.926923076923077,
    0.9651282051282051,
    1.0033333333333332,
    1.0415384615384615,
    1.0797435897435896,
    1.117948717948718,
    1.156153846153846,
    1.1943589743589744,
    1.2325641025641025,
    1.2707692307692307,
    1.308974358974359,
    1.347179487179487,
    1.3853846153846154,
    1.4235897435897436,
    1.4617948717948717,
    1.5
  ],
  "target_distribution": "EvenRosenbrock",
  "dimension": 30,
  "num_iterations": 100000,
  "averaged_from_seeds": [
    5,
    1,
    9,
    8,
    4,
    10,
    6,
    2,
    7,
    3
  ],
  "num_files_averaged": 10,
  "source_files": [
    "EvenRosenbrock_RWM_GPU_dim30_100000iters_seed5.json",
    "EvenRosenbrock_RWM_GPU_dim30_100000iters_seed1.json",
    "EvenRosenbrock_RWM_GPU_dim30_100000iters_seed9.json",
    "EvenRosenbrock_RWM_GPU_dim30_100000iters_seed8.json",
    "EvenRosenbrock_RWM_GPU_dim30_100000iters_seed4.json",
    "EvenRosenbrock_RWM_GPU_dim30_100000iters_seed10.json",
    "EvenRosenbrock_RWM_GPU_dim30_100000iters_seed6.json",
    "EvenRosenbrock_RWM_GPU_dim30_100000iters_seed2.json",
    "EvenRosenbrock_RWM_GPU_dim30_100000iters_seed7.json",
    "EvenRosenbrock_RWM_GPU_dim30_100000iters_seed3.json"
  ]
}