{
  "target_distribution": "FullRosenbrock",
  "dimension": 2,
  "num_iterations": 100000,
  "seed": 5,
  "total_time": 2395.3435328006744,
  "max_esjd": 0.11049623042345047,
  "max_acceptance_rate": 0.22227,
  "max_variance_value": 0.9238461538461539,
  "expected_squared_jump_distances": [
    9.83664212981239e-05,
    0.001126389019191265,
    0.0030839229002594948,
    0.005680581089109182,
    0.00808713585138321,
    0.012118819169700146,
    0.01578126847743988,
    0.019359422847628593,
    0.024158068001270294,
    0.02645050175487995,
    0.026793459430336952,
    0.034871507436037064,
    0.03677802532911301,
    0.03962898254394531,
    0.04748084023594856,
    0.043476272374391556,
    0.04952821135520935,
    0.052595317363739014,
    0.05441861227154732,
    0.05785241723060608,
    0.0651833787560463,
    0.054189275950193405,
    0.056353867053985596,
    0.06102699041366577,
    0.07424023002386093,
    0.0760575607419014,
    0.08270490169525146,
    0.055537108331918716,
    0.07951535284519196,
    0.08901449292898178,
    0.09517267346382141,
    0.09500987827777863,
    0.09152296930551529,
    0.08708236366510391,
    0.10624480247497559,
    0.09721057116985321,
    0.11049623042345047,
    0.09792792797088623,
    0.10586145520210266,
    0.10885366052389145
  ],
  "acceptance_rates": [
    0.98767,
    0.93126,
    0.88858,
    0.8396,
    0.75298,
    0.75169,
    0.71275,
    0.66995,
    0.65511,
    0.59818,
    0.51877,
    0.55047,
    0.50849,
    0.47727,
    0.49343,
    0.41863,
    0.41433,
    0.39706,
    0.37345,
    0.36016,
    0.37175,
    0.29112,
    0.27798,
    0.28195,
    0.30725,
    0.29459,
    0.29491,
    0.19369,
    0.25448,
    0.26792,
    0.26676,
    0.25007,
    0.23044,
    0.21081,
    0.24209,
    0.20932,
    0.22227,
    0.19145,
    0.19241,
    0.19204
  ],
  "var_value_range": [
    0.01,
    0.03538461538461538,
    0.06076923076923077,
    0.08615384615384615,
    0.11153846153846153,
    0.13692307692307693,
    0.16230769230769232,
    0.18769230769230769,
    0.21307692307692308,
    0.23846153846153847,
    0.26384615384615384,
    0.28923076923076924,
    0.31461538461538463,
    0.34,
    0.36538461538461536,
    0.39076923076923076,
    0.41615384615384615,
    0.44153846153846155,
    0.46692307692307694,
    0.4923076923076923,
    0.5176923076923077,
    0.5430769230769231,
    0.5684615384615385,
    0.5938461538461538,
    0.6192307692307693,
    0.6446153846153846,
    0.67,
    0.6953846153846154,
    0.7207692307692307,
    0.7461538461538462,
    0.7715384615384615,
    0.796923076923077,
    0.8223076923076923,
    0.8476923076923076,
    0.8730769230769231,
    0.8984615384615384,
    0.9238461538461539,
    0.9492307692307692,
    0.9746153846153846,
    1.0
  ],
  "times": [
    62.66988658905029,
    60.00483274459839,
    59.75110673904419,
    59.87624406814575,
    59.94386529922485,
    59.96509766578674,
    59.83081269264221,
    59.90062141418457,
    59.868786573410034,
    59.89081573486328,
    59.76687836647034,
    59.865742683410645,
    59.750664472579956,
    60.090352296829224,
    59.817631244659424,
    59.85381770133972,
    59.958500623703,
    59.88629627227783,
    59.52969813346863,
    59.65910482406616,
    59.528769731521606,
    59.694727659225464,
    59.605207681655884,
    59.70016288757324,
    59.72800040245056,
    59.7326283454895,
    59.7986741065979,
    59.84227275848389,
    59.7605562210083,
    59.86635208129883,
    59.77118515968323,
    59.90334749221802,
    59.76819562911987,
    59.88358759880066,
    59.71148729324341,
    59.873297691345215,
    59.65419816970825,
    59.890833377838135,
    59.77290177345276,
    59.9368109703064
  ]
}