{
  "target_distribution": "FullRosenbrock",
  "proposal_distribution": "Normal",
  "dimension": 10,
  "num_iterations": 1000000,
  "seed": 9,
  "total_time": 10980.28904080391,
  "max_esjd": 0.08881686627864838,
  "max_acceptance_rate": 0.219107,
  "max_scale_param": 0.7046153846153846,
  "expected_squared_jump_distances": [
    9.843623411143199e-05,
    0.001725015346892178,
    0.005078552756458521,
    0.009808759205043316,
    0.015504991635680199,
    0.022010330110788345,
    0.029072344303131104,
    0.035656094551086426,
    0.04283568635582924,
    0.04947768896818161,
    0.05627712234854698,
    0.060731615871191025,
    0.06820448487997055,
    0.07221189886331558,
    0.0765845775604248,
    0.08095255494117737,
    0.08249706029891968,
    0.08600325882434845,
    0.08625493198633194,
    0.08089057356119156,
    0.08771131187677383,
    0.08881686627864838,
    0.08801823109388351,
    0.08354047685861588,
    0.08552804589271545,
    0.08229026198387146,
    0.08083270490169525,
    0.07884993404150009,
    0.07465671747922897,
    0.07355062663555145,
    0.07099908590316772,
    0.06687923520803452,
    0.0664673000574112,
    0.062043510377407074,
    0.05945611000061035,
    0.05715519189834595,
    0.054326046258211136,
    0.05107474327087402,
    0.048679906874895096,
    0.04602394625544548
  ],
  "acceptance_rates": [
    0.985418,
    0.93554,
    0.886475,
    0.837579,
    0.78592,
    0.740146,
    0.697138,
    0.643073,
    0.602756,
    0.559938,
    0.523803,
    0.475272,
    0.454167,
    0.416016,
    0.385666,
    0.359821,
    0.32739,
    0.306032,
    0.278026,
    0.237659,
    0.23525,
    0.219107,
    0.200493,
    0.176755,
    0.168404,
    0.15142,
    0.139563,
    0.128157,
    0.114524,
    0.106633,
    0.097334,
    0.087082,
    0.082611,
    0.073356,
    0.067357,
    0.062065,
    0.056659,
    0.051214,
    0.046775,
    0.042721
  ],
  "scale_param_range": [
    0.01,
    0.04307692307692308,
    0.07615384615384616,
    0.10923076923076923,
    0.14230769230769233,
    0.17538461538461542,
    0.20846153846153848,
    0.24153846153846156,
    0.27461538461538465,
    0.3076923076923077,
    0.3407692307692308,
    0.3738461538461539,
    0.40692307692307694,
    0.44000000000000006,
    0.4730769230769231,
    0.5061538461538462,
    0.5392307692307693,
    0.5723076923076924,
    0.6053846153846154,
    0.6384615384615385,
    0.6715384615384616,
    0.7046153846153846,
    0.7376923076923078,
    0.7707692307692309,
    0.8038461538461539,
    0.836923076923077,
    0.8700000000000001,
    0.9030769230769232,
    0.9361538461538462,
    0.9692307692307693,
    1.0023076923076923,
    1.0353846153846156,
    1.0684615384615386,
    1.1015384615384616,
    1.1346153846153848,
    1.1676923076923078,
    1.2007692307692308,
    1.233846153846154,
    1.266923076923077,
    1.3
  ],
  "times": [
    276.84248638153076,
    274.1529772281647,
    275.25213837623596,
    276.91133737564087,
    276.0371878147125,
    276.85252499580383,
    278.42746806144714,
    274.26249718666077,
    274.6100995540619,
    274.9672620296478,
    273.58407163619995,
    273.89479303359985,
    274.1532998085022,
    276.5337257385254,
    275.066468000412,
    274.45103573799133,
    274.7906708717346,
    274.7314953804016,
    274.9199604988098,
    274.9616551399231,
    275.6690354347229,
    274.7595796585083,
    275.10826325416565,
    274.9969742298126,
    274.48896384239197,
    273.71186542510986,
    274.415465593338,
    274.3384761810303,
    273.83617544174194,
    272.3211476802826,
    272.341539144516,
    272.9591872692108,
    272.1029226779938,
    271.41413259506226,
    267.9092450141907,
    268.58995056152344,
    273.18969202041626,
    277.310341835022,
    277.901127576828,
    277.46104407310486
  ]
}