{
  "target_distribution": "FullRosenbrock",
  "dimension": 2,
  "num_iterations": 100000,
  "seed": 14,
  "total_time": 1563.5073697566986,
  "max_esjd": 0.11347749084234238,
  "max_acceptance_rate": 0.21914,
  "max_variance_value": 0.9492307692307692,
  "expected_squared_jump_distances": [
    9.83759673545137e-05,
    0.0011415891349315643,
    0.003099647117778659,
    0.005494663957506418,
    0.008349749259650707,
    0.012284116819500923,
    0.015355714596807957,
    0.018155934289097786,
    0.023351874202489853,
    0.027860114350914955,
    0.029305677860975266,
    0.03452490642666817,
    0.034097518771886826,
    0.03962397575378418,
    0.045939523726701736,
    0.046127624809741974,
    0.04627133533358574,
    0.05061986297369003,
    0.057743486016988754,
    0.06059303879737854,
    0.06337690353393555,
    0.059661880135536194,
    0.0681757926940918,
    0.04013253375887871,
    0.0841098502278328,
    0.07038979977369308,
    0.07096420973539352,
    0.07879646122455597,
    0.08035320043563843,
    0.09118495136499405,
    0.09679821133613586,
    0.08722822368144989,
    0.09642217308282852,
    0.1105419471859932,
    0.10760887712240219,
    0.09469746053218842,
    0.10517248511314392,
    0.11347749084234238,
    0.09897010773420334,
    0.05830242112278938
  ],
  "acceptance_rates": [
    0.98779,
    0.93937,
    0.89094,
    0.8218,
    0.76865,
    0.75762,
    0.70027,
    0.64021,
    0.63982,
    0.61987,
    0.55663,
    0.54834,
    0.47903,
    0.48091,
    0.48368,
    0.43809,
    0.39244,
    0.38621,
    0.39732,
    0.37538,
    0.36294,
    0.31869,
    0.32726,
    0.18874,
    0.34583,
    0.27503,
    0.25713,
    0.26742,
    0.25507,
    0.26886,
    0.2691,
    0.23328,
    0.24247,
    0.25753,
    0.24366,
    0.20427,
    0.215,
    0.21914,
    0.18522,
    0.10695
  ],
  "var_value_range": [
    0.01,
    0.03538461538461538,
    0.06076923076923077,
    0.08615384615384615,
    0.11153846153846153,
    0.13692307692307693,
    0.16230769230769232,
    0.18769230769230769,
    0.21307692307692308,
    0.23846153846153847,
    0.26384615384615384,
    0.28923076923076924,
    0.31461538461538463,
    0.34,
    0.36538461538461536,
    0.39076923076923076,
    0.41615384615384615,
    0.44153846153846155,
    0.46692307692307694,
    0.4923076923076923,
    0.5176923076923077,
    0.5430769230769231,
    0.5684615384615385,
    0.5938461538461538,
    0.6192307692307693,
    0.6446153846153846,
    0.67,
    0.6953846153846154,
    0.7207692307692307,
    0.7461538461538462,
    0.7715384615384615,
    0.796923076923077,
    0.8223076923076923,
    0.8476923076923076,
    0.8730769230769231,
    0.8984615384615384,
    0.9238461538461539,
    0.9492307692307692,
    0.9746153846153846,
    1.0
  ],
  "times": [
    41.29137206077576,
    39.31942009925842,
    39.08549213409424,
    39.28408765792847,
    38.886367321014404,
    38.95517683029175,
    38.86996531486511,
    38.93000817298889,
    39.983468532562256,
    39.00089907646179,
    38.825692653656006,
    38.92665982246399,
    38.833916664123535,
    38.8594024181366,
    38.80773711204529,
    38.88536047935486,
    38.8832266330719,
    38.90156030654907,
    38.83814263343811,
    39.11637496948242,
    38.89749193191528,
    38.894792795181274,
    38.85360622406006,
    38.89694166183472,
    42.346253871917725,
    38.94026565551758,
    38.86811375617981,
    38.892662525177,
    38.90224862098694,
    38.88642883300781,
    38.879435300827026,
    38.904436349868774,
    38.86471700668335,
    38.92544889450073,
    38.880531787872314,
    38.85473370552063,
    38.80862855911255,
    38.72906255722046,
    38.79073619842529,
    38.97597026824951
  ]
}