{
  "target_distribution": "FullRosenbrock",
  "dimension": 30,
  "num_iterations": 100000,
  "seed": 28,
  "total_time": 1546.2727060317993,
  "max_esjd": 0.085731640458107,
  "max_acceptance_rate": 0.22028,
  "max_variance_value": 0.6446153846153846,
  "expected_squared_jump_distances": [
    9.88562751444988e-05,
    0.0011837560450658202,
    0.003350635292008519,
    0.0064226058311760426,
    0.010260675102472305,
    0.01468594465404749,
    0.019585005939006805,
    0.024885809049010277,
    0.030383117496967316,
    0.03602297231554985,
    0.0414963997900486,
    0.04709593206644058,
    0.05242129787802696,
    0.056521885097026825,
    0.0610649399459362,
    0.06696783751249313,
    0.07019761949777603,
    0.07479368895292282,
    0.07792629301548004,
    0.07988367974758148,
    0.08051612228155136,
    0.08342369645833969,
    0.08571435511112213,
    0.08514630794525146,
    0.08465681225061417,
    0.085731640458107,
    0.08086762577295303,
    0.08546476066112518,
    0.08400557190179825,
    0.08250106126070023,
    0.08183310180902481,
    0.07818423956632614,
    0.07659837603569031,
    0.0714777484536171,
    0.07016236335039139,
    0.07116184383630753,
    0.06414331495761871,
    0.0650186836719513,
    0.06059042736887932,
    0.058032773435115814
  ],
  "acceptance_rates": [
    0.9874,
    0.94574,
    0.90879,
    0.86839,
    0.82861,
    0.78829,
    0.74953,
    0.71378,
    0.67773,
    0.64287,
    0.60654,
    0.57366,
    0.54103,
    0.50134,
    0.4698,
    0.45143,
    0.41891,
    0.39735,
    0.37151,
    0.34457,
    0.31496,
    0.29733,
    0.28,
    0.25588,
    0.2353,
    0.22028,
    0.19318,
    0.18984,
    0.17417,
    0.16076,
    0.14958,
    0.13489,
    0.12434,
    0.11018,
    0.1026,
    0.09786,
    0.08425,
    0.08112,
    0.07223,
    0.06614
  ],
  "var_value_range": [
    0.01,
    0.03538461538461538,
    0.06076923076923077,
    0.08615384615384615,
    0.11153846153846153,
    0.13692307692307693,
    0.16230769230769232,
    0.18769230769230769,
    0.21307692307692308,
    0.23846153846153847,
    0.26384615384615384,
    0.28923076923076924,
    0.31461538461538463,
    0.34,
    0.36538461538461536,
    0.39076923076923076,
    0.41615384615384615,
    0.44153846153846155,
    0.46692307692307694,
    0.4923076923076923,
    0.5176923076923077,
    0.5430769230769231,
    0.5684615384615385,
    0.5938461538461538,
    0.6192307692307693,
    0.6446153846153846,
    0.67,
    0.6953846153846154,
    0.7207692307692307,
    0.7461538461538462,
    0.7715384615384615,
    0.796923076923077,
    0.8223076923076923,
    0.8476923076923076,
    0.8730769230769231,
    0.8984615384615384,
    0.9238461538461539,
    0.9492307692307692,
    0.9746153846153846,
    1.0
  ],
  "times": [
    40.64801788330078,
    38.76381492614746,
    38.60424447059631,
    38.656085729599,
    38.565696477890015,
    38.64380741119385,
    38.636207818984985,
    38.7238233089447,
    38.62624478340149,
    38.64646911621094,
    38.57378053665161,
    38.619799852371216,
    38.5203115940094,
    38.53439998626709,
    38.574092864990234,
    38.557518005371094,
    38.616294860839844,
    38.62806463241577,
    38.5633761882782,
    38.59927821159363,
    38.557483196258545,
    38.62831449508667,
    38.5605890750885,
    38.57635498046875,
    38.56727361679077,
    38.54558968544006,
    38.57431769371033,
    38.62615489959717,
    38.55277967453003,
    38.61603808403015,
    38.59105968475342,
    38.61291027069092,
    38.58682203292847,
    38.64379358291626,
    38.58833456039429,
    38.60622978210449,
    38.61098861694336,
    38.61531376838684,
    38.643352031707764,
    38.63338613510132
  ]
}