{
  "target_distribution": "FullRosenbrock",
  "dimension": 5,
  "num_iterations": 100000,
  "seed": 4,
  "total_time": 1568.1886382102966,
  "max_esjd": 0.09197268635034561,
  "max_acceptance_rate": 0.20372,
  "max_variance_value": 0.8223076923076923,
  "expected_squared_jump_distances": [
    9.839924314292148e-05,
    0.0011776706669479609,
    0.0033303124364465475,
    0.0063778734765946865,
    0.010166416876018047,
    0.014556637965142727,
    0.018907805904746056,
    0.02374960482120514,
    0.028528455644845963,
    0.03269493207335472,
    0.03880835697054863,
    0.04063057899475098,
    0.04454752430319786,
    0.04916614666581154,
    0.05823275074362755,
    0.06375309079885483,
    0.06086839735507965,
    0.06885461509227753,
    0.07103651016950607,
    0.06392548978328705,
    0.022126369178295135,
    0.07894738763570786,
    0.07705706357955933,
    0.08424573391675949,
    0.03784603253006935,
    0.09014051407575607,
    0.08221439272165298,
    0.08184293657541275,
    0.08721298724412918,
    0.021332386881113052,
    0.06346902996301651,
    0.08901364356279373,
    0.09197268635034561,
    0.07373926788568497,
    0.08751999586820602,
    0.0915001705288887,
    0.06122731417417526,
    0.09036802500486374,
    0.07911380380392075,
    0.08172514289617538
  ],
  "acceptance_rates": [
    0.98486,
    0.9486,
    0.91621,
    0.87982,
    0.84455,
    0.81113,
    0.76133,
    0.72404,
    0.68402,
    0.63559,
    0.61984,
    0.55303,
    0.52053,
    0.49566,
    0.51079,
    0.49318,
    0.42673,
    0.43099,
    0.4012,
    0.33611,
    0.11878,
    0.34447,
    0.31107,
    0.31411,
    0.13957,
    0.29242,
    0.25294,
    0.23619,
    0.23819,
    0.05994,
    0.15852,
    0.20655,
    0.20372,
    0.15515,
    0.17643,
    0.17637,
    0.11409,
    0.16032,
    0.13521,
    0.13355
  ],
  "var_value_range": [
    0.01,
    0.03538461538461538,
    0.06076923076923077,
    0.08615384615384615,
    0.11153846153846153,
    0.13692307692307693,
    0.16230769230769232,
    0.18769230769230769,
    0.21307692307692308,
    0.23846153846153847,
    0.26384615384615384,
    0.28923076923076924,
    0.31461538461538463,
    0.34,
    0.36538461538461536,
    0.39076923076923076,
    0.41615384615384615,
    0.44153846153846155,
    0.46692307692307694,
    0.4923076923076923,
    0.5176923076923077,
    0.5430769230769231,
    0.5684615384615385,
    0.5938461538461538,
    0.6192307692307693,
    0.6446153846153846,
    0.67,
    0.6953846153846154,
    0.7207692307692307,
    0.7461538461538462,
    0.7715384615384615,
    0.796923076923077,
    0.8223076923076923,
    0.8476923076923076,
    0.8730769230769231,
    0.8984615384615384,
    0.9238461538461539,
    0.9492307692307692,
    0.9746153846153846,
    1.0
  ],
  "times": [
    41.225764989852905,
    39.22944092750549,
    39.129900217056274,
    39.23819613456726,
    39.30212116241455,
    39.22858238220215,
    39.188584089279175,
    39.158034801483154,
    39.116074323654175,
    39.119357109069824,
    39.19137382507324,
    39.111757040023804,
    39.13500428199768,
    39.143744468688965,
    39.213374614715576,
    39.18077039718628,
    39.12826108932495,
    39.09574508666992,
    39.18187165260315,
    39.12449097633362,
    39.119439363479614,
    39.116265058517456,
    39.124265909194946,
    39.04732298851013,
    39.16826367378235,
    39.158687591552734,
    39.11752510070801,
    39.11898374557495,
    39.16463541984558,
    39.108397245407104,
    39.127530336380005,
    39.11280822753906,
    39.12578630447388,
    39.1499969959259,
    39.194788455963135,
    39.180498361587524,
    39.14613437652588,
    39.144861936569214,
    39.1847357749939,
    39.104708671569824
  ]
}