{
  "target_distribution": "FullRosenbrock",
  "dimension": 30,
  "num_iterations": 100000,
  "seed": 25,
  "total_time": 1555.823430776596,
  "max_esjd": 0.08629702776670456,
  "max_acceptance_rate": 0.2588,
  "max_variance_value": 0.5938461538461538,
  "expected_squared_jump_distances": [
    9.886751649901271e-05,
    0.001183571177534759,
    0.0033509309869259596,
    0.006414672825485468,
    0.010242155753076077,
    0.01470508985221386,
    0.01967484876513481,
    0.024863870814442635,
    0.03057086281478405,
    0.03582274168729782,
    0.041484177112579346,
    0.04684586450457573,
    0.05259433388710022,
    0.057631827890872955,
    0.062338173389434814,
    0.06693672388792038,
    0.07068540900945663,
    0.07431282103061676,
    0.07766363024711609,
    0.08013105392456055,
    0.08138354867696762,
    0.08309701830148697,
    0.08562330156564713,
    0.08629702776670456,
    0.08537351340055466,
    0.08451914042234421,
    0.08603789657354355,
    0.08345622569322586,
    0.08189792186021805,
    0.0816793292760849,
    0.0812557116150856,
    0.07961943000555038,
    0.07550053298473358,
    0.06798414140939713,
    0.06879469752311707,
    0.07145377993583679,
    0.06667110323905945,
    0.06637131422758102,
    0.0615905337035656,
    0.05692727491259575
  ],
  "acceptance_rates": [
    0.98749,
    0.9456,
    0.90896,
    0.86739,
    0.82708,
    0.78925,
    0.75293,
    0.71302,
    0.68151,
    0.63902,
    0.60594,
    0.57088,
    0.54291,
    0.51071,
    0.47945,
    0.45158,
    0.4218,
    0.39552,
    0.37033,
    0.34532,
    0.31835,
    0.29673,
    0.27971,
    0.2588,
    0.23755,
    0.21733,
    0.20493,
    0.18539,
    0.16996,
    0.15929,
    0.14865,
    0.13709,
    0.12356,
    0.10474,
    0.10015,
    0.09848,
    0.08775,
    0.08274,
    0.07337,
    0.0647
  ],
  "var_value_range": [
    0.01,
    0.03538461538461538,
    0.06076923076923077,
    0.08615384615384615,
    0.11153846153846153,
    0.13692307692307693,
    0.16230769230769232,
    0.18769230769230769,
    0.21307692307692308,
    0.23846153846153847,
    0.26384615384615384,
    0.28923076923076924,
    0.31461538461538463,
    0.34,
    0.36538461538461536,
    0.39076923076923076,
    0.41615384615384615,
    0.44153846153846155,
    0.46692307692307694,
    0.4923076923076923,
    0.5176923076923077,
    0.5430769230769231,
    0.5684615384615385,
    0.5938461538461538,
    0.6192307692307693,
    0.6446153846153846,
    0.67,
    0.6953846153846154,
    0.7207692307692307,
    0.7461538461538462,
    0.7715384615384615,
    0.796923076923077,
    0.8223076923076923,
    0.8476923076923076,
    0.8730769230769231,
    0.8984615384615384,
    0.9238461538461539,
    0.9492307692307692,
    0.9746153846153846,
    1.0
  ],
  "times": [
    40.803871870040894,
    39.057132959365845,
    38.77596569061279,
    38.93499302864075,
    38.752413749694824,
    38.795931816101074,
    38.7821044921875,
    38.851489543914795,
    38.81370711326599,
    38.98798322677612,
    38.861363887786865,
    38.888680934906006,
    38.78497862815857,
    38.870518922805786,
    38.77877163887024,
    38.860201358795166,
    38.77321243286133,
    38.86137318611145,
    38.86780834197998,
    38.93610620498657,
    38.76497745513916,
    39.00057291984558,
    38.71559524536133,
    38.919503688812256,
    38.86062407493591,
    38.866374015808105,
    38.733447551727295,
    38.91186857223511,
    38.90634226799011,
    38.95205903053284,
    38.844932317733765,
    38.897687911987305,
    38.77061176300049,
    38.81683397293091,
    38.72057557106018,
    38.85430121421814,
    38.73590397834778,
    38.862595319747925,
    38.74037265777588,
    38.87854552268982
  ]
}