{
  "target_distribution": "FullRosenbrock",
  "proposal_distribution": "Normal",
  "dimension": 5,
  "num_iterations": 1000000,
  "seed": 20,
  "total_time": 12452.743535518646,
  "max_esjd": 0.08702657371759415,
  "max_acceptance_rate": 0.178608,
  "max_scale_param": 0.8661538461538463,
  "expected_squared_jump_distances": [
    9.835640230448917e-05,
    0.002328369999304414,
    0.006737214513123035,
    0.011943046934902668,
    0.01830228418111801,
    0.025801194831728935,
    0.03422639146447182,
    0.029507890343666077,
    0.04437175393104553,
    0.05485990643501282,
    0.05681383237242699,
    0.05885852500796318,
    0.06994239240884781,
    0.07472988963127136,
    0.06638557463884354,
    0.0736275240778923,
    0.08490952849388123,
    0.08193569630384445,
    0.0513247512280941,
    0.08443859219551086,
    0.08182584494352341,
    0.08702657371759415,
    0.0833408460021019,
    0.04512796178460121,
    0.07817015796899796,
    0.07156442850828171,
    0.07723243534564972,
    0.06715754419565201,
    0.04551301524043083,
    0.05127393826842308,
    0.045451827347278595,
    0.06692497432231903,
    0.06494249403476715,
    0.049335286021232605,
    0.05874929577112198,
    0.04810371249914169,
    0.052878234535455704,
    0.054399944841861725,
    0.048668790608644485,
    0.04940943047404289
  ],
  "acceptance_rates": [
    0.986161,
    0.919204,
    0.835601,
    0.730103,
    0.666454,
    0.625026,
    0.592937,
    0.399704,
    0.463198,
    0.460302,
    0.398173,
    0.350572,
    0.356363,
    0.331918,
    0.26284,
    0.258439,
    0.266424,
    0.234458,
    0.136311,
    0.202324,
    0.181471,
    0.178608,
    0.159532,
    0.082868,
    0.131944,
    0.114002,
    0.115941,
    0.096297,
    0.062581,
    0.066996,
    0.056866,
    0.07909,
    0.073712,
    0.054148,
    0.062,
    0.049152,
    0.051923,
    0.051951,
    0.044835,
    0.044489
  ],
  "scale_param_range": [
    0.01,
    0.050769230769230775,
    0.09153846153846154,
    0.13230769230769232,
    0.1730769230769231,
    0.21384615384615388,
    0.25461538461538463,
    0.2953846153846154,
    0.3361538461538462,
    0.37692307692307697,
    0.41769230769230775,
    0.45846153846153853,
    0.49923076923076926,
    0.54,
    0.5807692307692308,
    0.6215384615384616,
    0.6623076923076924,
    0.7030769230769232,
    0.7438461538461539,
    0.7846153846153847,
    0.8253846153846155,
    0.8661538461538463,
    0.906923076923077,
    0.9476923076923078,
    0.9884615384615385,
    1.0292307692307694,
    1.07,
    1.110769230769231,
    1.1515384615384616,
    1.1923076923076925,
    1.2330769230769232,
    1.273846153846154,
    1.3146153846153847,
    1.3553846153846154,
    1.3961538461538463,
    1.436923076923077,
    1.4776923076923079,
    1.5184615384615385,
    1.5592307692307694,
    1.6
  ],
  "times": [
    310.3958144187927,
    311.62827372550964,
    311.6209924221039,
    310.81534361839294,
    309.87941575050354,
    311.89553213119507,
    309.74979400634766,
    309.5725371837616,
    311.41650223731995,
    312.60829973220825,
    311.4095194339752,
    312.12589931488037,
    312.0038447380066,
    311.9701018333435,
    311.2962558269501,
    312.48851585388184,
    312.0844655036926,
    311.3956410884857,
    312.0401077270508,
    312.1417746543884,
    311.4097092151642,
    312.19095492362976,
    311.9531443119049,
    311.24245381355286,
    311.91740703582764,
    311.4776608943939,
    311.7402548789978,
    310.6531491279602,
    311.37976026535034,
    311.64735198020935,
    311.58165764808655,
    312.2121922969818,
    309.3165385723114,
    311.35135412216187,
    310.9826259613037,
    310.815824508667,
    310.1223111152649,
    310.72357058525085,
    310.41116762161255,
    311.0278477668762
  ]
}