{
  "target_distribution": "FullRosenbrock",
  "proposal_distribution": "Normal",
  "dimension": 10,
  "num_iterations": 1000000,
  "seed": 15,
  "total_time": 10480.422219276428,
  "max_esjd": 0.087958425283432,
  "max_acceptance_rate": 0.217169,
  "max_scale_param": 0.7046153846153846,
  "expected_squared_jump_distances": [
    9.843850421020761e-05,
    0.0017254797276109457,
    0.005082407500594854,
    0.009798089973628521,
    0.01556555274873972,
    0.022125335410237312,
    0.029053421691060066,
    0.03568044677376747,
    0.042910318821668625,
    0.04937899112701416,
    0.05450640618801117,
    0.0627051517367363,
    0.06845039129257202,
    0.07279940694570541,
    0.07759486138820648,
    0.07961026579141617,
    0.08293402940034866,
    0.08517753332853317,
    0.08616136759519577,
    0.08769355714321136,
    0.08649882674217224,
    0.087958425283432,
    0.08227186650037766,
    0.08673345297574997,
    0.08503887802362442,
    0.08416296541690826,
    0.08083971589803696,
    0.0791638121008873,
    0.07509714365005493,
    0.07440762221813202,
    0.06931045651435852,
    0.06772904098033905,
    0.06471002101898193,
    0.06215005740523338,
    0.057562436908483505,
    0.05739409476518631,
    0.05487651377916336,
    0.05230385437607765,
    0.04784202203154564,
    0.04624583572149277
  ],
  "acceptance_rates": [
    0.985432,
    0.935775,
    0.887129,
    0.83674,
    0.788691,
    0.74343,
    0.696722,
    0.643503,
    0.603698,
    0.558977,
    0.508502,
    0.489667,
    0.455863,
    0.419138,
    0.390296,
    0.354272,
    0.328953,
    0.302986,
    0.277593,
    0.257071,
    0.232255,
    0.217169,
    0.187977,
    0.183184,
    0.167695,
    0.154762,
    0.139391,
    0.12855,
    0.115058,
    0.107873,
    0.095451,
    0.088355,
    0.080698,
    0.07357,
    0.065442,
    0.062073,
    0.057148,
    0.052164,
    0.046194,
    0.042786
  ],
  "scale_param_range": [
    0.01,
    0.04307692307692308,
    0.07615384615384616,
    0.10923076923076923,
    0.14230769230769233,
    0.17538461538461542,
    0.20846153846153848,
    0.24153846153846156,
    0.27461538461538465,
    0.3076923076923077,
    0.3407692307692308,
    0.3738461538461539,
    0.40692307692307694,
    0.44000000000000006,
    0.4730769230769231,
    0.5061538461538462,
    0.5392307692307693,
    0.5723076923076924,
    0.6053846153846154,
    0.6384615384615385,
    0.6715384615384616,
    0.7046153846153846,
    0.7376923076923078,
    0.7707692307692309,
    0.8038461538461539,
    0.836923076923077,
    0.8700000000000001,
    0.9030769230769232,
    0.9361538461538462,
    0.9692307692307693,
    1.0023076923076923,
    1.0353846153846156,
    1.0684615384615386,
    1.1015384615384616,
    1.1346153846153848,
    1.1676923076923078,
    1.2007692307692308,
    1.233846153846154,
    1.266923076923077,
    1.3
  ],
  "times": [
    264.16888189315796,
    263.974791765213,
    263.8902151584625,
    259.3537986278534,
    259.5664873123169,
    260.7240469455719,
    267.34659576416016,
    267.8316276073456,
    272.96837997436523,
    270.3943829536438,
    269.77529096603394,
    269.79455757141113,
    270.97210240364075,
    271.88474893569946,
    267.2421350479126,
    264.7367014884949,
    264.602374792099,
    265.4526062011719,
    261.1691074371338,
    258.94674015045166,
    258.43916296958923,
    259.30005955696106,
    258.95611476898193,
    259.2664430141449,
    257.5681788921356,
    259.4919846057892,
    258.0437572002411,
    258.2949619293213,
    257.57878708839417,
    258.270854473114,
    258.4199368953705,
    258.1573865413666,
    257.2834174633026,
    257.48826360702515,
    257.97098207473755,
    258.79482221603394,
    258.5209262371063,
    258.70903992652893,
    257.99837946891785,
    257.0212047100067
  ]
}