{
  "target_distribution": "FullRosenbrock",
  "dimension": 20,
  "num_iterations": 100000,
  "seed": 4,
  "total_time": 2013.6110866069794,
  "max_esjd": 0.08556783944368362,
  "max_acceptance_rate": 0.26446,
  "max_variance_value": 0.5938461538461538,
  "expected_squared_jump_distances": [
    9.865130414254963e-05,
    0.0011807420523837209,
    0.0033406552392989397,
    0.00641182716935873,
    0.010239165276288986,
    0.014660637825727463,
    0.019585616886615753,
    0.02489681914448738,
    0.030395273119211197,
    0.035610802471637726,
    0.04174792021512985,
    0.04717043414711952,
    0.05248642340302467,
    0.05736691132187843,
    0.06251945346593857,
    0.06568905711174011,
    0.07052288949489594,
    0.07493609935045242,
    0.07658036798238754,
    0.07862287014722824,
    0.08134717494249344,
    0.08255455642938614,
    0.07996150851249695,
    0.08556783944368362,
    0.08475153893232346,
    0.07756011188030243,
    0.08354109525680542,
    0.08481447398662567,
    0.08499372750520706,
    0.07922444492578506,
    0.08234890550374985,
    0.07851647585630417,
    0.07790452241897583,
    0.07816974073648453,
    0.0719166174530983,
    0.07167576253414154,
    0.06504029780626297,
    0.06567645817995071,
    0.06363724172115326,
    0.060669802129268646
  ],
  "acceptance_rates": [
    0.98609,
    0.94462,
    0.90823,
    0.86883,
    0.82997,
    0.79134,
    0.75428,
    0.71948,
    0.6831,
    0.64208,
    0.61629,
    0.58148,
    0.54846,
    0.51584,
    0.48872,
    0.45185,
    0.42899,
    0.4063,
    0.37302,
    0.3463,
    0.32595,
    0.30269,
    0.26909,
    0.26446,
    0.24233,
    0.20669,
    0.20667,
    0.19551,
    0.18371,
    0.16094,
    0.15699,
    0.14111,
    0.13229,
    0.12526,
    0.11052,
    0.10455,
    0.08948,
    0.08638,
    0.08015,
    0.07353
  ],
  "var_value_range": [
    0.01,
    0.03538461538461538,
    0.06076923076923077,
    0.08615384615384615,
    0.11153846153846153,
    0.13692307692307693,
    0.16230769230769232,
    0.18769230769230769,
    0.21307692307692308,
    0.23846153846153847,
    0.26384615384615384,
    0.28923076923076924,
    0.31461538461538463,
    0.34,
    0.36538461538461536,
    0.39076923076923076,
    0.41615384615384615,
    0.44153846153846155,
    0.46692307692307694,
    0.4923076923076923,
    0.5176923076923077,
    0.5430769230769231,
    0.5684615384615385,
    0.5938461538461538,
    0.6192307692307693,
    0.6446153846153846,
    0.67,
    0.6953846153846154,
    0.7207692307692307,
    0.7461538461538462,
    0.7715384615384615,
    0.796923076923077,
    0.8223076923076923,
    0.8476923076923076,
    0.8730769230769231,
    0.8984615384615384,
    0.9238461538461539,
    0.9492307692307692,
    0.9746153846153846,
    1.0
  ],
  "times": [
    56.480459451675415,
    54.38706183433533,
    54.26234412193298,
    54.29187059402466,
    54.22735667228699,
    54.29093837738037,
    54.294010162353516,
    54.269328117370605,
    54.295599699020386,
    54.37681460380554,
    54.310067892074585,
    54.36232113838196,
    54.19832158088684,
    54.280060052871704,
    54.19736385345459,
    54.2560772895813,
    54.1459596157074,
    54.19299936294556,
    54.157304763793945,
    54.31104898452759,
    54.18836498260498,
    54.30383086204529,
    54.19532561302185,
    54.301676988601685,
    54.20579147338867,
    54.292311906814575,
    54.155810594558716,
    54.271531105041504,
    53.081467390060425,
    40.40019750595093,
    40.01235055923462,
    40.03610849380493,
    39.93274283409119,
    39.91234564781189,
    39.87054252624512,
    39.91917419433594,
    39.70956087112427,
    39.75730895996094,
    39.68570256233215,
    39.75246500968933
  ]
}