{
  "target_distribution": "FullRosenbrock",
  "dimension": 30,
  "num_iterations": 100000,
  "seed": 23,
  "total_time": 1556.498714208603,
  "max_esjd": 0.08597243577241898,
  "max_acceptance_rate": 0.22084,
  "max_variance_value": 0.6446153846153846,
  "expected_squared_jump_distances": [
    9.885752660920843e-05,
    0.0011836016783490777,
    0.0033511158544570208,
    0.006423813756555319,
    0.010264784097671509,
    0.014709025621414185,
    0.019634658470749855,
    0.02486974559724331,
    0.030286001041531563,
    0.036044128239154816,
    0.0416141040623188,
    0.0471433624625206,
    0.05232151225209236,
    0.05736080929636955,
    0.06211831420660019,
    0.06547334045171738,
    0.07106123119592667,
    0.07250085473060608,
    0.07697245478630066,
    0.0793951079249382,
    0.08129722625017166,
    0.08012250065803528,
    0.08417437225580215,
    0.08543077856302261,
    0.08477164059877396,
    0.08597243577241898,
    0.08538401871919632,
    0.08242370933294296,
    0.08290380984544754,
    0.08079175651073456,
    0.0792204886674881,
    0.07655298709869385,
    0.07627467811107635,
    0.0712740570306778,
    0.07079996913671494,
    0.06827214360237122,
    0.06684964895248413,
    0.061523787677288055,
    0.06105605140328407,
    0.05739547312259674
  ],
  "acceptance_rates": [
    0.9874,
    0.94565,
    0.9089,
    0.86845,
    0.82903,
    0.7895,
    0.75148,
    0.71349,
    0.67575,
    0.64321,
    0.60793,
    0.57424,
    0.54017,
    0.50838,
    0.47792,
    0.44235,
    0.42381,
    0.38578,
    0.36739,
    0.34222,
    0.318,
    0.28658,
    0.27482,
    0.25694,
    0.23487,
    0.22084,
    0.20389,
    0.18386,
    0.1725,
    0.15747,
    0.14511,
    0.13249,
    0.12409,
    0.11006,
    0.10365,
    0.09468,
    0.0877,
    0.07673,
    0.0728,
    0.06533
  ],
  "var_value_range": [
    0.01,
    0.03538461538461538,
    0.06076923076923077,
    0.08615384615384615,
    0.11153846153846153,
    0.13692307692307693,
    0.16230769230769232,
    0.18769230769230769,
    0.21307692307692308,
    0.23846153846153847,
    0.26384615384615384,
    0.28923076923076924,
    0.31461538461538463,
    0.34,
    0.36538461538461536,
    0.39076923076923076,
    0.41615384615384615,
    0.44153846153846155,
    0.46692307692307694,
    0.4923076923076923,
    0.5176923076923077,
    0.5430769230769231,
    0.5684615384615385,
    0.5938461538461538,
    0.6192307692307693,
    0.6446153846153846,
    0.67,
    0.6953846153846154,
    0.7207692307692307,
    0.7461538461538462,
    0.7715384615384615,
    0.796923076923077,
    0.8223076923076923,
    0.8476923076923076,
    0.8730769230769231,
    0.8984615384615384,
    0.9238461538461539,
    0.9492307692307692,
    0.9746153846153846,
    1.0
  ],
  "times": [
    41.022725105285645,
    38.96983194351196,
    38.878541707992554,
    38.94748640060425,
    38.99162244796753,
    38.987157106399536,
    38.9325053691864,
    38.97180247306824,
    38.80523085594177,
    38.92036247253418,
    38.83721947669983,
    38.91821479797363,
    38.85054540634155,
    38.834532022476196,
    38.88749861717224,
    38.93523550033569,
    38.79022741317749,
    38.89229226112366,
    38.825504302978516,
    38.92020630836487,
    38.895984411239624,
    38.861757040023804,
    38.786784172058105,
    38.81879377365112,
    38.836403131484985,
    38.847129344940186,
    38.77676272392273,
    38.82425665855408,
    38.728464126586914,
    38.84487223625183,
    38.81552457809448,
    38.81289505958557,
    38.80799150466919,
    38.81465458869934,
    38.83156204223633,
    38.829023599624634,
    38.74167203903198,
    38.82685899734497,
    38.76867747306824,
    38.87558054924011
  ]
}