{
  "target_distribution": "FullRosenbrock",
  "dimension": 2,
  "num_iterations": 100000,
  "seed": 6,
  "total_time": 1557.0141777992249,
  "max_esjd": 0.1220753863453865,
  "max_acceptance_rate": 0.2152,
  "max_variance_value": 1.0,
  "expected_squared_jump_distances": [
    9.835538367042318e-05,
    0.00112634408287704,
    0.003111565485596657,
    0.005719980224967003,
    0.008533447980880737,
    0.011902418918907642,
    0.015352548100054264,
    0.020320268347859383,
    0.02274119295179844,
    0.027254445478320122,
    0.03151349723339081,
    0.032773371785879135,
    0.034357380121946335,
    0.041020479053258896,
    0.04256545752286911,
    0.04697958379983902,
    0.0352734699845314,
    0.05804919824004173,
    0.05274036526679993,
    0.054898642003536224,
    0.06369703263044357,
    0.06379739195108414,
    0.0679992213845253,
    0.06970822811126709,
    0.07042134553194046,
    0.06717740744352341,
    0.08539802581071854,
    0.08347223699092865,
    0.08239500969648361,
    0.08711990714073181,
    0.08261580020189285,
    0.09962195158004761,
    0.09147228300571442,
    0.08117268979549408,
    0.09806110709905624,
    0.09552548825740814,
    0.1107533648610115,
    0.11654923856258392,
    0.10980746150016785,
    0.1220753863453865
  ],
  "acceptance_rates": [
    0.9876,
    0.93109,
    0.89344,
    0.84264,
    0.78063,
    0.74122,
    0.69951,
    0.69676,
    0.6316,
    0.60957,
    0.58335,
    0.52591,
    0.48327,
    0.49293,
    0.45474,
    0.44431,
    0.31215,
    0.43369,
    0.36305,
    0.34855,
    0.36215,
    0.33623,
    0.3294,
    0.31424,
    0.29646,
    0.2635,
    0.30623,
    0.28052,
    0.26011,
    0.26167,
    0.2364,
    0.2622,
    0.22762,
    0.1953,
    0.21942,
    0.20695,
    0.22376,
    0.2238,
    0.19966,
    0.2152
  ],
  "var_value_range": [
    0.01,
    0.03538461538461538,
    0.06076923076923077,
    0.08615384615384615,
    0.11153846153846153,
    0.13692307692307693,
    0.16230769230769232,
    0.18769230769230769,
    0.21307692307692308,
    0.23846153846153847,
    0.26384615384615384,
    0.28923076923076924,
    0.31461538461538463,
    0.34,
    0.36538461538461536,
    0.39076923076923076,
    0.41615384615384615,
    0.44153846153846155,
    0.46692307692307694,
    0.4923076923076923,
    0.5176923076923077,
    0.5430769230769231,
    0.5684615384615385,
    0.5938461538461538,
    0.6192307692307693,
    0.6446153846153846,
    0.67,
    0.6953846153846154,
    0.7207692307692307,
    0.7461538461538462,
    0.7715384615384615,
    0.796923076923077,
    0.8223076923076923,
    0.8476923076923076,
    0.8730769230769231,
    0.8984615384615384,
    0.9238461538461539,
    0.9492307692307692,
    0.9746153846153846,
    1.0
  ],
  "times": [
    40.89460897445679,
    39.10224008560181,
    38.894145488739014,
    39.07930111885071,
    38.88042974472046,
    38.999091148376465,
    38.8870153427124,
    38.870609283447266,
    38.81945872306824,
    38.85186219215393,
    38.82229828834534,
    38.84853672981262,
    38.89523959159851,
    38.895029067993164,
    38.86041283607483,
    38.91982626914978,
    38.785714864730835,
    38.83739185333252,
    38.78745079040527,
    38.84427309036255,
    38.83064007759094,
    38.86833882331848,
    38.81706643104553,
    38.87356448173523,
    38.81739592552185,
    38.88489818572998,
    38.79138207435608,
    38.83662033081055,
    38.800607204437256,
    38.90326428413391,
    38.83107829093933,
    38.85207509994507,
    38.82277703285217,
    38.87054991722107,
    38.78857064247131,
    38.8804669380188,
    38.981640100479126,
    39.00924468040466,
    38.83879017829895,
    38.907588958740234
  ]
}