{
  "target_distribution": "FullRosenbrock",
  "dimension": 10,
  "num_iterations": 100000,
  "seed": 12,
  "total_time": 1396.3114054203033,
  "max_esjd": 0.08941274136304855,
  "max_acceptance_rate": 0.25687,
  "max_variance_value": 0.6446153846153846,
  "expected_squared_jump_distances": [
    9.872402006294578e-05,
    0.0011776330647990108,
    0.003319932147860527,
    0.006375787314027548,
    0.010200734250247478,
    0.014549367129802704,
    0.01932385377585888,
    0.0244633536785841,
    0.029867855831980705,
    0.034679707139730453,
    0.04098565876483917,
    0.046087753027677536,
    0.05105454847216606,
    0.05675971135497093,
    0.06065615266561508,
    0.06495823711156845,
    0.06884892284870148,
    0.07323288172483444,
    0.07629960030317307,
    0.07902402430772781,
    0.08239948004484177,
    0.0840977355837822,
    0.0865294486284256,
    0.08466004580259323,
    0.08702017366886139,
    0.08941274136304855,
    0.08820818364620209,
    0.08906909078359604,
    0.08783677220344543,
    0.0872490331530571,
    0.08775746077299118,
    0.08463037759065628,
    0.08612979203462601,
    0.08385834097862244,
    0.08094031363725662,
    0.08058872073888779,
    0.07665129005908966,
    0.07838436961174011,
    0.07377579808235168,
    0.07173354923725128
  ],
  "acceptance_rates": [
    0.98769,
    0.94516,
    0.90735,
    0.87104,
    0.8349,
    0.79474,
    0.75558,
    0.71946,
    0.68521,
    0.64074,
    0.62232,
    0.58576,
    0.5519,
    0.5286,
    0.49349,
    0.46618,
    0.43834,
    0.41861,
    0.39272,
    0.36943,
    0.35062,
    0.32834,
    0.3115,
    0.28166,
    0.26896,
    0.25687,
    0.23705,
    0.22394,
    0.2086,
    0.1945,
    0.18432,
    0.168,
    0.16223,
    0.15041,
    0.13858,
    0.13117,
    0.11914,
    0.11724,
    0.1056,
    0.09895
  ],
  "var_value_range": [
    0.01,
    0.03538461538461538,
    0.06076923076923077,
    0.08615384615384615,
    0.11153846153846153,
    0.13692307692307693,
    0.16230769230769232,
    0.18769230769230769,
    0.21307692307692308,
    0.23846153846153847,
    0.26384615384615384,
    0.28923076923076924,
    0.31461538461538463,
    0.34,
    0.36538461538461536,
    0.39076923076923076,
    0.41615384615384615,
    0.44153846153846155,
    0.46692307692307694,
    0.4923076923076923,
    0.5176923076923077,
    0.5430769230769231,
    0.5684615384615385,
    0.5938461538461538,
    0.6192307692307693,
    0.6446153846153846,
    0.67,
    0.6953846153846154,
    0.7207692307692307,
    0.7461538461538462,
    0.7715384615384615,
    0.796923076923077,
    0.8223076923076923,
    0.8476923076923076,
    0.8730769230769231,
    0.8984615384615384,
    0.9238461538461539,
    0.9492307692307692,
    0.9746153846153846,
    1.0
  ],
  "times": [
    36.62614893913269,
    35.11320519447327,
    34.880215644836426,
    34.909937381744385,
    34.962281465530396,
    34.95886039733887,
    34.76341700553894,
    34.67101311683655,
    34.766127824783325,
    34.75414323806763,
    34.33213448524475,
    34.975053548812866,
    34.995001554489136,
    34.77003073692322,
    35.03577470779419,
    35.47800636291504,
    35.49231028556824,
    35.021812915802,
    35.46560335159302,
    35.25534510612488,
    34.53320550918579,
    34.63435339927673,
    34.58006429672241,
    34.624594926834106,
    34.553850173950195,
    34.585148096084595,
    34.89989233016968,
    34.40692615509033,
    35.18863368034363,
    34.97285008430481,
    35.52977418899536,
    34.98776626586914,
    34.98084330558777,
    35.038713693618774,
    34.97122025489807,
    35.04917812347412,
    34.79521465301514,
    35.062379360198975,
    34.186609506607056,
    33.47486639022827
  ]
}