{
  "target_distribution": "FullRosenbrock",
  "dimension": 20,
  "num_iterations": 1000000,
  "seed": 10,
  "total_time": 10240.102715492249,
  "max_esjd": 0.08644399791955948,
  "max_acceptance_rate": 0.233867,
  "max_variance_value": 0.6384615384615385,
  "expected_squared_jump_distances": [
    9.84226498985663e-05,
    0.001726304180920124,
    0.005072695203125477,
    0.009841796942055225,
    0.015673605725169182,
    0.022202113643288612,
    0.029203109443187714,
    0.03641955927014351,
    0.04357432946562767,
    0.04819906875491142,
    0.05735092610120773,
    0.06352587044239044,
    0.06880423426628113,
    0.07348398119211197,
    0.07797939330339432,
    0.08135350048542023,
    0.08120473474264145,
    0.08404706418514252,
    0.08553337305784225,
    0.08644399791955948,
    0.08549892157316208,
    0.08375941216945648,
    0.08285604417324066,
    0.0812394767999649,
    0.07931768894195557,
    0.07376022636890411,
    0.0736856758594513,
    0.06675732880830765,
    0.06688699871301651,
    0.059172336012125015,
    0.06141508370637894,
    0.05754178762435913,
    0.053972844034433365,
    0.05132218077778816,
    0.047658711671829224,
    0.044477976858615875,
    0.04021976888179779,
    0.03879887983202934,
    0.03436959534883499,
    0.03296179696917534
  ],
  "acceptance_rates": [
    0.984856,
    0.933656,
    0.880544,
    0.833125,
    0.784501,
    0.734507,
    0.686724,
    0.640577,
    0.595787,
    0.528703,
    0.514488,
    0.476083,
    0.437698,
    0.402184,
    0.371483,
    0.340655,
    0.301891,
    0.279248,
    0.255906,
    0.233867,
    0.210769,
    0.189146,
    0.171777,
    0.155548,
    0.140676,
    0.122115,
    0.113464,
    0.09624,
    0.090587,
    0.075488,
    0.073744,
    0.065235,
    0.058027,
    0.05243,
    0.046325,
    0.041265,
    0.035622,
    0.032691,
    0.027934,
    0.025567
  ],
  "var_value_range": [
    0.01,
    0.04307692307692308,
    0.07615384615384616,
    0.10923076923076923,
    0.14230769230769233,
    0.17538461538461542,
    0.20846153846153848,
    0.24153846153846156,
    0.27461538461538465,
    0.3076923076923077,
    0.3407692307692308,
    0.3738461538461539,
    0.40692307692307694,
    0.44000000000000006,
    0.4730769230769231,
    0.5061538461538462,
    0.5392307692307693,
    0.5723076923076924,
    0.6053846153846154,
    0.6384615384615385,
    0.6715384615384616,
    0.7046153846153846,
    0.7376923076923078,
    0.7707692307692309,
    0.8038461538461539,
    0.836923076923077,
    0.8700000000000001,
    0.9030769230769232,
    0.9361538461538462,
    0.9692307692307693,
    1.0023076923076923,
    1.0353846153846156,
    1.0684615384615386,
    1.1015384615384616,
    1.1346153846153848,
    1.1676923076923078,
    1.2007692307692308,
    1.233846153846154,
    1.266923076923077,
    1.3
  ],
  "times": [
    257.3659679889679,
    255.98144054412842,
    256.11986231803894,
    256.1757652759552,
    255.9209442138672,
    255.75170731544495,
    256.109233379364,
    255.90418148040771,
    255.77350997924805,
    256.431471824646,
    255.82525277137756,
    255.77368545532227,
    255.79396057128906,
    255.83831644058228,
    255.90656042099,
    255.80119848251343,
    256.111200094223,
    256.15812063217163,
    255.91879224777222,
    255.3613464832306,
    255.74437642097473,
    256.29051661491394,
    255.70908212661743,
    255.75307202339172,
    255.56940984725952,
    255.6086814403534,
    255.78355526924133,
    255.76633071899414,
    255.71952104568481,
    255.70880794525146,
    256.00517177581787,
    256.4359769821167,
    256.41539430618286,
    256.68959760665894,
    256.3441185951233,
    256.447722196579,
    255.9738736152649,
    255.77063488960266,
    256.0746581554413,
    256.17143034935
  ]
}