{
  "target_distribution": "FullRosenbrock",
  "dimension": 20,
  "num_iterations": 100000,
  "seed": 16,
  "total_time": 1548.8733975887299,
  "max_esjd": 0.08874955028295517,
  "max_acceptance_rate": 0.21893,
  "max_variance_value": 0.67,
  "expected_squared_jump_distances": [
    9.865440370049328e-05,
    0.0011811474105343223,
    0.0033410992473363876,
    0.006425523664802313,
    0.010279890149831772,
    0.01471733208745718,
    0.019610194489359856,
    0.024980023503303528,
    0.030294101685285568,
    0.03603588417172432,
    0.04168490692973137,
    0.04680769518017769,
    0.05230393260717392,
    0.05734803155064583,
    0.06191679835319519,
    0.06653705984354019,
    0.07079476118087769,
    0.07368431985378265,
    0.0768514946103096,
    0.08020827174186707,
    0.08354761451482773,
    0.08489168435335159,
    0.08500003814697266,
    0.08752105385065079,
    0.08615162968635559,
    0.08702484518289566,
    0.08874955028295517,
    0.08514422923326492,
    0.0852617472410202,
    0.08581651002168655,
    0.08190996944904327,
    0.07887857407331467,
    0.05975602939724922,
    0.07614962756633759,
    0.07008922845125198,
    0.07206020504236221,
    0.06610328704118729,
    0.06506555527448654,
    0.06602837145328522,
    0.06483113020658493
  ],
  "acceptance_rates": [
    0.98611,
    0.94487,
    0.90824,
    0.87087,
    0.83306,
    0.79404,
    0.75522,
    0.72155,
    0.6813,
    0.64881,
    0.61516,
    0.57727,
    0.5474,
    0.51621,
    0.48436,
    0.45625,
    0.43033,
    0.39998,
    0.37453,
    0.35336,
    0.33476,
    0.31034,
    0.28488,
    0.27004,
    0.24617,
    0.23068,
    0.21893,
    0.19626,
    0.1841,
    0.17344,
    0.1566,
    0.14242,
    0.10267,
    0.12291,
    0.10693,
    0.1044,
    0.09173,
    0.08554,
    0.08295,
    0.07767
  ],
  "var_value_range": [
    0.01,
    0.03538461538461538,
    0.06076923076923077,
    0.08615384615384615,
    0.11153846153846153,
    0.13692307692307693,
    0.16230769230769232,
    0.18769230769230769,
    0.21307692307692308,
    0.23846153846153847,
    0.26384615384615384,
    0.28923076923076924,
    0.31461538461538463,
    0.34,
    0.36538461538461536,
    0.39076923076923076,
    0.41615384615384615,
    0.44153846153846155,
    0.46692307692307694,
    0.4923076923076923,
    0.5176923076923077,
    0.5430769230769231,
    0.5684615384615385,
    0.5938461538461538,
    0.6192307692307693,
    0.6446153846153846,
    0.67,
    0.6953846153846154,
    0.7207692307692307,
    0.7461538461538462,
    0.7715384615384615,
    0.796923076923077,
    0.8223076923076923,
    0.8476923076923076,
    0.8730769230769231,
    0.8984615384615384,
    0.9238461538461539,
    0.9492307692307692,
    0.9746153846153846,
    1.0
  ],
  "times": [
    40.72099709510803,
    38.83155059814453,
    38.66523218154907,
    38.774402379989624,
    38.67931914329529,
    38.732138872146606,
    38.65834069252014,
    38.7181932926178,
    38.623310804367065,
    38.75636315345764,
    38.578765869140625,
    38.712830543518066,
    38.57882261276245,
    38.70251822471619,
    38.647597789764404,
    38.7327721118927,
    38.586737394332886,
    38.64816761016846,
    38.64257335662842,
    38.74032258987427,
    38.56998586654663,
    38.68617081642151,
    38.61010551452637,
    38.64497208595276,
    38.615015745162964,
    38.67249417304993,
    38.64266633987427,
    38.68170928955078,
    38.59009265899658,
    38.70632028579712,
    38.591212034225464,
    38.70795297622681,
    38.62637662887573,
    38.76981163024902,
    38.75019550323486,
    38.69818639755249,
    38.606841802597046,
    38.62791180610657,
    38.600961208343506,
    38.71251106262207
  ]
}