{
  "target_distribution": "FullRosenbrock",
  "proposal_distribution": "Normal",
  "dimension": 2,
  "num_iterations": 1000000,
  "seed": 17,
  "total_time": 10734.50619506836,
  "max_esjd": 0.24303129315376282,
  "max_acceptance_rate": 0.073022,
  "max_scale_param": 2.585384615384615,
  "expected_squared_jump_distances": [
    9.794055222300813e-05,
    0.004725488368421793,
    0.010987776331603527,
    0.018078546971082687,
    0.023291094228625298,
    0.03195084631443024,
    0.04107057303190231,
    0.05049259960651398,
    0.05652691051363945,
    0.05790966376662254,
    0.06927483528852463,
    0.07385483384132385,
    0.09119421988725662,
    0.08251595497131348,
    0.0943838581442833,
    0.11718614399433136,
    0.11753606796264648,
    0.11087977886199951,
    0.12237465381622314,
    0.1258220374584198,
    0.13833080232143402,
    0.14457446336746216,
    0.14284974336624146,
    0.14566569030284882,
    0.16489365696907043,
    0.1653563678264618,
    0.15919728577136993,
    0.13886301219463348,
    0.16596558690071106,
    0.18182674050331116,
    0.1845138967037201,
    0.18489646911621094,
    0.19680382311344147,
    0.20112845301628113,
    0.21664905548095703,
    0.18834476172924042,
    0.24303129315376282,
    0.23035584390163422,
    0.24269703030586243,
    0.24034537374973297
  ],
  "acceptance_rates": [
    0.986283,
    0.799344,
    0.596381,
    0.486412,
    0.388236,
    0.355054,
    0.326307,
    0.303567,
    0.268158,
    0.225021,
    0.220836,
    0.198779,
    0.209418,
    0.165797,
    0.164415,
    0.179323,
    0.159737,
    0.13584,
    0.134838,
    0.125851,
    0.1251,
    0.11955,
    0.10868,
    0.101798,
    0.10642,
    0.099346,
    0.088176,
    0.072175,
    0.080322,
    0.082284,
    0.078096,
    0.073714,
    0.073981,
    0.071956,
    0.072947,
    0.059878,
    0.073022,
    0.066441,
    0.06667,
    0.0624
  ],
  "scale_param_range": [
    0.01,
    0.08153846153846153,
    0.15307692307692308,
    0.2246153846153846,
    0.29615384615384616,
    0.3676923076923077,
    0.4392307692307692,
    0.5107692307692308,
    0.5823076923076923,
    0.6538461538461539,
    0.7253846153846154,
    0.796923076923077,
    0.8684615384615384,
    0.94,
    1.0115384615384615,
    1.083076923076923,
    1.1546153846153846,
    1.2261538461538461,
    1.2976923076923077,
    1.3692307692307693,
    1.4407692307692308,
    1.5123076923076924,
    1.583846153846154,
    1.6553846153846155,
    1.7269230769230768,
    1.7984615384615383,
    1.8699999999999999,
    1.9415384615384614,
    2.0130769230769228,
    2.0846153846153843,
    2.156153846153846,
    2.2276923076923074,
    2.299230769230769,
    2.3707692307692305,
    2.442307692307692,
    2.5138461538461536,
    2.585384615384615,
    2.6569230769230767,
    2.7284615384615383,
    2.8
  ],
  "times": [
    268.79999113082886,
    270.43377804756165,
    268.4073622226715,
    269.5390384197235,
    268.1423246860504,
    269.84846115112305,
    268.19165229797363,
    268.0104353427887,
    268.247918844223,
    268.15151619911194,
    267.8855502605438,
    268.34628891944885,
    268.77798533439636,
    268.44282126426697,
    268.0233495235443,
    267.5184292793274,
    268.0010914802551,
    270.33969950675964,
    271.2801535129547,
    271.29513120651245,
    269.39973855018616,
    268.84350657463074,
    269.780802488327,
    269.7663314342499,
    268.7470512390137,
    269.35021710395813,
    268.04103899002075,
    267.62004804611206,
    266.78235483169556,
    267.50940227508545,
    266.6873211860657,
    267.00587725639343,
    266.10761046409607,
    266.14948439598083,
    266.96471190452576,
    267.6507349014282,
    267.59417271614075,
    267.78905034065247,
    267.5202593803406,
    267.47565484046936
  ]
}