{
  "max_esjd": 0.08641595169901847,
  "max_acceptance_rate": 0.2438782,
  "max_variance_value": 0.6252307692307693,
  "expected_squared_jump_distances": [
    9.842235813266598e-05,
    0.0017265232163481414,
    0.005086243571713567,
    0.009830551594495774,
    0.015652490314096212,
    0.022208886034786702,
    0.029213104583323,
    0.03647396638989449,
    0.04294481314718723,
    0.05036497302353382,
    0.0569041907787323,
    0.06256450079381466,
    0.06860115230083466,
    0.07353882715106011,
    0.07753663808107376,
    0.07937212511897088,
    0.082997927069664,
    0.08510090410709381,
    0.08596462532877922,
    0.08593496680259705,
    0.0855685830116272,
    0.08468001261353493,
    0.08354950845241546,
    0.08113770857453347,
    0.07912307530641556,
    0.07662020772695541,
    0.07408754229545593,
    0.0699307769536972,
    0.06733568236231804,
    0.06345032751560212,
    0.06098819188773632,
    0.057051046192646025,
    0.053604516014456746,
    0.050546609237790106,
    0.046796544641256335,
    0.04441820532083511,
    0.04099099822342396,
    0.03829612247645855,
    0.034906408935785296,
    0.03169593345373869
  ],
  "acceptance_rates": [
    0.9848567000000001,
    0.9337274000000001,
    0.8827457000000001,
    0.8321767000000001,
    0.7834899999999999,
    0.7347258,
    0.6869324,
    0.6416835000000001,
    0.5876957999999999,
    0.5514825000000001,
    0.5107619999999999,
    0.46916539999999995,
    0.4365669,
    0.4025812999999999,
    0.36947900000000006,
    0.33267919999999995,
    0.3083841,
    0.28253829999999996,
    0.2568979,
    0.2326455,
    0.2108844,
    0.1909805,
    0.17323059999999996,
    0.1553411,
    0.1403914,
    0.12649139999999998,
    0.11404,
    0.10082220000000001,
    0.0910719,
    0.0808022,
    0.0732349,
    0.06482660000000001,
    0.05773520000000001,
    0.051727400000000014,
    0.0455124,
    0.041192799999999995,
    0.0362814,
    0.032398,
    0.028313900000000003,
    0.024653100000000004
  ],
  "var_value_range": [
    0.01,
    0.04307692307692308,
    0.07615384615384616,
    0.10923076923076923,
    0.14230769230769233,
    0.17538461538461542,
    0.20846153846153848,
    0.24153846153846156,
    0.27461538461538465,
    0.3076923076923077,
    0.3407692307692308,
    0.3738461538461539,
    0.40692307692307694,
    0.44000000000000006,
    0.4730769230769231,
    0.5061538461538462,
    0.5392307692307693,
    0.5723076923076924,
    0.6053846153846154,
    0.6384615384615385,
    0.6715384615384616,
    0.7046153846153846,
    0.7376923076923078,
    0.7707692307692309,
    0.8038461538461539,
    0.836923076923077,
    0.8700000000000001,
    0.9030769230769232,
    0.9361538461538462,
    0.9692307692307693,
    1.0023076923076923,
    1.0353846153846156,
    1.0684615384615386,
    1.1015384615384616,
    1.1346153846153848,
    1.1676923076923078,
    1.2007692307692308,
    1.233846153846154,
    1.266923076923077,
    1.3
  ],
  "target_distribution": "FullRosenbrock",
  "dimension": 20,
  "num_iterations": 1000000,
  "averaged_from_seeds": [
    2,
    6,
    4,
    5,
    9,
    1,
    3,
    8,
    7,
    10
  ],
  "num_files_averaged": 10,
  "source_files": [
    "FullRosenbrock_RWM_GPU_dim20_1000000iters_seed2.json",
    "FullRosenbrock_RWM_GPU_dim20_1000000iters_seed6.json",
    "FullRosenbrock_RWM_GPU_dim20_1000000iters_seed4.json",
    "FullRosenbrock_RWM_GPU_dim20_1000000iters_seed5.json",
    "FullRosenbrock_RWM_GPU_dim20_1000000iters_seed9.json",
    "FullRosenbrock_RWM_GPU_dim20_1000000iters_seed1.json",
    "FullRosenbrock_RWM_GPU_dim20_1000000iters_seed3.json",
    "FullRosenbrock_RWM_GPU_dim20_1000000iters_seed8.json",
    "FullRosenbrock_RWM_GPU_dim20_1000000iters_seed7.json",
    "FullRosenbrock_RWM_GPU_dim20_1000000iters_seed10.json"
  ]
}