{
  "target_distribution": "FullRosenbrock",
  "dimension": 20,
  "num_iterations": 1000000,
  "seed": 4,
  "total_time": 17551.407544374466,
  "max_esjd": 0.0860358402132988,
  "max_acceptance_rate": 0.256933,
  "max_variance_value": 0.6053846153846154,
  "expected_squared_jump_distances": [
    9.84246507869102e-05,
    0.001726502669043839,
    0.0050930907018482685,
    0.009852787479758263,
    0.015668455511331558,
    0.022150453180074692,
    0.02918366901576519,
    0.03659640997648239,
    0.04181106388568878,
    0.05033803731203079,
    0.05694889277219772,
    0.06333348900079727,
    0.06889934092760086,
    0.07374759018421173,
    0.07771414518356323,
    0.08104533702135086,
    0.08359968662261963,
    0.0854296013712883,
    0.0860358402132988,
    0.08587567508220673,
    0.08598929643630981,
    0.08499012887477875,
    0.08424396812915802,
    0.08183790743350983,
    0.07904504239559174,
    0.07598025351762772,
    0.07435400784015656,
    0.06744743138551712,
    0.06911122053861618,
    0.06511101126670837,
    0.05951065570116043,
    0.05757192149758339,
    0.0531933419406414,
    0.04903494566679001,
    0.04799163341522217,
    0.044469647109508514,
    0.04065009206533432,
    0.03862544149160385,
    0.034391436725854874,
    0.0330999493598938
  ],
  "acceptance_rates": [
    0.984875,
    0.933745,
    0.883844,
    0.834031,
    0.784309,
    0.732984,
    0.686338,
    0.643755,
    0.572924,
    0.551373,
    0.511223,
    0.47469,
    0.438275,
    0.403588,
    0.370158,
    0.339563,
    0.310587,
    0.283563,
    0.256933,
    0.23264,
    0.211997,
    0.191727,
    0.174669,
    0.156554,
    0.140299,
    0.12536,
    0.11453,
    0.097343,
    0.093372,
    0.082738,
    0.071641,
    0.065412,
    0.057261,
    0.050291,
    0.046576,
    0.041205,
    0.035984,
    0.032714,
    0.027902,
    0.025709
  ],
  "var_value_range": [
    0.01,
    0.04307692307692308,
    0.07615384615384616,
    0.10923076923076923,
    0.14230769230769233,
    0.17538461538461542,
    0.20846153846153848,
    0.24153846153846156,
    0.27461538461538465,
    0.3076923076923077,
    0.3407692307692308,
    0.3738461538461539,
    0.40692307692307694,
    0.44000000000000006,
    0.4730769230769231,
    0.5061538461538462,
    0.5392307692307693,
    0.5723076923076924,
    0.6053846153846154,
    0.6384615384615385,
    0.6715384615384616,
    0.7046153846153846,
    0.7376923076923078,
    0.7707692307692309,
    0.8038461538461539,
    0.836923076923077,
    0.8700000000000001,
    0.9030769230769232,
    0.9361538461538462,
    0.9692307692307693,
    1.0023076923076923,
    1.0353846153846156,
    1.0684615384615386,
    1.1015384615384616,
    1.1346153846153848,
    1.1676923076923078,
    1.2007692307692308,
    1.233846153846154,
    1.266923076923077,
    1.3
  ],
  "times": [
    446.51890230178833,
    440.03670048713684,
    440.4970314502716,
    440.14642810821533,
    439.80031394958496,
    439.56112027168274,
    439.2006928920746,
    440.015949010849,
    439.1497747898102,
    439.1032090187073,
    440.25621223449707,
    439.61840772628784,
    439.49638390541077,
    438.97017550468445,
    440.0650689601898,
    439.525283575058,
    439.1225845813751,
    439.15670943260193,
    439.10703897476196,
    438.9938361644745,
    438.90810322761536,
    439.72691321372986,
    440.1135504245758,
    439.5667932033539,
    440.33040475845337,
    440.02266550064087,
    438.96275639533997,
    438.66250371932983,
    439.2424066066742,
    438.7568576335907,
    438.0236327648163,
    438.69688153266907,
    439.0926933288574,
    439.2401750087738,
    439.3902461528778,
    439.27475571632385,
    439.0926311016083,
    437.9461591243744,
    431.5973563194275,
    416.2857096195221
  ]
}