{
  "target_distribution": "FullRosenbrock",
  "proposal_distribution": "Normal",
  "dimension": 10,
  "num_iterations": 1000000,
  "seed": 2,
  "total_time": 10503.091113567352,
  "max_esjd": 0.08839403837919235,
  "max_acceptance_rate": 0.217791,
  "max_scale_param": 0.7046153846153846,
  "expected_squared_jump_distances": [
    9.843728912528604e-05,
    0.0017247908981516957,
    0.005079867783933878,
    0.009732118807733059,
    0.015591953881084919,
    0.022122768685221672,
    0.028978658840060234,
    0.036142006516456604,
    0.042987674474716187,
    0.049558646976947784,
    0.0565025731921196,
    0.06141752377152443,
    0.0671732947230339,
    0.07301399856805801,
    0.07624877989292145,
    0.0784459337592125,
    0.08208157122135162,
    0.08553706854581833,
    0.08595728129148483,
    0.08728189021348953,
    0.08787673711776733,
    0.08839403837919235,
    0.0878622978925705,
    0.08709599077701569,
    0.08381453156471252,
    0.0842616856098175,
    0.08001943677663803,
    0.07893381267786026,
    0.07707415521144867,
    0.0724743902683258,
    0.07081249356269836,
    0.06143101677298546,
    0.06488243490457535,
    0.06258194893598557,
    0.05987083539366722,
    0.0565129891037941,
    0.05396808683872223,
    0.051481060683727264,
    0.0483933761715889,
    0.04484104365110397
  ],
  "acceptance_rates": [
    0.985424,
    0.935401,
    0.886636,
    0.831734,
    0.789883,
    0.743374,
    0.695037,
    0.651103,
    0.604626,
    0.560668,
    0.52588,
    0.480257,
    0.447749,
    0.420399,
    0.383993,
    0.349759,
    0.325944,
    0.304699,
    0.276964,
    0.25577,
    0.235549,
    0.217791,
    0.200061,
    0.184183,
    0.16483,
    0.154825,
    0.138375,
    0.128372,
    0.118043,
    0.105057,
    0.097418,
    0.080358,
    0.080382,
    0.074129,
    0.067995,
    0.061346,
    0.056258,
    0.051559,
    0.046396,
    0.041589
  ],
  "scale_param_range": [
    0.01,
    0.04307692307692308,
    0.07615384615384616,
    0.10923076923076923,
    0.14230769230769233,
    0.17538461538461542,
    0.20846153846153848,
    0.24153846153846156,
    0.27461538461538465,
    0.3076923076923077,
    0.3407692307692308,
    0.3738461538461539,
    0.40692307692307694,
    0.44000000000000006,
    0.4730769230769231,
    0.5061538461538462,
    0.5392307692307693,
    0.5723076923076924,
    0.6053846153846154,
    0.6384615384615385,
    0.6715384615384616,
    0.7046153846153846,
    0.7376923076923078,
    0.7707692307692309,
    0.8038461538461539,
    0.836923076923077,
    0.8700000000000001,
    0.9030769230769232,
    0.9361538461538462,
    0.9692307692307693,
    1.0023076923076923,
    1.0353846153846156,
    1.0684615384615386,
    1.1015384615384616,
    1.1346153846153848,
    1.1676923076923078,
    1.2007692307692308,
    1.233846153846154,
    1.266923076923077,
    1.3
  ],
  "times": [
    267.9345519542694,
    269.63289499282837,
    264.1247432231903,
    266.34484028816223,
    266.0404462814331,
    264.800621509552,
    262.7304718494415,
    263.60627150535583,
    267.7663776874542,
    264.53432750701904,
    265.3089590072632,
    264.74868750572205,
    269.1172649860382,
    261.0583436489105,
    261.34489917755127,
    261.70797657966614,
    264.13273668289185,
    263.20124435424805,
    263.3794846534729,
    262.95012974739075,
    263.7561378479004,
    263.7134635448456,
    263.141640663147,
    260.66569423675537,
    260.3270125389099,
    258.2039957046509,
    258.5442748069763,
    257.5405125617981,
    258.5670654773712,
    260.50556921958923,
    261.3913381099701,
    257.8249912261963,
    256.62779998779297,
    258.65410256385803,
    261.346652507782,
    262.1454110145569,
    261.3343017101288,
    262.01928091049194,
    261.6052029132843,
    260.65941643714905
  ]
}