{
  "target_distribution": "FullRosenbrock",
  "dimension": 5,
  "num_iterations": 100000,
  "seed": 29,
  "total_time": 1560.286511182785,
  "max_esjd": 0.09225925803184509,
  "max_acceptance_rate": 0.22433,
  "max_variance_value": 0.7715384615384615,
  "expected_squared_jump_distances": [
    9.841632709139958e-05,
    0.0011777202598750591,
    0.0033242327626794577,
    0.006385887507349253,
    0.01020375732332468,
    0.014402715489268303,
    0.018115879967808723,
    0.024015137925744057,
    0.028436746448278427,
    0.03189832717180252,
    0.037937235087156296,
    0.04408342018723488,
    0.03927359730005264,
    0.05477726459503174,
    0.03309999033808708,
    0.03688507899641991,
    0.05760026350617409,
    0.027724262326955795,
    0.06965862959623337,
    0.07699909061193466,
    0.06093205511569977,
    0.08561545610427856,
    0.07976194471120834,
    0.08441779017448425,
    0.08607020974159241,
    0.0821443498134613,
    0.09214077889919281,
    0.08272135257720947,
    0.0859517976641655,
    0.08030692487955093,
    0.09225925803184509,
    0.09057699888944626,
    0.09003844857215881,
    0.0893276259303093,
    0.08589079231023788,
    0.08406967669725418,
    0.05463862046599388,
    0.02847515605390072,
    0.027504101395606995,
    0.08232228457927704
  ],
  "acceptance_rates": [
    0.98508,
    0.94846,
    0.91509,
    0.88085,
    0.84694,
    0.80452,
    0.73478,
    0.72983,
    0.68153,
    0.62361,
    0.60855,
    0.59346,
    0.46458,
    0.54521,
    0.31058,
    0.30175,
    0.40597,
    0.19329,
    0.39528,
    0.39561,
    0.29547,
    0.36951,
    0.32359,
    0.31556,
    0.30018,
    0.26938,
    0.28108,
    0.23974,
    0.2343,
    0.20761,
    0.22433,
    0.20982,
    0.19962,
    0.18773,
    0.17359,
    0.16181,
    0.1035,
    0.05294,
    0.04903,
    0.13623
  ],
  "var_value_range": [
    0.01,
    0.03538461538461538,
    0.06076923076923077,
    0.08615384615384615,
    0.11153846153846153,
    0.13692307692307693,
    0.16230769230769232,
    0.18769230769230769,
    0.21307692307692308,
    0.23846153846153847,
    0.26384615384615384,
    0.28923076923076924,
    0.31461538461538463,
    0.34,
    0.36538461538461536,
    0.39076923076923076,
    0.41615384615384615,
    0.44153846153846155,
    0.46692307692307694,
    0.4923076923076923,
    0.5176923076923077,
    0.5430769230769231,
    0.5684615384615385,
    0.5938461538461538,
    0.6192307692307693,
    0.6446153846153846,
    0.67,
    0.6953846153846154,
    0.7207692307692307,
    0.7461538461538462,
    0.7715384615384615,
    0.796923076923077,
    0.8223076923076923,
    0.8476923076923076,
    0.8730769230769231,
    0.8984615384615384,
    0.9238461538461539,
    0.9492307692307692,
    0.9746153846153846,
    1.0
  ],
  "times": [
    41.23123288154602,
    39.105703830718994,
    38.98718738555908,
    39.104490518569946,
    38.991870403289795,
    38.98452591896057,
    38.97294092178345,
    38.95762062072754,
    38.99793267250061,
    39.03052830696106,
    38.986472368240356,
    38.934940814971924,
    38.94506096839905,
    38.91815161705017,
    38.91611456871033,
    38.935794830322266,
    38.9532630443573,
    38.94950842857361,
    38.952961444854736,
    38.93057322502136,
    38.869550704956055,
    38.99336099624634,
    38.91385459899902,
    38.890597343444824,
    38.95132040977478,
    38.939284324645996,
    38.91915035247803,
    38.934109687805176,
    38.891568422317505,
    38.93314576148987,
    38.917346477508545,
    38.91346478462219,
    38.96816396713257,
    38.942604541778564,
    38.919609785079956,
    38.93193316459656,
    38.89497923851013,
    38.90912055969238,
    38.90564751625061,
    38.93158268928528
  ]
}