{
  "target_distribution": "FullRosenbrock",
  "dimension": 30,
  "num_iterations": 100000,
  "seed": 13,
  "total_time": 1581.5795917510986,
  "max_esjd": 0.0857994481921196,
  "max_acceptance_rate": 0.22046,
  "max_variance_value": 0.6446153846153846,
  "expected_squared_jump_distances": [
    9.884980681817979e-05,
    0.0011835269397124648,
    0.0033514820970594883,
    0.006418508943170309,
    0.010260079987347126,
    0.01469746045768261,
    0.0196024551987648,
    0.0248970165848732,
    0.030408665537834167,
    0.036100756376981735,
    0.04178079962730408,
    0.047007448971271515,
    0.05256149172782898,
    0.05814468488097191,
    0.06147238239645958,
    0.06711281836032867,
    0.07107991725206375,
    0.07421067357063293,
    0.07738412171602249,
    0.07924052327871323,
    0.08180110901594162,
    0.059135857969522476,
    0.08472767472267151,
    0.08546437323093414,
    0.084639772772789,
    0.0857994481921196,
    0.08448167890310287,
    0.08505959063768387,
    0.08520514518022537,
    0.08110181242227554,
    0.08048731833696365,
    0.07907267659902573,
    0.0757453516125679,
    0.07329189777374268,
    0.07374394685029984,
    0.0672331303358078,
    0.06629493832588196,
    0.06342519074678421,
    0.0615767277777195,
    0.056733015924692154
  ],
  "acceptance_rates": [
    0.98734,
    0.94557,
    0.90912,
    0.86775,
    0.82879,
    0.7892,
    0.75034,
    0.71419,
    0.67827,
    0.64382,
    0.61038,
    0.573,
    0.54228,
    0.5152,
    0.47353,
    0.45306,
    0.42363,
    0.39458,
    0.36931,
    0.34124,
    0.32028,
    0.21315,
    0.27681,
    0.25739,
    0.2348,
    0.22046,
    0.20211,
    0.18891,
    0.17675,
    0.15816,
    0.14769,
    0.1359,
    0.12292,
    0.11259,
    0.10722,
    0.09307,
    0.08667,
    0.07924,
    0.07323,
    0.06461
  ],
  "var_value_range": [
    0.01,
    0.03538461538461538,
    0.06076923076923077,
    0.08615384615384615,
    0.11153846153846153,
    0.13692307692307693,
    0.16230769230769232,
    0.18769230769230769,
    0.21307692307692308,
    0.23846153846153847,
    0.26384615384615384,
    0.28923076923076924,
    0.31461538461538463,
    0.34,
    0.36538461538461536,
    0.39076923076923076,
    0.41615384615384615,
    0.44153846153846155,
    0.46692307692307694,
    0.4923076923076923,
    0.5176923076923077,
    0.5430769230769231,
    0.5684615384615385,
    0.5938461538461538,
    0.6192307692307693,
    0.6446153846153846,
    0.67,
    0.6953846153846154,
    0.7207692307692307,
    0.7461538461538462,
    0.7715384615384615,
    0.796923076923077,
    0.8223076923076923,
    0.8476923076923076,
    0.8730769230769231,
    0.8984615384615384,
    0.9238461538461539,
    0.9492307692307692,
    0.9746153846153846,
    1.0
  ],
  "times": [
    40.04352068901062,
    39.66764497756958,
    39.55784821510315,
    39.53567552566528,
    39.60093545913696,
    39.61670112609863,
    39.504873752593994,
    39.486233949661255,
    39.51342988014221,
    39.536439657211304,
    39.46087336540222,
    39.515804290771484,
    39.44745588302612,
    39.55402660369873,
    39.50681471824646,
    39.582186460494995,
    39.538898944854736,
    39.51361036300659,
    39.52701187133789,
    39.56196737289429,
    39.5043842792511,
    39.53399395942688,
    39.56188917160034,
    39.572580337524414,
    39.516905546188354,
    39.53693103790283,
    39.489495277404785,
    39.50973463058472,
    39.511112689971924,
    39.598509073257446,
    39.48145318031311,
    39.52564454078674,
    39.52071475982666,
    39.41643261909485,
    39.44564723968506,
    39.47079348564148,
    39.4641375541687,
    39.498719453811646,
    39.528510093688965,
    39.57621240615845
  ]
}