{
  "target_distribution": "FullRosenbrock",
  "proposal_distribution": "Normal",
  "dimension": 2,
  "num_iterations": 1000000,
  "seed": 3,
  "total_time": 10804.079473495483,
  "max_esjd": 0.25385478138923645,
  "max_acceptance_rate": 0.065762,
  "max_scale_param": 2.8,
  "expected_squared_jump_distances": [
    9.794685320230201e-05,
    0.00462230434641242,
    0.007422500289976597,
    0.01685645431280136,
    0.019601289182901382,
    0.029164448380470276,
    0.03999483957886696,
    0.05064631998538971,
    0.05601418763399124,
    0.066889189183712,
    0.07428709417581558,
    0.07230792939662933,
    0.08562199771404266,
    0.08797929435968399,
    0.09915073215961456,
    0.10136321932077408,
    0.10203030705451965,
    0.11400455981492996,
    0.11073145270347595,
    0.1041330024600029,
    0.1310345083475113,
    0.15034936368465424,
    0.14039041101932526,
    0.14512227475643158,
    0.14643414318561554,
    0.14630921185016632,
    0.16541172564029694,
    0.17279009521007538,
    0.17786765098571777,
    0.18821218609809875,
    0.19876068830490112,
    0.1827404946088791,
    0.20553453266620636,
    0.21311074495315552,
    0.22146768867969513,
    0.22977599501609802,
    0.1911824345588684,
    0.2222295105457306,
    0.21346808969974518,
    0.25385478138923645
  ],
  "acceptance_rates": [
    0.986318,
    0.78767,
    0.445259,
    0.462326,
    0.337564,
    0.326648,
    0.319709,
    0.304866,
    0.266413,
    0.256309,
    0.235747,
    0.195881,
    0.196668,
    0.175416,
    0.173512,
    0.155834,
    0.141056,
    0.139962,
    0.122785,
    0.103725,
    0.119688,
    0.124396,
    0.107207,
    0.101516,
    0.094586,
    0.087584,
    0.091564,
    0.08909,
    0.085679,
    0.085378,
    0.084541,
    0.073339,
    0.077508,
    0.075763,
    0.07411,
    0.073709,
    0.057322,
    0.064012,
    0.058187,
    0.065762
  ],
  "scale_param_range": [
    0.01,
    0.08153846153846153,
    0.15307692307692308,
    0.2246153846153846,
    0.29615384615384616,
    0.3676923076923077,
    0.4392307692307692,
    0.5107692307692308,
    0.5823076923076923,
    0.6538461538461539,
    0.7253846153846154,
    0.796923076923077,
    0.8684615384615384,
    0.94,
    1.0115384615384615,
    1.083076923076923,
    1.1546153846153846,
    1.2261538461538461,
    1.2976923076923077,
    1.3692307692307693,
    1.4407692307692308,
    1.5123076923076924,
    1.583846153846154,
    1.6553846153846155,
    1.7269230769230768,
    1.7984615384615383,
    1.8699999999999999,
    1.9415384615384614,
    2.0130769230769228,
    2.0846153846153843,
    2.156153846153846,
    2.2276923076923074,
    2.299230769230769,
    2.3707692307692305,
    2.442307692307692,
    2.5138461538461536,
    2.585384615384615,
    2.6569230769230767,
    2.7284615384615383,
    2.8
  ],
  "times": [
    268.86492562294006,
    268.9053900241852,
    269.13521099090576,
    268.833961725235,
    269.4218361377716,
    268.39752101898193,
    267.86058044433594,
    268.44016551971436,
    267.81934809684753,
    268.01576352119446,
    268.51361441612244,
    268.0410747528076,
    268.57120847702026,
    268.40219378471375,
    268.58601665496826,
    268.166645526886,
    269.2663724422455,
    271.5407123565674,
    271.55829405784607,
    273.0406770706177,
    272.9809947013855,
    272.45455265045166,
    272.5258994102478,
    271.12529468536377,
    270.95364451408386,
    271.3594331741333,
    271.0327398777008,
    270.9467372894287,
    271.05168294906616,
    271.01161313056946,
    271.05820631980896,
    270.8289020061493,
    271.64061284065247,
    270.5708558559418,
    270.37028527259827,
    270.53151273727417,
    270.75787830352783,
    269.63981080055237,
    271.0913121700287,
    270.7333393096924
  ]
}