{
  "target_distribution": "FullRosenbrock",
  "dimension": 20,
  "num_iterations": 100000,
  "seed": 2,
  "total_time": 1555.7479646205902,
  "max_esjd": 0.08732151985168457,
  "max_acceptance_rate": 0.20104,
  "max_variance_value": 0.6953846153846154,
  "expected_squared_jump_distances": [
    9.864529420156032e-05,
    0.0011805173708125949,
    0.0033395360223948956,
    0.006415859330445528,
    0.0102711645886302,
    0.014697199687361717,
    0.01964934729039669,
    0.02488071285188198,
    0.030340248718857765,
    0.03559054061770439,
    0.0416049100458622,
    0.04701283574104309,
    0.05208612605929375,
    0.057429153472185135,
    0.06216791272163391,
    0.06662918627262115,
    0.07064757496118546,
    0.07300803810358047,
    0.07712145149707794,
    0.07891805469989777,
    0.08072344213724136,
    0.08322923630475998,
    0.07757456600666046,
    0.08551978319883347,
    0.0869908556342125,
    0.08404124528169632,
    0.08562491089105606,
    0.08732151985168457,
    0.08154312521219254,
    0.08102519065141678,
    0.08224017173051834,
    0.08232485502958298,
    0.07844725251197815,
    0.07676723599433899,
    0.07556087523698807,
    0.0744996964931488,
    0.06793389469385147,
    0.06789686530828476,
    0.06518295407295227,
    0.057896655052900314
  ],
  "acceptance_rates": [
    0.98603,
    0.94442,
    0.90785,
    0.86946,
    0.83251,
    0.79272,
    0.75669,
    0.71895,
    0.68204,
    0.64108,
    0.61451,
    0.57976,
    0.5447,
    0.51695,
    0.48622,
    0.45657,
    0.4294,
    0.39596,
    0.37548,
    0.34811,
    0.32413,
    0.30413,
    0.26096,
    0.26472,
    0.24831,
    0.22309,
    0.21188,
    0.20104,
    0.17613,
    0.16457,
    0.15685,
    0.1479,
    0.13327,
    0.12332,
    0.11478,
    0.10829,
    0.09401,
    0.08944,
    0.08191,
    0.06961
  ],
  "var_value_range": [
    0.01,
    0.03538461538461538,
    0.06076923076923077,
    0.08615384615384615,
    0.11153846153846153,
    0.13692307692307693,
    0.16230769230769232,
    0.18769230769230769,
    0.21307692307692308,
    0.23846153846153847,
    0.26384615384615384,
    0.28923076923076924,
    0.31461538461538463,
    0.34,
    0.36538461538461536,
    0.39076923076923076,
    0.41615384615384615,
    0.44153846153846155,
    0.46692307692307694,
    0.4923076923076923,
    0.5176923076923077,
    0.5430769230769231,
    0.5684615384615385,
    0.5938461538461538,
    0.6192307692307693,
    0.6446153846153846,
    0.67,
    0.6953846153846154,
    0.7207692307692307,
    0.7461538461538462,
    0.7715384615384615,
    0.796923076923077,
    0.8223076923076923,
    0.8476923076923076,
    0.8730769230769231,
    0.8984615384615384,
    0.9238461538461539,
    0.9492307692307692,
    0.9746153846153846,
    1.0
  ],
  "times": [
    40.8340539932251,
    38.98550462722778,
    38.81288456916809,
    38.95868945121765,
    38.84097599983215,
    38.86780905723572,
    38.77535343170166,
    38.93532419204712,
    38.823397159576416,
    38.90428590774536,
    38.81882047653198,
    38.91993856430054,
    38.79641366004944,
    38.87383842468262,
    38.81716299057007,
    38.863165616989136,
    38.8045711517334,
    38.89790368080139,
    38.770731925964355,
    38.86739206314087,
    38.8103973865509,
    38.862316846847534,
    38.73011136054993,
    38.86185884475708,
    38.774794816970825,
    38.869407653808594,
    38.75657820701599,
    38.830692529678345,
    38.76271963119507,
    38.89301681518555,
    38.81133317947388,
    38.871514081954956,
    38.79225134849548,
    38.861716985702515,
    38.763423442840576,
    38.850102186203,
    38.81691884994507,
    38.88520812988281,
    38.81317067146301,
    38.93206548690796
  ]
}