{
  "target_distribution": "FullRosenbrock",
  "proposal_distribution": "Normal",
  "dimension": 5,
  "num_iterations": 1000000,
  "seed": 8,
  "total_time": 6385.8708209991455,
  "max_esjd": 0.08805270493030548,
  "max_acceptance_rate": 0.209815,
  "max_scale_param": 0.7846153846153847,
  "expected_squared_jump_distances": [
    9.859201236395165e-05,
    0.002353368094190955,
    0.006943366024643183,
    0.013436649926006794,
    0.020733701065182686,
    0.027923688292503357,
    0.03568851202726364,
    0.04425230622291565,
    0.05149360001087189,
    0.05750884860754013,
    0.06133671849966049,
    0.0710844174027443,
    0.07274109125137329,
    0.07727249711751938,
    0.08112045377492905,
    0.07679614424705505,
    0.08234242349863052,
    0.08801804482936859,
    0.08028871566057205,
    0.08805270493030548,
    0.0853799358010292,
    0.08089862018823624,
    0.0794413834810257,
    0.0805947333574295,
    0.08503251522779465,
    0.08279165625572205,
    0.07192821800708771,
    0.07418351620435715,
    0.07614276558160782,
    0.07588469982147217,
    0.06185683608055115,
    0.06850003451108932,
    0.0662502869963646,
    0.06432431191205978,
    0.05923357605934143,
    0.05756084993481636,
    0.05661408230662346,
    0.054517779499292374,
    0.04998064041137695,
    0.04563837870955467
  ],
  "acceptance_rates": [
    0.987224,
    0.926422,
    0.855539,
    0.803795,
    0.739297,
    0.667452,
    0.613473,
    0.574934,
    0.527762,
    0.478938,
    0.425089,
    0.416272,
    0.368163,
    0.341231,
    0.316447,
    0.26805,
    0.258457,
    0.249425,
    0.209043,
    0.209815,
    0.188366,
    0.165424,
    0.15192,
    0.144045,
    0.14293,
    0.131083,
    0.108008,
    0.105749,
    0.102615,
    0.097756,
    0.076504,
    0.081039,
    0.07538,
    0.070416,
    0.06242,
    0.058782,
    0.055755,
    0.051748,
    0.046208,
    0.040708
  ],
  "scale_param_range": [
    0.01,
    0.050769230769230775,
    0.09153846153846154,
    0.13230769230769232,
    0.1730769230769231,
    0.21384615384615388,
    0.25461538461538463,
    0.2953846153846154,
    0.3361538461538462,
    0.37692307692307697,
    0.41769230769230775,
    0.45846153846153853,
    0.49923076923076926,
    0.54,
    0.5807692307692308,
    0.6215384615384616,
    0.6623076923076924,
    0.7030769230769232,
    0.7438461538461539,
    0.7846153846153847,
    0.8253846153846155,
    0.8661538461538463,
    0.906923076923077,
    0.9476923076923078,
    0.9884615384615385,
    1.0292307692307694,
    1.07,
    1.110769230769231,
    1.1515384615384616,
    1.1923076923076925,
    1.2330769230769232,
    1.273846153846154,
    1.3146153846153847,
    1.3553846153846154,
    1.3961538461538463,
    1.436923076923077,
    1.4776923076923079,
    1.5184615384615385,
    1.5592307692307694,
    1.6
  ],
  "times": [
    157.45843601226807,
    159.03903484344482,
    158.51030445098877,
    159.35113143920898,
    158.11347556114197,
    153.65375804901123,
    154.61459255218506,
    152.8632152080536,
    152.85005450248718,
    152.152245759964,
    153.00449562072754,
    154.84613037109375,
    152.51000356674194,
    152.59305119514465,
    157.46300625801086,
    158.55859971046448,
    154.167489528656,
    152.7957580089569,
    153.71332836151123,
    152.54151034355164,
    153.75614261627197,
    154.00421285629272,
    153.55669260025024,
    152.88232803344727,
    155.71230959892273,
    158.1435341835022,
    160.43493843078613,
    160.85214948654175,
    160.93254232406616,
    160.9580991268158,
    161.62708711624146,
    163.9807472229004,
    167.1881341934204,
    176.82349014282227,
    177.50504326820374,
    171.7109296321869,
    176.87138032913208,
    175.5013403892517,
    173.10961389541626,
    166.90993785858154
  ]
}