{
  "target_distribution": "FullRosenbrock",
  "proposal_distribution": "Normal",
  "dimension": 2,
  "num_iterations": 1000000,
  "seed": 18,
  "total_time": 10925.820850849152,
  "max_esjd": 0.23594987392425537,
  "max_acceptance_rate": 0.061107,
  "max_scale_param": 2.8,
  "expected_squared_jump_distances": [
    9.789905743673444e-05,
    0.004498432390391827,
    0.007781979627907276,
    0.017672069370746613,
    0.02629735879600048,
    0.030762264505028725,
    0.041741207242012024,
    0.047288499772548676,
    0.0529925711452961,
    0.06143585965037346,
    0.06821446120738983,
    0.0718662366271019,
    0.07775866985321045,
    0.09159870445728302,
    0.09203581511974335,
    0.09149704873561859,
    0.1047508716583252,
    0.1077878400683403,
    0.11306969076395035,
    0.13830429315567017,
    0.1331111490726471,
    0.1485009342432022,
    0.13906806707382202,
    0.15053774416446686,
    0.1505369246006012,
    0.1550927460193634,
    0.16563674807548523,
    0.1733512431383133,
    0.17196497321128845,
    0.16028143465518951,
    0.17598070204257965,
    0.19860921800136566,
    0.21543791890144348,
    0.21650560200214386,
    0.20078469812870026,
    0.23346830904483795,
    0.2336997538805008,
    0.21361437439918518,
    0.2155052274465561,
    0.23594987392425537
  ],
  "acceptance_rates": [
    0.985986,
    0.773736,
    0.465547,
    0.480442,
    0.424677,
    0.341509,
    0.330782,
    0.287334,
    0.254057,
    0.238465,
    0.218434,
    0.193614,
    0.18003,
    0.1816,
    0.161823,
    0.142046,
    0.142949,
    0.132141,
    0.12523,
    0.137476,
    0.120762,
    0.122869,
    0.105953,
    0.105833,
    0.097417,
    0.093026,
    0.092223,
    0.089206,
    0.083377,
    0.072633,
    0.075154,
    0.080423,
    0.080334,
    0.07707,
    0.067257,
    0.074846,
    0.071004,
    0.061191,
    0.058926,
    0.061107
  ],
  "scale_param_range": [
    0.01,
    0.08153846153846153,
    0.15307692307692308,
    0.2246153846153846,
    0.29615384615384616,
    0.3676923076923077,
    0.4392307692307692,
    0.5107692307692308,
    0.5823076923076923,
    0.6538461538461539,
    0.7253846153846154,
    0.796923076923077,
    0.8684615384615384,
    0.94,
    1.0115384615384615,
    1.083076923076923,
    1.1546153846153846,
    1.2261538461538461,
    1.2976923076923077,
    1.3692307692307693,
    1.4407692307692308,
    1.5123076923076924,
    1.583846153846154,
    1.6553846153846155,
    1.7269230769230768,
    1.7984615384615383,
    1.8699999999999999,
    1.9415384615384614,
    2.0130769230769228,
    2.0846153846153843,
    2.156153846153846,
    2.2276923076923074,
    2.299230769230769,
    2.3707692307692305,
    2.442307692307692,
    2.5138461538461536,
    2.585384615384615,
    2.6569230769230767,
    2.7284615384615383,
    2.8
  ],
  "times": [
    273.96573400497437,
    272.8637547492981,
    273.9758138656616,
    273.20963311195374,
    272.91600584983826,
    273.2621932029724,
    273.1590585708618,
    274.17852425575256,
    273.7026641368866,
    273.0124101638794,
    272.98036193847656,
    273.0889449119568,
    274.4574122428894,
    274.22205543518066,
    272.5035934448242,
    272.9669506549835,
    273.5958957672119,
    273.87819743156433,
    274.307904958725,
    274.4737937450409,
    273.7372522354126,
    274.03522849082947,
    273.85756492614746,
    274.5884919166565,
    274.0077645778656,
    273.02756547927856,
    272.0685839653015,
    272.1618947982788,
    272.64520931243896,
    272.27008175849915,
    271.9859387874603,
    272.69537591934204,
    272.4169840812683,
    272.7034900188446,
    272.4081723690033,
    271.7000889778137,
    272.4513702392578,
    272.08693289756775,
    271.9149169921875,
    272.2940409183502
  ]
}