{
  "target_distribution": "FullRosenbrock",
  "dimension": 20,
  "num_iterations": 100000,
  "seed": 5,
  "total_time": 1634.7033536434174,
  "max_esjd": 0.08607719838619232,
  "max_acceptance_rate": 0.21188,
  "max_variance_value": 0.67,
  "expected_squared_jump_distances": [
    9.864548337645829e-05,
    0.0011799648636952043,
    0.0033393828198313713,
    0.006412500515580177,
    0.01023032795637846,
    0.014710703864693642,
    0.01960083283483982,
    0.024964027106761932,
    0.030403798446059227,
    0.035906024277210236,
    0.04146230220794678,
    0.046994831413030624,
    0.052578289061784744,
    0.05637645721435547,
    0.06167659908533096,
    0.06618636846542358,
    0.06907401978969574,
    0.07485870271921158,
    0.07693830132484436,
    0.08023740351200104,
    0.08202933520078659,
    0.08223750442266464,
    0.08481454104185104,
    0.08475028723478317,
    0.08261624723672867,
    0.08507782965898514,
    0.08607719838619232,
    0.08591249585151672,
    0.0827917754650116,
    0.08445741981267929,
    0.08335372060537338,
    0.0820823609828949,
    0.07793085277080536,
    0.07619007676839828,
    0.0726398155093193,
    0.0707705169916153,
    0.04789792001247406,
    0.06453922390937805,
    0.0646088719367981,
    0.06235937774181366
  ],
  "acceptance_rates": [
    0.98602,
    0.94404,
    0.90784,
    0.86885,
    0.82953,
    0.7935,
    0.75454,
    0.72108,
    0.68345,
    0.64657,
    0.61227,
    0.57922,
    0.54924,
    0.50699,
    0.48199,
    0.45515,
    0.42052,
    0.40616,
    0.37542,
    0.35317,
    0.32846,
    0.30085,
    0.28433,
    0.26265,
    0.2361,
    0.22604,
    0.21188,
    0.19822,
    0.17898,
    0.17064,
    0.15846,
    0.14663,
    0.13238,
    0.12239,
    0.11071,
    0.10268,
    0.06635,
    0.08567,
    0.08177,
    0.07497
  ],
  "var_value_range": [
    0.01,
    0.03538461538461538,
    0.06076923076923077,
    0.08615384615384615,
    0.11153846153846153,
    0.13692307692307693,
    0.16230769230769232,
    0.18769230769230769,
    0.21307692307692308,
    0.23846153846153847,
    0.26384615384615384,
    0.28923076923076924,
    0.31461538461538463,
    0.34,
    0.36538461538461536,
    0.39076923076923076,
    0.41615384615384615,
    0.44153846153846155,
    0.46692307692307694,
    0.4923076923076923,
    0.5176923076923077,
    0.5430769230769231,
    0.5684615384615385,
    0.5938461538461538,
    0.6192307692307693,
    0.6446153846153846,
    0.67,
    0.6953846153846154,
    0.7207692307692307,
    0.7461538461538462,
    0.7715384615384615,
    0.796923076923077,
    0.8223076923076923,
    0.8476923076923076,
    0.8730769230769231,
    0.8984615384615384,
    0.9238461538461539,
    0.9492307692307692,
    0.9746153846153846,
    1.0
  ],
  "times": [
    42.64161467552185,
    41.028005599975586,
    40.865166425704956,
    40.881863832473755,
    40.80040407180786,
    40.888355016708374,
    40.79392862319946,
    40.8745596408844,
    40.72400784492493,
    40.848876953125,
    40.818289041519165,
    40.86998534202576,
    40.699594259262085,
    40.85339570045471,
    40.74041676521301,
    40.84915351867676,
    40.77372097969055,
    40.87041449546814,
    40.80823850631714,
    40.8403434753418,
    40.78211855888367,
    40.87527275085449,
    40.812357664108276,
    40.823134660720825,
    40.78295588493347,
    40.810739040374756,
    40.760825872421265,
    40.87003183364868,
    40.76646852493286,
    40.821290493011475,
    40.75002574920654,
    40.88401794433594,
    40.78955578804016,
    40.798386096954346,
    40.765756607055664,
    40.8634238243103,
    40.736937522888184,
    40.82059049606323,
    40.8564293384552,
    40.82952332496643
  ]
}