{
  "target_distribution": "FullRosenbrock",
  "dimension": 10,
  "num_iterations": 100000,
  "seed": 6,
  "total_time": 1587.7666773796082,
  "max_esjd": 0.08976143598556519,
  "max_acceptance_rate": 0.27584,
  "max_variance_value": 0.6192307692307693,
  "expected_squared_jump_distances": [
    9.87244930001907e-05,
    0.0011797819752246141,
    0.00332460505887866,
    0.006356460507959127,
    0.010158575139939785,
    0.014374860562384129,
    0.019412945955991745,
    0.024579962715506554,
    0.02955956943333149,
    0.03494185954332352,
    0.041200947016477585,
    0.04487293213605881,
    0.051105473190546036,
    0.05693185329437256,
    0.0602053701877594,
    0.06560100615024567,
    0.06925199180841446,
    0.07210519164800644,
    0.07630474120378494,
    0.0800534337759018,
    0.08231276273727417,
    0.08364865183830261,
    0.08597548305988312,
    0.08796669542789459,
    0.08976143598556519,
    0.08900900185108185,
    0.08827189356088638,
    0.08765218406915665,
    0.08706659823656082,
    0.08854809403419495,
    0.08068762719631195,
    0.08661366999149323,
    0.08406814187765121,
    0.07995617389678955,
    0.08571933209896088,
    0.08180849254131317,
    0.07598038017749786,
    0.07498704642057419,
    0.07414735853672028,
    0.0734986737370491
  ],
  "acceptance_rates": [
    0.9877,
    0.94665,
    0.90838,
    0.86872,
    0.83174,
    0.78649,
    0.75864,
    0.72276,
    0.67902,
    0.64564,
    0.62396,
    0.57225,
    0.55338,
    0.53008,
    0.4918,
    0.47009,
    0.44096,
    0.41165,
    0.39335,
    0.37371,
    0.34999,
    0.32637,
    0.30906,
    0.29186,
    0.27584,
    0.25533,
    0.23795,
    0.22124,
    0.20619,
    0.19698,
    0.17051,
    0.17241,
    0.15885,
    0.14416,
    0.14548,
    0.1326,
    0.1181,
    0.11239,
    0.10561,
    0.10022
  ],
  "var_value_range": [
    0.01,
    0.03538461538461538,
    0.06076923076923077,
    0.08615384615384615,
    0.11153846153846153,
    0.13692307692307693,
    0.16230769230769232,
    0.18769230769230769,
    0.21307692307692308,
    0.23846153846153847,
    0.26384615384615384,
    0.28923076923076924,
    0.31461538461538463,
    0.34,
    0.36538461538461536,
    0.39076923076923076,
    0.41615384615384615,
    0.44153846153846155,
    0.46692307692307694,
    0.4923076923076923,
    0.5176923076923077,
    0.5430769230769231,
    0.5684615384615385,
    0.5938461538461538,
    0.6192307692307693,
    0.6446153846153846,
    0.67,
    0.6953846153846154,
    0.7207692307692307,
    0.7461538461538462,
    0.7715384615384615,
    0.796923076923077,
    0.8223076923076923,
    0.8476923076923076,
    0.8730769230769231,
    0.8984615384615384,
    0.9238461538461539,
    0.9492307692307692,
    0.9746153846153846,
    1.0
  ],
  "times": [
    40.39611792564392,
    39.75739026069641,
    39.698495626449585,
    39.81232190132141,
    39.742063760757446,
    39.717185497283936,
    39.692561864852905,
    39.68906593322754,
    39.67314100265503,
    39.675634145736694,
    39.59668779373169,
    39.674062728881836,
    39.64118027687073,
    39.62576985359192,
    39.61381411552429,
    39.681702613830566,
    39.61149334907532,
    39.605712890625,
    39.60618853569031,
    39.69066524505615,
    39.54609131813049,
    39.7681679725647,
    39.79866981506348,
    39.77929210662842,
    39.67180514335632,
    39.668224573135376,
    39.68643236160278,
    39.68119287490845,
    39.6609206199646,
    39.60272288322449,
    39.61898589134216,
    39.639559507369995,
    39.64589834213257,
    39.65448021888733,
    39.687154054641724,
    39.58556056022644,
    39.63063311576843,
    39.75743293762207,
    39.75703287124634,
    39.68468976020813
  ]
}