{
  "target_distribution": "FullRosenbrock",
  "dimension": 5,
  "num_iterations": 100000,
  "seed": 3,
  "total_time": 1579.2842485904694,
  "max_esjd": 0.08880874514579773,
  "max_acceptance_rate": 0.16354,
  "max_variance_value": 0.9238461538461539,
  "expected_squared_jump_distances": [
    9.840798156801611e-05,
    0.0011782662477344275,
    0.003327007405459881,
    0.006396342534571886,
    0.010199802927672863,
    0.014433197677135468,
    0.01904173567891121,
    0.023862037807703018,
    0.02873786725103855,
    0.02939830906689167,
    0.036192990839481354,
    0.04408400133252144,
    0.04639088734984398,
    0.044553808867931366,
    0.05228453129529953,
    0.0644526481628418,
    0.06387464702129364,
    0.06670119613409042,
    0.0665334090590477,
    0.03550991788506508,
    0.0775223821401596,
    0.08092987537384033,
    0.0769597515463829,
    0.08145540952682495,
    0.06298995763063431,
    0.07555751502513885,
    0.08066219836473465,
    0.06776327639818192,
    0.059650786221027374,
    0.08425140380859375,
    0.02346193604171276,
    0.08820793032646179,
    0.08450943976640701,
    0.07135603576898575,
    0.08751317858695984,
    0.08791863173246384,
    0.08880874514579773,
    0.07433637231588364,
    0.08581255376338959,
    0.08065472543239594
  ],
  "acceptance_rates": [
    0.98499,
    0.94894,
    0.91558,
    0.88211,
    0.84723,
    0.80558,
    0.76607,
    0.72715,
    0.68769,
    0.58075,
    0.58663,
    0.59341,
    0.53821,
    0.45466,
    0.46433,
    0.49741,
    0.44285,
    0.41857,
    0.38064,
    0.19956,
    0.36679,
    0.35348,
    0.31195,
    0.30577,
    0.22505,
    0.24805,
    0.24916,
    0.19828,
    0.16662,
    0.2176,
    0.06109,
    0.20429,
    0.18786,
    0.15163,
    0.17575,
    0.17021,
    0.16354,
    0.13251,
    0.14727,
    0.13242
  ],
  "var_value_range": [
    0.01,
    0.03538461538461538,
    0.06076923076923077,
    0.08615384615384615,
    0.11153846153846153,
    0.13692307692307693,
    0.16230769230769232,
    0.18769230769230769,
    0.21307692307692308,
    0.23846153846153847,
    0.26384615384615384,
    0.28923076923076924,
    0.31461538461538463,
    0.34,
    0.36538461538461536,
    0.39076923076923076,
    0.41615384615384615,
    0.44153846153846155,
    0.46692307692307694,
    0.4923076923076923,
    0.5176923076923077,
    0.5430769230769231,
    0.5684615384615385,
    0.5938461538461538,
    0.6192307692307693,
    0.6446153846153846,
    0.67,
    0.6953846153846154,
    0.7207692307692307,
    0.7461538461538462,
    0.7715384615384615,
    0.796923076923077,
    0.8223076923076923,
    0.8476923076923076,
    0.8730769230769231,
    0.8984615384615384,
    0.9238461538461539,
    0.9492307692307692,
    0.9746153846153846,
    1.0
  ],
  "times": [
    41.560343503952026,
    39.45597982406616,
    39.39716029167175,
    39.39723014831543,
    39.505298137664795,
    39.41767239570618,
    39.42591714859009,
    39.4630925655365,
    39.554564476013184,
    39.52940535545349,
    39.58175826072693,
    39.39433932304382,
    39.40500235557556,
    39.40445399284363,
    39.46809434890747,
    39.44595789909363,
    39.38059735298157,
    39.33775997161865,
    39.353827238082886,
    39.359580278396606,
    39.43098068237305,
    39.41605877876282,
    39.41581869125366,
    39.37477970123291,
    39.36219310760498,
    39.40514898300171,
    39.415581464767456,
    39.38206720352173,
    39.445258140563965,
    39.378525257110596,
    39.37828493118286,
    39.416441679000854,
    39.51897644996643,
    39.38547420501709,
    39.5089328289032,
    39.46259021759033,
    39.434213161468506,
    39.43387269973755,
    39.42683219909668,
    39.424652338027954
  ]
}