{
  "max_esjd": 0.09259028658270836,
  "max_acceptance_rate": 0.21980166666666667,
  "max_variance_value": 0.7935384615384617,
  "expected_squared_jump_distances": [
    9.840133619339515e-05,
    0.001178027313047399,
    0.0033273138493920365,
    0.00637955100586017,
    0.010175275336951017,
    0.01442702105268836,
    0.018833016604185106,
    0.02369175081451734,
    0.028460846468806266,
    0.02962396669511994,
    0.03726857745399078,
    0.04102341470619043,
    0.04434195142239332,
    0.050501226509610815,
    0.05273170036574205,
    0.0573801467816035,
    0.06142991092056036,
    0.0607459245249629,
    0.06966397327681383,
    0.06464306774238746,
    0.06783258318901061,
    0.06783052384853364,
    0.07238447535783052,
    0.07835917454212904,
    0.07551252332826455,
    0.07953948620706797,
    0.078138517588377,
    0.07265375511099895,
    0.0751209445297718,
    0.07848704382777213,
    0.07070546975980202,
    0.07807438454280297,
    0.07948863084117572,
    0.07842684083928665,
    0.08427912642558416,
    0.08140486677487692,
    0.07764578976978859,
    0.07643018886446953,
    0.07467780907948812,
    0.07580494383970897
  ],
  "acceptance_rates": [
    0.984886,
    0.9487236666666666,
    0.9156809999999999,
    0.880285,
    0.8456336666666666,
    0.8052500000000001,
    0.7587843333333334,
    0.7220979999999998,
    0.682122,
    0.5828393333333334,
    0.5990740000000001,
    0.5571746666666666,
    0.5165053333333334,
    0.507866,
    0.46682833333333335,
    0.4488620000000001,
    0.4286083333333333,
    0.3832856666666666,
    0.3957873333333333,
    0.337586,
    0.32368666666666657,
    0.298584,
    0.29453766666666664,
    0.2942516666666667,
    0.2652766666666667,
    0.260584,
    0.24075199999999994,
    0.2112396666666667,
    0.2057143333333334,
    0.20286333333333337,
    0.17430199999999996,
    0.1817706666666667,
    0.17636933333333332,
    0.1661106666666667,
    0.17010866666666669,
    0.15748066666666669,
    0.14399400000000007,
    0.13625066666666666,
    0.12796666666666665,
    0.12536200000000003
  ],
  "var_value_range": [
    0.01,
    0.03538461538461538,
    0.06076923076923077,
    0.08615384615384615,
    0.11153846153846153,
    0.13692307692307693,
    0.16230769230769232,
    0.18769230769230769,
    0.21307692307692308,
    0.23846153846153847,
    0.26384615384615384,
    0.28923076923076924,
    0.31461538461538463,
    0.34,
    0.36538461538461536,
    0.39076923076923076,
    0.41615384615384615,
    0.44153846153846155,
    0.46692307692307694,
    0.4923076923076923,
    0.5176923076923077,
    0.5430769230769231,
    0.5684615384615385,
    0.5938461538461538,
    0.6192307692307693,
    0.6446153846153846,
    0.67,
    0.6953846153846154,
    0.7207692307692307,
    0.7461538461538462,
    0.7715384615384615,
    0.796923076923077,
    0.8223076923076923,
    0.8476923076923076,
    0.8730769230769231,
    0.8984615384615384,
    0.9238461538461539,
    0.9492307692307692,
    0.9746153846153846,
    1.0
  ],
  "target_distribution": "FullRosenbrock",
  "dimension": 5,
  "num_iterations": 100000,
  "averaged_from_seeds": [
    27,
    7,
    18,
    16,
    11,
    20,
    1,
    17,
    29,
    21,
    19,
    26,
    25,
    28,
    9,
    24,
    14,
    30,
    8,
    12,
    10,
    5,
    13,
    6,
    22,
    15,
    23,
    2,
    3,
    4
  ],
  "num_files_averaged": 30,
  "source_files": [
    "FullRosenbrock_RWM_GPU_dim5_100000iters_seed27.json",
    "FullRosenbrock_RWM_GPU_dim5_100000iters_seed7.json",
    "FullRosenbrock_RWM_GPU_dim5_100000iters_seed18.json",
    "FullRosenbrock_RWM_GPU_dim5_100000iters_seed16.json",
    "FullRosenbrock_RWM_GPU_dim5_100000iters_seed11.json",
    "FullRosenbrock_RWM_GPU_dim5_100000iters_seed20.json",
    "FullRosenbrock_RWM_GPU_dim5_100000iters_seed1.json",
    "FullRosenbrock_RWM_GPU_dim5_100000iters_seed17.json",
    "FullRosenbrock_RWM_GPU_dim5_100000iters_seed29.json",
    "FullRosenbrock_RWM_GPU_dim5_100000iters_seed21.json",
    "FullRosenbrock_RWM_GPU_dim5_100000iters_seed19.json",
    "FullRosenbrock_RWM_GPU_dim5_100000iters_seed26.json",
    "FullRosenbrock_RWM_GPU_dim5_100000iters_seed25.json",
    "FullRosenbrock_RWM_GPU_dim5_100000iters_seed28.json",
    "FullRosenbrock_RWM_GPU_dim5_100000iters_seed9.json",
    "FullRosenbrock_RWM_GPU_dim5_100000iters_seed24.json",
    "FullRosenbrock_RWM_GPU_dim5_100000iters_seed14.json",
    "FullRosenbrock_RWM_GPU_dim5_100000iters_seed30.json",
    "FullRosenbrock_RWM_GPU_dim5_100000iters_seed8.json",
    "FullRosenbrock_RWM_GPU_dim5_100000iters_seed12.json",
    "FullRosenbrock_RWM_GPU_dim5_100000iters_seed10.json",
    "FullRosenbrock_RWM_GPU_dim5_100000iters_seed5.json",
    "FullRosenbrock_RWM_GPU_dim5_100000iters_seed13.json",
    "FullRosenbrock_RWM_GPU_dim5_100000iters_seed6.json",
    "FullRosenbrock_RWM_GPU_dim5_100000iters_seed22.json",
    "FullRosenbrock_RWM_GPU_dim5_100000iters_seed15.json",
    "FullRosenbrock_RWM_GPU_dim5_100000iters_seed23.json",
    "FullRosenbrock_RWM_GPU_dim5_100000iters_seed2.json",
    "FullRosenbrock_RWM_GPU_dim5_100000iters_seed3.json",
    "FullRosenbrock_RWM_GPU_dim5_100000iters_seed4.json"
  ]
}