{
  "target_distribution": "FullRosenbrock",
  "dimension": 10,
  "num_iterations": 100000,
  "seed": 14,
  "total_time": 1551.9418709278107,
  "max_esjd": 0.08965350687503815,
  "max_acceptance_rate": 0.19953,
  "max_variance_value": 0.7461538461538462,
  "expected_squared_jump_distances": [
    9.871955262497067e-05,
    0.0011777711333706975,
    0.0033210047986358404,
    0.0063802627846598625,
    0.010176797397434711,
    0.014482488855719566,
    0.019340427592396736,
    0.02465774305164814,
    0.029524609446525574,
    0.03504142165184021,
    0.04103629291057587,
    0.04620157182216644,
    0.050875868648290634,
    0.056452907621860504,
    0.060771454125642776,
    0.06677748262882233,
    0.06994719803333282,
    0.07354508340358734,
    0.07780557870864868,
    0.07704764604568481,
    0.08140861988067627,
    0.08450572192668915,
    0.08233385533094406,
    0.08605465292930603,
    0.08915700763463974,
    0.08893029391765594,
    0.08941060304641724,
    0.08928371220827103,
    0.08775819838047028,
    0.08965350687503815,
    0.08872564136981964,
    0.08716953545808792,
    0.08398070186376572,
    0.08028633892536163,
    0.08249723166227341,
    0.08166933804750443,
    0.07860450446605682,
    0.07719368487596512,
    0.07498503476381302,
    0.07323908060789108
  ],
  "acceptance_rates": [
    0.98768,
    0.94498,
    0.90762,
    0.87107,
    0.83349,
    0.79122,
    0.75583,
    0.72465,
    0.67896,
    0.64666,
    0.62249,
    0.58747,
    0.55042,
    0.5258,
    0.49516,
    0.4779,
    0.44565,
    0.41944,
    0.39915,
    0.36075,
    0.34724,
    0.32927,
    0.29684,
    0.28581,
    0.27488,
    0.25588,
    0.24043,
    0.22466,
    0.20738,
    0.19953,
    0.18703,
    0.17355,
    0.15864,
    0.14426,
    0.14145,
    0.13273,
    0.12308,
    0.11465,
    0.10698,
    0.10031
  ],
  "var_value_range": [
    0.01,
    0.03538461538461538,
    0.06076923076923077,
    0.08615384615384615,
    0.11153846153846153,
    0.13692307692307693,
    0.16230769230769232,
    0.18769230769230769,
    0.21307692307692308,
    0.23846153846153847,
    0.26384615384615384,
    0.28923076923076924,
    0.31461538461538463,
    0.34,
    0.36538461538461536,
    0.39076923076923076,
    0.41615384615384615,
    0.44153846153846155,
    0.46692307692307694,
    0.4923076923076923,
    0.5176923076923077,
    0.5430769230769231,
    0.5684615384615385,
    0.5938461538461538,
    0.6192307692307693,
    0.6446153846153846,
    0.67,
    0.6953846153846154,
    0.7207692307692307,
    0.7461538461538462,
    0.7715384615384615,
    0.796923076923077,
    0.8223076923076923,
    0.8476923076923076,
    0.8730769230769231,
    0.8984615384615384,
    0.9238461538461539,
    0.9492307692307692,
    0.9746153846153846,
    1.0
  ],
  "times": [
    42.74183392524719,
    40.29743432998657,
    38.69694399833679,
    38.73397946357727,
    38.773029088974,
    38.655975580215454,
    39.08217120170593,
    38.68973922729492,
    38.68702983856201,
    38.60428738594055,
    38.67382788658142,
    38.59890866279602,
    38.743215560913086,
    38.58578968048096,
    38.66266107559204,
    38.57896423339844,
    38.67359447479248,
    38.61995482444763,
    38.62915515899658,
    38.57383608818054,
    38.57156467437744,
    38.587496757507324,
    38.64975190162659,
    38.69010329246521,
    38.633355140686035,
    38.614910364151,
    38.653019428253174,
    38.646244049072266,
    38.64306640625,
    38.62417435646057,
    38.668110370635986,
    38.631351947784424,
    38.64979600906372,
    38.60361456871033,
    38.630619287490845,
    38.63443303108215,
    38.62536644935608,
    38.594178915023804,
    38.60871243476868,
    38.64879298210144
  ]
}