{
  "target_distribution": "FullRosenbrock",
  "dimension": 10,
  "num_iterations": 100000,
  "seed": 4,
  "total_time": 1574.5493087768555,
  "max_esjd": 0.09036646038293839,
  "max_acceptance_rate": 0.24204,
  "max_variance_value": 0.67,
  "expected_squared_jump_distances": [
    9.87122330116108e-05,
    0.001177035621367395,
    0.0033188769593834877,
    0.0063761016353964806,
    0.01022212952375412,
    0.014612250961363316,
    0.019430797547101974,
    0.02434196136891842,
    0.030109096318483353,
    0.03494475036859512,
    0.04090523347258568,
    0.046489451080560684,
    0.05084087699651718,
    0.05623408034443855,
    0.061202287673950195,
    0.06550335884094238,
    0.06964388489723206,
    0.06892110407352448,
    0.07696305960416794,
    0.08052617311477661,
    0.07960444688796997,
    0.08236914128065109,
    0.08609852939844131,
    0.08780094236135483,
    0.09007107466459274,
    0.08908228576183319,
    0.09036646038293839,
    0.08870864659547806,
    0.08616454899311066,
    0.08865535259246826,
    0.08751703053712845,
    0.08621343225240707,
    0.08578827977180481,
    0.08288980275392532,
    0.0821618139743805,
    0.08166532963514328,
    0.07875136286020279,
    0.07738941162824631,
    0.07436898350715637,
    0.07238663733005524
  ],
  "acceptance_rates": [
    0.98758,
    0.94469,
    0.9071,
    0.8709,
    0.83663,
    0.79799,
    0.75889,
    0.71603,
    0.69112,
    0.64468,
    0.62094,
    0.59001,
    0.55032,
    0.52448,
    0.49705,
    0.46986,
    0.44317,
    0.3958,
    0.39536,
    0.37528,
    0.33942,
    0.32243,
    0.30994,
    0.29262,
    0.27674,
    0.25562,
    0.24204,
    0.2231,
    0.20363,
    0.19631,
    0.18433,
    0.17222,
    0.16116,
    0.14878,
    0.1408,
    0.1323,
    0.12299,
    0.11456,
    0.10612,
    0.09958
  ],
  "var_value_range": [
    0.01,
    0.03538461538461538,
    0.06076923076923077,
    0.08615384615384615,
    0.11153846153846153,
    0.13692307692307693,
    0.16230769230769232,
    0.18769230769230769,
    0.21307692307692308,
    0.23846153846153847,
    0.26384615384615384,
    0.28923076923076924,
    0.31461538461538463,
    0.34,
    0.36538461538461536,
    0.39076923076923076,
    0.41615384615384615,
    0.44153846153846155,
    0.46692307692307694,
    0.4923076923076923,
    0.5176923076923077,
    0.5430769230769231,
    0.5684615384615385,
    0.5938461538461538,
    0.6192307692307693,
    0.6446153846153846,
    0.67,
    0.6953846153846154,
    0.7207692307692307,
    0.7461538461538462,
    0.7715384615384615,
    0.796923076923077,
    0.8223076923076923,
    0.8476923076923076,
    0.8730769230769231,
    0.8984615384615384,
    0.9238461538461539,
    0.9492307692307692,
    0.9746153846153846,
    1.0
  ],
  "times": [
    41.41631627082825,
    39.39657545089722,
    39.38553714752197,
    39.34801006317139,
    39.35751223564148,
    39.327508211135864,
    39.33306837081909,
    39.33180570602417,
    39.50696849822998,
    39.351218938827515,
    39.28510880470276,
    39.25545597076416,
    39.286473751068115,
    39.281718254089355,
    39.275967836380005,
    39.286203145980835,
    39.25408053398132,
    39.243786096572876,
    39.2010600566864,
    39.22553539276123,
    39.226223945617676,
    39.343297719955444,
    39.59629273414612,
    39.68859028816223,
    39.42648911476135,
    39.30655813217163,
    39.21554255485535,
    39.46139621734619,
    39.25942778587341,
    39.27889657020569,
    39.24876594543457,
    39.298136711120605,
    39.23033952713013,
    39.27670216560364,
    39.25481176376343,
    39.19010281562805,
    39.148369789123535,
    39.321691036224365,
    39.20937943458557,
    39.18458652496338
  ]
}