{
  "target_distribution": "FullRosenbrock",
  "proposal_distribution": "Normal",
  "dimension": 5,
  "num_iterations": 1000000,
  "seed": 27,
  "total_time": 12809.417019844055,
  "max_esjd": 0.08668900281190872,
  "max_acceptance_rate": 0.19154,
  "max_scale_param": 0.8253846153846155,
  "expected_squared_jump_distances": [
    9.833639342105016e-05,
    0.0023306726943701506,
    0.0060551464557647705,
    0.010552826337516308,
    0.019504696130752563,
    0.020243024453520775,
    0.034674372524023056,
    0.032936230301856995,
    0.03939296305179596,
    0.05011369287967682,
    0.057710304856300354,
    0.020645441487431526,
    0.07103241980075836,
    0.07584797590970993,
    0.02506813034415245,
    0.076494000852108,
    0.08561063557863235,
    0.07242505997419357,
    0.07373025268316269,
    0.07922317087650299,
    0.08668900281190872,
    0.07922255992889404,
    0.08286317437887192,
    0.07662613689899445,
    0.08057057857513428,
    0.08073084056377411,
    0.07496213912963867,
    0.04418731853365898,
    0.05091021955013275,
    0.022501785308122635,
    0.06966394931077957,
    0.045393265783786774,
    0.06540326029062271,
    0.05833964794874191,
    0.057669006288051605,
    0.04625026881694794,
    0.05542578920722008,
    0.05296998471021652,
    0.04920239374041557,
    0.036546412855386734
  ],
  "acceptance_rates": [
    0.986007,
    0.920049,
    0.764957,
    0.658285,
    0.703459,
    0.507343,
    0.59927,
    0.443361,
    0.415187,
    0.423894,
    0.404244,
    0.130122,
    0.361718,
    0.335913,
    0.10484,
    0.268352,
    0.268559,
    0.207975,
    0.192912,
    0.190311,
    0.19154,
    0.16317,
    0.158765,
    0.137827,
    0.135462,
    0.12812,
    0.112991,
    0.063777,
    0.069416,
    0.029904,
    0.085899,
    0.054168,
    0.074169,
    0.064054,
    0.061001,
    0.047407,
    0.054567,
    0.050299,
    0.045261,
    0.032726
  ],
  "scale_param_range": [
    0.01,
    0.050769230769230775,
    0.09153846153846154,
    0.13230769230769232,
    0.1730769230769231,
    0.21384615384615388,
    0.25461538461538463,
    0.2953846153846154,
    0.3361538461538462,
    0.37692307692307697,
    0.41769230769230775,
    0.45846153846153853,
    0.49923076923076926,
    0.54,
    0.5807692307692308,
    0.6215384615384616,
    0.6623076923076924,
    0.7030769230769232,
    0.7438461538461539,
    0.7846153846153847,
    0.8253846153846155,
    0.8661538461538463,
    0.906923076923077,
    0.9476923076923078,
    0.9884615384615385,
    1.0292307692307694,
    1.07,
    1.110769230769231,
    1.1515384615384616,
    1.1923076923076925,
    1.2330769230769232,
    1.273846153846154,
    1.3146153846153847,
    1.3553846153846154,
    1.3961538461538463,
    1.436923076923077,
    1.4776923076923079,
    1.5184615384615385,
    1.5592307692307694,
    1.6
  ],
  "times": [
    320.7161154747009,
    321.52047991752625,
    321.10208559036255,
    320.5273160934448,
    320.1060881614685,
    320.735244512558,
    320.2078278064728,
    320.37914085388184,
    319.9791488647461,
    320.54656457901,
    320.11147904396057,
    320.6343524456024,
    320.19971346855164,
    320.718786239624,
    319.7972686290741,
    320.69961810112,
    320.5293707847595,
    319.97985887527466,
    319.7754487991333,
    320.0877149105072,
    319.44450783729553,
    320.4617121219635,
    319.93092107772827,
    320.172269821167,
    319.81577706336975,
    320.46120524406433,
    319.8087682723999,
    320.57588362693787,
    320.41666316986084,
    320.64439487457275,
    320.1262514591217,
    320.16058564186096,
    319.4014325141907,
    320.10364961624146,
    320.13904643058777,
    320.08297300338745,
    319.6681823730469,
    319.6091556549072,
    319.84004616737366,
    320.1483106613159
  ]
}