{
  "target_distribution": "FullRosenbrock",
  "proposal_distribution": "Normal",
  "dimension": 2,
  "num_iterations": 1000000,
  "seed": 7,
  "total_time": 10650.118808031082,
  "max_esjd": 0.23125553131103516,
  "max_acceptance_rate": 0.063129,
  "max_scale_param": 2.7284615384615383,
  "expected_squared_jump_distances": [
    9.790566400624812e-05,
    0.004674192517995834,
    0.009378418326377869,
    0.017431113868951797,
    0.022577613592147827,
    0.028632592409849167,
    0.04312938451766968,
    0.04358241334557533,
    0.050640132278203964,
    0.05877409502863884,
    0.05956282839179039,
    0.08121246099472046,
    0.07478315383195877,
    0.09283959865570068,
    0.09751388430595398,
    0.10603490471839905,
    0.10036264359951019,
    0.11717943102121353,
    0.11533199995756149,
    0.14093755185604095,
    0.13139531016349792,
    0.1447879821062088,
    0.1425876021385193,
    0.14497432112693787,
    0.17394229769706726,
    0.16113191843032837,
    0.1674305945634842,
    0.16995972394943237,
    0.18274948000907898,
    0.1829400360584259,
    0.18913283944129944,
    0.18796296417713165,
    0.2014099657535553,
    0.21367701888084412,
    0.21761254966259003,
    0.2126985490322113,
    0.20029105246067047,
    0.21422865986824036,
    0.23125553131103516,
    0.23028960824012756
  ],
  "acceptance_rates": [
    0.98601,
    0.793847,
    0.526529,
    0.473277,
    0.376549,
    0.321631,
    0.340545,
    0.267405,
    0.244075,
    0.228859,
    0.194072,
    0.217395,
    0.173135,
    0.185859,
    0.170145,
    0.163452,
    0.137724,
    0.143612,
    0.127692,
    0.139646,
    0.118997,
    0.120373,
    0.109193,
    0.101088,
    0.112054,
    0.096863,
    0.093554,
    0.088374,
    0.087989,
    0.082964,
    0.079765,
    0.075088,
    0.075603,
    0.076036,
    0.073352,
    0.067847,
    0.060024,
    0.061463,
    0.063129,
    0.061188
  ],
  "scale_param_range": [
    0.01,
    0.08153846153846153,
    0.15307692307692308,
    0.2246153846153846,
    0.29615384615384616,
    0.3676923076923077,
    0.4392307692307692,
    0.5107692307692308,
    0.5823076923076923,
    0.6538461538461539,
    0.7253846153846154,
    0.796923076923077,
    0.8684615384615384,
    0.94,
    1.0115384615384615,
    1.083076923076923,
    1.1546153846153846,
    1.2261538461538461,
    1.2976923076923077,
    1.3692307692307693,
    1.4407692307692308,
    1.5123076923076924,
    1.583846153846154,
    1.6553846153846155,
    1.7269230769230768,
    1.7984615384615383,
    1.8699999999999999,
    1.9415384615384614,
    2.0130769230769228,
    2.0846153846153843,
    2.156153846153846,
    2.2276923076923074,
    2.299230769230769,
    2.3707692307692305,
    2.442307692307692,
    2.5138461538461536,
    2.585384615384615,
    2.6569230769230767,
    2.7284615384615383,
    2.8
  ],
  "times": [
    266.5141496658325,
    265.74286937713623,
    266.0444347858429,
    266.64029574394226,
    266.36430048942566,
    265.7323443889618,
    265.4288170337677,
    265.3430244922638,
    265.35410380363464,
    265.3305239677429,
    265.5957534313202,
    265.6374168395996,
    265.5708773136139,
    265.33779644966125,
    265.7188584804535,
    265.50877475738525,
    265.75977659225464,
    266.9084529876709,
    267.4695587158203,
    266.97704434394836,
    266.84862303733826,
    266.6394944190979,
    267.18536138534546,
    266.7824113368988,
    266.5825426578522,
    266.50012946128845,
    266.35696053504944,
    266.9268398284912,
    266.1087782382965,
    265.8185749053955,
    266.2181625366211,
    266.31873965263367,
    266.726149559021,
    267.0128765106201,
    266.56683373451233,
    266.51281356811523,
    266.2906994819641,
    266.55372190475464,
    267.0273370742798,
    266.1298654079437
  ]
}