{
  "target_distribution": "FullRosenbrock",
  "proposal_distribution": "Normal",
  "dimension": 5,
  "num_iterations": 1000000,
  "seed": 5,
  "total_time": 12402.272957324982,
  "max_esjd": 0.08475525677204132,
  "max_acceptance_rate": 0.174015,
  "max_scale_param": 0.8661538461538463,
  "expected_squared_jump_distances": [
    9.83388745225966e-05,
    0.0019987663254141808,
    0.00388747057877481,
    0.011258616112172604,
    0.01612628623843193,
    0.025085050612688065,
    0.03267625719308853,
    0.04124337434768677,
    0.04941711947321892,
    0.05127812549471855,
    0.06083257123827934,
    0.06602893024682999,
    0.04239596799015999,
    0.06755045801401138,
    0.05470740795135498,
    0.06730285286903381,
    0.0798671543598175,
    0.08448462933301926,
    0.0694190189242363,
    0.08220228552818298,
    0.08195403218269348,
    0.08475525677204132,
    0.07275396585464478,
    0.08155722916126251,
    0.07770296931266785,
    0.07424896210432053,
    0.07589435577392578,
    0.07506168633699417,
    0.029510322958230972,
    0.0696723535656929,
    0.06883026659488678,
    0.031065620481967926,
    0.05934084206819534,
    0.05361189693212509,
    0.05744823440909386,
    0.05695166811347008,
    0.05521102622151375,
    0.0392695814371109,
    0.019124288111925125,
    0.04295000061392784
  ],
  "acceptance_rates": [
    0.986027,
    0.811133,
    0.535628,
    0.694504,
    0.597289,
    0.609038,
    0.569647,
    0.541935,
    0.510052,
    0.433154,
    0.424197,
    0.389848,
    0.222583,
    0.301746,
    0.216513,
    0.237712,
    0.251382,
    0.240747,
    0.182018,
    0.197374,
    0.18167,
    0.174015,
    0.139627,
    0.146137,
    0.130614,
    0.118102,
    0.1144,
    0.107669,
    0.040613,
    0.089867,
    0.084827,
    0.037265,
    0.067353,
    0.058453,
    0.060447,
    0.057938,
    0.054172,
    0.037552,
    0.017978,
    0.038489
  ],
  "scale_param_range": [
    0.01,
    0.050769230769230775,
    0.09153846153846154,
    0.13230769230769232,
    0.1730769230769231,
    0.21384615384615388,
    0.25461538461538463,
    0.2953846153846154,
    0.3361538461538462,
    0.37692307692307697,
    0.41769230769230775,
    0.45846153846153853,
    0.49923076923076926,
    0.54,
    0.5807692307692308,
    0.6215384615384616,
    0.6623076923076924,
    0.7030769230769232,
    0.7438461538461539,
    0.7846153846153847,
    0.8253846153846155,
    0.8661538461538463,
    0.906923076923077,
    0.9476923076923078,
    0.9884615384615385,
    1.0292307692307694,
    1.07,
    1.110769230769231,
    1.1515384615384616,
    1.1923076923076925,
    1.2330769230769232,
    1.273846153846154,
    1.3146153846153847,
    1.3553846153846154,
    1.3961538461538463,
    1.436923076923077,
    1.4776923076923079,
    1.5184615384615385,
    1.5592307692307694,
    1.6
  ],
  "times": [
    310.128071308136,
    310.06457805633545,
    309.68895983695984,
    309.382287979126,
    309.59231090545654,
    309.1439034938812,
    310.22650504112244,
    308.9098701477051,
    308.8574981689453,
    310.01826667785645,
    309.8079216480255,
    310.5000114440918,
    309.68334317207336,
    309.7932496070862,
    310.41737246513367,
    309.7065587043762,
    310.2876465320587,
    308.9719338417053,
    310.0374219417572,
    309.7698817253113,
    309.45851612091064,
    309.6537923812866,
    310.25493335723877,
    310.2851767539978,
    310.5581166744232,
    310.6659014225006,
    310.9024405479431,
    310.0576694011688,
    310.546795129776,
    310.4628837108612,
    310.9247250556946,
    309.9890868663788,
    310.44638442993164,
    310.5767698287964,
    310.4970016479492,
    310.4011402130127,
    310.3758554458618,
    310.56151580810547,
    310.1595642566681,
    310.4574637413025
  ]
}