{
  "target_distribution": "FullRosenbrock",
  "dimension": 30,
  "num_iterations": 100000,
  "seed": 9,
  "total_time": 1843.377623796463,
  "max_esjd": 0.08648727089166641,
  "max_acceptance_rate": 0.22205,
  "max_variance_value": 0.6446153846153846,
  "expected_squared_jump_distances": [
    9.885514009511098e-05,
    0.0011836143676191568,
    0.0033493160735815763,
    0.006414129864424467,
    0.01025292556732893,
    0.014697477221488953,
    0.01967177540063858,
    0.024951152503490448,
    0.030459091067314148,
    0.036166612058877945,
    0.04169655963778496,
    0.04716312512755394,
    0.05266238749027252,
    0.057026881724596024,
    0.06267271935939789,
    0.06641149520874023,
    0.0707189217209816,
    0.07331396639347076,
    0.07727635651826859,
    0.07969941943883896,
    0.08210287243127823,
    0.08306954056024551,
    0.08462775498628616,
    0.0846034362912178,
    0.07891874760389328,
    0.08648727089166641,
    0.08502330631017685,
    0.08528300374746323,
    0.0842566192150116,
    0.08057448267936707,
    0.0781969502568245,
    0.07741212844848633,
    0.07556785643100739,
    0.06376677751541138,
    0.07133672386407852,
    0.06817977130413055,
    0.05946870893239975,
    0.06524122506380081,
    0.06035245954990387,
    0.05661166459321976
  ],
  "acceptance_rates": [
    0.98739,
    0.94559,
    0.90845,
    0.86737,
    0.82809,
    0.78893,
    0.75296,
    0.7157,
    0.67921,
    0.64523,
    0.60873,
    0.57443,
    0.54339,
    0.50542,
    0.48206,
    0.44857,
    0.42192,
    0.39006,
    0.369,
    0.34325,
    0.32107,
    0.29578,
    0.27642,
    0.25373,
    0.21923,
    0.22205,
    0.20285,
    0.19007,
    0.17503,
    0.15684,
    0.14297,
    0.13386,
    0.12297,
    0.09833,
    0.1037,
    0.09455,
    0.07821,
    0.08144,
    0.07164,
    0.06485
  ],
  "var_value_range": [
    0.01,
    0.03538461538461538,
    0.06076923076923077,
    0.08615384615384615,
    0.11153846153846153,
    0.13692307692307693,
    0.16230769230769232,
    0.18769230769230769,
    0.21307692307692308,
    0.23846153846153847,
    0.26384615384615384,
    0.28923076923076924,
    0.31461538461538463,
    0.34,
    0.36538461538461536,
    0.39076923076923076,
    0.41615384615384615,
    0.44153846153846155,
    0.46692307692307694,
    0.4923076923076923,
    0.5176923076923077,
    0.5430769230769231,
    0.5684615384615385,
    0.5938461538461538,
    0.6192307692307693,
    0.6446153846153846,
    0.67,
    0.6953846153846154,
    0.7207692307692307,
    0.7461538461538462,
    0.7715384615384615,
    0.796923076923077,
    0.8223076923076923,
    0.8476923076923076,
    0.8730769230769231,
    0.8984615384615384,
    0.9238461538461539,
    0.9492307692307692,
    0.9746153846153846,
    1.0
  ],
  "times": [
    48.099443197250366,
    46.35881233215332,
    45.913225412368774,
    47.44686198234558,
    47.99775195121765,
    47.99731421470642,
    47.9632031917572,
    47.069923877716064,
    45.96305990219116,
    45.96632957458496,
    45.96205925941467,
    46.11768674850464,
    46.043009757995605,
    46.13633346557617,
    45.896352767944336,
    46.06120991706848,
    46.419915199279785,
    45.84543299674988,
    45.49470567703247,
    46.00415849685669,
    45.95430612564087,
    45.629565477371216,
    45.399160861968994,
    45.55350160598755,
    45.8116409778595,
    45.57280707359314,
    45.72561264038086,
    45.99444341659546,
    45.82060956954956,
    45.920385122299194,
    45.83954429626465,
    46.016780614852905,
    46.00296235084534,
    45.55187106132507,
    45.275851249694824,
    45.341387033462524,
    45.30756092071533,
    45.332098722457886,
    45.25585174560547,
    45.28266382217407
  ]
}