{
  "target_distribution": "FullRosenbrock",
  "dimension": 5,
  "num_iterations": 100000,
  "seed": 13,
  "total_time": 1582.7104876041412,
  "max_esjd": 0.09340964257717133,
  "max_acceptance_rate": 0.26735,
  "max_variance_value": 0.6953846153846154,
  "expected_squared_jump_distances": [
    9.839508857112378e-05,
    0.0011773471487686038,
    0.003317710477858782,
    0.00637718103826046,
    0.010185549966990948,
    0.014528824016451836,
    0.01927812397480011,
    0.02414204552769661,
    0.027583422139286995,
    0.03431421145796776,
    0.037237901240587234,
    0.04430050775408745,
    0.048623379319906235,
    0.05268697068095207,
    0.048840273171663284,
    0.06350667029619217,
    0.06350123137235641,
    0.07183049619197845,
    0.0590258352458477,
    0.07521019130945206,
    0.0715365931391716,
    0.07512423396110535,
    0.07616332173347473,
    0.08203615248203278,
    0.08805560320615768,
    0.0858789011836052,
    0.08688522130250931,
    0.09340964257717133,
    0.08832717686891556,
    0.08811710774898529,
    0.08360134810209274,
    0.09091778844594955,
    0.05584601312875748,
    0.08511620759963989,
    0.0885770320892334,
    0.09007060527801514,
    0.0817079171538353,
    0.08699943870306015,
    0.08633723109960556,
    0.08691529929637909
  ],
  "acceptance_rates": [
    0.98477,
    0.9483,
    0.91373,
    0.88022,
    0.84647,
    0.8104,
    0.77373,
    0.73362,
    0.66502,
    0.66227,
    0.59946,
    0.59592,
    0.56192,
    0.52745,
    0.43631,
    0.49122,
    0.44152,
    0.44623,
    0.34069,
    0.38773,
    0.33819,
    0.3291,
    0.30866,
    0.30598,
    0.30711,
    0.2814,
    0.26654,
    0.26735,
    0.23983,
    0.22535,
    0.20511,
    0.21084,
    0.12623,
    0.17892,
    0.17789,
    0.17381,
    0.15087,
    0.15435,
    0.14756,
    0.14244
  ],
  "var_value_range": [
    0.01,
    0.03538461538461538,
    0.06076923076923077,
    0.08615384615384615,
    0.11153846153846153,
    0.13692307692307693,
    0.16230769230769232,
    0.18769230769230769,
    0.21307692307692308,
    0.23846153846153847,
    0.26384615384615384,
    0.28923076923076924,
    0.31461538461538463,
    0.34,
    0.36538461538461536,
    0.39076923076923076,
    0.41615384615384615,
    0.44153846153846155,
    0.46692307692307694,
    0.4923076923076923,
    0.5176923076923077,
    0.5430769230769231,
    0.5684615384615385,
    0.5938461538461538,
    0.6192307692307693,
    0.6446153846153846,
    0.67,
    0.6953846153846154,
    0.7207692307692307,
    0.7461538461538462,
    0.7715384615384615,
    0.796923076923077,
    0.8223076923076923,
    0.8476923076923076,
    0.8730769230769231,
    0.8984615384615384,
    0.9238461538461539,
    0.9492307692307692,
    0.9746153846153846,
    1.0
  ],
  "times": [
    41.53801202774048,
    39.69189453125,
    39.531012535095215,
    39.66350197792053,
    39.51690411567688,
    39.59175729751587,
    39.553571462631226,
    39.58351421356201,
    39.460134983062744,
    39.58870267868042,
    39.58976411819458,
    39.47738528251648,
    39.479612827301025,
    39.49515390396118,
    39.5100314617157,
    39.569080114364624,
    39.46105766296387,
    39.538063049316406,
    39.4259979724884,
    39.517112255096436,
    39.51249051094055,
    39.49949288368225,
    39.42307686805725,
    39.54848289489746,
    39.47276020050049,
    39.53188943862915,
    39.50256085395813,
    39.465519428253174,
    39.48071217536926,
    39.4982430934906,
    39.45652222633362,
    39.53982949256897,
    39.46711611747742,
    39.509238719940186,
    39.40177011489868,
    39.49098038673401,
    39.4424364566803,
    39.595906019210815,
    39.54079079627991,
    39.518168210983276
  ]
}