{
  "target_distribution": "FullRosenbrock",
  "proposal_distribution": "Normal",
  "dimension": 5,
  "num_iterations": 1000000,
  "seed": 6,
  "total_time": 10907.026342868805,
  "max_esjd": 0.08751848340034485,
  "max_acceptance_rate": 0.227754,
  "max_scale_param": 0.7438461538461539,
  "expected_squared_jump_distances": [
    9.843330917647108e-05,
    0.002244129776954651,
    0.006929932627826929,
    0.013215574435889721,
    0.020546739920973778,
    0.024330757558345795,
    0.03428191691637039,
    0.044060852378606796,
    0.050268810242414474,
    0.05585414916276932,
    0.05597620829939842,
    0.06807615607976913,
    0.07455214858055115,
    0.0746748149394989,
    0.07988554239273071,
    0.08346673101186752,
    0.08161948621273041,
    0.08521521836519241,
    0.08751848340034485,
    0.08118943125009537,
    0.08267020434141159,
    0.07481645792722702,
    0.07410909235477448,
    0.08194893598556519,
    0.08522283285856247,
    0.0793740302324295,
    0.0751836821436882,
    0.04606451466679573,
    0.07337132841348648,
    0.07374203205108643,
    0.056873492896556854,
    0.06595657765865326,
    0.043961916118860245,
    0.056661538779735565,
    0.06077585741877556,
    0.05824298784136772,
    0.0572219118475914,
    0.05262978747487068,
    0.04932975769042969,
    0.0476815290749073
  ],
  "acceptance_rates": [
    0.986181,
    0.891164,
    0.854723,
    0.793745,
    0.734298,
    0.591656,
    0.593511,
    0.573348,
    0.517455,
    0.467244,
    0.392179,
    0.400649,
    0.3766,
    0.331813,
    0.312616,
    0.290978,
    0.25692,
    0.242789,
    0.227754,
    0.194702,
    0.182416,
    0.154421,
    0.142656,
    0.146747,
    0.143096,
    0.126232,
    0.11329,
    0.066467,
    0.099659,
    0.095691,
    0.071021,
    0.077927,
    0.050646,
    0.06203,
    0.064085,
    0.059463,
    0.056382,
    0.050352,
    0.045517,
    0.04281
  ],
  "scale_param_range": [
    0.01,
    0.050769230769230775,
    0.09153846153846154,
    0.13230769230769232,
    0.1730769230769231,
    0.21384615384615388,
    0.25461538461538463,
    0.2953846153846154,
    0.3361538461538462,
    0.37692307692307697,
    0.41769230769230775,
    0.45846153846153853,
    0.49923076923076926,
    0.54,
    0.5807692307692308,
    0.6215384615384616,
    0.6623076923076924,
    0.7030769230769232,
    0.7438461538461539,
    0.7846153846153847,
    0.8253846153846155,
    0.8661538461538463,
    0.906923076923077,
    0.9476923076923078,
    0.9884615384615385,
    1.0292307692307694,
    1.07,
    1.110769230769231,
    1.1515384615384616,
    1.1923076923076925,
    1.2330769230769232,
    1.273846153846154,
    1.3146153846153847,
    1.3553846153846154,
    1.3961538461538463,
    1.436923076923077,
    1.4776923076923079,
    1.5184615384615385,
    1.5592307692307694,
    1.6
  ],
  "times": [
    273.60007405281067,
    273.89954924583435,
    272.72396445274353,
    272.3898694515228,
    272.42681646347046,
    272.7504961490631,
    272.99783730506897,
    273.1521625518799,
    276.6872434616089,
    273.57800459861755,
    272.83484268188477,
    273.50853538513184,
    272.51463317871094,
    273.2747905254364,
    270.33522629737854,
    267.6404011249542,
    267.8137936592102,
    270.7882959842682,
    272.5547070503235,
    285.74912691116333,
    281.6518678665161,
    282.834774017334,
    279.99552369117737,
    269.5284161567688,
    268.6016104221344,
    272.6684830188751,
    273.32983922958374,
    270.3036389350891,
    267.8961102962494,
    267.6618847846985,
    267.2478196620941,
    267.67514729499817,
    269.5275447368622,
    268.50227546691895,
    276.2310287952423,
    270.3852610588074,
    277.1451668739319,
    274.55489683151245,
    272.38962864875793,
    267.6287739276886
  ]
}