{
  "target_distribution": "FullRosenbrock",
  "dimension": 20,
  "num_iterations": 100000,
  "seed": 18,
  "total_time": 1586.1177752017975,
  "max_esjd": 0.08789917826652527,
  "max_acceptance_rate": 0.25091,
  "max_variance_value": 0.6192307692307693,
  "expected_squared_jump_distances": [
    9.864629828371108e-05,
    0.0011790691642090678,
    0.0033407604787498713,
    0.006415084004402161,
    0.010235846042633057,
    0.01470961980521679,
    0.019587134942412376,
    0.02495642565190792,
    0.030334653332829475,
    0.03604736179113388,
    0.041661541908979416,
    0.047273118048906326,
    0.051864735782146454,
    0.0573844313621521,
    0.06199361011385918,
    0.06654473394155502,
    0.0709025114774704,
    0.07398147135972977,
    0.0769297406077385,
    0.07957158982753754,
    0.0821632370352745,
    0.08311892300844193,
    0.0861840695142746,
    0.08594078570604324,
    0.08789917826652527,
    0.08515574783086777,
    0.086051806807518,
    0.08439093828201294,
    0.08470548689365387,
    0.08316751569509506,
    0.08088652789592743,
    0.07957736402750015,
    0.07734941691160202,
    0.07757750898599625,
    0.07338794320821762,
    0.07266823202371597,
    0.06509186327457428,
    0.06861142814159393,
    0.06517883390188217,
    0.059588752686977386
  ],
  "acceptance_rates": [
    0.98603,
    0.94342,
    0.90822,
    0.86945,
    0.82964,
    0.79371,
    0.75444,
    0.72087,
    0.68184,
    0.64946,
    0.61487,
    0.58269,
    0.54279,
    0.51585,
    0.48455,
    0.45652,
    0.43026,
    0.40101,
    0.37592,
    0.35051,
    0.32895,
    0.30429,
    0.28899,
    0.26525,
    0.25091,
    0.22595,
    0.21263,
    0.19462,
    0.1832,
    0.16858,
    0.15409,
    0.14317,
    0.13148,
    0.12468,
    0.11219,
    0.10533,
    0.09046,
    0.09047,
    0.08208,
    0.07209
  ],
  "var_value_range": [
    0.01,
    0.03538461538461538,
    0.06076923076923077,
    0.08615384615384615,
    0.11153846153846153,
    0.13692307692307693,
    0.16230769230769232,
    0.18769230769230769,
    0.21307692307692308,
    0.23846153846153847,
    0.26384615384615384,
    0.28923076923076924,
    0.31461538461538463,
    0.34,
    0.36538461538461536,
    0.39076923076923076,
    0.41615384615384615,
    0.44153846153846155,
    0.46692307692307694,
    0.4923076923076923,
    0.5176923076923077,
    0.5430769230769231,
    0.5684615384615385,
    0.5938461538461538,
    0.6192307692307693,
    0.6446153846153846,
    0.67,
    0.6953846153846154,
    0.7207692307692307,
    0.7461538461538462,
    0.7715384615384615,
    0.796923076923077,
    0.8223076923076923,
    0.8476923076923076,
    0.8730769230769231,
    0.8984615384615384,
    0.9238461538461539,
    0.9492307692307692,
    0.9746153846153846,
    1.0
  ],
  "times": [
    41.62596607208252,
    39.65178966522217,
    39.53973412513733,
    39.72110605239868,
    39.64260292053223,
    39.7620735168457,
    39.685227394104004,
    39.69229745864868,
    39.555882692337036,
    39.62237763404846,
    39.55425190925598,
    39.58397054672241,
    39.51311182975769,
    39.5867645740509,
    39.5386700630188,
    39.5930871963501,
    39.51853680610657,
    39.611655950546265,
    39.55890512466431,
    39.57063269615173,
    39.49799156188965,
    39.55376076698303,
    39.53870868682861,
    39.606303453445435,
    39.5903115272522,
    39.58648133277893,
    39.55445623397827,
    39.6524600982666,
    39.612324953079224,
    39.664236068725586,
    39.64093542098999,
    39.61890769004822,
    39.60612893104553,
    39.582581758499146,
    39.58854675292969,
    39.678547382354736,
    39.5703489780426,
    39.623313426971436,
    39.59049987792969,
    39.601473808288574
  ]
}