{
  "target_distribution": "HybridRosenbrock",
  "proposal_distribution": "Normal",
  "dimension": 19,
  "num_iterations": 1000000,
  "seed": 6,
  "total_time": 23257.238260746002,
  "max_esjd": 0.08335201442241669,
  "max_acceptance_rate": 0.262898,
  "max_scale_param": 0.5897435897435898,
  "expected_squared_jump_distances": [
    9.867001790553331e-05,
    0.0015384959988296032,
    0.004469374194741249,
    0.008582918904721737,
    0.013735507614910603,
    0.019483419135212898,
    0.02584613673388958,
    0.03240951523184776,
    0.038898080587387085,
    0.04492788389325142,
    0.051541928201913834,
    0.05715995281934738,
    0.06316869705915451,
    0.06534857302904129,
    0.0708562359213829,
    0.07472064346075058,
    0.07923092693090439,
    0.07868293672800064,
    0.08251865953207016,
    0.08335201442241669,
    0.07857929915189743,
    0.07988781481981277,
    0.0773976743221283,
    0.0816279947757721,
    0.07968073338270187,
    0.07931341975927353,
    0.06700693815946579,
    0.07554235309362411,
    0.07289915531873703,
    0.06373172998428345,
    0.06678920239210129,
    0.06488988548517227,
    0.06209369748830795,
    0.055159881711006165,
    0.05143793672323227,
    0.02700609713792801,
    0.048628345131874084,
    0.04712935909628868,
    0.042102668434381485,
    0.0411042720079422
  ],
  "acceptance_rates": [
    0.986579,
    0.939655,
    0.890604,
    0.839847,
    0.797349,
    0.749345,
    0.707169,
    0.664044,
    0.619812,
    0.573601,
    0.539026,
    0.499819,
    0.468539,
    0.417679,
    0.393773,
    0.364995,
    0.342653,
    0.304773,
    0.28714,
    0.262898,
    0.225843,
    0.210027,
    0.18696,
    0.181812,
    0.164186,
    0.15191,
    0.11995,
    0.126102,
    0.114215,
    0.094033,
    0.092726,
    0.085192,
    0.077046,
    0.065183,
    0.057693,
    0.029012,
    0.04952,
    0.045886,
    0.039308,
    0.036549
  ],
  "scale_param_range": [
    0.01,
    0.04051282051282051,
    0.07102564102564102,
    0.10153846153846154,
    0.13205128205128205,
    0.16256410256410256,
    0.1930769230769231,
    0.2235897435897436,
    0.2541025641025641,
    0.2846153846153846,
    0.3151282051282051,
    0.3456410256410256,
    0.37615384615384617,
    0.4066666666666667,
    0.4371794871794872,
    0.4676923076923077,
    0.4982051282051282,
    0.5287179487179487,
    0.5592307692307692,
    0.5897435897435898,
    0.6202564102564102,
    0.6507692307692308,
    0.6812820512820512,
    0.7117948717948718,
    0.7423076923076923,
    0.7728205128205128,
    0.8033333333333333,
    0.8338461538461538,
    0.8643589743589744,
    0.8948717948717948,
    0.9253846153846154,
    0.9558974358974358,
    0.9864102564102564,
    1.0169230769230768,
    1.0474358974358975,
    1.077948717948718,
    1.1084615384615384,
    1.1389743589743588,
    1.1694871794871795,
    1.2
  ],
  "times": [
    581.3263363838196,
    580.372834444046,
    581.2487237453461,
    581.7676677703857,
    581.8179712295532,
    581.2608351707458,
    581.4294123649597,
    581.5791108608246,
    580.1204195022583,
    581.2173459529877,
    581.5168640613556,
    582.3629558086395,
    582.4976241588593,
    580.7031300067902,
    580.479246377945,
    581.1419720649719,
    580.8684222698212,
    581.0789353847504,
    582.4807212352753,
    582.1504952907562,
    580.4532933235168,
    581.2909142971039,
    581.9385497570038,
    580.9321463108063,
    580.7578711509705,
    580.0696303844452,
    580.9840910434723,
    581.4741683006287,
    582.4089479446411,
    582.7884290218353,
    582.4097843170166,
    581.0849828720093,
    581.1920702457428,
    581.0467858314514,
    581.2504348754883,
    580.6899061203003,
    581.8949954509735,
    580.5609114170074,
    582.6260619163513,
    583.8698954582214
  ]
}