{
  "target_distribution": "HybridRosenbrock",
  "proposal_distribution": "Normal",
  "dimension": 19,
  "num_iterations": 1000000,
  "seed": 4,
  "total_time": 22456.161566257477,
  "max_esjd": 0.08304113894701004,
  "max_acceptance_rate": 0.200341,
  "max_scale_param": 0.6812820512820512,
  "expected_squared_jump_distances": [
    9.867332119029015e-05,
    0.0015384863363578916,
    0.004470428917557001,
    0.008598467335104942,
    0.013680294156074524,
    0.019573641940951347,
    0.02575925551354885,
    0.032393280416727066,
    0.03840956836938858,
    0.045003704726696014,
    0.0517498217523098,
    0.057443831115961075,
    0.05874551460146904,
    0.06519412994384766,
    0.07062329351902008,
    0.07557675242424011,
    0.07842902839183807,
    0.08125630021095276,
    0.07978473603725433,
    0.07617944478988647,
    0.08192728459835052,
    0.08239006996154785,
    0.08304113894701004,
    0.07226639240980148,
    0.08190931379795074,
    0.07875233143568039,
    0.07310040295124054,
    0.07563697546720505,
    0.067100390791893,
    0.0663071870803833,
    0.06762252748012543,
    0.06454361230134964,
    0.056975819170475006,
    0.05728469416499138,
    0.05252092331647873,
    0.05239756777882576,
    0.048788461834192276,
    0.04281818866729736,
    0.04263228923082352,
    0.04091034457087517
  ],
  "acceptance_rates": [
    0.986612,
    0.939651,
    0.890782,
    0.841262,
    0.794268,
    0.752353,
    0.704955,
    0.663604,
    0.61255,
    0.574542,
    0.541072,
    0.502152,
    0.437053,
    0.416975,
    0.392484,
    0.368906,
    0.339623,
    0.31403,
    0.27784,
    0.240406,
    0.235242,
    0.216346,
    0.200341,
    0.161399,
    0.168533,
    0.150985,
    0.130689,
    0.126344,
    0.105316,
    0.097769,
    0.093912,
    0.084961,
    0.07092,
    0.06755,
    0.059013,
    0.055914,
    0.04976,
    0.041835,
    0.039756,
    0.03663
  ],
  "scale_param_range": [
    0.01,
    0.04051282051282051,
    0.07102564102564102,
    0.10153846153846154,
    0.13205128205128205,
    0.16256410256410256,
    0.1930769230769231,
    0.2235897435897436,
    0.2541025641025641,
    0.2846153846153846,
    0.3151282051282051,
    0.3456410256410256,
    0.37615384615384617,
    0.4066666666666667,
    0.4371794871794872,
    0.4676923076923077,
    0.4982051282051282,
    0.5287179487179487,
    0.5592307692307692,
    0.5897435897435898,
    0.6202564102564102,
    0.6507692307692308,
    0.6812820512820512,
    0.7117948717948718,
    0.7423076923076923,
    0.7728205128205128,
    0.8033333333333333,
    0.8338461538461538,
    0.8643589743589744,
    0.8948717948717948,
    0.9253846153846154,
    0.9558974358974358,
    0.9864102564102564,
    1.0169230769230768,
    1.0474358974358975,
    1.077948717948718,
    1.1084615384615384,
    1.1389743589743588,
    1.1694871794871795,
    1.2
  ],
  "times": [
    563.7238700389862,
    561.0731217861176,
    560.1440124511719,
    561.4678218364716,
    561.5830175876617,
    561.062994480133,
    560.2614693641663,
    560.3518900871277,
    560.1097338199615,
    562.9187815189362,
    563.1273968219757,
    561.9060654640198,
    562.045371055603,
    560.8760213851929,
    560.6407775878906,
    561.878488779068,
    561.9762012958527,
    559.8270931243896,
    560.0234086513519,
    560.1053462028503,
    562.0903918743134,
    562.2891321182251,
    562.9537687301636,
    560.1667830944061,
    561.8792397975922,
    560.0837404727936,
    563.4611837863922,
    563.3970572948456,
    563.2245290279388,
    562.6277151107788,
    560.496600151062,
    562.0222191810608,
    562.876546382904,
    561.9331665039062,
    561.3946616649628,
    561.408225774765,
    559.679701089859,
    559.6693830490112,
    559.3193187713623,
    559.9866147041321
  ]
}