{
  "max_esjd": 0.07733827456831932,
  "max_acceptance_rate": 0.19110233333333335,
  "max_variance_value": 0.7884615384615384,
  "expected_squared_jump_distances": [
    9.84974489256274e-05,
    0.0011685236473567783,
    0.003206280153244734,
    0.005733441576982538,
    0.00887263227875034,
    0.0128143770309786,
    0.016144987444082895,
    0.019845332205295562,
    0.019529860684027275,
    0.024351086808989446,
    0.027342061636348565,
    0.029395431590576965,
    0.033870031607026854,
    0.03622010250886281,
    0.03487148315956195,
    0.038066566238800684,
    0.037482252422099314,
    0.04269786823230485,
    0.04744212677081426,
    0.045996624417603015,
    0.05132543264577786,
    0.046933722744385405,
    0.052393534841636814,
    0.05376332883412639,
    0.05577925555408001,
    0.054177417885512114,
    0.05380302000169953,
    0.05171805735056599,
    0.05663938267777364,
    0.05322608343946437,
    0.05280915278320511,
    0.05380097587282459,
    0.05622643319269021,
    0.05151678364103039,
    0.05314663182944059,
    0.049793384162088235,
    0.05192863410338759,
    0.05577842878798644,
    0.051394699001684786,
    0.04890229273587465
  ],
  "acceptance_rates": [
    0.985803,
    0.9428509999999999,
    0.888204,
    0.807568,
    0.7563423333333332,
    0.7298363333333331,
    0.6665416666666667,
    0.6220133333333334,
    0.4960186666666668,
    0.4942176666666667,
    0.45978433333333346,
    0.4174550000000001,
    0.40869399999999995,
    0.37947000000000003,
    0.32354133333333335,
    0.31161599999999995,
    0.2749176666666667,
    0.27978100000000006,
    0.27920200000000006,
    0.24811633333333333,
    0.252127,
    0.21339466666666668,
    0.21962366666666666,
    0.20734866666666668,
    0.20066733333333336,
    0.18253966666666666,
    0.16995600000000002,
    0.15384266666666668,
    0.15823966666666667,
    0.14069666666666666,
    0.13240700000000002,
    0.127954,
    0.1269326666666667,
    0.11120699999999999,
    0.10910666666666667,
    0.09820300000000001,
    0.097952,
    0.10057266666666669,
    0.089536,
    0.08177333333333332
  ],
  "var_value_range": [
    0.01,
    0.03538461538461538,
    0.06076923076923077,
    0.08615384615384615,
    0.11153846153846153,
    0.13692307692307693,
    0.16230769230769232,
    0.18769230769230769,
    0.21307692307692308,
    0.23846153846153847,
    0.26384615384615384,
    0.28923076923076924,
    0.31461538461538463,
    0.34,
    0.36538461538461536,
    0.39076923076923076,
    0.41615384615384615,
    0.44153846153846155,
    0.46692307692307694,
    0.4923076923076923,
    0.5176923076923077,
    0.5430769230769231,
    0.5684615384615385,
    0.5938461538461538,
    0.6192307692307693,
    0.6446153846153846,
    0.67,
    0.6953846153846154,
    0.7207692307692307,
    0.7461538461538462,
    0.7715384615384615,
    0.796923076923077,
    0.8223076923076923,
    0.8476923076923076,
    0.8730769230769231,
    0.8984615384615384,
    0.9238461538461539,
    0.9492307692307692,
    0.9746153846153846,
    1.0
  ],
  "target_distribution": "HybridRosenbrock",
  "dimension": 5,
  "num_iterations": 100000,
  "averaged_from_seeds": [
    4,
    30,
    19,
    28,
    24,
    15,
    11,
    20,
    8,
    25,
    14,
    10,
    21,
    9,
    5,
    1,
    18,
    29,
    27,
    16,
    12,
    23,
    7,
    3,
    6,
    2,
    26,
    17,
    13,
    22
  ],
  "num_files_averaged": 30,
  "source_files": [
    "HybridRosenbrock_RWM_GPU_dim5_100000iters_seed4.json",
    "HybridRosenbrock_RWM_GPU_dim5_100000iters_seed30.json",
    "HybridRosenbrock_RWM_GPU_dim5_100000iters_seed19.json",
    "HybridRosenbrock_RWM_GPU_dim5_100000iters_seed28.json",
    "HybridRosenbrock_RWM_GPU_dim5_100000iters_seed24.json",
    "HybridRosenbrock_RWM_GPU_dim5_100000iters_seed15.json",
    "HybridRosenbrock_RWM_GPU_dim5_100000iters_seed11.json",
    "HybridRosenbrock_RWM_GPU_dim5_100000iters_seed20.json",
    "HybridRosenbrock_RWM_GPU_dim5_100000iters_seed8.json",
    "HybridRosenbrock_RWM_GPU_dim5_100000iters_seed25.json",
    "HybridRosenbrock_RWM_GPU_dim5_100000iters_seed14.json",
    "HybridRosenbrock_RWM_GPU_dim5_100000iters_seed10.json",
    "HybridRosenbrock_RWM_GPU_dim5_100000iters_seed21.json",
    "HybridRosenbrock_RWM_GPU_dim5_100000iters_seed9.json",
    "HybridRosenbrock_RWM_GPU_dim5_100000iters_seed5.json",
    "HybridRosenbrock_RWM_GPU_dim5_100000iters_seed1.json",
    "HybridRosenbrock_RWM_GPU_dim5_100000iters_seed18.json",
    "HybridRosenbrock_RWM_GPU_dim5_100000iters_seed29.json",
    "HybridRosenbrock_RWM_GPU_dim5_100000iters_seed27.json",
    "HybridRosenbrock_RWM_GPU_dim5_100000iters_seed16.json",
    "HybridRosenbrock_RWM_GPU_dim5_100000iters_seed12.json",
    "HybridRosenbrock_RWM_GPU_dim5_100000iters_seed23.json",
    "HybridRosenbrock_RWM_GPU_dim5_100000iters_seed7.json",
    "HybridRosenbrock_RWM_GPU_dim5_100000iters_seed3.json",
    "HybridRosenbrock_RWM_GPU_dim5_100000iters_seed6.json",
    "HybridRosenbrock_RWM_GPU_dim5_100000iters_seed2.json",
    "HybridRosenbrock_RWM_GPU_dim5_100000iters_seed26.json",
    "HybridRosenbrock_RWM_GPU_dim5_100000iters_seed17.json",
    "HybridRosenbrock_RWM_GPU_dim5_100000iters_seed13.json",
    "HybridRosenbrock_RWM_GPU_dim5_100000iters_seed22.json"
  ]
}