{
  "target_distribution": "HybridRosenbrock",
  "proposal_distribution": "Normal",
  "dimension": 19,
  "num_iterations": 1000000,
  "seed": 25,
  "total_time": 22002.914964914322,
  "max_esjd": 0.08451390266418457,
  "max_acceptance_rate": 0.203585,
  "max_scale_param": 0.6812820512820512,
  "expected_squared_jump_distances": [
    9.866853361018002e-05,
    0.0015388848260045052,
    0.004471878055483103,
    0.00860455073416233,
    0.013754786923527718,
    0.019527072086930275,
    0.025868821889162064,
    0.0323653444647789,
    0.03892232105135918,
    0.04538123309612274,
    0.05166446790099144,
    0.05695631355047226,
    0.06261668354272842,
    0.0672968178987503,
    0.07102403789758682,
    0.07478393614292145,
    0.07210955768823624,
    0.08134403079748154,
    0.08087664097547531,
    0.07559418678283691,
    0.07654427736997604,
    0.06674374639987946,
    0.08451390266418457,
    0.08006852865219116,
    0.07859629392623901,
    0.08014459908008575,
    0.07485342025756836,
    0.07402943074703217,
    0.06004644185304642,
    0.06468956917524338,
    0.06258617341518402,
    0.06464306265115738,
    0.05982772260904312,
    0.048720914870500565,
    0.0561910942196846,
    0.05279579386115074,
    0.050811249762773514,
    0.04799923673272133,
    0.03705441579222679,
    0.04167136922478676
  ],
  "acceptance_rates": [
    0.986563,
    0.939881,
    0.8911,
    0.841904,
    0.798385,
    0.750796,
    0.707646,
    0.662956,
    0.620232,
    0.57912,
    0.540319,
    0.498002,
    0.464621,
    0.429573,
    0.394859,
    0.365395,
    0.312973,
    0.314505,
    0.281753,
    0.238958,
    0.219991,
    0.176362,
    0.203585,
    0.17816,
    0.162185,
    0.153526,
    0.133702,
    0.123695,
    0.094472,
    0.095466,
    0.087151,
    0.084713,
    0.074534,
    0.057732,
    0.062939,
    0.056391,
    0.051634,
    0.046623,
    0.034626,
    0.037258
  ],
  "scale_param_range": [
    0.01,
    0.04051282051282051,
    0.07102564102564102,
    0.10153846153846154,
    0.13205128205128205,
    0.16256410256410256,
    0.1930769230769231,
    0.2235897435897436,
    0.2541025641025641,
    0.2846153846153846,
    0.3151282051282051,
    0.3456410256410256,
    0.37615384615384617,
    0.4066666666666667,
    0.4371794871794872,
    0.4676923076923077,
    0.4982051282051282,
    0.5287179487179487,
    0.5592307692307692,
    0.5897435897435898,
    0.6202564102564102,
    0.6507692307692308,
    0.6812820512820512,
    0.7117948717948718,
    0.7423076923076923,
    0.7728205128205128,
    0.8033333333333333,
    0.8338461538461538,
    0.8643589743589744,
    0.8948717948717948,
    0.9253846153846154,
    0.9558974358974358,
    0.9864102564102564,
    1.0169230769230768,
    1.0474358974358975,
    1.077948717948718,
    1.1084615384615384,
    1.1389743589743588,
    1.1694871794871795,
    1.2
  ],
  "times": [
    546.2872061729431,
    564.1509685516357,
    563.2982454299927,
    564.1504442691803,
    563.9466347694397,
    564.9455604553223,
    566.3158440589905,
    565.8916079998016,
    565.7929100990295,
    566.3288464546204,
    565.8545618057251,
    565.1025559902191,
    564.4020614624023,
    564.4529955387115,
    565.0262489318848,
    555.1283714771271,
    541.8622026443481,
    540.875248670578,
    540.770336151123,
    541.5012307167053,
    542.7954437732697,
    543.1941752433777,
    543.1444981098175,
    541.06077003479,
    539.8557343482971,
    541.4793405532837,
    543.431930065155,
    542.7296528816223,
    542.4830839633942,
    542.0791993141174,
    540.8317396640778,
    541.0478417873383,
    540.2193994522095,
    541.2052161693573,
    540.0886197090149,
    540.3139798641205,
    539.7849910259247,
    540.3861894607544,
    539.3612816333771,
    541.245019197464
  ]
}