{
  "target_distribution": "HybridRosenbrock",
  "dimension": 9,
  "num_iterations": 100000,
  "seed": 2,
  "total_time": 2967.8981478214264,
  "max_esjd": 0.0808238536119461,
  "max_acceptance_rate": 0.14024,
  "max_variance_value": 0.8774358974358974,
  "expected_squared_jump_distances": [
    9.851297363638878e-05,
    0.003317272523418069,
    0.009927532635629177,
    0.017411479726433754,
    0.029019443318247795,
    0.02735329233109951,
    0.04611561447381973,
    0.055586811155080795,
    0.06662005931138992,
    0.06761424243450165,
    0.07599379867315292,
    0.06687702238559723,
    0.06354951858520508,
    0.0797230526804924,
    0.06947702169418335,
    0.025607535615563393,
    0.07616756856441498,
    0.0808238536119461,
    0.06830953806638718,
    0.016761409118771553,
    0.0672348290681839,
    0.06318594515323639,
    0.061307214200496674,
    0.049831777811050415,
    0.05343632772564888,
    0.05063820630311966,
    0.043268460780382156,
    0.027967015281319618,
    0.03370361402630806,
    0.035128407180309296,
    0.03161025047302246,
    0.028865721076726913,
    0.028614236041903496,
    0.025448011234402657,
    0.02058427222073078,
    0.02200694940984249,
    0.016496405005455017,
    0.016497690230607986,
    0.014841660857200623,
    0.014127765782177448
  ],
  "acceptance_rates": [
    0.98646,
    0.90093,
    0.81062,
    0.68583,
    0.66701,
    0.43136,
    0.50376,
    0.45749,
    0.42678,
    0.35354,
    0.32825,
    0.24526,
    0.20301,
    0.21786,
    0.16785,
    0.05798,
    0.14665,
    0.14024,
    0.10921,
    0.02692,
    0.09047,
    0.07969,
    0.07168,
    0.05441,
    0.05471,
    0.04868,
    0.03949,
    0.02462,
    0.02791,
    0.02796,
    0.02366,
    0.02092,
    0.01978,
    0.01735,
    0.01324,
    0.01375,
    0.01021,
    0.0097,
    0.00833,
    0.00774
  ],
  "var_value_range": [
    0.01,
    0.06102564102564103,
    0.11205128205128205,
    0.1630769230769231,
    0.21410256410256412,
    0.2651282051282051,
    0.3161538461538462,
    0.36717948717948723,
    0.41820512820512823,
    0.46923076923076923,
    0.5202564102564102,
    0.5712820512820513,
    0.6223076923076923,
    0.6733333333333333,
    0.7243589743589745,
    0.7753846153846154,
    0.8264102564102564,
    0.8774358974358974,
    0.9284615384615384,
    0.9794871794871796,
    1.0305128205128204,
    1.0815384615384616,
    1.1325641025641027,
    1.1835897435897436,
    1.2346153846153847,
    1.2856410256410258,
    1.3366666666666667,
    1.3876923076923078,
    1.438717948717949,
    1.4897435897435898,
    1.540769230769231,
    1.5917948717948718,
    1.642820512820513,
    1.693846153846154,
    1.744871794871795,
    1.795897435897436,
    1.846923076923077,
    1.897948717948718,
    1.9489743589743591,
    2.0
  ],
  "times": [
    76.72607088088989,
    74.46227550506592,
    74.29420804977417,
    74.18964147567749,
    74.03112483024597,
    74.26978492736816,
    74.23738265037537,
    74.26436710357666,
    74.16330480575562,
    74.57361030578613,
    74.1743369102478,
    74.45174360275269,
    73.91926074028015,
    74.16010475158691,
    73.7930064201355,
    74.38726258277893,
    73.66639423370361,
    74.04008626937866,
    73.86405301094055,
    73.97371101379395,
    73.8163423538208,
    74.03419756889343,
    74.08175873756409,
    74.33282709121704,
    73.70040774345398,
    73.99584770202637,
    74.01073884963989,
    74.23363852500916,
    73.93778038024902,
    74.3960554599762,
    73.90839123725891,
    74.20149064064026,
    74.02079319953918,
    74.10973405838013,
    74.04719352722168,
    74.02329540252686,
    73.96754503250122,
    74.00309753417969,
    74.22511982917786,
    75.17721462249756
  ]
}