{
  "target_distribution": "HybridRosenbrock",
  "dimension": 9,
  "num_iterations": 100000,
  "seed": 1,
  "total_time": 3052.557790517807,
  "max_esjd": 0.08585931360721588,
  "max_acceptance_rate": 0.23306,
  "max_variance_value": 0.6733333333333333,
  "expected_squared_jump_distances": [
    9.851153299678117e-05,
    0.0033154557459056377,
    0.010076526552438736,
    0.018243351951241493,
    0.02919800765812397,
    0.033845625817775726,
    0.048685673624277115,
    0.05739354342222214,
    0.05958260968327522,
    0.043653760105371475,
    0.07468268275260925,
    0.0817422941327095,
    0.07854773849248886,
    0.08585931360721588,
    0.07810589671134949,
    0.07191111147403717,
    0.07831671833992004,
    0.07653728127479553,
    0.07574474066495895,
    0.06339939683675766,
    0.06762685626745224,
    0.06252748519182205,
    0.056759148836135864,
    0.05447873845696449,
    0.04966385290026665,
    0.0481179915368557,
    0.04685782268643379,
    0.03466867282986641,
    0.04183607175946236,
    0.03515271842479706,
    0.0341031476855278,
    0.030445359647274017,
    0.02475012093782425,
    0.013188686221837997,
    0.020976806059479713,
    0.020870551466941833,
    0.012037338688969612,
    0.014274916611611843,
    0.014996099285781384,
    0.013472702354192734
  ],
  "acceptance_rates": [
    0.98647,
    0.90038,
    0.82105,
    0.71475,
    0.66996,
    0.52141,
    0.52885,
    0.47035,
    0.38479,
    0.23489,
    0.32173,
    0.29684,
    0.24507,
    0.23306,
    0.18804,
    0.15481,
    0.15097,
    0.13297,
    0.11993,
    0.09231,
    0.09044,
    0.07891,
    0.06588,
    0.05906,
    0.05164,
    0.04666,
    0.04249,
    0.03067,
    0.03441,
    0.02754,
    0.02564,
    0.02195,
    0.01736,
    0.00872,
    0.01365,
    0.01329,
    0.00722,
    0.00836,
    0.00873,
    0.00743
  ],
  "var_value_range": [
    0.01,
    0.06102564102564103,
    0.11205128205128205,
    0.1630769230769231,
    0.21410256410256412,
    0.2651282051282051,
    0.3161538461538462,
    0.36717948717948723,
    0.41820512820512823,
    0.46923076923076923,
    0.5202564102564102,
    0.5712820512820513,
    0.6223076923076923,
    0.6733333333333333,
    0.7243589743589745,
    0.7753846153846154,
    0.8264102564102564,
    0.8774358974358974,
    0.9284615384615384,
    0.9794871794871796,
    1.0305128205128204,
    1.0815384615384616,
    1.1325641025641027,
    1.1835897435897436,
    1.2346153846153847,
    1.2856410256410258,
    1.3366666666666667,
    1.3876923076923078,
    1.438717948717949,
    1.4897435897435898,
    1.540769230769231,
    1.5917948717948718,
    1.642820512820513,
    1.693846153846154,
    1.744871794871795,
    1.795897435897436,
    1.846923076923077,
    1.897948717948718,
    1.9489743589743591,
    2.0
  ],
  "times": [
    78.77769780158997,
    76.34795331954956,
    76.55576586723328,
    76.92930555343628,
    76.28054475784302,
    76.57115268707275,
    76.25214004516602,
    76.2177426815033,
    76.15565824508667,
    76.30961394309998,
    76.06808423995972,
    76.11486291885376,
    76.04804372787476,
    76.16086912155151,
    76.03682374954224,
    76.13155889511108,
    75.99825620651245,
    76.06510353088379,
    76.06193733215332,
    76.17045879364014,
    76.05018758773804,
    76.83329749107361,
    76.16922378540039,
    76.67350888252258,
    76.3357846736908,
    76.94421291351318,
    76.18211913108826,
    76.22059798240662,
    76.435462474823,
    76.18179845809937,
    76.01298975944519,
    76.13628935813904,
    76.02209782600403,
    76.30734777450562,
    76.0990161895752,
    76.21449899673462,
    76.0415997505188,
    76.16854047775269,
    75.98474192619324,
    76.2593355178833
  ]
}