{
  "target_distribution": "HybridRosenbrock",
  "proposal_distribution": "Normal",
  "dimension": 3,
  "num_iterations": 1000000,
  "seed": 18,
  "total_time": 13450.585268974304,
  "max_esjd": 0.06920824944972992,
  "max_acceptance_rate": 0.07926,
  "max_scale_param": 1.3553846153846154,
  "expected_squared_jump_distances": [
    9.80486802291125e-05,
    0.0021576443687081337,
    0.00558270001783967,
    0.010463540442287922,
    0.014582937583327293,
    0.019731372594833374,
    0.021646909415721893,
    0.024539055302739143,
    0.029436437413096428,
    0.03130140155553818,
    0.036126893013715744,
    0.03612476587295532,
    0.040864523500204086,
    0.03840137645602226,
    0.04646877944469452,
    0.052028872072696686,
    0.034054793417453766,
    0.05534425005316734,
    0.058834757655858994,
    0.06645823270082474,
    0.06392844766378403,
    0.012265835888683796,
    0.06277050077915192,
    0.05386222153902054,
    0.05570381134748459,
    0.05942773446440697,
    0.058929428458213806,
    0.05196499824523926,
    0.04301920533180237,
    0.06060488894581795,
    0.058583810925483704,
    0.06493174284696579,
    0.043279413133859634,
    0.06920824944972992,
    0.057723406702280045,
    0.05316689983010292,
    0.05788266658782959,
    0.056265804916620255,
    0.053494639694690704,
    0.0489608496427536
  ],
  "acceptance_rates": [
    0.985082,
    0.876492,
    0.737897,
    0.680779,
    0.576935,
    0.526352,
    0.425349,
    0.371181,
    0.351139,
    0.305451,
    0.289552,
    0.24872,
    0.241391,
    0.199782,
    0.212482,
    0.210148,
    0.126442,
    0.183405,
    0.176376,
    0.181266,
    0.161562,
    0.031758,
    0.136724,
    0.109905,
    0.106347,
    0.105654,
    0.099425,
    0.08268,
    0.065217,
    0.085787,
    0.079171,
    0.082366,
    0.052738,
    0.07926,
    0.063487,
    0.055898,
    0.058629,
    0.054605,
    0.049275,
    0.043344
  ],
  "scale_param_range": [
    0.01,
    0.050769230769230775,
    0.09153846153846154,
    0.13230769230769232,
    0.1730769230769231,
    0.21384615384615388,
    0.25461538461538463,
    0.2953846153846154,
    0.3361538461538462,
    0.37692307692307697,
    0.41769230769230775,
    0.45846153846153853,
    0.49923076923076926,
    0.54,
    0.5807692307692308,
    0.6215384615384616,
    0.6623076923076924,
    0.7030769230769232,
    0.7438461538461539,
    0.7846153846153847,
    0.8253846153846155,
    0.8661538461538463,
    0.906923076923077,
    0.9476923076923078,
    0.9884615384615385,
    1.0292307692307694,
    1.07,
    1.110769230769231,
    1.1515384615384616,
    1.1923076923076925,
    1.2330769230769232,
    1.273846153846154,
    1.3146153846153847,
    1.3553846153846154,
    1.3961538461538463,
    1.436923076923077,
    1.4776923076923079,
    1.5184615384615385,
    1.5592307692307694,
    1.6
  ],
  "times": [
    337.0344748497009,
    335.56817269325256,
    337.53357791900635,
    337.2603449821472,
    336.31416487693787,
    336.7494869232178,
    336.4376950263977,
    336.03062629699707,
    335.2279324531555,
    336.15315532684326,
    335.9977595806122,
    336.48550963401794,
    336.6063094139099,
    335.02900075912476,
    335.28692626953125,
    335.7218635082245,
    336.3214268684387,
    335.48122334480286,
    336.68217754364014,
    335.7649872303009,
    336.00939536094666,
    337.30666399002075,
    335.2490885257721,
    336.547429561615,
    335.8673276901245,
    335.91480350494385,
    336.9100308418274,
    337.1620502471924,
    335.94429326057434,
    335.5412976741791,
    336.16960978507996,
    336.3750042915344,
    336.2392752170563,
    336.26176047325134,
    336.8589189052582,
    336.26991415023804,
    337.402530670166,
    336.069020986557,
    336.5357253551483,
    336.2222902774811
  ]
}