{
  "target_distribution": "HybridRosenbrock",
  "proposal_distribution": "Normal",
  "dimension": 3,
  "num_iterations": 1000000,
  "seed": 12,
  "total_time": 7177.755727052689,
  "max_esjd": 0.07218031585216522,
  "max_acceptance_rate": 0.100961,
  "max_scale_param": 1.1923076923076925,
  "expected_squared_jump_distances": [
    9.664836397860199e-05,
    0.001892348867841065,
    0.0047927736304700375,
    0.00912598054856062,
    0.014709707349538803,
    0.016894599422812462,
    0.022117555141448975,
    0.022764582186937332,
    0.018407505005598068,
    0.03488142043352127,
    0.03799227997660637,
    0.03866523876786232,
    0.03361402451992035,
    0.04896088317036629,
    0.04103107377886772,
    0.04401303082704544,
    0.050040170550346375,
    0.05079876631498337,
    0.05465071648359299,
    0.055757589638233185,
    0.04583752527832985,
    0.045621663331985474,
    0.05560627952218056,
    0.06068825349211693,
    0.05436132475733757,
    0.06379023939371109,
    0.03345324844121933,
    0.05372003838419914,
    0.06475209444761276,
    0.07218031585216522,
    0.06236828863620758,
    0.06352396309375763,
    0.06239880248904228,
    0.05857456102967262,
    0.05803700163960457,
    0.05194622278213501,
    0.05786634236574173,
    0.06287232786417007,
    0.0641234740614891,
    0.06546232104301453
  ],
  "acceptance_rates": [
    0.975225,
    0.796085,
    0.659354,
    0.612917,
    0.585914,
    0.462069,
    0.437766,
    0.347131,
    0.234171,
    0.336951,
    0.30594,
    0.266648,
    0.204054,
    0.251062,
    0.189013,
    0.180248,
    0.183113,
    0.16833,
    0.164369,
    0.154973,
    0.117218,
    0.108731,
    0.121878,
    0.123567,
    0.103733,
    0.113337,
    0.057423,
    0.085287,
    0.096708,
    0.100961,
    0.083451,
    0.080347,
    0.075573,
    0.067783,
    0.064315,
    0.055062,
    0.058158,
    0.060373,
    0.05863,
    0.057782
  ],
  "scale_param_range": [
    0.01,
    0.050769230769230775,
    0.09153846153846154,
    0.13230769230769232,
    0.1730769230769231,
    0.21384615384615388,
    0.25461538461538463,
    0.2953846153846154,
    0.3361538461538462,
    0.37692307692307697,
    0.41769230769230775,
    0.45846153846153853,
    0.49923076923076926,
    0.54,
    0.5807692307692308,
    0.6215384615384616,
    0.6623076923076924,
    0.7030769230769232,
    0.7438461538461539,
    0.7846153846153847,
    0.8253846153846155,
    0.8661538461538463,
    0.906923076923077,
    0.9476923076923078,
    0.9884615384615385,
    1.0292307692307694,
    1.07,
    1.110769230769231,
    1.1515384615384616,
    1.1923076923076925,
    1.2330769230769232,
    1.273846153846154,
    1.3146153846153847,
    1.3553846153846154,
    1.3961538461538463,
    1.436923076923077,
    1.4776923076923079,
    1.5184615384615385,
    1.5592307692307694,
    1.6
  ],
  "times": [
    176.45352053642273,
    179.27964901924133,
    180.2353537082672,
    180.30664682388306,
    178.8487606048584,
    178.36335349082947,
    178.67712998390198,
    179.22374153137207,
    179.05650448799133,
    179.210223197937,
    180.10239958763123,
    179.4680678844452,
    180.45999121665955,
    179.70650386810303,
    179.77388167381287,
    180.56157422065735,
    179.44457721710205,
    180.63163232803345,
    179.40114665031433,
    179.08902978897095,
    178.84513473510742,
    178.45679759979248,
    178.41686749458313,
    178.97344589233398,
    179.49559426307678,
    179.1955246925354,
    179.36880493164062,
    178.95658802986145,
    180.06143641471863,
    179.27537298202515,
    179.67213320732117,
    179.71635484695435,
    180.4761552810669,
    179.3543782234192,
    179.6152093410492,
    179.38213682174683,
    180.4748191833496,
    179.49518656730652,
    179.36741971969604,
    178.48438930511475
  ]
}