{
  "target_distribution": "HybridRosenbrock",
  "proposal_distribution": "Normal",
  "dimension": 3,
  "num_iterations": 1000000,
  "seed": 27,
  "total_time": 13272.755969285965,
  "max_esjd": 0.06562452018260956,
  "max_acceptance_rate": 0.132621,
  "max_scale_param": 0.9476923076923078,
  "expected_squared_jump_distances": [
    9.805087029235438e-05,
    0.0021711918525397778,
    0.005900940392166376,
    0.010697615332901478,
    0.015432211570441723,
    0.017435206100344658,
    0.014868726953864098,
    0.02763211727142334,
    0.029432078823447227,
    0.033381298184394836,
    0.02929803356528282,
    0.04282618314027786,
    0.03528868034482002,
    0.042072843760252,
    0.04732133448123932,
    0.03918961435556412,
    0.05604376643896103,
    0.05305669456720352,
    0.05293383449316025,
    0.06549721211194992,
    0.05159304663538933,
    0.05878382921218872,
    0.06255802512168884,
    0.06562452018260956,
    0.06452003866434097,
    0.04522208496928215,
    0.05714912340044975,
    0.0448685884475708,
    0.04297178238630295,
    0.0513647198677063,
    0.059933051466941833,
    0.048901479691267014,
    0.04217303916811943,
    0.06153067201375961,
    0.0631745383143425,
    0.05393609777092934,
    0.049304746091365814,
    0.062273357063531876,
    0.053201448172330856,
    0.05796423554420471
  ],
  "acceptance_rates": [
    0.985125,
    0.88026,
    0.769846,
    0.692162,
    0.605909,
    0.474243,
    0.306722,
    0.409472,
    0.350572,
    0.323819,
    0.241312,
    0.290726,
    0.211006,
    0.217678,
    0.215489,
    0.160982,
    0.203125,
    0.175247,
    0.159606,
    0.179064,
    0.132479,
    0.138376,
    0.136166,
    0.132621,
    0.121504,
    0.08148,
    0.096256,
    0.071895,
    0.064947,
    0.072622,
    0.080586,
    0.062645,
    0.051653,
    0.071267,
    0.069038,
    0.056766,
    0.049641,
    0.060345,
    0.049074,
    0.051526
  ],
  "scale_param_range": [
    0.01,
    0.050769230769230775,
    0.09153846153846154,
    0.13230769230769232,
    0.1730769230769231,
    0.21384615384615388,
    0.25461538461538463,
    0.2953846153846154,
    0.3361538461538462,
    0.37692307692307697,
    0.41769230769230775,
    0.45846153846153853,
    0.49923076923076926,
    0.54,
    0.5807692307692308,
    0.6215384615384616,
    0.6623076923076924,
    0.7030769230769232,
    0.7438461538461539,
    0.7846153846153847,
    0.8253846153846155,
    0.8661538461538463,
    0.906923076923077,
    0.9476923076923078,
    0.9884615384615385,
    1.0292307692307694,
    1.07,
    1.110769230769231,
    1.1515384615384616,
    1.1923076923076925,
    1.2330769230769232,
    1.273846153846154,
    1.3146153846153847,
    1.3553846153846154,
    1.3961538461538463,
    1.436923076923077,
    1.4776923076923079,
    1.5184615384615385,
    1.5592307692307694,
    1.6
  ],
  "times": [
    332.02825140953064,
    332.2501814365387,
    332.1050953865051,
    332.2585754394531,
    333.48657393455505,
    333.4420819282532,
    333.57830929756165,
    331.2341351509094,
    332.8901069164276,
    332.90716314315796,
    333.4524099826813,
    332.0690474510193,
    332.1270570755005,
    331.8246502876282,
    332.93874073028564,
    334.42353415489197,
    333.5523064136505,
    331.468293428421,
    331.7443735599518,
    331.09210562705994,
    331.12878608703613,
    330.7690839767456,
    331.1053771972656,
    330.7954273223877,
    331.75404477119446,
    331.43374156951904,
    331.14799880981445,
    330.8233096599579,
    330.3983647823334,
    330.5440790653229,
    330.31352257728577,
    331.95608854293823,
    331.8392422199249,
    330.57064175605774,
    331.5180654525757,
    330.8586709499359,
    331.6906769275665,
    330.99819231033325,
    330.86529517173767,
    331.3301429748535
  ]
}