{
  "target_distribution": "HybridRosenbrock",
  "proposal_distribution": "Normal",
  "dimension": 5,
  "num_iterations": 1000000,
  "seed": 17,
  "total_time": 18134.861044168472,
  "max_esjd": 0.06466368585824966,
  "max_acceptance_rate": 0.112128,
  "max_scale_param": 0.9723076923076922,
  "expected_squared_jump_distances": [
    9.806494927033782e-05,
    0.0015454369131475687,
    0.003445273730903864,
    0.004712085705250502,
    0.006790605373680592,
    0.009266398847103119,
    0.006210654508322477,
    0.017124628648161888,
    0.025520911440253258,
    0.006885010749101639,
    0.020798981189727783,
    0.007462057750672102,
    0.030558664351701736,
    0.04559154435992241,
    0.017711495980620384,
    0.04285731166601181,
    0.045229312032461166,
    0.054378073662519455,
    0.05504743009805679,
    0.053826287388801575,
    0.02842082642018795,
    0.06319094449281693,
    0.016342956572771072,
    0.04924452677369118,
    0.058361828327178955,
    0.042523086071014404,
    0.050606485456228256,
    0.06466368585824966,
    0.05467989668250084,
    0.006213334854692221,
    0.06051017343997955,
    0.052345678210258484,
    0.03292988985776901,
    0.05100088566541672,
    0.0400625579059124,
    0.04859631136059761,
    0.0401926264166832,
    0.03413839265704155,
    0.011113600805401802,
    0.04728269577026367
  ],
  "acceptance_rates": [
    0.983757,
    0.782737,
    0.586643,
    0.411384,
    0.35736,
    0.326632,
    0.175173,
    0.313251,
    0.358723,
    0.092915,
    0.20204,
    0.071553,
    0.209979,
    0.26571,
    0.093313,
    0.19586,
    0.183812,
    0.199442,
    0.183196,
    0.164499,
    0.081816,
    0.163042,
    0.041137,
    0.1107,
    0.122331,
    0.084269,
    0.093562,
    0.112128,
    0.090267,
    0.010449,
    0.090058,
    0.074758,
    0.04507,
    0.066746,
    0.050595,
    0.058498,
    0.04659,
    0.038176,
    0.012271,
    0.049243
  ],
  "scale_param_range": [
    0.01,
    0.04564102564102564,
    0.08128205128205127,
    0.1169230769230769,
    0.15256410256410255,
    0.1882051282051282,
    0.2238461538461538,
    0.2594871794871794,
    0.2951282051282051,
    0.3307692307692307,
    0.3664102564102564,
    0.402051282051282,
    0.4376923076923076,
    0.4733333333333333,
    0.5089743589743588,
    0.5446153846153845,
    0.5802564102564102,
    0.6158974358974358,
    0.6515384615384614,
    0.6871794871794871,
    0.7228205128205127,
    0.7584615384615383,
    0.794102564102564,
    0.8297435897435896,
    0.8653846153846152,
    0.9010256410256409,
    0.9366666666666665,
    0.9723076923076922,
    1.0079487179487177,
    1.0435897435897434,
    1.079230769230769,
    1.1148717948717948,
    1.1505128205128203,
    1.186153846153846,
    1.2217948717948717,
    1.2574358974358972,
    1.2930769230769228,
    1.3287179487179486,
    1.3643589743589741,
    1.4
  ],
  "times": [
    452.0405333042145,
    454.088760137558,
    451.6378667354584,
    455.0165710449219,
    454.2700972557068,
    452.4950752258301,
    452.763689994812,
    452.47300839424133,
    452.87164068222046,
    453.01894307136536,
    452.48206543922424,
    453.42867636680603,
    453.5501890182495,
    453.8752632141113,
    453.94499611854553,
    454.044579744339,
    452.95204997062683,
    453.316694021225,
    453.25181245803833,
    453.38244366645813,
    453.5096216201782,
    453.50529074668884,
    452.3409776687622,
    454.3071222305298,
    452.5710554122925,
    453.1157736778259,
    452.72191739082336,
    454.23963165283203,
    453.333105802536,
    454.6569137573242,
    453.8231375217438,
    453.7436845302582,
    452.3420715332031,
    453.8717029094696,
    453.24303436279297,
    454.2606074810028,
    453.5636601448059,
    453.3977515697479,
    453.13077116012573,
    454.2337017059326
  ]
}