{
  "target_distribution": "HybridRosenbrock",
  "dimension": 5,
  "num_iterations": 100000,
  "seed": 3,
  "total_time": 1306.2894237041473,
  "max_esjd": 0.07037585973739624,
  "max_acceptance_rate": 0.17409,
  "max_variance_value": 0.7715384615384615,
  "expected_squared_jump_distances": [
    9.849892376223579e-05,
    0.0011680172756314278,
    0.003219221020117402,
    0.005758027080446482,
    0.009145814925432205,
    0.01344282552599907,
    0.01547184493392706,
    0.022298386320471764,
    0.014367037452757359,
    0.02555917203426361,
    0.023298099637031555,
    0.027000892907381058,
    0.04541636258363724,
    0.022638162598013878,
    0.01741824671626091,
    0.04256447032094002,
    0.04107440635561943,
    0.05349396914243698,
    0.05981437489390373,
    0.03146232292056084,
    0.06416982412338257,
    0.04015123099088669,
    0.04123381897807121,
    0.020714720711112022,
    0.034774668514728546,
    0.06428469717502594,
    0.035048287361860275,
    0.061549149453639984,
    0.053962595760822296,
    0.037046827375888824,
    0.07037585973739624,
    0.04299475997686386,
    0.02681286260485649,
    0.05429118871688843,
    0.043220195919275284,
    0.022312240675091743,
    0.05072719603776932,
    0.06901485472917557,
    0.05188010632991791,
    0.06433844566345215
  ],
  "acceptance_rates": [
    0.98572,
    0.94231,
    0.8911,
    0.8104,
    0.77528,
    0.75941,
    0.64421,
    0.68632,
    0.38388,
    0.51475,
    0.40292,
    0.39113,
    0.52852,
    0.25252,
    0.18091,
    0.34369,
    0.30144,
    0.3426,
    0.34575,
    0.17694,
    0.31039,
    0.18723,
    0.1778,
    0.08401,
    0.13125,
    0.21523,
    0.11348,
    0.18313,
    0.15264,
    0.09764,
    0.17409,
    0.10286,
    0.06381,
    0.11746,
    0.08879,
    0.04539,
    0.09719,
    0.1234,
    0.09006,
    0.10602
  ],
  "var_value_range": [
    0.01,
    0.03538461538461538,
    0.06076923076923077,
    0.08615384615384615,
    0.11153846153846153,
    0.13692307692307693,
    0.16230769230769232,
    0.18769230769230769,
    0.21307692307692308,
    0.23846153846153847,
    0.26384615384615384,
    0.28923076923076924,
    0.31461538461538463,
    0.34,
    0.36538461538461536,
    0.39076923076923076,
    0.41615384615384615,
    0.44153846153846155,
    0.46692307692307694,
    0.4923076923076923,
    0.5176923076923077,
    0.5430769230769231,
    0.5684615384615385,
    0.5938461538461538,
    0.6192307692307693,
    0.6446153846153846,
    0.67,
    0.6953846153846154,
    0.7207692307692307,
    0.7461538461538462,
    0.7715384615384615,
    0.796923076923077,
    0.8223076923076923,
    0.8476923076923076,
    0.8730769230769231,
    0.8984615384615384,
    0.9238461538461539,
    0.9492307692307692,
    0.9746153846153846,
    1.0
  ],
  "times": [
    32.9963653087616,
    32.224390745162964,
    32.67000365257263,
    32.88168787956238,
    32.71196007728577,
    32.6418719291687,
    32.90253806114197,
    32.65935468673706,
    33.40107583999634,
    33.06984543800354,
    33.283897399902344,
    33.30976724624634,
    32.81878972053528,
    32.8136727809906,
    32.878660678863525,
    32.91351270675659,
    32.45823550224304,
    32.84521961212158,
    33.15083885192871,
    32.74921798706055,
    32.33307242393494,
    32.32607913017273,
    32.54176592826843,
    33.083553075790405,
    32.85161209106445,
    32.31671071052551,
    32.400670289993286,
    32.86482763290405,
    32.67086577415466,
    32.71874260902405,
    32.66740942001343,
    32.318602323532104,
    32.24814200401306,
    32.004337549209595,
    32.37968158721924,
    32.354000091552734,
    32.29373812675476,
    32.33780479431152,
    32.329577684402466,
    31.83988642692566
  ]
}