{
  "target_distribution": "HybridRosenbrock",
  "proposal_distribution": "Normal",
  "dimension": 5,
  "num_iterations": 1000000,
  "seed": 27,
  "total_time": 18095.32276058197,
  "max_esjd": 0.06027420610189438,
  "max_acceptance_rate": 0.182144,
  "max_scale_param": 0.6871794871794871,
  "expected_squared_jump_distances": [
    9.805851732380688e-05,
    0.0015932999085634947,
    0.0036535311955958605,
    0.0047988928854465485,
    0.004244734067469835,
    0.002673039212822914,
    0.0174043420702219,
    0.0027869928162544966,
    0.022710410878062248,
    0.025690829381346703,
    0.030733317136764526,
    0.011630025692284107,
    0.003194642486050725,
    0.03987646847963333,
    0.041312482208013535,
    0.02085510455071926,
    0.004579280037432909,
    0.0402328222990036,
    0.02024988830089569,
    0.06027420610189438,
    0.021605808287858963,
    0.003370910417288542,
    0.006684734020382166,
    0.047563787549734116,
    0.04531848803162575,
    0.04507334530353546,
    0.023526879027485847,
    0.05776336044073105,
    0.042630307376384735,
    0.05976266413927078,
    0.04883852228522301,
    0.05497331917285919,
    0.026853691786527634,
    0.0195683091878891,
    0.04589258134365082,
    0.013266827911138535,
    0.03933078050613403,
    0.024602636694908142,
    0.043044500052928925,
    0.03768039122223854
  ],
  "acceptance_rates": [
    0.983698,
    0.802349,
    0.616077,
    0.419799,
    0.24991,
    0.116759,
    0.410969,
    0.067874,
    0.320732,
    0.294454,
    0.288648,
    0.101728,
    0.028779,
    0.233808,
    0.211914,
    0.101501,
    0.023594,
    0.149533,
    0.071338,
    0.182144,
    0.062465,
    0.010174,
    0.017053,
    0.107158,
    0.095663,
    0.088833,
    0.044416,
    0.100975,
    0.071235,
    0.093898,
    0.073324,
    0.078512,
    0.03723,
    0.025879,
    0.057303,
    0.016168,
    0.045738,
    0.027609,
    0.046345,
    0.039224
  ],
  "scale_param_range": [
    0.01,
    0.04564102564102564,
    0.08128205128205127,
    0.1169230769230769,
    0.15256410256410255,
    0.1882051282051282,
    0.2238461538461538,
    0.2594871794871794,
    0.2951282051282051,
    0.3307692307692307,
    0.3664102564102564,
    0.402051282051282,
    0.4376923076923076,
    0.4733333333333333,
    0.5089743589743588,
    0.5446153846153845,
    0.5802564102564102,
    0.6158974358974358,
    0.6515384615384614,
    0.6871794871794871,
    0.7228205128205127,
    0.7584615384615383,
    0.794102564102564,
    0.8297435897435896,
    0.8653846153846152,
    0.9010256410256409,
    0.9366666666666665,
    0.9723076923076922,
    1.0079487179487177,
    1.0435897435897434,
    1.079230769230769,
    1.1148717948717948,
    1.1505128205128203,
    1.186153846153846,
    1.2217948717948717,
    1.2574358974358972,
    1.2930769230769228,
    1.3287179487179486,
    1.3643589743589741,
    1.4
  ],
  "times": [
    451.7496199607849,
    452.7207124233246,
    453.1606683731079,
    451.85102796554565,
    451.20219230651855,
    452.0081226825714,
    451.56141924858093,
    451.3091506958008,
    451.0127239227295,
    451.4099979400635,
    451.19844031333923,
    452.62251901626587,
    453.2234847545624,
    451.5886402130127,
    451.6752700805664,
    451.90548872947693,
    451.9530665874481,
    451.54448914527893,
    451.3350269794464,
    452.50020384788513,
    451.88920068740845,
    452.12035608291626,
    451.3557586669922,
    452.5756149291992,
    451.7086913585663,
    451.01420617103577,
    451.8022623062134,
    452.5806694030762,
    451.8594546318054,
    451.8022964000702,
    452.243417263031,
    452.2106852531433,
    454.8686716556549,
    454.425057888031,
    453.83604288101196,
    454.1010937690735,
    454.34793305397034,
    454.40351128578186,
    454.167032957077,
    454.4341559410095
  ]
}