{
  "target_distribution": "HybridRosenbrock",
  "proposal_distribution": "Normal",
  "dimension": 19,
  "num_iterations": 1000000,
  "seed": 21,
  "total_time": 22368.329270362854,
  "max_esjd": 0.08426154404878616,
  "max_acceptance_rate": 0.24157,
  "max_scale_param": 0.6202564102564102,
  "expected_squared_jump_distances": [
    9.86720115179196e-05,
    0.0015384997241199017,
    0.004467803053557873,
    0.008580937050282955,
    0.013707748614251614,
    0.0195644311606884,
    0.02586960233747959,
    0.0323285311460495,
    0.039115749299526215,
    0.04485969617962837,
    0.051448531448841095,
    0.054989852011203766,
    0.06302833557128906,
    0.061252765357494354,
    0.07192837446928024,
    0.07447274774312973,
    0.07760564237833023,
    0.07951920479536057,
    0.08289308100938797,
    0.08272970467805862,
    0.08426154404878616,
    0.08160597085952759,
    0.07731091231107712,
    0.05823903903365135,
    0.08016389608383179,
    0.0748378336429596,
    0.07578965276479721,
    0.06556489318609238,
    0.07293662428855896,
    0.06922399997711182,
    0.06753833591938019,
    0.06501350551843643,
    0.06067356839776039,
    0.056045856326818466,
    0.052505552768707275,
    0.0540449321269989,
    0.049192629754543304,
    0.043708644807338715,
    0.03988898918032646,
    0.03740358725190163
  ],
  "acceptance_rates": [
    0.98659,
    0.939662,
    0.890336,
    0.839657,
    0.795822,
    0.752045,
    0.707749,
    0.662437,
    0.623094,
    0.572727,
    0.538266,
    0.481673,
    0.467465,
    0.392352,
    0.399381,
    0.363613,
    0.336258,
    0.307814,
    0.288584,
    0.260641,
    0.24157,
    0.214036,
    0.186824,
    0.130661,
    0.165355,
    0.143656,
    0.135298,
    0.109677,
    0.114241,
    0.10203,
    0.093694,
    0.085302,
    0.075553,
    0.066216,
    0.058903,
    0.057663,
    0.050221,
    0.042584,
    0.037185,
    0.033483
  ],
  "scale_param_range": [
    0.01,
    0.04051282051282051,
    0.07102564102564102,
    0.10153846153846154,
    0.13205128205128205,
    0.16256410256410256,
    0.1930769230769231,
    0.2235897435897436,
    0.2541025641025641,
    0.2846153846153846,
    0.3151282051282051,
    0.3456410256410256,
    0.37615384615384617,
    0.4066666666666667,
    0.4371794871794872,
    0.4676923076923077,
    0.4982051282051282,
    0.5287179487179487,
    0.5592307692307692,
    0.5897435897435898,
    0.6202564102564102,
    0.6507692307692308,
    0.6812820512820512,
    0.7117948717948718,
    0.7423076923076923,
    0.7728205128205128,
    0.8033333333333333,
    0.8338461538461538,
    0.8643589743589744,
    0.8948717948717948,
    0.9253846153846154,
    0.9558974358974358,
    0.9864102564102564,
    1.0169230769230768,
    1.0474358974358975,
    1.077948717948718,
    1.1084615384615384,
    1.1389743589743588,
    1.1694871794871795,
    1.2
  ],
  "times": [
    557.5449974536896,
    557.6169233322144,
    560.871090888977,
    561.3803579807281,
    562.2086138725281,
    560.1095881462097,
    559.4573788642883,
    557.7156410217285,
    558.6999506950378,
    558.2971494197845,
    558.5983724594116,
    558.3564345836639,
    560.1269841194153,
    558.4986057281494,
    559.8447959423065,
    559.1403052806854,
    557.9872970581055,
    558.3376858234406,
    559.1632466316223,
    557.8579208850861,
    557.7567477226257,
    558.5622663497925,
    561.2521917819977,
    559.6011481285095,
    560.5685629844666,
    557.768883228302,
    559.0065312385559,
    558.6659841537476,
    560.2653138637543,
    559.182534456253,
    558.6590096950531,
    559.2823216915131,
    558.5856120586395,
    560.7188181877136,
    560.6991922855377,
    558.5399692058563,
    558.9006741046906,
    558.3756394386292,
    560.6392061710358,
    559.3918635845184
  ]
}