{
  "target_distribution": "HybridRosenbrock",
  "proposal_distribution": "Normal",
  "dimension": 3,
  "num_iterations": 1000000,
  "seed": 1,
  "total_time": 11544.645744800568,
  "max_esjd": 0.06513551622629166,
  "max_acceptance_rate": 0.091825,
  "max_scale_param": 1.1923076923076925,
  "expected_squared_jump_distances": [
    9.764756396180019e-05,
    0.0020235285628587008,
    0.005326015409082174,
    0.009812002070248127,
    0.014102831482887268,
    0.018900586292147636,
    0.022673964500427246,
    0.026545008644461632,
    0.031097929924726486,
    0.0254378542304039,
    0.04137210175395012,
    0.0419514924287796,
    0.03521544858813286,
    0.044983696192502975,
    0.03925485908985138,
    0.047791678458452225,
    0.045976437628269196,
    0.05167768523097038,
    0.04743261635303497,
    0.042379673570394516,
    0.010718051344156265,
    0.05397503823041916,
    0.045273758471012115,
    0.05963737890124321,
    0.053553469479084015,
    0.053015466779470444,
    0.05600782111287117,
    0.06153606250882149,
    0.05052782967686653,
    0.06513551622629166,
    0.05274015665054321,
    0.05629285052418709,
    0.06241746246814728,
    0.06275320053100586,
    0.05962800607085228,
    0.051085975021123886,
    0.044068593531847,
    0.05634784698486328,
    0.059292271733284,
    0.06271243095397949
  ],
  "acceptance_rates": [
    0.982163,
    0.835912,
    0.713106,
    0.649455,
    0.565097,
    0.508166,
    0.447515,
    0.399139,
    0.369205,
    0.254934,
    0.330664,
    0.287271,
    0.212748,
    0.231372,
    0.182327,
    0.194598,
    0.169531,
    0.171431,
    0.144629,
    0.118763,
    0.030042,
    0.128398,
    0.100859,
    0.121553,
    0.102946,
    0.095829,
    0.095088,
    0.09732,
    0.075977,
    0.091825,
    0.071321,
    0.071767,
    0.075535,
    0.072286,
    0.06525,
    0.054225,
    0.044713,
    0.054079,
    0.054285,
    0.055148
  ],
  "scale_param_range": [
    0.01,
    0.050769230769230775,
    0.09153846153846154,
    0.13230769230769232,
    0.1730769230769231,
    0.21384615384615388,
    0.25461538461538463,
    0.2953846153846154,
    0.3361538461538462,
    0.37692307692307697,
    0.41769230769230775,
    0.45846153846153853,
    0.49923076923076926,
    0.54,
    0.5807692307692308,
    0.6215384615384616,
    0.6623076923076924,
    0.7030769230769232,
    0.7438461538461539,
    0.7846153846153847,
    0.8253846153846155,
    0.8661538461538463,
    0.906923076923077,
    0.9476923076923078,
    0.9884615384615385,
    1.0292307692307694,
    1.07,
    1.110769230769231,
    1.1515384615384616,
    1.1923076923076925,
    1.2330769230769232,
    1.273846153846154,
    1.3146153846153847,
    1.3553846153846154,
    1.3961538461538463,
    1.436923076923077,
    1.4776923076923079,
    1.5184615384615385,
    1.5592307692307694,
    1.6
  ],
  "times": [
    291.8365774154663,
    291.74382162094116,
    291.75433707237244,
    288.69214034080505,
    290.2094030380249,
    290.2131071090698,
    290.35421681404114,
    287.04656457901,
    286.8243293762207,
    285.2922959327698,
    285.5191879272461,
    286.0371811389923,
    290.7997031211853,
    288.73280024528503,
    288.64973759651184,
    284.34106040000916,
    290.02449321746826,
    290.6903917789459,
    290.25804114341736,
    291.950364112854,
    288.63720750808716,
    288.50365018844604,
    288.3915317058563,
    289.2864420413971,
    289.6491491794586,
    288.7260904312134,
    288.70528173446655,
    288.41084837913513,
    288.8530731201172,
    288.3697741031647,
    288.9050226211548,
    289.95039415359497,
    288.5933828353882,
    289.0503635406494,
    288.6734492778778,
    286.42006397247314,
    285.8357105255127,
    286.20947885513306,
    286.43453574180603,
    285.9932062625885
  ]
}