{
  "target_distribution": "HybridRosenbrock",
  "dimension": 5,
  "num_iterations": 100000,
  "seed": 6,
  "total_time": 1323.3196737766266,
  "max_esjd": 0.07614030689001083,
  "max_acceptance_rate": 0.19802,
  "max_variance_value": 0.7461538461538462,
  "expected_squared_jump_distances": [
    9.84755388344638e-05,
    0.0011678850278258324,
    0.0032174577936530113,
    0.00602679792791605,
    0.008708283305168152,
    0.013076098635792732,
    0.01582445576786995,
    0.022008920088410378,
    0.015984991565346718,
    0.025796396657824516,
    0.026017801836133003,
    0.02861873432993889,
    0.03248396888375282,
    0.026248278096318245,
    0.02689593844115734,
    0.04490850865840912,
    0.028461342677474022,
    0.05036061257123947,
    0.06267715990543365,
    0.043857142329216,
    0.05989942327141762,
    0.05763496831059456,
    0.05256936326622963,
    0.05713954567909241,
    0.06902698427438736,
    0.07249437272548676,
    0.07428532838821411,
    0.037398241460323334,
    0.03869030997157097,
    0.07614030689001083,
    0.06959032267332077,
    0.07124113291501999,
    0.06874138861894608,
    0.07574187964200974,
    0.057745907455682755,
    0.06792633980512619,
    0.03683919459581375,
    0.06426075845956802,
    0.05825795605778694,
    0.053521107882261276
  ],
  "acceptance_rates": [
    0.98555,
    0.94237,
    0.89068,
    0.841,
    0.74559,
    0.7425,
    0.6546,
    0.67955,
    0.41859,
    0.51846,
    0.4402,
    0.41071,
    0.39273,
    0.28634,
    0.25507,
    0.3648,
    0.21071,
    0.32713,
    0.35947,
    0.24103,
    0.29172,
    0.25898,
    0.21933,
    0.22078,
    0.24409,
    0.23984,
    0.22996,
    0.11514,
    0.10926,
    0.19802,
    0.17278,
    0.16702,
    0.15356,
    0.16201,
    0.11796,
    0.13282,
    0.07001,
    0.11519,
    0.10081,
    0.08936
  ],
  "var_value_range": [
    0.01,
    0.03538461538461538,
    0.06076923076923077,
    0.08615384615384615,
    0.11153846153846153,
    0.13692307692307693,
    0.16230769230769232,
    0.18769230769230769,
    0.21307692307692308,
    0.23846153846153847,
    0.26384615384615384,
    0.28923076923076924,
    0.31461538461538463,
    0.34,
    0.36538461538461536,
    0.39076923076923076,
    0.41615384615384615,
    0.44153846153846155,
    0.46692307692307694,
    0.4923076923076923,
    0.5176923076923077,
    0.5430769230769231,
    0.5684615384615385,
    0.5938461538461538,
    0.6192307692307693,
    0.6446153846153846,
    0.67,
    0.6953846153846154,
    0.7207692307692307,
    0.7461538461538462,
    0.7715384615384615,
    0.796923076923077,
    0.8223076923076923,
    0.8476923076923076,
    0.8730769230769231,
    0.8984615384615384,
    0.9238461538461539,
    0.9492307692307692,
    0.9746153846153846,
    1.0
  ],
  "times": [
    33.62023949623108,
    33.14916968345642,
    33.19877791404724,
    33.04091477394104,
    32.88389873504639,
    33.338292598724365,
    33.022433280944824,
    33.894554138183594,
    33.32085633277893,
    33.84997344017029,
    33.47883939743042,
    33.226295709609985,
    33.086257457733154,
    33.44072461128235,
    33.16724157333374,
    32.82294487953186,
    33.39256525039673,
    33.64894437789917,
    33.05042481422424,
    32.66124773025513,
    32.521265268325806,
    33.14655566215515,
    33.28356647491455,
    33.043400287628174,
    32.70806574821472,
    32.95672631263733,
    33.35496711730957,
    32.9322464466095,
    33.076401472091675,
    33.27135753631592,
    32.59070634841919,
    32.79129362106323,
    32.55337715148926,
    33.00187706947327,
    32.70140361785889,
    32.793941020965576,
    32.70888566970825,
    32.78856134414673,
    32.673309087753296,
    33.091832876205444
  ]
}