{
  "target_distribution": "HybridRosenbrock",
  "dimension": 29,
  "num_iterations": 1000000,
  "seed": 9,
  "total_time": 14787.113547563553,
  "max_esjd": 0.08353162556886673,
  "max_acceptance_rate": 0.219949,
  "max_variance_value": 0.6384615384615385,
  "expected_squared_jump_distances": [
    9.845866588875651e-05,
    0.0017291534459218383,
    0.005081591196358204,
    0.009819306433200836,
    0.015559249557554722,
    0.022089777514338493,
    0.02898498810827732,
    0.035457368940114975,
    0.042732078582048416,
    0.04876033961772919,
    0.05614744499325752,
    0.06243807449936867,
    0.0666785016655922,
    0.07063089311122894,
    0.07426930963993073,
    0.07848096638917923,
    0.07650507986545563,
    0.08035822957754135,
    0.0791129395365715,
    0.08353162556886673,
    0.08243963122367859,
    0.0760820209980011,
    0.07671543955802917,
    0.0788804292678833,
    0.0749894231557846,
    0.06652877479791641,
    0.06874463707208633,
    0.05822334438562393,
    0.06121635437011719,
    0.058154989033937454,
    0.05529876798391342,
    0.052610646933317184,
    0.039597589522600174,
    0.04660972207784653,
    0.042418159544467926,
    0.03441792353987694,
    0.03604421019554138,
    0.03270372003316879,
    0.030583489686250687,
    0.028908466920256615
  ],
  "acceptance_rates": [
    0.985235,
    0.934311,
    0.880555,
    0.828872,
    0.775947,
    0.727169,
    0.677425,
    0.619674,
    0.579558,
    0.528852,
    0.49792,
    0.461984,
    0.41822,
    0.380878,
    0.347721,
    0.322706,
    0.278664,
    0.260963,
    0.230646,
    0.219949,
    0.197292,
    0.166524,
    0.153941,
    0.145721,
    0.128263,
    0.105744,
    0.101593,
    0.080497,
    0.079079,
    0.070569,
    0.063119,
    0.056716,
    0.040496,
    0.044897,
    0.038797,
    0.029972,
    0.029912,
    0.025908,
    0.023103,
    0.020867
  ],
  "var_value_range": [
    0.01,
    0.04307692307692308,
    0.07615384615384616,
    0.10923076923076923,
    0.14230769230769233,
    0.17538461538461542,
    0.20846153846153848,
    0.24153846153846156,
    0.27461538461538465,
    0.3076923076923077,
    0.3407692307692308,
    0.3738461538461539,
    0.40692307692307694,
    0.44000000000000006,
    0.4730769230769231,
    0.5061538461538462,
    0.5392307692307693,
    0.5723076923076924,
    0.6053846153846154,
    0.6384615384615385,
    0.6715384615384616,
    0.7046153846153846,
    0.7376923076923078,
    0.7707692307692309,
    0.8038461538461539,
    0.836923076923077,
    0.8700000000000001,
    0.9030769230769232,
    0.9361538461538462,
    0.9692307692307693,
    1.0023076923076923,
    1.0353846153846156,
    1.0684615384615386,
    1.1015384615384616,
    1.1346153846153848,
    1.1676923076923078,
    1.2007692307692308,
    1.233846153846154,
    1.266923076923077,
    1.3
  ],
  "times": [
    369.78841519355774,
    370.27095675468445,
    369.15410137176514,
    369.27700662612915,
    369.9054045677185,
    369.56958079338074,
    369.7354416847229,
    370.4013056755066,
    368.78568863868713,
    370.3436279296875,
    369.6583106517792,
    370.0291829109192,
    369.5784752368927,
    369.99076437950134,
    368.83411407470703,
    369.0147657394409,
    369.809207201004,
    370.0912003517151,
    369.2041642665863,
    370.40812039375305,
    369.81761860847473,
    370.26799178123474,
    370.59722805023193,
    370.3639106750488,
    369.4187927246094,
    369.23815417289734,
    368.69330072402954,
    369.7743091583252,
    368.8495512008667,
    370.03193759918213,
    369.4321744441986,
    370.8176739215851,
    370.1289258003235,
    368.8149514198303,
    369.7716829776764,
    369.23935627937317,
    368.64868664741516,
    369.49693489074707,
    369.5258321762085,
    370.27109146118164
  ]
}