{
  "target_distribution": "HybridRosenbrock",
  "dimension": 19,
  "num_iterations": 1000000,
  "seed": 6,
  "total_time": 24085.177963495255,
  "max_esjd": 0.08423089236021042,
  "max_acceptance_rate": 0.281012,
  "max_variance_value": 0.5723076923076924,
  "expected_squared_jump_distances": [
    9.835146920522675e-05,
    0.001719881547614932,
    0.005046785343438387,
    0.009784013032913208,
    0.015539459884166718,
    0.02157585509121418,
    0.028809484094381332,
    0.03624110668897629,
    0.042236585170030594,
    0.04935283958911896,
    0.05475950241088867,
    0.06054014712572098,
    0.06735727936029434,
    0.07141713798046112,
    0.07563188672065735,
    0.07429643720388412,
    0.07017864286899567,
    0.08423089236021042,
    0.08124633133411407,
    0.08375173062086105,
    0.0760892704129219,
    0.08283522725105286,
    0.07651010900735855,
    0.06720049679279327,
    0.07129503041505814,
    0.0763566866517067,
    0.07121896743774414,
    0.06844931095838547,
    0.06554149836301804,
    0.05934092774987221,
    0.0559055432677269,
    0.05830968916416168,
    0.05330360308289528,
    0.041270025074481964,
    0.041260261088609695,
    0.043722111731767654,
    0.03692116215825081,
    0.03585337847471237,
    0.03599182888865471,
    0.03148509934544563
  ],
  "acceptance_rates": [
    0.984231,
    0.930468,
    0.876688,
    0.828875,
    0.778609,
    0.715473,
    0.67853,
    0.638565,
    0.579406,
    0.542098,
    0.493277,
    0.455736,
    0.429853,
    0.392491,
    0.361743,
    0.31305,
    0.263245,
    0.281012,
    0.24433,
    0.227981,
    0.189073,
    0.187735,
    0.160015,
    0.129971,
    0.127708,
    0.126708,
    0.110481,
    0.099298,
    0.08927,
    0.076112,
    0.067832,
    0.066576,
    0.057918,
    0.04267,
    0.040514,
    0.040845,
    0.032955,
    0.030597,
    0.029434,
    0.024727
  ],
  "var_value_range": [
    0.01,
    0.04307692307692308,
    0.07615384615384616,
    0.10923076923076923,
    0.14230769230769233,
    0.17538461538461542,
    0.20846153846153848,
    0.24153846153846156,
    0.27461538461538465,
    0.3076923076923077,
    0.3407692307692308,
    0.3738461538461539,
    0.40692307692307694,
    0.44000000000000006,
    0.4730769230769231,
    0.5061538461538462,
    0.5392307692307693,
    0.5723076923076924,
    0.6053846153846154,
    0.6384615384615385,
    0.6715384615384616,
    0.7046153846153846,
    0.7376923076923078,
    0.7707692307692309,
    0.8038461538461539,
    0.836923076923077,
    0.8700000000000001,
    0.9030769230769232,
    0.9361538461538462,
    0.9692307692307693,
    1.0023076923076923,
    1.0353846153846156,
    1.0684615384615386,
    1.1015384615384616,
    1.1346153846153848,
    1.1676923076923078,
    1.2007692307692308,
    1.233846153846154,
    1.266923076923077,
    1.3
  ],
  "times": [
    601.3886952400208,
    603.2267954349518,
    603.1943662166595,
    601.4523198604584,
    602.5356595516205,
    600.3960955142975,
    600.2177309989929,
    602.5763101577759,
    603.6656446456909,
    602.5237126350403,
    604.4324181079865,
    600.9175274372101,
    602.5192577838898,
    600.4495306015015,
    602.3902683258057,
    601.7319111824036,
    600.5775158405304,
    600.370854139328,
    600.6858484745026,
    603.7292768955231,
    603.1956112384796,
    603.0102016925812,
    601.7315375804901,
    601.3925795555115,
    602.0097925662994,
    601.6739809513092,
    603.2199385166168,
    601.7973186969757,
    603.0328795909882,
    602.103410243988,
    602.4948358535767,
    601.7836163043976,
    602.2816801071167,
    602.1949415206909,
    603.4820997714996,
    601.3928937911987,
    602.1113736629486,
    601.9079041481018,
    602.9415485858917,
    602.3646152019501
  ]
}