{
  "target_distribution": "HybridRosenbrock",
  "proposal_distribution": "Normal",
  "dimension": 29,
  "num_iterations": 1000000,
  "seed": 1,
  "total_time": 45278.18634748459,
  "max_esjd": 0.08455520868301392,
  "max_acceptance_rate": 0.214319,
  "max_scale_param": 0.6507692307692308,
  "expected_squared_jump_distances": [
    9.852790390141308e-05,
    0.001536232652142644,
    0.004475259687751532,
    0.008630621246993542,
    0.013743815943598747,
    0.019520020112395287,
    0.025637563318014145,
    0.032334573566913605,
    0.038902826607227325,
    0.044177860021591187,
    0.04989264905452728,
    0.05685316398739815,
    0.059181392192840576,
    0.0682130753993988,
    0.07319420576095581,
    0.070758156478405,
    0.07820463180541992,
    0.0822170302271843,
    0.07462964951992035,
    0.08076149970293045,
    0.08292307704687119,
    0.08455520868301392,
    0.08221383392810822,
    0.0796639695763588,
    0.07993263751268387,
    0.07718206942081451,
    0.07533125579357147,
    0.0726117491722107,
    0.06402779370546341,
    0.06381642818450928,
    0.06309256702661514,
    0.06187054514884949,
    0.04733912646770477,
    0.05481896176934242,
    0.05081664025783539,
    0.045731741935014725,
    0.042869243770837784,
    0.03853200003504753,
    0.037663258612155914,
    0.03641896694898605
  ],
  "acceptance_rates": [
    0.985354,
    0.937651,
    0.890537,
    0.841995,
    0.794494,
    0.746553,
    0.697054,
    0.657233,
    0.614266,
    0.55818,
    0.515996,
    0.490006,
    0.433174,
    0.427471,
    0.398537,
    0.338703,
    0.330961,
    0.309892,
    0.253432,
    0.247375,
    0.230384,
    0.214319,
    0.191236,
    0.170934,
    0.158335,
    0.141811,
    0.128731,
    0.115961,
    0.095684,
    0.089491,
    0.083216,
    0.076859,
    0.055865,
    0.060953,
    0.053522,
    0.045882,
    0.040864,
    0.035061,
    0.032715,
    0.030148
  ],
  "scale_param_range": [
    0.01,
    0.04051282051282051,
    0.07102564102564102,
    0.10153846153846154,
    0.13205128205128205,
    0.16256410256410256,
    0.1930769230769231,
    0.2235897435897436,
    0.2541025641025641,
    0.2846153846153846,
    0.3151282051282051,
    0.3456410256410256,
    0.37615384615384617,
    0.4066666666666667,
    0.4371794871794872,
    0.4676923076923077,
    0.4982051282051282,
    0.5287179487179487,
    0.5592307692307692,
    0.5897435897435898,
    0.6202564102564102,
    0.6507692307692308,
    0.6812820512820512,
    0.7117948717948718,
    0.7423076923076923,
    0.7728205128205128,
    0.8033333333333333,
    0.8338461538461538,
    0.8643589743589744,
    0.8948717948717948,
    0.9253846153846154,
    0.9558974358974358,
    0.9864102564102564,
    1.0169230769230768,
    1.0474358974358975,
    1.077948717948718,
    1.1084615384615384,
    1.1389743589743588,
    1.1694871794871795,
    1.2
  ],
  "times": [
    1139.7940287590027,
    1128.724029302597,
    1129.8638834953308,
    1130.5991015434265,
    1134.49893450737,
    1132.608984708786,
    1133.5231537818909,
    1127.6556596755981,
    1127.9626231193542,
    1135.4968767166138,
    1135.8794438838959,
    1129.6237695217133,
    1127.8535642623901,
    1127.764883518219,
    1134.6842985153198,
    1125.065201997757,
    1127.9065067768097,
    1128.628839969635,
    1128.6684110164642,
    1127.312044620514,
    1140.2120671272278,
    1136.8225891590118,
    1127.639466047287,
    1141.9541125297546,
    1127.6075479984283,
    1129.2533419132233,
    1133.5826337337494,
    1124.7720694541931,
    1128.7982606887817,
    1133.3142731189728,
    1139.5276007652283,
    1125.8853933811188,
    1129.7720005512238,
    1127.6598000526428,
    1136.3385887145996,
    1133.6547045707703,
    1134.9532508850098,
    1136.1256067752838,
    1140.8384637832642,
    1135.2173764705658
  ]
}