{
  "target_distribution": "HybridRosenbrock",
  "proposal_distribution": "Normal",
  "dimension": 3,
  "num_iterations": 1000000,
  "seed": 25,
  "total_time": 13739.512537956238,
  "max_esjd": 0.06797502189874649,
  "max_acceptance_rate": 0.059386,
  "max_scale_param": 1.6,
  "expected_squared_jump_distances": [
    9.808257163967937e-05,
    0.002188851125538349,
    0.005885117221623659,
    0.010181732475757599,
    0.015612202696502209,
    0.019383322447538376,
    0.02114776521921158,
    0.025342417880892754,
    0.029129082337021828,
    0.031131921336054802,
    0.032891906797885895,
    0.02956063486635685,
    0.03765711560845375,
    0.04702921584248543,
    0.053322773426771164,
    0.04582212492823601,
    0.05078565701842308,
    0.05285772681236267,
    0.0412837490439415,
    0.05409085005521774,
    0.056018102914094925,
    0.04834670200943947,
    0.06004120409488678,
    0.04765484854578972,
    0.03277946636080742,
    0.06143349036574364,
    0.05900917574763298,
    0.05957446247339249,
    0.05241955444216728,
    0.04480743780732155,
    0.06068462133407593,
    0.04100065678358078,
    0.04512381926178932,
    0.05320186913013458,
    0.05058637633919716,
    0.05927553027868271,
    0.05914224311709404,
    0.05712787061929703,
    0.06242327392101288,
    0.06797502189874649
  ],
  "acceptance_rates": [
    0.98532,
    0.885508,
    0.768367,
    0.666198,
    0.611396,
    0.51837,
    0.417498,
    0.380495,
    0.347087,
    0.303063,
    0.268414,
    0.206868,
    0.223999,
    0.241697,
    0.240302,
    0.187754,
    0.184704,
    0.174526,
    0.126149,
    0.149556,
    0.142652,
    0.11451,
    0.131181,
    0.098117,
    0.0642,
    0.109504,
    0.099194,
    0.094046,
    0.079249,
    0.063696,
    0.08137,
    0.053362,
    0.055209,
    0.061588,
    0.056063,
    0.06232,
    0.059408,
    0.055255,
    0.057347,
    0.059386
  ],
  "scale_param_range": [
    0.01,
    0.050769230769230775,
    0.09153846153846154,
    0.13230769230769232,
    0.1730769230769231,
    0.21384615384615388,
    0.25461538461538463,
    0.2953846153846154,
    0.3361538461538462,
    0.37692307692307697,
    0.41769230769230775,
    0.45846153846153853,
    0.49923076923076926,
    0.54,
    0.5807692307692308,
    0.6215384615384616,
    0.6623076923076924,
    0.7030769230769232,
    0.7438461538461539,
    0.7846153846153847,
    0.8253846153846155,
    0.8661538461538463,
    0.906923076923077,
    0.9476923076923078,
    0.9884615384615385,
    1.0292307692307694,
    1.07,
    1.110769230769231,
    1.1515384615384616,
    1.1923076923076925,
    1.2330769230769232,
    1.273846153846154,
    1.3146153846153847,
    1.3553846153846154,
    1.3961538461538463,
    1.436923076923077,
    1.4776923076923079,
    1.5184615384615385,
    1.5592307692307694,
    1.6
  ],
  "times": [
    343.02215695381165,
    342.9894366264343,
    342.2905442714691,
    343.27650260925293,
    342.6658310890198,
    342.0794577598572,
    342.91843461990356,
    342.16785287857056,
    343.130517244339,
    343.0025272369385,
    341.3219952583313,
    343.18507719039917,
    342.7707588672638,
    342.416640996933,
    342.9753451347351,
    342.14718556404114,
    342.5786085128784,
    343.8674523830414,
    344.1213619709015,
    343.5202097892761,
    343.7510154247284,
    342.49550890922546,
    343.7064621448517,
    342.8309528827667,
    344.33442759513855,
    345.43051385879517,
    344.37963008880615,
    345.1424660682678,
    344.1704578399658,
    343.9753589630127,
    344.5913894176483,
    343.28910064697266,
    345.1167676448822,
    345.9914996623993,
    344.6905264854431,
    345.2361159324646,
    344.1727840900421,
    342.79564571380615,
    343.69243359565735,
    343.21950674057007
  ]
}