{
  "target_distribution": "HybridRosenbrock",
  "proposal_distribution": "Normal",
  "dimension": 5,
  "num_iterations": 1000000,
  "seed": 29,
  "total_time": 17808.153219223022,
  "max_esjd": 0.06464098393917084,
  "max_acceptance_rate": 0.144012,
  "max_scale_param": 0.8297435897435896,
  "expected_squared_jump_distances": [
    9.806008893065155e-05,
    0.0015550601528957486,
    0.003821941325441003,
    0.00467308983206749,
    0.007650566287338734,
    0.008892608806490898,
    0.0050400057807564735,
    0.005800323095172644,
    0.006293539889156818,
    0.004245644435286522,
    0.03707365691661835,
    0.008750082924962044,
    0.03087017312645912,
    0.034066248685121536,
    0.0437508188188076,
    0.014565417543053627,
    0.04195499047636986,
    0.05140490457415581,
    0.047467656433582306,
    0.05048072710633278,
    0.04266660660505295,
    0.04858332872390747,
    0.03512127324938774,
    0.06464098393917084,
    0.05024343729019165,
    0.06031844764947891,
    0.0588630773127079,
    0.04907789081335068,
    0.058485742658376694,
    0.04649970680475235,
    0.05921085178852081,
    0.05496770143508911,
    0.03917289525270462,
    0.05122973769903183,
    0.04555491358041763,
    0.050649818032979965,
    0.045638881623744965,
    0.042947180569171906,
    0.05009262636303902,
    0.03706591948866844
  ],
  "acceptance_rates": [
    0.983725,
    0.7866,
    0.639329,
    0.408436,
    0.395725,
    0.315712,
    0.141315,
    0.126859,
    0.110425,
    0.065106,
    0.342171,
    0.079986,
    0.211738,
    0.20141,
    0.224747,
    0.072168,
    0.172751,
    0.188065,
    0.158917,
    0.154115,
    0.120948,
    0.126501,
    0.085655,
    0.144012,
    0.105305,
    0.118427,
    0.108686,
    0.085954,
    0.096762,
    0.073081,
    0.088614,
    0.078459,
    0.053894,
    0.066851,
    0.056901,
    0.060959,
    0.05267,
    0.047862,
    0.053573,
    0.038438
  ],
  "scale_param_range": [
    0.01,
    0.04564102564102564,
    0.08128205128205127,
    0.1169230769230769,
    0.15256410256410255,
    0.1882051282051282,
    0.2238461538461538,
    0.2594871794871794,
    0.2951282051282051,
    0.3307692307692307,
    0.3664102564102564,
    0.402051282051282,
    0.4376923076923076,
    0.4733333333333333,
    0.5089743589743588,
    0.5446153846153845,
    0.5802564102564102,
    0.6158974358974358,
    0.6515384615384614,
    0.6871794871794871,
    0.7228205128205127,
    0.7584615384615383,
    0.794102564102564,
    0.8297435897435896,
    0.8653846153846152,
    0.9010256410256409,
    0.9366666666666665,
    0.9723076923076922,
    1.0079487179487177,
    1.0435897435897434,
    1.079230769230769,
    1.1148717948717948,
    1.1505128205128203,
    1.186153846153846,
    1.2217948717948717,
    1.2574358974358972,
    1.2930769230769228,
    1.3287179487179486,
    1.3643589743589741,
    1.4
  ],
  "times": [
    445.48157477378845,
    445.51863265037537,
    445.04126238822937,
    444.7114145755768,
    445.13881397247314,
    445.1739311218262,
    444.80669808387756,
    445.1086013317108,
    444.99270391464233,
    445.6834816932678,
    444.61488485336304,
    445.4980311393738,
    445.8653190135956,
    445.0493061542511,
    444.7624135017395,
    444.95212602615356,
    444.7463572025299,
    445.0758156776428,
    445.43945050239563,
    445.0653109550476,
    444.8955760002136,
    444.3661193847656,
    444.7007975578308,
    445.55597949028015,
    445.3151023387909,
    445.8357820510864,
    444.9767212867737,
    445.7260682582855,
    445.3159832954407,
    446.2400562763214,
    445.65417289733887,
    445.3738467693329,
    444.79546570777893,
    445.4015076160431,
    445.34001111984253,
    445.6125545501709,
    444.9475905895233,
    445.0946455001831,
    444.9910218715668,
    445.2472982406616
  ]
}