{
  "target_distribution": "HybridRosenbrock",
  "dimension": 19,
  "num_iterations": 100000,
  "seed": 19,
  "total_time": 1336.282241821289,
  "max_esjd": 0.08671750873327255,
  "max_acceptance_rate": 0.23164,
  "max_variance_value": 0.6446153846153846,
  "expected_squared_jump_distances": [
    9.867092740023509e-05,
    0.0011848482536152005,
    0.0033411800395697355,
    0.006405855994671583,
    0.010219129733741283,
    0.014713159762322903,
    0.019528109580278397,
    0.024726396426558495,
    0.030242111533880234,
    0.036001842468976974,
    0.04148662090301514,
    0.0467771552503109,
    0.051472052931785583,
    0.05681851506233215,
    0.06161931902170181,
    0.06599834561347961,
    0.07036175578832626,
    0.07415681332349777,
    0.07574667036533356,
    0.07783550024032593,
    0.07889581471681595,
    0.08309996873140335,
    0.08458530157804489,
    0.08571265637874603,
    0.08545172959566116,
    0.08671750873327255,
    0.08456486463546753,
    0.07870206981897354,
    0.0843859538435936,
    0.07634986937046051,
    0.07914955168962479,
    0.0806368887424469,
    0.07936481386423111,
    0.07757518440485,
    0.07552822679281235,
    0.07042951136827469,
    0.06923142820596695,
    0.06781689077615738,
    0.06005634739995003,
    0.05782533064484596
  ],
  "acceptance_rates": [
    0.98627,
    0.94784,
    0.90836,
    0.86862,
    0.8289,
    0.79406,
    0.75276,
    0.71531,
    0.68098,
    0.64902,
    0.6135,
    0.57793,
    0.53976,
    0.51207,
    0.48301,
    0.45423,
    0.42828,
    0.40294,
    0.36991,
    0.34465,
    0.31799,
    0.30492,
    0.2842,
    0.26631,
    0.24609,
    0.23164,
    0.21014,
    0.18266,
    0.18296,
    0.15592,
    0.15222,
    0.14588,
    0.13542,
    0.12564,
    0.11641,
    0.10255,
    0.09636,
    0.0897,
    0.07653,
    0.0704
  ],
  "var_value_range": [
    0.01,
    0.03538461538461538,
    0.06076923076923077,
    0.08615384615384615,
    0.11153846153846153,
    0.13692307692307693,
    0.16230769230769232,
    0.18769230769230769,
    0.21307692307692308,
    0.23846153846153847,
    0.26384615384615384,
    0.28923076923076924,
    0.31461538461538463,
    0.34,
    0.36538461538461536,
    0.39076923076923076,
    0.41615384615384615,
    0.44153846153846155,
    0.46692307692307694,
    0.4923076923076923,
    0.5176923076923077,
    0.5430769230769231,
    0.5684615384615385,
    0.5938461538461538,
    0.6192307692307693,
    0.6446153846153846,
    0.67,
    0.6953846153846154,
    0.7207692307692307,
    0.7461538461538462,
    0.7715384615384615,
    0.796923076923077,
    0.8223076923076923,
    0.8476923076923076,
    0.8730769230769231,
    0.8984615384615384,
    0.9238461538461539,
    0.9492307692307692,
    0.9746153846153846,
    1.0
  ],
  "times": [
    33.615925312042236,
    33.44888162612915,
    33.39769744873047,
    33.49473237991333,
    33.33250164985657,
    33.427398443222046,
    33.36687684059143,
    33.30108332633972,
    33.270986557006836,
    33.30823802947998,
    33.275750160217285,
    33.39839291572571,
    33.389857053756714,
    33.475096702575684,
    33.37419414520264,
    33.437037229537964,
    33.361411333084106,
    33.42100954055786,
    33.44345951080322,
    33.42923378944397,
    33.37066078186035,
    33.49269127845764,
    33.327942848205566,
    33.43505120277405,
    33.37230658531189,
    33.48485803604126,
    33.42019557952881,
    33.463924407958984,
    33.42338967323303,
    33.44348692893982,
    33.382346868515015,
    33.45735049247742,
    33.357922077178955,
    33.49955892562866,
    33.455477237701416,
    33.518279790878296,
    33.36600065231323,
    33.392295122146606,
    33.24937915802002,
    33.37591505050659
  ]
}