{
  "target_distribution": "HybridRosenbrock",
  "proposal_distribution": "Normal",
  "dimension": 29,
  "num_iterations": 1000000,
  "seed": 6,
  "total_time": 42715.93039751053,
  "max_esjd": 0.08358217030763626,
  "max_acceptance_rate": 0.283033,
  "max_scale_param": 0.5592307692307692,
  "expected_squared_jump_distances": [
    9.852696530288085e-05,
    0.0015363795682787895,
    0.0044750431552529335,
    0.008627956733107567,
    0.013751611113548279,
    0.01951182819902897,
    0.025701239705085754,
    0.03211009502410889,
    0.03905647620558739,
    0.04543643444776535,
    0.030637279152870178,
    0.05792313441634178,
    0.06250844895839691,
    0.04652869701385498,
    0.07180801779031754,
    0.06749546527862549,
    0.07928657531738281,
    0.08090963214635849,
    0.08358217030763626,
    0.08352278172969818,
    0.08311733603477478,
    0.08277302980422974,
    0.07981768995523453,
    0.08161155134439468,
    0.07601318508386612,
    0.07410778105258942,
    0.07695862650871277,
    0.07391014695167542,
    0.04063306376338005,
    0.06755661964416504,
    0.06200869381427765,
    0.055697403848171234,
    0.05727657303214073,
    0.0408976711332798,
    0.05125545337796211,
    0.04483328014612198,
    0.04435988888144493,
    0.04202166944742203,
    0.03867489844560623,
    0.026214465498924255
  ],
  "acceptance_rates": [
    0.985347,
    0.937723,
    0.89046,
    0.84173,
    0.79496,
    0.746177,
    0.698712,
    0.653048,
    0.616347,
    0.573534,
    0.321606,
    0.499043,
    0.456504,
    0.295102,
    0.391321,
    0.323437,
    0.335231,
    0.305171,
    0.283033,
    0.255599,
    0.230852,
    0.20983,
    0.18578,
    0.174801,
    0.150501,
    0.136206,
    0.131537,
    0.117927,
    0.061286,
    0.094693,
    0.081778,
    0.069418,
    0.067328,
    0.04573,
    0.053964,
    0.045089,
    0.042351,
    0.038179,
    0.033611,
    0.02179
  ],
  "scale_param_range": [
    0.01,
    0.04051282051282051,
    0.07102564102564102,
    0.10153846153846154,
    0.13205128205128205,
    0.16256410256410256,
    0.1930769230769231,
    0.2235897435897436,
    0.2541025641025641,
    0.2846153846153846,
    0.3151282051282051,
    0.3456410256410256,
    0.37615384615384617,
    0.4066666666666667,
    0.4371794871794872,
    0.4676923076923077,
    0.4982051282051282,
    0.5287179487179487,
    0.5592307692307692,
    0.5897435897435898,
    0.6202564102564102,
    0.6507692307692308,
    0.6812820512820512,
    0.7117948717948718,
    0.7423076923076923,
    0.7728205128205128,
    0.8033333333333333,
    0.8338461538461538,
    0.8643589743589744,
    0.8948717948717948,
    0.9253846153846154,
    0.9558974358974358,
    0.9864102564102564,
    1.0169230769230768,
    1.0474358974358975,
    1.077948717948718,
    1.1084615384615384,
    1.1389743589743588,
    1.1694871794871795,
    1.2
  ],
  "times": [
    1075.8047277927399,
    1063.755661725998,
    1067.6184709072113,
    1065.629863500595,
    1068.5183746814728,
    1067.16756772995,
    1067.125283241272,
    1068.7280087471008,
    1070.107544183731,
    1065.7235198020935,
    1066.6984241008759,
    1067.2751231193542,
    1069.1442432403564,
    1064.7160773277283,
    1066.045917749405,
    1064.6638326644897,
    1063.1546545028687,
    1066.3345329761505,
    1070.189828157425,
    1073.0534904003143,
    1068.701709985733,
    1065.8306760787964,
    1070.6407108306885,
    1068.5549011230469,
    1064.8288457393646,
    1064.7615222930908,
    1066.2891187667847,
    1066.0820763111115,
    1066.821216583252,
    1067.4680151939392,
    1065.8516640663147,
    1072.6087889671326,
    1073.9681873321533,
    1065.6236910820007,
    1064.2629041671753,
    1068.566336631775,
    1070.26100564003,
    1072.4294834136963,
    1071.8194184303284,
    1068.963062763214
  ]
}