{
  "target_distribution": "HybridRosenbrock",
  "dimension": 9,
  "num_iterations": 100000,
  "seed": 9,
  "total_time": 2941.2638635635376,
  "max_esjd": 0.08891553431749344,
  "max_acceptance_rate": 0.21272,
  "max_variance_value": 0.7243589743589745,
  "expected_squared_jump_distances": [
    9.852222865447402e-05,
    0.003316734218969941,
    0.010084166191518307,
    0.01809491217136383,
    0.029023656621575356,
    0.03952600806951523,
    0.04178312420845032,
    0.05852910876274109,
    0.060189373791217804,
    0.02612539939582348,
    0.07537238299846649,
    0.07417836040258408,
    0.08521951735019684,
    0.06934193521738052,
    0.08891553431749344,
    0.07695505768060684,
    0.07749921828508377,
    0.06586448103189468,
    0.054446991533041,
    0.06941558420658112,
    0.06743276119232178,
    0.06536109745502472,
    0.058056678622961044,
    0.05593353882431984,
    0.055155325680971146,
    0.048718348145484924,
    0.047714147716760635,
    0.04647231474518776,
    0.03883197531104088,
    0.03903965651988983,
    0.02791215106844902,
    0.029095960780978203,
    0.028717484325170517,
    0.025765864178538322,
    0.02159181609749794,
    0.021312721073627472,
    0.020403660833835602,
    0.014726144261658192,
    0.015099311247467995,
    0.011509017087519169
  ],
  "acceptance_rates": [
    0.98659,
    0.90094,
    0.82159,
    0.70911,
    0.66618,
    0.60003,
    0.46071,
    0.47961,
    0.38916,
    0.14693,
    0.32513,
    0.27101,
    0.26535,
    0.19029,
    0.21272,
    0.16538,
    0.14962,
    0.11447,
    0.08748,
    0.10183,
    0.09069,
    0.08132,
    0.06736,
    0.06111,
    0.05634,
    0.04669,
    0.04373,
    0.0402,
    0.03234,
    0.0304,
    0.02083,
    0.0211,
    0.01951,
    0.0169,
    0.01404,
    0.01307,
    0.01191,
    0.00875,
    0.00864,
    0.00603
  ],
  "var_value_range": [
    0.01,
    0.06102564102564103,
    0.11205128205128205,
    0.1630769230769231,
    0.21410256410256412,
    0.2651282051282051,
    0.3161538461538462,
    0.36717948717948723,
    0.41820512820512823,
    0.46923076923076923,
    0.5202564102564102,
    0.5712820512820513,
    0.6223076923076923,
    0.6733333333333333,
    0.7243589743589745,
    0.7753846153846154,
    0.8264102564102564,
    0.8774358974358974,
    0.9284615384615384,
    0.9794871794871796,
    1.0305128205128204,
    1.0815384615384616,
    1.1325641025641027,
    1.1835897435897436,
    1.2346153846153847,
    1.2856410256410258,
    1.3366666666666667,
    1.3876923076923078,
    1.438717948717949,
    1.4897435897435898,
    1.540769230769231,
    1.5917948717948718,
    1.642820512820513,
    1.693846153846154,
    1.744871794871795,
    1.795897435897436,
    1.846923076923077,
    1.897948717948718,
    1.9489743589743591,
    2.0
  ],
  "times": [
    76.42085123062134,
    73.67691493034363,
    73.46308517456055,
    73.59021329879761,
    73.628591299057,
    73.53384256362915,
    73.44545435905457,
    73.52805256843567,
    73.31833291053772,
    73.60035800933838,
    73.43968391418457,
    73.488765001297,
    73.26377034187317,
    73.48397183418274,
    73.57181119918823,
    73.5119833946228,
    73.2880265712738,
    73.46439266204834,
    73.45005798339844,
    73.49405550956726,
    73.28383564949036,
    73.54840016365051,
    73.53663372993469,
    73.47075057029724,
    73.22322940826416,
    73.47682189941406,
    73.36762118339539,
    73.53004360198975,
    73.40431809425354,
    73.51721382141113,
    73.2389554977417,
    73.52789807319641,
    73.4001886844635,
    73.5056643486023,
    73.25213170051575,
    73.42542624473572,
    73.51064872741699,
    73.42122530937195,
    73.28764057159424,
    73.63941025733948
  ]
}