{
  "target_distribution": "HybridRosenbrock",
  "dimension": 19,
  "num_iterations": 1000000,
  "seed": 5,
  "total_time": 24694.54787015915,
  "max_esjd": 0.08326932787895203,
  "max_acceptance_rate": 0.250116,
  "max_variance_value": 0.6053846153846154,
  "expected_squared_jump_distances": [
    9.835609671426937e-05,
    0.001720427186228335,
    0.005068193189799786,
    0.009801079519093037,
    0.015458881855010986,
    0.021920068189501762,
    0.028674539178609848,
    0.03597432002425194,
    0.04268171265721321,
    0.04981718584895134,
    0.05486577749252319,
    0.06178450584411621,
    0.06696721911430359,
    0.07197398692369461,
    0.07650575041770935,
    0.07916802912950516,
    0.07825925201177597,
    0.07566455751657486,
    0.08326932787895203,
    0.07617790251970291,
    0.074026919901371,
    0.08226387202739716,
    0.07847612351179123,
    0.07921334356069565,
    0.06478732824325562,
    0.07409605383872986,
    0.07381665706634521,
    0.06871218979358673,
    0.06373872607946396,
    0.06089857220649719,
    0.05866624042391777,
    0.05254346877336502,
    0.05450979620218277,
    0.049752384424209595,
    0.0480678491294384,
    0.04423658549785614,
    0.041664279997348785,
    0.03765348345041275,
    0.03641229495406151,
    0.03361211344599724
  ],
  "acceptance_rates": [
    0.984265,
    0.930704,
    0.880136,
    0.830166,
    0.774781,
    0.726256,
    0.675617,
    0.634075,
    0.585354,
    0.546624,
    0.494184,
    0.46477,
    0.427733,
    0.39531,
    0.365767,
    0.333061,
    0.292557,
    0.253402,
    0.250116,
    0.207792,
    0.184037,
    0.186813,
    0.163956,
    0.152749,
    0.116198,
    0.123171,
    0.114338,
    0.099659,
    0.087075,
    0.078199,
    0.071131,
    0.060245,
    0.059232,
    0.051328,
    0.047138,
    0.041323,
    0.037238,
    0.032142,
    0.029683,
    0.026342
  ],
  "var_value_range": [
    0.01,
    0.04307692307692308,
    0.07615384615384616,
    0.10923076923076923,
    0.14230769230769233,
    0.17538461538461542,
    0.20846153846153848,
    0.24153846153846156,
    0.27461538461538465,
    0.3076923076923077,
    0.3407692307692308,
    0.3738461538461539,
    0.40692307692307694,
    0.44000000000000006,
    0.4730769230769231,
    0.5061538461538462,
    0.5392307692307693,
    0.5723076923076924,
    0.6053846153846154,
    0.6384615384615385,
    0.6715384615384616,
    0.7046153846153846,
    0.7376923076923078,
    0.7707692307692309,
    0.8038461538461539,
    0.836923076923077,
    0.8700000000000001,
    0.9030769230769232,
    0.9361538461538462,
    0.9692307692307693,
    1.0023076923076923,
    1.0353846153846156,
    1.0684615384615386,
    1.1015384615384616,
    1.1346153846153848,
    1.1676923076923078,
    1.2007692307692308,
    1.233846153846154,
    1.266923076923077,
    1.3
  ],
  "times": [
    615.3112070560455,
    619.6941819190979,
    620.4121878147125,
    620.127589225769,
    620.2005181312561,
    619.6851890087128,
    619.9042572975159,
    619.5624072551727,
    619.3736050128937,
    618.1737298965454,
    618.3302900791168,
    616.7986493110657,
    613.5540418624878,
    617.5718727111816,
    618.4373648166656,
    618.2933328151703,
    617.7379648685455,
    616.2162010669708,
    616.6440827846527,
    613.7795255184174,
    617.6635670661926,
    615.6430621147156,
    614.535896062851,
    614.75204205513,
    615.5381610393524,
    616.168199300766,
    616.57830119133,
    616.4835407733917,
    616.5265667438507,
    616.5368366241455,
    618.4709181785583,
    617.6488215923309,
    617.0485756397247,
    618.0962142944336,
    617.7379910945892,
    617.4255566596985,
    617.6972386837006,
    617.251546382904,
    616.8439226150513,
    616.0231652259827
  ]
}