{
  "max_esjd": 0.08616961091756821,
  "max_acceptance_rate": 0.22337833333333335,
  "max_variance_value": 0.6463076923076924,
  "expected_squared_jump_distances": [
    9.886877257182883e-05,
    0.0011889172291072705,
    0.003357555321417749,
    0.00643315939232707,
    0.010270415122310321,
    0.014694888858745496,
    0.019615111127495765,
    0.02474786719928185,
    0.03002780502041181,
    0.035581520199775694,
    0.04132401707271735,
    0.046360483020544054,
    0.052220336099465685,
    0.05695009964207808,
    0.06168787404894829,
    0.065668194865187,
    0.06948445104062557,
    0.0723532839367787,
    0.0754450244208177,
    0.07877076442042986,
    0.08032982274889947,
    0.08265343829989433,
    0.0827711544930935,
    0.08351583431164424,
    0.08234391498068969,
    0.08423003529508909,
    0.08284889534115791,
    0.08083534588416418,
    0.08103145559628805,
    0.07925856734315555,
    0.0777362315605084,
    0.0773341325422128,
    0.07439534403383732,
    0.07021872277061145,
    0.06683232051630815,
    0.06629382309814294,
    0.06511176352699598,
    0.06017700247466564,
    0.057106278650462625,
    0.05394124363859495
  ],
  "acceptance_rates": [
    0.9874456666666663,
    0.949920333333333,
    0.9107773333333333,
    0.8695746666666666,
    0.8297740000000002,
    0.7891916666666666,
    0.751082666666667,
    0.7103870000000001,
    0.6705046666666665,
    0.6357446666666667,
    0.6043153333333334,
    0.565768,
    0.5397730000000001,
    0.5055463333333334,
    0.4755896666666667,
    0.4440666666666665,
    0.41563400000000006,
    0.385875,
    0.3608736666666666,
    0.34018899999999996,
    0.3148506666666667,
    0.2952956666666667,
    0.2710646666666667,
    0.25150066666666665,
    0.22919133333333336,
    0.216961,
    0.19845333333333334,
    0.18060533333333334,
    0.16904,
    0.15506233333333333,
    0.14279366666666668,
    0.13371833333333336,
    0.12138499999999999,
    0.108475,
    0.09781199999999998,
    0.09193000000000001,
    0.08581166666666666,
    0.07550733333333334,
    0.06834766666666667,
    0.06164133333333334
  ],
  "var_value_range": [
    0.01,
    0.03538461538461538,
    0.06076923076923077,
    0.08615384615384615,
    0.11153846153846153,
    0.13692307692307693,
    0.16230769230769232,
    0.18769230769230769,
    0.21307692307692308,
    0.23846153846153847,
    0.26384615384615384,
    0.28923076923076924,
    0.31461538461538463,
    0.34,
    0.36538461538461536,
    0.39076923076923076,
    0.41615384615384615,
    0.44153846153846155,
    0.46692307692307694,
    0.4923076923076923,
    0.5176923076923077,
    0.5430769230769231,
    0.5684615384615385,
    0.5938461538461538,
    0.6192307692307693,
    0.6446153846153846,
    0.67,
    0.6953846153846154,
    0.7207692307692307,
    0.7461538461538462,
    0.7715384615384615,
    0.796923076923077,
    0.8223076923076923,
    0.8476923076923076,
    0.8730769230769231,
    0.8984615384615384,
    0.9238461538461539,
    0.9492307692307692,
    0.9746153846153846,
    1.0
  ],
  "target_distribution": "HybridRosenbrock",
  "dimension": 29,
  "num_iterations": 100000,
  "averaged_from_seeds": [
    18,
    29,
    8,
    10,
    4,
    21,
    25,
    14,
    11,
    5,
    20,
    24,
    1,
    15,
    30,
    19,
    28,
    9,
    13,
    7,
    22,
    26,
    3,
    17,
    12,
    6,
    23,
    27,
    2,
    16
  ],
  "num_files_averaged": 30,
  "source_files": [
    "HybridRosenbrock_RWM_GPU_dim29_100000iters_seed18.json",
    "HybridRosenbrock_RWM_GPU_dim29_100000iters_seed29.json",
    "HybridRosenbrock_RWM_GPU_dim29_100000iters_seed8.json",
    "HybridRosenbrock_RWM_GPU_dim29_100000iters_seed10.json",
    "HybridRosenbrock_RWM_GPU_dim29_100000iters_seed4.json",
    "HybridRosenbrock_RWM_GPU_dim29_100000iters_seed21.json",
    "HybridRosenbrock_RWM_GPU_dim29_100000iters_seed25.json",
    "HybridRosenbrock_RWM_GPU_dim29_100000iters_seed14.json",
    "HybridRosenbrock_RWM_GPU_dim29_100000iters_seed11.json",
    "HybridRosenbrock_RWM_GPU_dim29_100000iters_seed5.json",
    "HybridRosenbrock_RWM_GPU_dim29_100000iters_seed20.json",
    "HybridRosenbrock_RWM_GPU_dim29_100000iters_seed24.json",
    "HybridRosenbrock_RWM_GPU_dim29_100000iters_seed1.json",
    "HybridRosenbrock_RWM_GPU_dim29_100000iters_seed15.json",
    "HybridRosenbrock_RWM_GPU_dim29_100000iters_seed30.json",
    "HybridRosenbrock_RWM_GPU_dim29_100000iters_seed19.json",
    "HybridRosenbrock_RWM_GPU_dim29_100000iters_seed28.json",
    "HybridRosenbrock_RWM_GPU_dim29_100000iters_seed9.json",
    "HybridRosenbrock_RWM_GPU_dim29_100000iters_seed13.json",
    "HybridRosenbrock_RWM_GPU_dim29_100000iters_seed7.json",
    "HybridRosenbrock_RWM_GPU_dim29_100000iters_seed22.json",
    "HybridRosenbrock_RWM_GPU_dim29_100000iters_seed26.json",
    "HybridRosenbrock_RWM_GPU_dim29_100000iters_seed3.json",
    "HybridRosenbrock_RWM_GPU_dim29_100000iters_seed17.json",
    "HybridRosenbrock_RWM_GPU_dim29_100000iters_seed12.json",
    "HybridRosenbrock_RWM_GPU_dim29_100000iters_seed6.json",
    "HybridRosenbrock_RWM_GPU_dim29_100000iters_seed23.json",
    "HybridRosenbrock_RWM_GPU_dim29_100000iters_seed27.json",
    "HybridRosenbrock_RWM_GPU_dim29_100000iters_seed2.json",
    "HybridRosenbrock_RWM_GPU_dim29_100000iters_seed16.json"
  ]
}