{
  "target_distribution": "HybridRosenbrock",
  "proposal_distribution": "Normal",
  "dimension": 3,
  "num_iterations": 1000000,
  "seed": 30,
  "total_time": 24052.24501991272,
  "max_esjd": 0.06822887808084488,
  "max_acceptance_rate": 0.065021,
  "max_scale_param": 1.5184615384615385,
  "expected_squared_jump_distances": [
    9.806943126022816e-05,
    0.002189281629398465,
    0.005923580843955278,
    0.011021214537322521,
    0.011962930671870708,
    0.018073035404086113,
    0.025293193757534027,
    0.022750871255993843,
    0.0328739732503891,
    0.019215617328882217,
    0.03561935946345329,
    0.04357627406716347,
    0.04142669588327408,
    0.04271724820137024,
    0.04253683239221573,
    0.042657267302274704,
    0.052270177751779556,
    0.05374592915177345,
    0.05593964830040932,
    0.057106077671051025,
    0.05278177186846733,
    0.06145573779940605,
    0.04629194363951683,
    0.06049155816435814,
    0.058858055621385574,
    0.04856770858168602,
    0.05797020345926285,
    0.06462841480970383,
    0.05042961612343788,
    0.06371583044528961,
    0.05385713279247284,
    0.0445769801735878,
    0.04659496247768402,
    0.06720681488513947,
    0.04548322781920433,
    0.05831894651055336,
    0.05308975279331207,
    0.06822887808084488,
    0.05773888900876045,
    0.059086598455905914
  ],
  "acceptance_rates": [
    0.985233,
    0.88583,
    0.772353,
    0.708372,
    0.487163,
    0.486485,
    0.488092,
    0.347301,
    0.38607,
    0.193451,
    0.287038,
    0.294207,
    0.244238,
    0.222133,
    0.194731,
    0.173717,
    0.190618,
    0.176895,
    0.168758,
    0.157297,
    0.133964,
    0.143936,
    0.101856,
    0.122523,
    0.112356,
    0.087517,
    0.097638,
    0.102363,
    0.075896,
    0.089206,
    0.072291,
    0.057374,
    0.05653,
    0.077244,
    0.050448,
    0.061428,
    0.053787,
    0.065021,
    0.053222,
    0.05224
  ],
  "scale_param_range": [
    0.01,
    0.050769230769230775,
    0.09153846153846154,
    0.13230769230769232,
    0.1730769230769231,
    0.21384615384615388,
    0.25461538461538463,
    0.2953846153846154,
    0.3361538461538462,
    0.37692307692307697,
    0.41769230769230775,
    0.45846153846153853,
    0.49923076923076926,
    0.54,
    0.5807692307692308,
    0.6215384615384616,
    0.6623076923076924,
    0.7030769230769232,
    0.7438461538461539,
    0.7846153846153847,
    0.8253846153846155,
    0.8661538461538463,
    0.906923076923077,
    0.9476923076923078,
    0.9884615384615385,
    1.0292307692307694,
    1.07,
    1.110769230769231,
    1.1515384615384616,
    1.1923076923076925,
    1.2330769230769232,
    1.273846153846154,
    1.3146153846153847,
    1.3553846153846154,
    1.3961538461538463,
    1.436923076923077,
    1.4776923076923079,
    1.5184615384615385,
    1.5592307692307694,
    1.6
  ],
  "times": [
    641.72496509552,
    640.7373869419098,
    642.2208075523376,
    640.0249633789062,
    640.9333486557007,
    640.0727798938751,
    640.8245701789856,
    639.6907386779785,
    639.9354877471924,
    639.6606359481812,
    507.90623331069946,
    510.7763469219208,
    490.39084911346436,
    508.70934104919434,
    528.6486661434174,
    492.5797498226166,
    528.9018294811249,
    526.8680183887482,
    629.5800006389618,
    614.6624586582184,
    637.9913070201874,
    639.7885518074036,
    640.3709557056427,
    639.1862783432007,
    611.5006113052368,
    543.0961985588074,
    543.2934205532074,
    543.45436668396,
    543.9893279075623,
    561.8127417564392,
    640.5060060024261,
    639.3855104446411,
    640.0324318408966,
    639.9535655975342,
    639.6171762943268,
    640.6322705745697,
    640.2395350933075,
    640.6834964752197,
    640.6886773109436,
    641.1126563549042
  ]
}