{
  "target_distribution": "HybridRosenbrock",
  "proposal_distribution": "Normal",
  "dimension": 29,
  "num_iterations": 1000000,
  "seed": 11,
  "total_time": 26597.089670181274,
  "max_esjd": 0.08410007506608963,
  "max_acceptance_rate": 0.233829,
  "max_scale_param": 0.6202564102564102,
  "expected_squared_jump_distances": [
    9.862791193882003e-05,
    0.001533568138256669,
    0.004440005868673325,
    0.008600736036896706,
    0.013658888638019562,
    0.01940852403640747,
    0.02543572708964348,
    0.03213116154074669,
    0.03905685245990753,
    0.04343296214938164,
    0.051896609365940094,
    0.05763623118400574,
    0.06281522661447525,
    0.06793087720870972,
    0.07139460742473602,
    0.07509493827819824,
    0.07866302877664566,
    0.07998763024806976,
    0.0820237472653389,
    0.08222362399101257,
    0.08410007506608963,
    0.08006837964057922,
    0.08356813341379166,
    0.08109009265899658,
    0.08154910802841187,
    0.07652886211872101,
    0.07372996211051941,
    0.06982756406068802,
    0.07083161175251007,
    0.06579326838254929,
    0.0651097372174263,
    0.06128362566232681,
    0.054546426981687546,
    0.053540293127298355,
    0.052145782858133316,
    0.04953426495194435,
    0.04534248262643814,
    0.0426984541118145,
    0.03582179546356201,
    0.03617708757519722
  ],
  "acceptance_rates": [
    0.986412,
    0.936201,
    0.883733,
    0.839321,
    0.789995,
    0.74256,
    0.692009,
    0.653591,
    0.616592,
    0.549401,
    0.536267,
    0.496754,
    0.458909,
    0.426146,
    0.389232,
    0.35921,
    0.332847,
    0.301823,
    0.278002,
    0.251892,
    0.233829,
    0.203472,
    0.194526,
    0.173869,
    0.161382,
    0.140857,
    0.126263,
    0.111611,
    0.105819,
    0.092232,
    0.08579,
    0.076096,
    0.064258,
    0.059461,
    0.055025,
    0.04966,
    0.043198,
    0.038844,
    0.031242,
    0.03008
  ],
  "scale_param_range": [
    0.01,
    0.04051282051282051,
    0.07102564102564102,
    0.10153846153846154,
    0.13205128205128205,
    0.16256410256410256,
    0.1930769230769231,
    0.2235897435897436,
    0.2541025641025641,
    0.2846153846153846,
    0.3151282051282051,
    0.3456410256410256,
    0.37615384615384617,
    0.4066666666666667,
    0.4371794871794872,
    0.4676923076923077,
    0.4982051282051282,
    0.5287179487179487,
    0.5592307692307692,
    0.5897435897435898,
    0.6202564102564102,
    0.6507692307692308,
    0.6812820512820512,
    0.7117948717948718,
    0.7423076923076923,
    0.7728205128205128,
    0.8033333333333333,
    0.8338461538461538,
    0.8643589743589744,
    0.8948717948717948,
    0.9253846153846154,
    0.9558974358974358,
    0.9864102564102564,
    1.0169230769230768,
    1.0474358974358975,
    1.077948717948718,
    1.1084615384615384,
    1.1389743589743588,
    1.1694871794871795,
    1.2
  ],
  "times": [
    664.4923622608185,
    664.5523436069489,
    664.801914691925,
    664.1803941726685,
    663.9890677928925,
    665.1409935951233,
    664.774209022522,
    665.1350638866425,
    666.6763961315155,
    665.5216634273529,
    665.3884143829346,
    663.6697340011597,
    662.8842036724091,
    663.8104424476624,
    663.0850236415863,
    663.7237062454224,
    662.9294173717499,
    666.3434529304504,
    666.539694070816,
    666.8501942157745,
    663.4614176750183,
    667.9700365066528,
    666.419689655304,
    663.2054889202118,
    666.9093723297119,
    666.4715161323547,
    666.5319931507111,
    665.6502640247345,
    666.8207724094391,
    663.3866465091705,
    665.0553963184357,
    663.6413624286652,
    664.1558880805969,
    663.904545545578,
    666.2163214683533,
    665.0936262607574,
    667.6353614330292,
    663.4124295711517,
    663.0623044967651,
    663.4660105705261
  ]
}