{
  "target_distribution": "HybridRosenbrock",
  "dimension": 29,
  "num_iterations": 100000,
  "seed": 3,
  "total_time": 1507.32736825943,
  "max_esjd": 0.08659151941537857,
  "max_acceptance_rate": 0.19238,
  "max_variance_value": 0.6953846153846154,
  "expected_squared_jump_distances": [
    9.887589112622663e-05,
    0.0011888730805367231,
    0.003354025771841407,
    0.006432319059967995,
    0.010275887325406075,
    0.014710665680468082,
    0.019672738388180733,
    0.024763932451605797,
    0.030007606372237206,
    0.03562377393245697,
    0.04172315448522568,
    0.046840399503707886,
    0.05229176580905914,
    0.056986503303050995,
    0.06231207773089409,
    0.06415223330259323,
    0.06856299936771393,
    0.06991761922836304,
    0.07660543918609619,
    0.0784088522195816,
    0.08147008717060089,
    0.08212004601955414,
    0.08326619118452072,
    0.08605288714170456,
    0.08374722301959991,
    0.08589331060647964,
    0.08572693914175034,
    0.08659151941537857,
    0.07419009506702423,
    0.07800859957933426,
    0.07933440059423447,
    0.07890638709068298,
    0.07880471646785736,
    0.04248669743537903,
    0.07456829398870468,
    0.06937535107135773,
    0.06565175950527191,
    0.04048385098576546,
    0.04382689669728279,
    0.05516047775745392
  ],
  "acceptance_rates": [
    0.98753,
    0.94991,
    0.90988,
    0.86948,
    0.83026,
    0.79002,
    0.75307,
    0.71093,
    0.6701,
    0.63655,
    0.60983,
    0.57097,
    0.54002,
    0.50599,
    0.48019,
    0.43446,
    0.41043,
    0.37424,
    0.36611,
    0.33786,
    0.31919,
    0.29369,
    0.27246,
    0.25864,
    0.23288,
    0.22122,
    0.2047,
    0.19238,
    0.15502,
    0.153,
    0.14577,
    0.13634,
    0.12814,
    0.06647,
    0.10878,
    0.09572,
    0.08616,
    0.05144,
    0.05256,
    0.06306
  ],
  "var_value_range": [
    0.01,
    0.03538461538461538,
    0.06076923076923077,
    0.08615384615384615,
    0.11153846153846153,
    0.13692307692307693,
    0.16230769230769232,
    0.18769230769230769,
    0.21307692307692308,
    0.23846153846153847,
    0.26384615384615384,
    0.28923076923076924,
    0.31461538461538463,
    0.34,
    0.36538461538461536,
    0.39076923076923076,
    0.41615384615384615,
    0.44153846153846155,
    0.46692307692307694,
    0.4923076923076923,
    0.5176923076923077,
    0.5430769230769231,
    0.5684615384615385,
    0.5938461538461538,
    0.6192307692307693,
    0.6446153846153846,
    0.67,
    0.6953846153846154,
    0.7207692307692307,
    0.7461538461538462,
    0.7715384615384615,
    0.796923076923077,
    0.8223076923076923,
    0.8476923076923076,
    0.8730769230769231,
    0.8984615384615384,
    0.9238461538461539,
    0.9492307692307692,
    0.9746153846153846,
    1.0
  ],
  "times": [
    38.07405495643616,
    37.66626453399658,
    37.57886290550232,
    37.74502730369568,
    37.755149602890015,
    37.71713614463806,
    37.690428256988525,
    37.6642427444458,
    37.61065649986267,
    37.720149993896484,
    37.68664360046387,
    37.59988212585449,
    37.59709572792053,
    37.62955021858215,
    37.54686880111694,
    37.67797660827637,
    37.65241098403931,
    37.701305866241455,
    37.617512941360474,
    37.68496894836426,
    37.63058543205261,
    37.70218539237976,
    37.60070300102234,
    37.70146179199219,
    37.72333765029907,
    37.76788353919983,
    37.67282700538635,
    37.67525005340576,
    37.628756523132324,
    37.647740602493286,
    37.665820837020874,
    37.680726051330566,
    37.64356970787048,
    37.70333218574524,
    37.566924810409546,
    37.68516993522644,
    37.6611168384552,
    37.67377591133118,
    37.753233671188354,
    37.898293256759644
  ]
}