{
  "target_distribution": "HybridRosenbrock",
  "proposal_distribution": "Normal",
  "dimension": 29,
  "num_iterations": 1000000,
  "seed": 24,
  "total_time": 25497.031347751617,
  "max_esjd": 0.08287698775529861,
  "max_acceptance_rate": 0.210364,
  "max_scale_param": 0.6507692307692308,
  "expected_squared_jump_distances": [
    9.862473962130025e-05,
    0.0015337661607190967,
    0.00442912383005023,
    0.008613346144557,
    0.013674027286469936,
    0.019529782235622406,
    0.024783743545413017,
    0.03155377507209778,
    0.038927946239709854,
    0.04395753890275955,
    0.051467232406139374,
    0.05791400745511055,
    0.06301023066043854,
    0.0689007043838501,
    0.07083923369646072,
    0.0756392627954483,
    0.07910173386335373,
    0.07901729643344879,
    0.08134330809116364,
    0.08264561742544174,
    0.051622964441776276,
    0.08287698775529861,
    0.08251876384019852,
    0.08047796785831451,
    0.07424937188625336,
    0.07992137223482132,
    0.07464335113763809,
    0.07466866821050644,
    0.0667811781167984,
    0.06630828976631165,
    0.06489302963018417,
    0.06179352477192879,
    0.055216748267412186,
    0.05402037501335144,
    0.05196448415517807,
    0.046216756105422974,
    0.04450923576951027,
    0.042988765984773636,
    0.03738989681005478,
    0.036267202347517014
  ],
  "acceptance_rates": [
    0.986383,
    0.936295,
    0.881603,
    0.840492,
    0.790796,
    0.746995,
    0.674917,
    0.64228,
    0.614649,
    0.555735,
    0.531896,
    0.499093,
    0.460033,
    0.431849,
    0.38622,
    0.361507,
    0.334653,
    0.298417,
    0.275741,
    0.253052,
    0.145299,
    0.210364,
    0.192046,
    0.172514,
    0.147527,
    0.146825,
    0.127614,
    0.11928,
    0.099824,
    0.092969,
    0.08557,
    0.076814,
    0.064882,
    0.060092,
    0.054953,
    0.04636,
    0.042557,
    0.038982,
    0.032542,
    0.030109
  ],
  "scale_param_range": [
    0.01,
    0.04051282051282051,
    0.07102564102564102,
    0.10153846153846154,
    0.13205128205128205,
    0.16256410256410256,
    0.1930769230769231,
    0.2235897435897436,
    0.2541025641025641,
    0.2846153846153846,
    0.3151282051282051,
    0.3456410256410256,
    0.37615384615384617,
    0.4066666666666667,
    0.4371794871794872,
    0.4676923076923077,
    0.4982051282051282,
    0.5287179487179487,
    0.5592307692307692,
    0.5897435897435898,
    0.6202564102564102,
    0.6507692307692308,
    0.6812820512820512,
    0.7117948717948718,
    0.7423076923076923,
    0.7728205128205128,
    0.8033333333333333,
    0.8338461538461538,
    0.8643589743589744,
    0.8948717948717948,
    0.9253846153846154,
    0.9558974358974358,
    0.9864102564102564,
    1.0169230769230768,
    1.0474358974358975,
    1.077948717948718,
    1.1084615384615384,
    1.1389743589743588,
    1.1694871794871795,
    1.2
  ],
  "times": [
    636.9102721214294,
    635.7147839069366,
    636.5531265735626,
    636.4052982330322,
    636.3200778961182,
    636.7944860458374,
    639.2163181304932,
    638.6316916942596,
    639.043426990509,
    637.9780492782593,
    636.2863726615906,
    636.0224192142487,
    636.4106118679047,
    637.5754547119141,
    638.5803911685944,
    636.5631849765778,
    635.4455962181091,
    636.111650466919,
    635.8678843975067,
    635.706791639328,
    636.4835965633392,
    636.2480041980743,
    637.1807160377502,
    636.4508628845215,
    636.272467136383,
    636.9694092273712,
    636.2201325893402,
    636.8677833080292,
    638.8308885097504,
    637.2866270542145,
    637.291624546051,
    642.129142999649,
    640.1267116069794,
    639.1952447891235,
    640.5895545482635,
    637.0376441478729,
    639.4088776111603,
    637.7031280994415,
    638.7469182014465,
    637.7435610294342
  ]
}