{
  "target_distribution": "HybridRosenbrock",
  "dimension": 29,
  "num_iterations": 100000,
  "seed": 22,
  "total_time": 1587.1015017032623,
  "max_esjd": 0.08759142458438873,
  "max_acceptance_rate": 0.22614,
  "max_variance_value": 0.6446153846153846,
  "expected_squared_jump_distances": [
    9.886296174954623e-05,
    0.0011887697037309408,
    0.0033572253305464983,
    0.0064388420432806015,
    0.010250622406601906,
    0.014647496864199638,
    0.01969054713845253,
    0.02488061971962452,
    0.030368616804480553,
    0.036132581532001495,
    0.0408443883061409,
    0.045777685940265656,
    0.05277460813522339,
    0.05678851529955864,
    0.0617421455681324,
    0.06512567400932312,
    0.06832210719585419,
    0.06733562052249908,
    0.0716448500752449,
    0.0799986869096756,
    0.08237652480602264,
    0.0833984762430191,
    0.08088776469230652,
    0.08571814000606537,
    0.08525694161653519,
    0.08759142458438873,
    0.08321845531463623,
    0.07762467861175537,
    0.08190716803073883,
    0.08243054151535034,
    0.0811564028263092,
    0.07717223465442657,
    0.07639242708683014,
    0.07281412184238434,
    0.07123007625341415,
    0.06731634587049484,
    0.0643836036324501,
    0.0632132813334465,
    0.05648304894566536,
    0.06079793721437454
  ],
  "acceptance_rates": [
    0.98738,
    0.94983,
    0.91074,
    0.87041,
    0.82814,
    0.78685,
    0.75366,
    0.71377,
    0.67761,
    0.64487,
    0.59781,
    0.55892,
    0.54528,
    0.50378,
    0.47654,
    0.44054,
    0.40895,
    0.36051,
    0.34369,
    0.34596,
    0.32253,
    0.29803,
    0.26515,
    0.25784,
    0.23676,
    0.22614,
    0.19972,
    0.17375,
    0.1706,
    0.16086,
    0.14899,
    0.13378,
    0.12432,
    0.11316,
    0.10408,
    0.09354,
    0.08473,
    0.07915,
    0.06781,
    0.06888
  ],
  "var_value_range": [
    0.01,
    0.03538461538461538,
    0.06076923076923077,
    0.08615384615384615,
    0.11153846153846153,
    0.13692307692307693,
    0.16230769230769232,
    0.18769230769230769,
    0.21307692307692308,
    0.23846153846153847,
    0.26384615384615384,
    0.28923076923076924,
    0.31461538461538463,
    0.34,
    0.36538461538461536,
    0.39076923076923076,
    0.41615384615384615,
    0.44153846153846155,
    0.46692307692307694,
    0.4923076923076923,
    0.5176923076923077,
    0.5430769230769231,
    0.5684615384615385,
    0.5938461538461538,
    0.6192307692307693,
    0.6446153846153846,
    0.67,
    0.6953846153846154,
    0.7207692307692307,
    0.7461538461538462,
    0.7715384615384615,
    0.796923076923077,
    0.8223076923076923,
    0.8476923076923076,
    0.8730769230769231,
    0.8984615384615384,
    0.9238461538461539,
    0.9492307692307692,
    0.9746153846153846,
    1.0
  ],
  "times": [
    39.99707007408142,
    39.68870568275452,
    39.55799174308777,
    39.63687562942505,
    39.683876037597656,
    39.765259742736816,
    39.57877206802368,
    39.57332921028137,
    39.6348922252655,
    39.61545372009277,
    39.82499098777771,
    39.60668325424194,
    39.627126693725586,
    39.728896379470825,
    39.68264150619507,
    39.72267460823059,
    39.72075629234314,
    39.711350440979004,
    39.76262021064758,
    39.737765073776245,
    39.79914927482605,
    39.64157319068909,
    39.697216510772705,
    39.6679310798645,
    39.655407190322876,
    39.65374970436096,
    39.722384214401245,
    39.67169976234436,
    39.75473642349243,
    39.753881216049194,
    39.73327279090881,
    39.67271661758423,
    39.69317030906677,
    39.54201149940491,
    39.59182524681091,
    39.616215467453,
    39.68036890029907,
    39.640886068344116,
    39.692394733428955,
    39.33570599555969
  ]
}