{
  "target_distribution": "HybridRosenbrock",
  "dimension": 9,
  "num_iterations": 100000,
  "seed": 18,
  "total_time": 1879.2341079711914,
  "max_esjd": 0.08441201597452164,
  "max_acceptance_rate": 0.19229,
  "max_variance_value": 0.7461538461538462,
  "expected_squared_jump_distances": [
    9.851489448919892e-05,
    0.0011768905678763986,
    0.003286647843196988,
    0.006227258127182722,
    0.009979154914617538,
    0.013927902095019817,
    0.01816744916141033,
    0.023125898092985153,
    0.028642509132623672,
    0.03260471671819687,
    0.038269270211458206,
    0.04351918399333954,
    0.04861229285597801,
    0.053876087069511414,
    0.0588577464222908,
    0.061747509986162186,
    0.06105939298868179,
    0.06834724545478821,
    0.05547749251127243,
    0.07801499962806702,
    0.07144910097122192,
    0.06077802926301956,
    0.07532428205013275,
    0.07503730803728104,
    0.07430610805749893,
    0.08416205644607544,
    0.07843666523694992,
    0.0702374130487442,
    0.08092379570007324,
    0.08441201597452164,
    0.08435513824224472,
    0.0805782601237297,
    0.07747520506381989,
    0.07174336910247803,
    0.07807589322328568,
    0.07594849169254303,
    0.07709303498268127,
    0.06800831854343414,
    0.06345999240875244,
    0.06741219758987427
  ],
  "acceptance_rates": [
    0.98646,
    0.94562,
    0.90029,
    0.85419,
    0.82112,
    0.76626,
    0.718,
    0.68732,
    0.66423,
    0.61065,
    0.5889,
    0.56092,
    0.5333,
    0.51,
    0.48484,
    0.45056,
    0.39849,
    0.39705,
    0.29583,
    0.36972,
    0.31083,
    0.24622,
    0.27707,
    0.25539,
    0.23597,
    0.24654,
    0.21689,
    0.18186,
    0.19668,
    0.19229,
    0.1821,
    0.16434,
    0.14989,
    0.13307,
    0.13774,
    0.12668,
    0.12312,
    0.10411,
    0.09391,
    0.09489
  ],
  "var_value_range": [
    0.01,
    0.03538461538461538,
    0.06076923076923077,
    0.08615384615384615,
    0.11153846153846153,
    0.13692307692307693,
    0.16230769230769232,
    0.18769230769230769,
    0.21307692307692308,
    0.23846153846153847,
    0.26384615384615384,
    0.28923076923076924,
    0.31461538461538463,
    0.34,
    0.36538461538461536,
    0.39076923076923076,
    0.41615384615384615,
    0.44153846153846155,
    0.46692307692307694,
    0.4923076923076923,
    0.5176923076923077,
    0.5430769230769231,
    0.5684615384615385,
    0.5938461538461538,
    0.6192307692307693,
    0.6446153846153846,
    0.67,
    0.6953846153846154,
    0.7207692307692307,
    0.7461538461538462,
    0.7715384615384615,
    0.796923076923077,
    0.8223076923076923,
    0.8476923076923076,
    0.8730769230769231,
    0.8984615384615384,
    0.9238461538461539,
    0.9492307692307692,
    0.9746153846153846,
    1.0
  ],
  "times": [
    47.92961359024048,
    47.00705146789551,
    47.56273126602173,
    46.330817222595215,
    46.59224224090576,
    47.539400577545166,
    47.41413712501526,
    47.88144564628601,
    48.230496883392334,
    47.17829203605652,
    47.79936909675598,
    47.135096073150635,
    47.6411566734314,
    47.54278612136841,
    46.84430694580078,
    46.621909856796265,
    45.95784020423889,
    46.370465993881226,
    46.301650047302246,
    47.51349067687988,
    47.06761121749878,
    46.26423978805542,
    47.014620304107666,
    46.60394215583801,
    46.673089265823364,
    46.282997131347656,
    46.96603846549988,
    47.57107138633728,
    47.51156497001648,
    46.77640509605408,
    46.33459663391113,
    46.95001554489136,
    46.75309777259827,
    46.53944492340088,
    47.01530575752258,
    46.356791973114014,
    46.53355431556702,
    46.75966453552246,
    46.71173858642578,
    47.12320137023926
  ]
}