{
  "target_distribution": "HybridRosenbrock",
  "proposal_distribution": "Normal",
  "dimension": 3,
  "num_iterations": 1000000,
  "seed": 13,
  "total_time": 13773.851608753204,
  "max_esjd": 0.06617938727140427,
  "max_acceptance_rate": 0.076396,
  "max_scale_param": 1.3553846153846154,
  "expected_squared_jump_distances": [
    9.80711483862251e-05,
    0.0022210227325558662,
    0.005864300765097141,
    0.011009677313268185,
    0.01480815652757883,
    0.017774121835827827,
    0.014811594039201736,
    0.025849735364317894,
    0.03005601465702057,
    0.0239704679697752,
    0.02901066094636917,
    0.027005109935998917,
    0.039035867899656296,
    0.04509590193629265,
    0.05421314761042595,
    0.0500299371778965,
    0.05172650143504143,
    0.04564596712589264,
    0.0299543347209692,
    0.05801786854863167,
    0.04978000372648239,
    0.045912157744169235,
    0.056342147290706635,
    0.056320544332265854,
    0.06520482897758484,
    0.04436632618308067,
    0.048707470297813416,
    0.050869736820459366,
    0.04243362322449684,
    0.05145764350891113,
    0.04893305525183678,
    0.05463210865855217,
    0.05400564894080162,
    0.06617938727140427,
    0.05858403071761131,
    0.06401599943637848,
    0.048934921622276306,
    0.05687980353832245,
    0.06355369091033936,
    0.05871858075261116
  ],
  "acceptance_rates": [
    0.98525,
    0.894962,
    0.767002,
    0.708309,
    0.586216,
    0.481229,
    0.303023,
    0.388211,
    0.356833,
    0.236708,
    0.23894,
    0.188994,
    0.231405,
    0.231709,
    0.24475,
    0.20332,
    0.189133,
    0.151841,
    0.092834,
    0.159401,
    0.128088,
    0.109002,
    0.123687,
    0.114443,
    0.123473,
    0.080099,
    0.08234,
    0.080893,
    0.064301,
    0.072921,
    0.06608,
    0.069671,
    0.0654,
    0.076396,
    0.064707,
    0.066875,
    0.049268,
    0.054818,
    0.058748,
    0.052119
  ],
  "scale_param_range": [
    0.01,
    0.050769230769230775,
    0.09153846153846154,
    0.13230769230769232,
    0.1730769230769231,
    0.21384615384615388,
    0.25461538461538463,
    0.2953846153846154,
    0.3361538461538462,
    0.37692307692307697,
    0.41769230769230775,
    0.45846153846153853,
    0.49923076923076926,
    0.54,
    0.5807692307692308,
    0.6215384615384616,
    0.6623076923076924,
    0.7030769230769232,
    0.7438461538461539,
    0.7846153846153847,
    0.8253846153846155,
    0.8661538461538463,
    0.906923076923077,
    0.9476923076923078,
    0.9884615384615385,
    1.0292307692307694,
    1.07,
    1.110769230769231,
    1.1515384615384616,
    1.1923076923076925,
    1.2330769230769232,
    1.273846153846154,
    1.3146153846153847,
    1.3553846153846154,
    1.3961538461538463,
    1.436923076923077,
    1.4776923076923079,
    1.5184615384615385,
    1.5592307692307694,
    1.6
  ],
  "times": [
    343.64064598083496,
    343.7654194831848,
    343.21266531944275,
    343.4889123439789,
    343.8048791885376,
    343.2346065044403,
    343.2277362346649,
    343.8747835159302,
    343.19091391563416,
    343.93499422073364,
    343.6928868293762,
    343.9764897823334,
    343.90259981155396,
    343.9682528972626,
    344.0491647720337,
    343.84619522094727,
    344.4910705089569,
    344.1108136177063,
    344.40760612487793,
    343.106068611145,
    342.82265162467957,
    344.7798373699188,
    344.7257013320923,
    344.0229423046112,
    344.96574687957764,
    343.41692876815796,
    344.34756731987,
    344.6189076900482,
    344.5705370903015,
    345.1858141422272,
    347.77686381340027,
    344.5392372608185,
    346.2043845653534,
    344.8534805774689,
    344.9876432418823,
    344.6497495174408,
    345.9239809513092,
    344.7457938194275,
    346.18640637397766,
    345.5508246421814
  ]
}