{
  "target_distribution": "HybridRosenbrock",
  "dimension": 19,
  "num_iterations": 100000,
  "seed": 15,
  "total_time": 1351.7410848140717,
  "max_esjd": 0.08694539964199066,
  "max_acceptance_rate": 0.23127,
  "max_variance_value": 0.6446153846153846,
  "expected_squared_jump_distances": [
    9.867335029412061e-05,
    0.00118516746442765,
    0.003338127862662077,
    0.006412706337869167,
    0.010259904898703098,
    0.014613237231969833,
    0.019587617367506027,
    0.0248600821942091,
    0.030278583988547325,
    0.0358024537563324,
    0.04153374955058098,
    0.04631475359201431,
    0.05152292177081108,
    0.05710311233997345,
    0.06209222599864006,
    0.06664716452360153,
    0.0693359524011612,
    0.07011916488409042,
    0.07475422322750092,
    0.07949890941381454,
    0.08171847462654114,
    0.0855218917131424,
    0.044503103941679,
    0.08400799334049225,
    0.08479766547679901,
    0.08694539964199066,
    0.08458411693572998,
    0.08526812493801117,
    0.0853632241487503,
    0.0819292739033699,
    0.08405723422765732,
    0.07742372900247574,
    0.07485844939947128,
    0.07194522023200989,
    0.0751810222864151,
    0.06655412167310715,
    0.06870918720960617,
    0.06470358371734619,
    0.06241795793175697,
    0.04766368865966797
  ],
  "acceptance_rates": [
    0.9863,
    0.94808,
    0.9077,
    0.86939,
    0.83189,
    0.78937,
    0.75469,
    0.71844,
    0.68194,
    0.64538,
    0.61414,
    0.57244,
    0.54029,
    0.51434,
    0.48586,
    0.45853,
    0.42273,
    0.38225,
    0.36525,
    0.35164,
    0.32828,
    0.31312,
    0.15392,
    0.26094,
    0.24424,
    0.23127,
    0.20943,
    0.19779,
    0.18573,
    0.16717,
    0.1613,
    0.1404,
    0.12801,
    0.11649,
    0.11498,
    0.09811,
    0.0962,
    0.08595,
    0.0791,
    0.05846
  ],
  "var_value_range": [
    0.01,
    0.03538461538461538,
    0.06076923076923077,
    0.08615384615384615,
    0.11153846153846153,
    0.13692307692307693,
    0.16230769230769232,
    0.18769230769230769,
    0.21307692307692308,
    0.23846153846153847,
    0.26384615384615384,
    0.28923076923076924,
    0.31461538461538463,
    0.34,
    0.36538461538461536,
    0.39076923076923076,
    0.41615384615384615,
    0.44153846153846155,
    0.46692307692307694,
    0.4923076923076923,
    0.5176923076923077,
    0.5430769230769231,
    0.5684615384615385,
    0.5938461538461538,
    0.6192307692307693,
    0.6446153846153846,
    0.67,
    0.6953846153846154,
    0.7207692307692307,
    0.7461538461538462,
    0.7715384615384615,
    0.796923076923077,
    0.8223076923076923,
    0.8476923076923076,
    0.8730769230769231,
    0.8984615384615384,
    0.9238461538461539,
    0.9492307692307692,
    0.9746153846153846,
    1.0
  ],
  "times": [
    34.3576123714447,
    33.86956596374512,
    33.79657769203186,
    33.8790922164917,
    33.69763708114624,
    33.7866997718811,
    33.77352714538574,
    33.818471908569336,
    33.73820185661316,
    33.81686449050903,
    33.79474973678589,
    33.86651849746704,
    33.745810985565186,
    33.78869366645813,
    33.747968912124634,
    33.81923174858093,
    33.738001108169556,
    33.837005615234375,
    33.709816455841064,
    33.83377528190613,
    33.71241784095764,
    33.797921895980835,
    33.71159815788269,
    33.82114124298096,
    33.70131206512451,
    33.88517212867737,
    33.72395586967468,
    33.82309865951538,
    33.78193259239197,
    33.79842162132263,
    33.80070734024048,
    33.80288100242615,
    33.63981795310974,
    33.78949308395386,
    33.717280864715576,
    33.82276177406311,
    33.65752720832825,
    33.80857038497925,
    33.78734850883484,
    33.719571590423584
  ]
}