{
  "target_distribution": "HybridRosenbrock",
  "dimension": 3,
  "num_iterations": 100000,
  "seed": 3,
  "total_time": 1664.3175868988037,
  "max_esjd": 0.08111133426427841,
  "max_acceptance_rate": 0.07158,
  "max_variance_value": 1.5917948717948718,
  "expected_squared_jump_distances": [
    9.787650196813047e-05,
    0.0030481633730232716,
    0.008595508523285389,
    0.01421921793371439,
    0.02145587094128132,
    0.028903698548674583,
    0.03148888796567917,
    0.035709623247385025,
    0.045212578028440475,
    0.054806578904390335,
    0.05164724588394165,
    0.06346802413463593,
    0.06247635930776596,
    0.06733924895524979,
    0.058608803898096085,
    0.05865396186709404,
    0.032262805849313736,
    0.07403735816478729,
    0.06052931398153305,
    0.06034346669912338,
    0.06419093906879425,
    0.061389461159706116,
    0.05617158114910126,
    0.05748606473207474,
    0.055530838668346405,
    0.0655684545636177,
    0.05834417790174484,
    0.07528062909841537,
    0.06831075251102448,
    0.07042614370584488,
    0.07886461168527603,
    0.08111133426427841,
    0.044942889362573624,
    0.07880551367998123,
    0.06020255759358406,
    0.04739179462194443,
    0.0711280032992363,
    0.06372824311256409,
    0.05388396233320236,
    0.059552907943725586
  ],
  "acceptance_rates": [
    0.98289,
    0.86133,
    0.75499,
    0.62433,
    0.56427,
    0.50858,
    0.41162,
    0.35714,
    0.35495,
    0.34952,
    0.27986,
    0.28891,
    0.24855,
    0.23504,
    0.18371,
    0.16428,
    0.08654,
    0.16707,
    0.12602,
    0.11302,
    0.11559,
    0.10081,
    0.08611,
    0.08283,
    0.07468,
    0.08109,
    0.06811,
    0.08352,
    0.07175,
    0.07012,
    0.07387,
    0.07158,
    0.03714,
    0.06216,
    0.04666,
    0.03422,
    0.04939,
    0.04298,
    0.03439,
    0.03687
  ],
  "var_value_range": [
    0.01,
    0.06102564102564103,
    0.11205128205128205,
    0.1630769230769231,
    0.21410256410256412,
    0.2651282051282051,
    0.3161538461538462,
    0.36717948717948723,
    0.41820512820512823,
    0.46923076923076923,
    0.5202564102564102,
    0.5712820512820513,
    0.6223076923076923,
    0.6733333333333333,
    0.7243589743589745,
    0.7753846153846154,
    0.8264102564102564,
    0.8774358974358974,
    0.9284615384615384,
    0.9794871794871796,
    1.0305128205128204,
    1.0815384615384616,
    1.1325641025641027,
    1.1835897435897436,
    1.2346153846153847,
    1.2856410256410258,
    1.3366666666666667,
    1.3876923076923078,
    1.438717948717949,
    1.4897435897435898,
    1.540769230769231,
    1.5917948717948718,
    1.642820512820513,
    1.693846153846154,
    1.744871794871795,
    1.795897435897436,
    1.846923076923077,
    1.897948717948718,
    1.9489743589743591,
    2.0
  ],
  "times": [
    43.68470311164856,
    41.56673049926758,
    41.69145154953003,
    41.688875675201416,
    41.5671923160553,
    41.6225266456604,
    41.559112787246704,
    41.51447653770447,
    41.5265109539032,
    41.52209258079529,
    41.50956583023071,
    41.57113695144653,
    41.539122581481934,
    41.558279514312744,
    41.53494191169739,
    41.534432888031006,
    41.571839809417725,
    41.533140420913696,
    41.476601123809814,
    41.526530742645264,
    41.5116012096405,
    41.53993630409241,
    41.54303240776062,
    41.543983459472656,
    41.495548725128174,
    41.53846883773804,
    41.541367530822754,
    41.54948854446411,
    41.558497190475464,
    41.58439922332764,
    41.5678186416626,
    41.58994221687317,
    41.56453824043274,
    41.534820795059204,
    41.51603698730469,
    41.54325222969055,
    41.574151039123535,
    41.516544818878174,
    41.597177267074585,
    41.578850507736206
  ]
}