{
  "target_distribution": "HybridRosenbrock",
  "proposal_distribution": "Normal",
  "dimension": 9,
  "num_iterations": 1000000,
  "seed": 3,
  "total_time": 27155.75605750084,
  "max_esjd": 0.07739688456058502,
  "max_acceptance_rate": 0.207548,
  "max_scale_param": 0.6812820512820512,
  "expected_squared_jump_distances": [
    9.832524665398523e-05,
    0.001519056735560298,
    0.004329436458647251,
    0.008361781015992165,
    0.013135317713022232,
    0.017610983923077583,
    0.02432488091289997,
    0.02662515640258789,
    0.03666232153773308,
    0.03669542819261551,
    0.04723753780126572,
    0.05329861864447594,
    0.058276429772377014,
    0.03548138961195946,
    0.062427617609500885,
    0.07070615887641907,
    0.06609591841697693,
    0.06700447201728821,
    0.050425875931978226,
    0.06951779872179031,
    0.07403110712766647,
    0.0650101825594902,
    0.07739688456058502,
    0.07396914064884186,
    0.07174143940210342,
    0.06101643666625023,
    0.0743657574057579,
    0.07645737379789352,
    0.0709337368607521,
    0.07058531045913696,
    0.06488801538944244,
    0.06494645029306412,
    0.06836209446191788,
    0.06590763479471207,
    0.06264886260032654,
    0.058159951120615005,
    0.05624840036034584,
    0.054829858243465424,
    0.05187911540269852,
    0.05153451859951019
  ],
  "acceptance_rates": [
    0.984513,
    0.932637,
    0.871736,
    0.829204,
    0.776566,
    0.696583,
    0.683906,
    0.570162,
    0.605891,
    0.492746,
    0.518265,
    0.490249,
    0.457349,
    0.248405,
    0.372232,
    0.370071,
    0.310094,
    0.282409,
    0.194142,
    0.241027,
    0.233557,
    0.190071,
    0.207548,
    0.184512,
    0.166145,
    0.132211,
    0.150732,
    0.145231,
    0.127256,
    0.119914,
    0.104446,
    0.099216,
    0.099042,
    0.090703,
    0.082423,
    0.073618,
    0.068052,
    0.063598,
    0.057919,
    0.055289
  ],
  "scale_param_range": [
    0.01,
    0.04051282051282051,
    0.07102564102564102,
    0.10153846153846154,
    0.13205128205128205,
    0.16256410256410256,
    0.1930769230769231,
    0.2235897435897436,
    0.2541025641025641,
    0.2846153846153846,
    0.3151282051282051,
    0.3456410256410256,
    0.37615384615384617,
    0.4066666666666667,
    0.4371794871794872,
    0.4676923076923077,
    0.4982051282051282,
    0.5287179487179487,
    0.5592307692307692,
    0.5897435897435898,
    0.6202564102564102,
    0.6507692307692308,
    0.6812820512820512,
    0.7117948717948718,
    0.7423076923076923,
    0.7728205128205128,
    0.8033333333333333,
    0.8338461538461538,
    0.8643589743589744,
    0.8948717948717948,
    0.9253846153846154,
    0.9558974358974358,
    0.9864102564102564,
    1.0169230769230768,
    1.0474358974358975,
    1.077948717948718,
    1.1084615384615384,
    1.1389743589743588,
    1.1694871794871795,
    1.2
  ],
  "times": [
    675.9669868946075,
    681.4346580505371,
    677.673894405365,
    678.2706933021545,
    678.5529816150665,
    680.651576757431,
    679.8346371650696,
    679.0073773860931,
    678.3029320240021,
    680.9423263072968,
    678.0028512477875,
    679.2577974796295,
    679.4237911701202,
    679.902393579483,
    678.8836126327515,
    679.1966466903687,
    677.9555003643036,
    678.8929326534271,
    678.8389146327972,
    680.5695850849152,
    678.65047955513,
    678.7637224197388,
    684.7067265510559,
    679.0961887836456,
    679.7568609714508,
    677.9844319820404,
    677.7886056900024,
    677.7138440608978,
    677.7034378051758,
    678.2174699306488,
    677.7941398620605,
    678.808376789093,
    678.146466255188,
    679.1641371250153,
    679.2524292469025,
    679.1710760593414,
    677.8200440406799,
    677.5851964950562,
    677.4709348678589,
    678.5489735603333
  ]
}