{
  "target_distribution": "HybridRosenbrock",
  "proposal_distribution": "Normal",
  "dimension": 3,
  "num_iterations": 1000000,
  "seed": 19,
  "total_time": 11543.540455818176,
  "max_esjd": 0.06656564027070999,
  "max_acceptance_rate": 0.134752,
  "max_scale_param": 0.9476923076923078,
  "expected_squared_jump_distances": [
    9.763838170329109e-05,
    0.0020865527912974358,
    0.004855509847402573,
    0.00961814634501934,
    0.013380447402596474,
    0.012813220731914043,
    0.021728409454226494,
    0.02158835344016552,
    0.0268887709826231,
    0.02994084544479847,
    0.023679859936237335,
    0.036239929497241974,
    0.037379469722509384,
    0.04157247766852379,
    0.04496128857135773,
    0.045569222420454025,
    0.05072050914168358,
    0.04944874346256256,
    0.05707721784710884,
    0.05108589679002762,
    0.051735032349824905,
    0.055162593722343445,
    0.04772032052278519,
    0.06656564027070999,
    0.05869029834866524,
    0.049871113151311874,
    0.05553179606795311,
    0.061081063002347946,
    0.04557225853204727,
    0.053904321044683456,
    0.05067049339413643,
    0.045830387622117996,
    0.055101748555898666,
    0.0437011644244194,
    0.056898970156908035,
    0.05032987892627716,
    0.06138865277171135,
    0.05356092378497124,
    0.05446063354611397,
    0.052237220108509064
  ],
  "acceptance_rates": [
    0.982067,
    0.8551,
    0.665123,
    0.63731,
    0.540319,
    0.369161,
    0.430037,
    0.331689,
    0.322833,
    0.294155,
    0.200636,
    0.250599,
    0.223807,
    0.21663,
    0.206218,
    0.186511,
    0.186134,
    0.164414,
    0.171724,
    0.14264,
    0.13259,
    0.130312,
    0.104977,
    0.134752,
    0.11196,
    0.089993,
    0.094091,
    0.096799,
    0.069107,
    0.076923,
    0.068299,
    0.059307,
    0.067326,
    0.050908,
    0.063035,
    0.053419,
    0.061608,
    0.052152,
    0.049903,
    0.046507
  ],
  "scale_param_range": [
    0.01,
    0.050769230769230775,
    0.09153846153846154,
    0.13230769230769232,
    0.1730769230769231,
    0.21384615384615388,
    0.25461538461538463,
    0.2953846153846154,
    0.3361538461538462,
    0.37692307692307697,
    0.41769230769230775,
    0.45846153846153853,
    0.49923076923076926,
    0.54,
    0.5807692307692308,
    0.6215384615384616,
    0.6623076923076924,
    0.7030769230769232,
    0.7438461538461539,
    0.7846153846153847,
    0.8253846153846155,
    0.8661538461538463,
    0.906923076923077,
    0.9476923076923078,
    0.9884615384615385,
    1.0292307692307694,
    1.07,
    1.110769230769231,
    1.1515384615384616,
    1.1923076923076925,
    1.2330769230769232,
    1.273846153846154,
    1.3146153846153847,
    1.3553846153846154,
    1.3961538461538463,
    1.436923076923077,
    1.4776923076923079,
    1.5184615384615385,
    1.5592307692307694,
    1.6
  ],
  "times": [
    288.69586300849915,
    289.7428436279297,
    289.29214453697205,
    289.7011830806732,
    288.5764842033386,
    290.2931578159332,
    290.68443846702576,
    290.4301652908325,
    290.5887875556946,
    290.1124219894409,
    290.18535685539246,
    290.5365221500397,
    290.9695191383362,
    290.23158717155457,
    291.38813638687134,
    291.55922532081604,
    288.61875200271606,
    288.7239863872528,
    288.23098492622375,
    288.10028052330017,
    288.645884513855,
    288.82537031173706,
    288.3147840499878,
    288.7318904399872,
    288.82021713256836,
    288.399188041687,
    285.9035964012146,
    286.9914982318878,
    286.65099835395813,
    286.5768051147461,
    285.9117374420166,
    286.53942108154297,
    286.7829577922821,
    286.9938323497772,
    286.81392312049866,
    286.1792993545532,
    285.81443786621094,
    287.73357915878296,
    288.0856935977936,
    288.12826108932495
  ]
}