{
  "target_distribution": "HybridRosenbrock",
  "dimension": 9,
  "num_iterations": 100000,
  "seed": 5,
  "total_time": 3246.9991047382355,
  "max_esjd": 0.08661863207817078,
  "max_acceptance_rate": 0.23784,
  "max_variance_value": 0.67,
  "expected_squared_jump_distances": [
    9.852286166278645e-05,
    0.0011770793935284019,
    0.0032955522183328867,
    0.006238760892301798,
    0.009997316636145115,
    0.013699900358915329,
    0.01763966679573059,
    0.01980207860469818,
    0.028514036908745766,
    0.03415502980351448,
    0.039272014051675797,
    0.04208848625421524,
    0.04911847412586212,
    0.05429340526461601,
    0.05121642351150513,
    0.04421088844537735,
    0.05879717692732811,
    0.06502140313386917,
    0.05986994877457619,
    0.06772468239068985,
    0.07273999601602554,
    0.07736870646476746,
    0.07900965213775635,
    0.0724620372056961,
    0.07516784220933914,
    0.048055946826934814,
    0.08661863207817078,
    0.0842125341296196,
    0.07862958312034607,
    0.08355467766523361,
    0.0729907676577568,
    0.0782390907406807,
    0.07674674689769745,
    0.0782952532172203,
    0.07591448724269867,
    0.0639316514134407,
    0.06363661587238312,
    0.07364539057016373,
    0.06851862370967865,
    0.07491068542003632
  ],
  "acceptance_rates": [
    0.98655,
    0.94568,
    0.90243,
    0.85577,
    0.82236,
    0.75601,
    0.69976,
    0.59934,
    0.66172,
    0.6361,
    0.60171,
    0.54484,
    0.53826,
    0.51226,
    0.42789,
    0.3326,
    0.38535,
    0.37858,
    0.31713,
    0.32379,
    0.31596,
    0.30805,
    0.28987,
    0.24779,
    0.23851,
    0.14577,
    0.23784,
    0.21687,
    0.19135,
    0.19045,
    0.1587,
    0.15933,
    0.14865,
    0.14456,
    0.13408,
    0.10834,
    0.1024,
    0.11195,
    0.10057,
    0.10559
  ],
  "var_value_range": [
    0.01,
    0.03538461538461538,
    0.06076923076923077,
    0.08615384615384615,
    0.11153846153846153,
    0.13692307692307693,
    0.16230769230769232,
    0.18769230769230769,
    0.21307692307692308,
    0.23846153846153847,
    0.26384615384615384,
    0.28923076923076924,
    0.31461538461538463,
    0.34,
    0.36538461538461536,
    0.39076923076923076,
    0.41615384615384615,
    0.44153846153846155,
    0.46692307692307694,
    0.4923076923076923,
    0.5176923076923077,
    0.5430769230769231,
    0.5684615384615385,
    0.5938461538461538,
    0.6192307692307693,
    0.6446153846153846,
    0.67,
    0.6953846153846154,
    0.7207692307692307,
    0.7461538461538462,
    0.7715384615384615,
    0.796923076923077,
    0.8223076923076923,
    0.8476923076923076,
    0.8730769230769231,
    0.8984615384615384,
    0.9238461538461539,
    0.9492307692307692,
    0.9746153846153846,
    1.0
  ],
  "times": [
    82.69838213920593,
    81.1827335357666,
    80.9088032245636,
    81.16708016395569,
    81.05450391769409,
    81.11762619018555,
    80.93572926521301,
    81.22114419937134,
    81.03395915031433,
    81.01167011260986,
    81.13937830924988,
    81.16758322715759,
    80.8192241191864,
    81.44260883331299,
    81.19572591781616,
    81.17137265205383,
    80.98122715950012,
    81.2872793674469,
    81.14906525611877,
    81.23155999183655,
    81.08470320701599,
    81.07598519325256,
    81.00732517242432,
    81.09757328033447,
    80.76680850982666,
    80.9801173210144,
    80.86816501617432,
    81.13716101646423,
    81.03224754333496,
    81.05255675315857,
    81.50471258163452,
    81.36035799980164,
    81.30453896522522,
    81.12350106239319,
    80.90679383277893,
    81.06492638587952,
    81.14163374900818,
    81.48648810386658,
    81.41779351234436,
    81.59991455078125
  ]
}