{
  "target_distribution": "HybridRosenbrock",
  "proposal_distribution": "Normal",
  "dimension": 3,
  "num_iterations": 1000000,
  "seed": 5,
  "total_time": 11939.199726343155,
  "max_esjd": 0.06289646029472351,
  "max_acceptance_rate": 0.136609,
  "max_scale_param": 0.906923076923077,
  "expected_squared_jump_distances": [
    9.763206617208198e-05,
    0.002040399005636573,
    0.005304075311869383,
    0.009655161760747433,
    0.015345072373747826,
    0.018449367955327034,
    0.02295922115445137,
    0.02452080138027668,
    0.02910485863685608,
    0.03361279517412186,
    0.031475361436605453,
    0.031906578689813614,
    0.040320977568626404,
    0.046432219445705414,
    0.04254275560379028,
    0.04926897957921028,
    0.04626414552330971,
    0.04318072646856308,
    0.053701501339673996,
    0.05015307664871216,
    0.04637163504958153,
    0.060795415192842484,
    0.06289646029472351,
    0.05614881217479706,
    0.043548960238695145,
    0.05177674815058708,
    0.041179560124874115,
    0.05733400583267212,
    0.05134899169206619,
    0.04755960404872894,
    0.05428178608417511,
    0.05917997658252716,
    0.053884878754615784,
    0.061147455126047134,
    0.04814080148935318,
    0.049363747239112854,
    0.055026959627866745,
    0.060590170323848724,
    0.0496709831058979,
    0.050685543566942215
  ],
  "acceptance_rates": [
    0.982046,
    0.84098,
    0.711908,
    0.640046,
    0.60316,
    0.499266,
    0.452293,
    0.370981,
    0.347444,
    0.325591,
    0.257494,
    0.222318,
    0.238749,
    0.239531,
    0.195923,
    0.20073,
    0.17029,
    0.145745,
    0.162273,
    0.140042,
    0.119459,
    0.142479,
    0.136609,
    0.114852,
    0.084355,
    0.093742,
    0.069735,
    0.090933,
    0.077633,
    0.068189,
    0.073038,
    0.075769,
    0.064833,
    0.070255,
    0.053777,
    0.051946,
    0.054874,
    0.059052,
    0.045853,
    0.045057
  ],
  "scale_param_range": [
    0.01,
    0.050769230769230775,
    0.09153846153846154,
    0.13230769230769232,
    0.1730769230769231,
    0.21384615384615388,
    0.25461538461538463,
    0.2953846153846154,
    0.3361538461538462,
    0.37692307692307697,
    0.41769230769230775,
    0.45846153846153853,
    0.49923076923076926,
    0.54,
    0.5807692307692308,
    0.6215384615384616,
    0.6623076923076924,
    0.7030769230769232,
    0.7438461538461539,
    0.7846153846153847,
    0.8253846153846155,
    0.8661538461538463,
    0.906923076923077,
    0.9476923076923078,
    0.9884615384615385,
    1.0292307692307694,
    1.07,
    1.110769230769231,
    1.1515384615384616,
    1.1923076923076925,
    1.2330769230769232,
    1.273846153846154,
    1.3146153846153847,
    1.3553846153846154,
    1.3961538461538463,
    1.436923076923077,
    1.4776923076923079,
    1.5184615384615385,
    1.5592307692307694,
    1.6
  ],
  "times": [
    295.91732907295227,
    293.7904706001282,
    299.3054132461548,
    299.512775182724,
    297.98459458351135,
    298.89875388145447,
    299.2372856140137,
    298.548627614975,
    298.6787278652191,
    298.9084737300873,
    298.20049238204956,
    299.0761215686798,
    298.99272656440735,
    299.3120095729828,
    298.6292471885681,
    298.8653841018677,
    298.84673953056335,
    299.0928466320038,
    299.3709874153137,
    299.00115299224854,
    299.4896194934845,
    299.02334570884705,
    298.0711398124695,
    297.51523447036743,
    298.6311342716217,
    298.18289852142334,
    299.8329167366028,
    299.37596917152405,
    298.1100752353668,
    297.6007010936737,
    297.88380241394043,
    297.90253162384033,
    297.93882942199707,
    298.544527053833,
    298.1794822216034,
    298.5340495109558,
    298.38384342193604,
    299.0890693664551,
    298.3941822052002,
    298.29897594451904
  ]
}