{
  "target_distribution": "HybridRosenbrock",
  "dimension": 19,
  "num_iterations": 100000,
  "seed": 8,
  "total_time": 1339.1553540229797,
  "max_esjd": 0.0871506780385971,
  "max_acceptance_rate": 0.20181,
  "max_variance_value": 0.6953846153846154,
  "expected_squared_jump_distances": [
    9.868117194855586e-05,
    0.001184580847620964,
    0.003340829396620393,
    0.006417189724743366,
    0.010210483334958553,
    0.014667335897684097,
    0.019488593563437462,
    0.02489742636680603,
    0.030251912772655487,
    0.03584878891706467,
    0.04142359271645546,
    0.04716821014881134,
    0.05241097882390022,
    0.05749749392271042,
    0.06158837676048279,
    0.06578446924686432,
    0.04780830815434456,
    0.07401178777217865,
    0.07725095748901367,
    0.07952006906270981,
    0.08153336495161057,
    0.08316502720117569,
    0.0835370123386383,
    0.08604880422353745,
    0.06941644102334976,
    0.08629327267408371,
    0.08656441420316696,
    0.0871506780385971,
    0.07174733281135559,
    0.08137746900320053,
    0.08206701278686523,
    0.07936020195484161,
    0.05671149119734764,
    0.07632394134998322,
    0.07655566185712814,
    0.07298368215560913,
    0.010870985686779022,
    0.05613583326339722,
    0.06335379928350449,
    0.06431958824396133
  ],
  "acceptance_rates": [
    0.98637,
    0.94757,
    0.90845,
    0.87028,
    0.8285,
    0.79187,
    0.75115,
    0.71992,
    0.68102,
    0.64647,
    0.61245,
    0.58228,
    0.54853,
    0.51786,
    0.48244,
    0.45257,
    0.29737,
    0.40172,
    0.3773,
    0.35083,
    0.32721,
    0.30529,
    0.28171,
    0.26681,
    0.20098,
    0.22943,
    0.21514,
    0.20181,
    0.15648,
    0.16598,
    0.15753,
    0.14363,
    0.09846,
    0.12347,
    0.11763,
    0.1067,
    0.0166,
    0.07498,
    0.07965,
    0.07736
  ],
  "var_value_range": [
    0.01,
    0.03538461538461538,
    0.06076923076923077,
    0.08615384615384615,
    0.11153846153846153,
    0.13692307692307693,
    0.16230769230769232,
    0.18769230769230769,
    0.21307692307692308,
    0.23846153846153847,
    0.26384615384615384,
    0.28923076923076924,
    0.31461538461538463,
    0.34,
    0.36538461538461536,
    0.39076923076923076,
    0.41615384615384615,
    0.44153846153846155,
    0.46692307692307694,
    0.4923076923076923,
    0.5176923076923077,
    0.5430769230769231,
    0.5684615384615385,
    0.5938461538461538,
    0.6192307692307693,
    0.6446153846153846,
    0.67,
    0.6953846153846154,
    0.7207692307692307,
    0.7461538461538462,
    0.7715384615384615,
    0.796923076923077,
    0.8223076923076923,
    0.8476923076923076,
    0.8730769230769231,
    0.8984615384615384,
    0.9238461538461539,
    0.9492307692307692,
    0.9746153846153846,
    1.0
  ],
  "times": [
    33.85858154296875,
    33.489094734191895,
    33.37411570549011,
    33.53708863258362,
    33.40131688117981,
    33.513550996780396,
    33.31360459327698,
    33.500956773757935,
    33.43055200576782,
    33.529972553253174,
    33.39576196670532,
    33.53393912315369,
    33.43117690086365,
    33.45094442367554,
    33.41034507751465,
    33.582624673843384,
    33.51243782043457,
    33.56143522262573,
    33.42764735221863,
    33.48924136161804,
    33.35154843330383,
    33.50182008743286,
    33.42008900642395,
    33.527376651763916,
    33.41994643211365,
    33.5160071849823,
    33.480881214141846,
    33.449703216552734,
    33.44269323348999,
    33.54576301574707,
    33.455466508865356,
    33.5048451423645,
    33.473588943481445,
    33.487364768981934,
    33.36486268043518,
    33.452061891555786,
    33.453593730926514,
    33.492170572280884,
    33.514984369277954,
    33.52491641044617
  ]
}