{
  "target_distribution": "HybridRosenbrock",
  "proposal_distribution": "Normal",
  "dimension": 3,
  "num_iterations": 1000000,
  "seed": 14,
  "total_time": 13450.066169261932,
  "max_esjd": 0.06470200419425964,
  "max_acceptance_rate": 0.06449,
  "max_scale_param": 1.4776923076923079,
  "expected_squared_jump_distances": [
    9.807472815737128e-05,
    0.0021928981877863407,
    0.006196391303092241,
    0.010942545719444752,
    0.015129695646464825,
    0.01761825755238533,
    0.021967124193906784,
    0.029366834089159966,
    0.03434724360704422,
    0.035540297627449036,
    0.025706574320793152,
    0.04008854925632477,
    0.025717660784721375,
    0.03266790136694908,
    0.04412941262125969,
    0.04655373841524124,
    0.04771565645933151,
    0.05718196555972099,
    0.05194312706589699,
    0.047501303255558014,
    0.05075947567820549,
    0.037309978157281876,
    0.06003321707248688,
    0.06065768375992775,
    0.0592736154794693,
    0.05715496838092804,
    0.05439510568976402,
    0.04541818052530289,
    0.05004497617483139,
    0.046616360545158386,
    0.05698147043585777,
    0.04741131141781807,
    0.05371968075633049,
    0.062140092253685,
    0.060059983283281326,
    0.041776563972234726,
    0.06470200419425964,
    0.04443055018782616,
    0.046841301023960114,
    0.057880450040102005
  ],
  "acceptance_rates": [
    0.985266,
    0.886698,
    0.799485,
    0.704836,
    0.596791,
    0.477147,
    0.430656,
    0.433677,
    0.401286,
    0.341644,
    0.21107,
    0.273837,
    0.15552,
    0.171945,
    0.202099,
    0.189215,
    0.175638,
    0.187683,
    0.156493,
    0.132028,
    0.129944,
    0.089434,
    0.131632,
    0.123956,
    0.112989,
    0.102303,
    0.091661,
    0.072648,
    0.0749,
    0.066175,
    0.076032,
    0.060893,
    0.064785,
    0.071742,
    0.066371,
    0.044325,
    0.06449,
    0.04269,
    0.04339,
    0.051293
  ],
  "scale_param_range": [
    0.01,
    0.050769230769230775,
    0.09153846153846154,
    0.13230769230769232,
    0.1730769230769231,
    0.21384615384615388,
    0.25461538461538463,
    0.2953846153846154,
    0.3361538461538462,
    0.37692307692307697,
    0.41769230769230775,
    0.45846153846153853,
    0.49923076923076926,
    0.54,
    0.5807692307692308,
    0.6215384615384616,
    0.6623076923076924,
    0.7030769230769232,
    0.7438461538461539,
    0.7846153846153847,
    0.8253846153846155,
    0.8661538461538463,
    0.906923076923077,
    0.9476923076923078,
    0.9884615384615385,
    1.0292307692307694,
    1.07,
    1.110769230769231,
    1.1515384615384616,
    1.1923076923076925,
    1.2330769230769232,
    1.273846153846154,
    1.3146153846153847,
    1.3553846153846154,
    1.3961538461538463,
    1.436923076923077,
    1.4776923076923079,
    1.5184615384615385,
    1.5592307692307694,
    1.6
  ],
  "times": [
    335.49056339263916,
    338.2161204814911,
    336.78306221961975,
    336.8306906223297,
    338.0248689651489,
    336.6090261936188,
    336.47557520866394,
    335.86069893836975,
    336.09289622306824,
    336.00335478782654,
    335.8753590583801,
    335.7004210948944,
    336.70984840393066,
    335.7689106464386,
    336.86814546585083,
    337.2285234928131,
    336.4347996711731,
    336.42999053001404,
    337.3405945301056,
    335.9643602371216,
    335.8833420276642,
    337.1616497039795,
    336.72987270355225,
    335.28323769569397,
    335.87546014785767,
    335.300128698349,
    336.1812541484833,
    336.3576054573059,
    335.93127036094666,
    336.18298053741455,
    335.28138756752014,
    336.1018126010895,
    336.0011670589447,
    335.27268743515015,
    336.15668296813965,
    335.13281655311584,
    337.63464546203613,
    335.29981327056885,
    335.44694089889526,
    336.10346150398254
  ]
}