{
  "target_distribution": "HybridRosenbrock",
  "proposal_distribution": "Normal",
  "dimension": 5,
  "num_iterations": 1000000,
  "seed": 8,
  "total_time": 9266.254707098007,
  "max_esjd": 0.0694032832980156,
  "max_acceptance_rate": 0.208009,
  "max_scale_param": 0.6871794871794871,
  "expected_squared_jump_distances": [
    9.860880527412519e-05,
    0.0018270192667841911,
    0.005157412961125374,
    0.009865295141935349,
    0.014950972981750965,
    0.018806137144565582,
    0.025700006633996964,
    0.029634999111294746,
    0.03469790518283844,
    0.03320564702153206,
    0.043638937175273895,
    0.048921432346105576,
    0.052563536912202835,
    0.052924688905477524,
    0.05259598419070244,
    0.05475888028740883,
    0.06725484132766724,
    0.06383225321769714,
    0.06626943498849869,
    0.0694032832980156,
    0.06442342698574066,
    0.055091820657253265,
    0.06279607862234116,
    0.06833431869745255,
    0.03695114701986313,
    0.018212195485830307,
    0.058929890394210815,
    0.056302260607481,
    0.058762893080711365,
    0.062126290053129196,
    0.04613182693719864,
    0.047517742961645126,
    0.05158708617091179,
    0.05141273885965347,
    0.02524743042886257,
    0.05056261643767357,
    0.047400832176208496,
    0.0421193428337574,
    0.03916988894343376,
    0.0023763091303408146
  ],
  "acceptance_rates": [
    0.987341,
    0.896123,
    0.814538,
    0.764268,
    0.694351,
    0.592756,
    0.577307,
    0.506148,
    0.467137,
    0.36512,
    0.39443,
    0.37337,
    0.343597,
    0.302288,
    0.265353,
    0.245271,
    0.267203,
    0.230249,
    0.216852,
    0.208009,
    0.178579,
    0.141147,
    0.149448,
    0.151641,
    0.077133,
    0.036646,
    0.108638,
    0.098085,
    0.096589,
    0.097163,
    0.068981,
    0.067813,
    0.0704,
    0.066917,
    0.031723,
    0.060551,
    0.054344,
    0.046478,
    0.041922,
    0.002712
  ],
  "scale_param_range": [
    0.01,
    0.04564102564102564,
    0.08128205128205127,
    0.1169230769230769,
    0.15256410256410255,
    0.1882051282051282,
    0.2238461538461538,
    0.2594871794871794,
    0.2951282051282051,
    0.3307692307692307,
    0.3664102564102564,
    0.402051282051282,
    0.4376923076923076,
    0.4733333333333333,
    0.5089743589743588,
    0.5446153846153845,
    0.5802564102564102,
    0.6158974358974358,
    0.6515384615384614,
    0.6871794871794871,
    0.7228205128205127,
    0.7584615384615383,
    0.794102564102564,
    0.8297435897435896,
    0.8653846153846152,
    0.9010256410256409,
    0.9366666666666665,
    0.9723076923076922,
    1.0079487179487177,
    1.0435897435897434,
    1.079230769230769,
    1.1148717948717948,
    1.1505128205128203,
    1.186153846153846,
    1.2217948717948717,
    1.2574358974358972,
    1.2930769230769228,
    1.3287179487179486,
    1.3643589743589741,
    1.4
  ],
  "times": [
    236.91430377960205,
    240.004234790802,
    237.46646332740784,
    227.1379737854004,
    219.92443943023682,
    221.67037177085876,
    226.25054264068604,
    229.4903163909912,
    228.89586853981018,
    230.4993782043457,
    229.18756318092346,
    227.8495533466339,
    228.63944673538208,
    230.69553875923157,
    228.88270688056946,
    229.07208847999573,
    228.68154311180115,
    229.32507991790771,
    229.95986008644104,
    230.96700739860535,
    228.73795986175537,
    229.99134016036987,
    228.78737998008728,
    228.89979243278503,
    228.9183292388916,
    230.04420924186707,
    230.80679416656494,
    231.46976017951965,
    232.09079813957214,
    237.06982421875,
    237.49741506576538,
    236.67524790763855,
    236.41227769851685,
    237.10693335533142,
    235.2965657711029,
    236.24355030059814,
    236.63849520683289,
    236.01414513587952,
    235.818608045578,
    237.7580804824829
  ]
}