{
  "target_distribution": "HybridRosenbrock",
  "dimension": 9,
  "num_iterations": 100000,
  "seed": 23,
  "total_time": 1928.405479669571,
  "max_esjd": 0.08746340870857239,
  "max_acceptance_rate": 0.22454,
  "max_variance_value": 0.6953846153846154,
  "expected_squared_jump_distances": [
    9.852167568169534e-05,
    0.0011762878857553005,
    0.0032888101413846016,
    0.006240612827241421,
    0.009856468997895718,
    0.013435259461402893,
    0.011506486684083939,
    0.022746166214346886,
    0.026150809600949287,
    0.0343153215944767,
    0.03703272342681885,
    0.043578024953603745,
    0.049445077776908875,
    0.051925379782915115,
    0.052876994013786316,
    0.06404153257608414,
    0.05205458775162697,
    0.0688205286860466,
    0.07001864910125732,
    0.07677548378705978,
    0.07938909530639648,
    0.07667437940835953,
    0.07695063948631287,
    0.07933435589075089,
    0.08043668419122696,
    0.07751646637916565,
    0.0791928619146347,
    0.08746340870857239,
    0.08576097339391708,
    0.07823244482278824,
    0.08000322431325912,
    0.07118982076644897,
    0.07714924961328506,
    0.07928883284330368,
    0.07288748025894165,
    0.025828268378973007,
    0.07452977448701859,
    0.06678805500268936,
    0.0675939992070198,
    0.07071761786937714
  ],
  "acceptance_rates": [
    0.98658,
    0.94506,
    0.90079,
    0.85594,
    0.81136,
    0.7419,
    0.48165,
    0.67824,
    0.61245,
    0.6394,
    0.57216,
    0.56195,
    0.5416,
    0.49286,
    0.43911,
    0.46418,
    0.34483,
    0.40027,
    0.36794,
    0.36398,
    0.34359,
    0.3053,
    0.28305,
    0.27019,
    0.25319,
    0.22925,
    0.21816,
    0.22454,
    0.20639,
    0.17908,
    0.17322,
    0.14678,
    0.14989,
    0.14622,
    0.12883,
    0.04583,
    0.11889,
    0.10285,
    0.09975,
    0.10019
  ],
  "var_value_range": [
    0.01,
    0.03538461538461538,
    0.06076923076923077,
    0.08615384615384615,
    0.11153846153846153,
    0.13692307692307693,
    0.16230769230769232,
    0.18769230769230769,
    0.21307692307692308,
    0.23846153846153847,
    0.26384615384615384,
    0.28923076923076924,
    0.31461538461538463,
    0.34,
    0.36538461538461536,
    0.39076923076923076,
    0.41615384615384615,
    0.44153846153846155,
    0.46692307692307694,
    0.4923076923076923,
    0.5176923076923077,
    0.5430769230769231,
    0.5684615384615385,
    0.5938461538461538,
    0.6192307692307693,
    0.6446153846153846,
    0.67,
    0.6953846153846154,
    0.7207692307692307,
    0.7461538461538462,
    0.7715384615384615,
    0.796923076923077,
    0.8223076923076923,
    0.8476923076923076,
    0.8730769230769231,
    0.8984615384615384,
    0.9238461538461539,
    0.9492307692307692,
    0.9746153846153846,
    1.0
  ],
  "times": [
    48.68483757972717,
    48.36693453788757,
    48.22331428527832,
    48.19475197792053,
    48.20928192138672,
    48.321189403533936,
    48.127753257751465,
    48.239617109298706,
    48.10366630554199,
    48.36176824569702,
    48.13602876663208,
    48.217389822006226,
    48.060840368270874,
    48.178845167160034,
    48.12290906906128,
    48.108439207077026,
    48.13601756095886,
    48.27432322502136,
    48.12601971626282,
    48.29490852355957,
    48.01708126068115,
    48.25512909889221,
    48.099135398864746,
    48.09423017501831,
    48.099586725234985,
    48.125030517578125,
    48.131580114364624,
    48.261351108551025,
    48.06947112083435,
    48.30657601356506,
    48.03484869003296,
    48.26421403884888,
    48.11032724380493,
    48.4649338722229,
    48.341840744018555,
    48.47256064414978,
    48.158228158950806,
    48.20928335189819,
    48.11816692352295,
    48.250837087631226
  ]
}