{
  "target_distribution": "HybridRosenbrock",
  "dimension": 3,
  "num_iterations": 100000,
  "seed": 5,
  "total_time": 1626.110957145691,
  "max_esjd": 0.07749176025390625,
  "max_acceptance_rate": 0.07732,
  "max_variance_value": 1.4897435897435898,
  "expected_squared_jump_distances": [
    9.788768511498347e-05,
    0.002958434633910656,
    0.0086979353800416,
    0.015283437445759773,
    0.017982933670282364,
    0.02400318533182144,
    0.033992666751146317,
    0.040278393775224686,
    0.04388142377138138,
    0.04781225323677063,
    0.05507570132613182,
    0.055179402232170105,
    0.0640893280506134,
    0.05707404017448425,
    0.06346971541643143,
    0.06096856668591499,
    0.059039194136857986,
    0.07041078805923462,
    0.05300078168511391,
    0.06132322922348976,
    0.05889144912362099,
    0.04053640365600586,
    0.06607570499181747,
    0.06335854530334473,
    0.05346990004181862,
    0.07403482496738434,
    0.05677596107125282,
    0.054680339992046356,
    0.05979134142398834,
    0.07749176025390625,
    0.06144222617149353,
    0.07289569824934006,
    0.0683072954416275,
    0.06320304423570633,
    0.06530722230672836,
    0.05899244174361229,
    0.04114030674099922,
    0.05958444997668266,
    0.06565901637077332,
    0.07132972776889801
  ],
  "acceptance_rates": [
    0.9829,
    0.84326,
    0.76054,
    0.6595,
    0.48765,
    0.43567,
    0.44004,
    0.39559,
    0.34604,
    0.30987,
    0.29826,
    0.25629,
    0.25403,
    0.20043,
    0.19784,
    0.17285,
    0.14908,
    0.15772,
    0.11344,
    0.1188,
    0.1066,
    0.06914,
    0.10022,
    0.08923,
    0.07104,
    0.09308,
    0.06738,
    0.06084,
    0.06117,
    0.07732,
    0.05738,
    0.06362,
    0.05499,
    0.05182,
    0.04992,
    0.04357,
    0.02923,
    0.04031,
    0.04159,
    0.04424
  ],
  "var_value_range": [
    0.01,
    0.06102564102564103,
    0.11205128205128205,
    0.1630769230769231,
    0.21410256410256412,
    0.2651282051282051,
    0.3161538461538462,
    0.36717948717948723,
    0.41820512820512823,
    0.46923076923076923,
    0.5202564102564102,
    0.5712820512820513,
    0.6223076923076923,
    0.6733333333333333,
    0.7243589743589745,
    0.7753846153846154,
    0.8264102564102564,
    0.8774358974358974,
    0.9284615384615384,
    0.9794871794871796,
    1.0305128205128204,
    1.0815384615384616,
    1.1325641025641027,
    1.1835897435897436,
    1.2346153846153847,
    1.2856410256410258,
    1.3366666666666667,
    1.3876923076923078,
    1.438717948717949,
    1.4897435897435898,
    1.540769230769231,
    1.5917948717948718,
    1.642820512820513,
    1.693846153846154,
    1.744871794871795,
    1.795897435897436,
    1.846923076923077,
    1.897948717948718,
    1.9489743589743591,
    2.0
  ],
  "times": [
    42.9697949886322,
    40.6668336391449,
    40.68884515762329,
    40.66617822647095,
    40.696186780929565,
    40.676753759384155,
    40.55478835105896,
    40.61245322227478,
    40.549055099487305,
    40.63280391693115,
    40.554767370224,
    40.60236382484436,
    40.58446216583252,
    40.68670845031738,
    40.564945459365845,
    40.564916133880615,
    40.57512140274048,
    40.7222638130188,
    40.52201843261719,
    40.59428119659424,
    40.54644513130188,
    40.61501884460449,
    40.55186486244202,
    40.67048931121826,
    40.56474041938782,
    40.590420961380005,
    40.590681314468384,
    40.51918601989746,
    40.54737043380737,
    40.53181052207947,
    40.69657373428345,
    40.6041419506073,
    40.602246046066284,
    40.59020376205444,
    40.602988958358765,
    40.544832706451416,
    40.4725661277771,
    40.54584455490112,
    40.512540102005005,
    40.49423956871033
  ]
}