{
  "target_distribution": "HybridRosenbrock",
  "proposal_distribution": "Normal",
  "dimension": 29,
  "num_iterations": 1000000,
  "seed": 18,
  "total_time": 43150.20516037941,
  "max_esjd": 0.08524703234434128,
  "max_acceptance_rate": 0.216044,
  "max_scale_param": 0.6507692307692308,
  "expected_squared_jump_distances": [
    9.852829680312425e-05,
    0.0015363063430413604,
    0.004471332300454378,
    0.008605768904089928,
    0.013759796507656574,
    0.019303524866700172,
    0.025432540103793144,
    0.03194141760468483,
    0.03914325311779976,
    0.045593179762363434,
    0.05168185755610466,
    0.057719871401786804,
    0.06274794042110443,
    0.06743492186069489,
    0.07173357903957367,
    0.07494860887527466,
    0.07670635730028152,
    0.04188134893774986,
    0.08137544244527817,
    0.08421073853969574,
    0.08038618415594101,
    0.08524703234434128,
    0.08110149949789047,
    0.06821373850107193,
    0.08031298220157623,
    0.07915697991847992,
    0.07680483907461166,
    0.07291510701179504,
    0.059541281312704086,
    0.06917929649353027,
    0.06350547075271606,
    0.06060006096959114,
    0.058147039264440536,
    0.054826103150844574,
    0.049223240464925766,
    0.04833969473838806,
    0.046483755111694336,
    0.04165242612361908,
    0.0371292307972908,
    0.028487423434853554
  ],
  "acceptance_rates": [
    0.985355,
    0.93769,
    0.889752,
    0.839649,
    0.795468,
    0.738553,
    0.691677,
    0.649521,
    0.617694,
    0.57545,
    0.533955,
    0.497293,
    0.45801,
    0.42298,
    0.390795,
    0.358252,
    0.324775,
    0.160446,
    0.27594,
    0.25753,
    0.223815,
    0.216044,
    0.188874,
    0.146898,
    0.159021,
    0.145264,
    0.131186,
    0.116244,
    0.08916,
    0.096823,
    0.083584,
    0.075321,
    0.068333,
    0.060921,
    0.051924,
    0.048387,
    0.04419,
    0.037763,
    0.032153,
    0.023731
  ],
  "scale_param_range": [
    0.01,
    0.04051282051282051,
    0.07102564102564102,
    0.10153846153846154,
    0.13205128205128205,
    0.16256410256410256,
    0.1930769230769231,
    0.2235897435897436,
    0.2541025641025641,
    0.2846153846153846,
    0.3151282051282051,
    0.3456410256410256,
    0.37615384615384617,
    0.4066666666666667,
    0.4371794871794872,
    0.4676923076923077,
    0.4982051282051282,
    0.5287179487179487,
    0.5592307692307692,
    0.5897435897435898,
    0.6202564102564102,
    0.6507692307692308,
    0.6812820512820512,
    0.7117948717948718,
    0.7423076923076923,
    0.7728205128205128,
    0.8033333333333333,
    0.8338461538461538,
    0.8643589743589744,
    0.8948717948717948,
    0.9253846153846154,
    0.9558974358974358,
    0.9864102564102564,
    1.0169230769230768,
    1.0474358974358975,
    1.077948717948718,
    1.1084615384615384,
    1.1389743589743588,
    1.1694871794871795,
    1.2
  ],
  "times": [
    1108.8708307743073,
    1099.3760817050934,
    1076.7052466869354,
    1073.0747411251068,
    1074.310137271881,
    1070.64830160141,
    1071.375037431717,
    1072.79607462883,
    1075.1267981529236,
    1071.800780057907,
    1073.2950870990753,
    1069.3249831199646,
    1073.4880962371826,
    1070.24281001091,
    1071.8930611610413,
    1070.3073756694794,
    1073.80175948143,
    1078.0614953041077,
    1078.9238727092743,
    1077.1133937835693,
    1077.6325726509094,
    1075.8767857551575,
    1080.1512088775635,
    1079.802092075348,
    1074.2102556228638,
    1076.4561698436737,
    1076.6564679145813,
    1070.4786264896393,
    1081.2752163410187,
    1077.77330493927,
    1078.1394321918488,
    1070.369056224823,
    1076.3360240459442,
    1071.2484502792358,
    1074.6286544799805,
    1085.3770880699158,
    1121.3566462993622,
    1115.7084069252014,
    1084.8136286735535,
    1071.2362446784973
  ]
}