{
  "target_distribution": "HybridRosenbrock",
  "dimension": 5,
  "num_iterations": 100000,
  "seed": 7,
  "total_time": 2125.8262591362,
  "max_esjd": 0.07175972312688828,
  "max_acceptance_rate": 0.10597,
  "max_variance_value": 1.0815384615384616,
  "expected_squared_jump_distances": [
    9.848232002696022e-05,
    0.003230696078389883,
    0.009614618495106697,
    0.01776745356619358,
    0.022009383887052536,
    0.03085898421704769,
    0.03588886559009552,
    0.04297522455453873,
    0.05256519466638565,
    0.04056496545672417,
    0.054841697216033936,
    0.06415320187807083,
    0.03382503613829613,
    0.0646338239312172,
    0.046235863119363785,
    0.06659433245658875,
    0.04912645369768143,
    0.04000719264149666,
    0.053404539823532104,
    0.06371136009693146,
    0.03235263749957085,
    0.07175972312688828,
    0.049077488481998444,
    0.034558191895484924,
    0.04143436253070831,
    0.04906422272324562,
    0.04891810938715935,
    0.056354694068431854,
    0.037683479487895966,
    0.04387463256716728,
    0.03385450690984726,
    0.04313863813877106,
    0.01593073084950447,
    0.03945091366767883,
    0.02936071716248989,
    0.02374887652695179,
    0.01842980831861496,
    0.03309257701039314,
    0.025012683123350143,
    0.004865966737270355
  ],
  "acceptance_rates": [
    0.9856,
    0.88749,
    0.80139,
    0.71719,
    0.54575,
    0.50498,
    0.42641,
    0.39105,
    0.37201,
    0.2419,
    0.26535,
    0.26145,
    0.1251,
    0.19974,
    0.13092,
    0.16387,
    0.11024,
    0.08134,
    0.10182,
    0.10881,
    0.05263,
    0.10597,
    0.06802,
    0.0455,
    0.05226,
    0.05733,
    0.05381,
    0.05948,
    0.03796,
    0.04094,
    0.03086,
    0.03736,
    0.01328,
    0.03176,
    0.02246,
    0.01783,
    0.01333,
    0.02314,
    0.01738,
    0.0033
  ],
  "var_value_range": [
    0.01,
    0.06102564102564103,
    0.11205128205128205,
    0.1630769230769231,
    0.21410256410256412,
    0.2651282051282051,
    0.3161538461538462,
    0.36717948717948723,
    0.41820512820512823,
    0.46923076923076923,
    0.5202564102564102,
    0.5712820512820513,
    0.6223076923076923,
    0.6733333333333333,
    0.7243589743589745,
    0.7753846153846154,
    0.8264102564102564,
    0.8774358974358974,
    0.9284615384615384,
    0.9794871794871796,
    1.0305128205128204,
    1.0815384615384616,
    1.1325641025641027,
    1.1835897435897436,
    1.2346153846153847,
    1.2856410256410258,
    1.3366666666666667,
    1.3876923076923078,
    1.438717948717949,
    1.4897435897435898,
    1.540769230769231,
    1.5917948717948718,
    1.642820512820513,
    1.693846153846154,
    1.744871794871795,
    1.795897435897436,
    1.846923076923077,
    1.897948717948718,
    1.9489743589743591,
    2.0
  ],
  "times": [
    54.03861451148987,
    53.242048263549805,
    53.18744230270386,
    53.31301474571228,
    53.20364785194397,
    53.248080253601074,
    53.04679250717163,
    53.16087985038757,
    53.08957576751709,
    53.18473219871521,
    53.08627271652222,
    53.27867650985718,
    53.10858416557312,
    53.190011501312256,
    53.15911412239075,
    53.09796404838562,
    53.08565068244934,
    53.152093172073364,
    53.00265145301819,
    53.13904333114624,
    53.15164399147034,
    53.09704327583313,
    53.03734827041626,
    53.108386278152466,
    53.07428526878357,
    53.094101667404175,
    52.99450445175171,
    53.119609355926514,
    53.004399061203,
    53.096535444259644,
    53.073304891586304,
    53.163384199142456,
    53.07196092605591,
    53.10234355926514,
    53.0184121131897,
    53.102208852767944,
    53.068397760391235,
    53.11688780784607,
    53.12300968170166,
    53.142876386642456
  ]
}