{
  "target_distribution": "HybridRosenbrock",
  "dimension": 5,
  "num_iterations": 100000,
  "seed": 12,
  "total_time": 1349.714096069336,
  "max_esjd": 0.08286182582378387,
  "max_acceptance_rate": 0.23908,
  "max_variance_value": 0.6953846153846154,
  "expected_squared_jump_distances": [
    9.847397450357676e-05,
    0.0011690298561006784,
    0.0032007310073822737,
    0.004905190784484148,
    0.009562219493091106,
    0.010658783838152885,
    0.01644359715282917,
    0.020977597683668137,
    0.013938669115304947,
    0.028522668406367302,
    0.023199986666440964,
    0.030177442356944084,
    0.04098845645785332,
    0.04022477567195892,
    0.026659928262233734,
    0.050504930317401886,
    0.0177419763058424,
    0.05858393758535385,
    0.06042817234992981,
    0.052025988698005676,
    0.018207844346761703,
    0.03155471757054329,
    0.05409238487482071,
    0.012583053670823574,
    0.06454857438802719,
    0.026956910267472267,
    0.02846892550587654,
    0.08286182582378387,
    0.022813603281974792,
    0.00538158742710948,
    0.06810030341148376,
    0.0427434965968132,
    0.04350392892956734,
    0.03345493972301483,
    0.04750671237707138,
    0.039489731192588806,
    0.029756858944892883,
    0.06761352717876434,
    0.05283734202384949,
    0.053634174168109894
  ],
  "acceptance_rates": [
    0.98555,
    0.94305,
    0.887,
    0.71258,
    0.80439,
    0.6271,
    0.6771,
    0.65232,
    0.38045,
    0.56722,
    0.39786,
    0.42771,
    0.48491,
    0.41885,
    0.2591,
    0.40204,
    0.14701,
    0.37275,
    0.34934,
    0.28083,
    0.09677,
    0.14427,
    0.22451,
    0.0546,
    0.23189,
    0.09462,
    0.09271,
    0.23908,
    0.06728,
    0.01834,
    0.16876,
    0.10146,
    0.0998,
    0.07332,
    0.09851,
    0.07866,
    0.05885,
    0.12131,
    0.09137,
    0.08986
  ],
  "var_value_range": [
    0.01,
    0.03538461538461538,
    0.06076923076923077,
    0.08615384615384615,
    0.11153846153846153,
    0.13692307692307693,
    0.16230769230769232,
    0.18769230769230769,
    0.21307692307692308,
    0.23846153846153847,
    0.26384615384615384,
    0.28923076923076924,
    0.31461538461538463,
    0.34,
    0.36538461538461536,
    0.39076923076923076,
    0.41615384615384615,
    0.44153846153846155,
    0.46692307692307694,
    0.4923076923076923,
    0.5176923076923077,
    0.5430769230769231,
    0.5684615384615385,
    0.5938461538461538,
    0.6192307692307693,
    0.6446153846153846,
    0.67,
    0.6953846153846154,
    0.7207692307692307,
    0.7461538461538462,
    0.7715384615384615,
    0.796923076923077,
    0.8223076923076923,
    0.8476923076923076,
    0.8730769230769231,
    0.8984615384615384,
    0.9238461538461539,
    0.9492307692307692,
    0.9746153846153846,
    1.0
  ],
  "times": [
    34.14459538459778,
    33.79021644592285,
    33.818445920944214,
    33.73302865028381,
    33.69237780570984,
    33.86809015274048,
    33.802788734436035,
    33.7119402885437,
    33.7610878944397,
    33.71736168861389,
    33.67832565307617,
    33.63463044166565,
    33.77129673957825,
    33.76870846748352,
    33.629552125930786,
    33.70427894592285,
    33.90147829055786,
    33.75979661941528,
    33.63464093208313,
    33.774574279785156,
    33.756468296051025,
    33.64946794509888,
    33.70951223373413,
    33.785037994384766,
    33.80783939361572,
    33.678390979766846,
    33.73735737800598,
    33.78367567062378,
    33.669498920440674,
    33.780213356018066,
    33.77428126335144,
    33.785154581069946,
    33.56091356277466,
    33.69653511047363,
    33.74091839790344,
    33.71676206588745,
    33.68416619300842,
    33.75948166847229,
    33.68623995780945,
    33.62534546852112
  ]
}