{
  "target_distribution": "HybridRosenbrock",
  "proposal_distribution": "Normal",
  "dimension": 5,
  "num_iterations": 1000000,
  "seed": 1,
  "total_time": 18640.37116909027,
  "max_esjd": 0.06289511919021606,
  "max_acceptance_rate": 0.207948,
  "max_scale_param": 0.6515384615384614,
  "expected_squared_jump_distances": [
    9.804940054891631e-05,
    0.0015269804280251265,
    0.003554457100108266,
    0.005042303819209337,
    0.006765224039554596,
    0.00941500999033451,
    0.003241597441956401,
    0.008744871243834496,
    0.022645749151706696,
    0.024158859625458717,
    0.010228964500129223,
    0.0284743495285511,
    0.04163400083780289,
    0.016456363722682,
    0.03794241324067116,
    0.033095069229602814,
    0.04447610676288605,
    0.042961928993463516,
    0.06289511919021606,
    0.048047032207250595,
    0.022210070863366127,
    0.043447211384773254,
    0.041031111031770706,
    0.05996856838464737,
    0.05667067691683769,
    0.054561033844947815,
    0.05441886559128761,
    0.05809130519628525,
    0.059799935668706894,
    0.027004113420844078,
    0.04992388188838959,
    0.05133301392197609,
    0.03060528263449669,
    0.05158781260251999,
    0.04416989907622337,
    0.03812668099999428,
    0.03255687654018402,
    0.0389481782913208,
    0.0423901192843914,
    0.038641903549432755
  ],
  "acceptance_rates": [
    0.983619,
    0.775078,
    0.601818,
    0.437769,
    0.357696,
    0.329621,
    0.103393,
    0.17726,
    0.320311,
    0.276184,
    0.103515,
    0.227907,
    0.280006,
    0.102158,
    0.197335,
    0.154767,
    0.181731,
    0.158989,
    0.207948,
    0.146819,
    0.063129,
    0.113638,
    0.099647,
    0.134217,
    0.118449,
    0.107463,
    0.100818,
    0.101798,
    0.098545,
    0.043082,
    0.074981,
    0.072837,
    0.04246,
    0.067233,
    0.055574,
    0.045964,
    0.037579,
    0.043634,
    0.045498,
    0.040101
  ],
  "scale_param_range": [
    0.01,
    0.04564102564102564,
    0.08128205128205127,
    0.1169230769230769,
    0.15256410256410255,
    0.1882051282051282,
    0.2238461538461538,
    0.2594871794871794,
    0.2951282051282051,
    0.3307692307692307,
    0.3664102564102564,
    0.402051282051282,
    0.4376923076923076,
    0.4733333333333333,
    0.5089743589743588,
    0.5446153846153845,
    0.5802564102564102,
    0.6158974358974358,
    0.6515384615384614,
    0.6871794871794871,
    0.7228205128205127,
    0.7584615384615383,
    0.794102564102564,
    0.8297435897435896,
    0.8653846153846152,
    0.9010256410256409,
    0.9366666666666665,
    0.9723076923076922,
    1.0079487179487177,
    1.0435897435897434,
    1.079230769230769,
    1.1148717948717948,
    1.1505128205128203,
    1.186153846153846,
    1.2217948717948717,
    1.2574358974358972,
    1.2930769230769228,
    1.3287179487179486,
    1.3643589743589741,
    1.4
  ],
  "times": [
    464.37576174736023,
    467.2534637451172,
    468.88424849510193,
    468.291916847229,
    465.35399889945984,
    465.8523190021515,
    466.6595449447632,
    464.6830916404724,
    465.2113211154938,
    466.0385148525238,
    465.1119954586029,
    464.5312361717224,
    467.0545291900635,
    463.83685660362244,
    465.59997844696045,
    467.50160455703735,
    463.7971496582031,
    465.37541151046753,
    469.76519203186035,
    466.7832429409027,
    467.2509241104126,
    466.3121612071991,
    465.2241973876953,
    466.251681804657,
    465.5106110572815,
    467.6655821800232,
    466.44593620300293,
    465.2465841770172,
    467.3526303768158,
    465.47306656837463,
    465.2300021648407,
    466.2474510669708,
    464.153137922287,
    465.78636837005615,
    464.5489640235901,
    465.6664686203003,
    466.09152388572693,
    464.78735089302063,
    465.83782982826233,
    467.27650260925293
  ]
}