{
  "target_distribution": "HybridRosenbrock",
  "proposal_distribution": "Normal",
  "dimension": 5,
  "num_iterations": 1000000,
  "seed": 20,
  "total_time": 18464.750366210938,
  "max_esjd": 0.05883678421378136,
  "max_acceptance_rate": 0.108721,
  "max_scale_param": 0.9366666666666665,
  "expected_squared_jump_distances": [
    9.806141315493733e-05,
    0.0015451593790203333,
    0.0035589339677244425,
    0.003958626184612513,
    0.008462680503726006,
    0.005511407274752855,
    0.006358347833156586,
    0.02391231060028076,
    0.004615143872797489,
    0.02667837031185627,
    0.013493343256413937,
    0.0258796364068985,
    0.03953450918197632,
    0.01750648207962513,
    0.008277667686343193,
    0.004443079698830843,
    0.03528363257646561,
    0.052084602415561676,
    0.05446157976984978,
    0.03136717528104782,
    0.041790921241045,
    0.05207526311278343,
    0.05835622921586037,
    0.04675181955099106,
    0.044759444892406464,
    0.05045667290687561,
    0.05883678421378136,
    0.013574941083788872,
    0.0493898019194603,
    0.044119253754615784,
    0.054253123700618744,
    0.05859573930501938,
    0.017232444137334824,
    0.053475551307201385,
    0.046696532517671585,
    0.020158015191555023,
    0.02989925444126129,
    0.04515790566802025,
    0.02735223062336445,
    0.03493146225810051
  ],
  "acceptance_rates": [
    0.983719,
    0.782617,
    0.602592,
    0.366153,
    0.435205,
    0.218707,
    0.18617,
    0.422809,
    0.084079,
    0.304325,
    0.133878,
    0.210338,
    0.266641,
    0.110791,
    0.04859,
    0.027338,
    0.146533,
    0.190046,
    0.181388,
    0.096918,
    0.118246,
    0.135147,
    0.140155,
    0.105508,
    0.094931,
    0.099596,
    0.108721,
    0.02445,
    0.082352,
    0.069743,
    0.081541,
    0.08346,
    0.023994,
    0.069347,
    0.058392,
    0.02488,
    0.034874,
    0.050203,
    0.029399,
    0.036344
  ],
  "scale_param_range": [
    0.01,
    0.04564102564102564,
    0.08128205128205127,
    0.1169230769230769,
    0.15256410256410255,
    0.1882051282051282,
    0.2238461538461538,
    0.2594871794871794,
    0.2951282051282051,
    0.3307692307692307,
    0.3664102564102564,
    0.402051282051282,
    0.4376923076923076,
    0.4733333333333333,
    0.5089743589743588,
    0.5446153846153845,
    0.5802564102564102,
    0.6158974358974358,
    0.6515384615384614,
    0.6871794871794871,
    0.7228205128205127,
    0.7584615384615383,
    0.794102564102564,
    0.8297435897435896,
    0.8653846153846152,
    0.9010256410256409,
    0.9366666666666665,
    0.9723076923076922,
    1.0079487179487177,
    1.0435897435897434,
    1.079230769230769,
    1.1148717948717948,
    1.1505128205128203,
    1.186153846153846,
    1.2217948717948717,
    1.2574358974358972,
    1.2930769230769228,
    1.3287179487179486,
    1.3643589743589741,
    1.4
  ],
  "times": [
    460.4331605434418,
    461.05942130088806,
    460.89744234085083,
    462.469398021698,
    461.8943843841553,
    462.843713760376,
    462.02097511291504,
    463.85680985450745,
    462.1733229160309,
    463.3460896015167,
    461.6490218639374,
    462.2760467529297,
    461.07356429100037,
    461.5825023651123,
    462.3126721382141,
    462.51961517333984,
    461.4188389778137,
    460.9146020412445,
    461.0685873031616,
    461.3400251865387,
    462.1492826938629,
    462.0705876350403,
    460.8080544471741,
    462.0433523654938,
    460.9051671028137,
    461.9542353153229,
    460.6867527961731,
    460.9712450504303,
    460.93888807296753,
    461.3618755340576,
    462.07277846336365,
    461.20372915267944,
    460.97049021720886,
    460.76195788383484,
    461.34383249282837,
    461.5691006183624,
    460.7817590236664,
    461.71632957458496,
    461.6768808364868,
    461.5704028606415
  ]
}