{
  "target_distribution": "HybridRosenbrock",
  "dimension": 29,
  "num_iterations": 1000000,
  "seed": 1,
  "total_time": 15869.097538471222,
  "max_esjd": 0.08339827507734299,
  "max_acceptance_rate": 0.242968,
  "max_variance_value": 0.6053846153846154,
  "expected_squared_jump_distances": [
    9.846057218965143e-05,
    0.0017288947710767388,
    0.005083984229713678,
    0.009831355884671211,
    0.015563481487333775,
    0.021906524896621704,
    0.028636207804083824,
    0.036016687750816345,
    0.04338132590055466,
    0.038828421384096146,
    0.05474839732050896,
    0.061247702687978745,
    0.06635675579309464,
    0.07087701559066772,
    0.07435128837823868,
    0.07894209027290344,
    0.08287588506937027,
    0.08105259388685226,
    0.08339827507734299,
    0.08252198249101639,
    0.07833759486675262,
    0.08171793818473816,
    0.08062132447957993,
    0.0782347321510315,
    0.07107757031917572,
    0.07338044047355652,
    0.06789078563451767,
    0.05968087539076805,
    0.06166206672787666,
    0.05895575135946274,
    0.056145478039979935,
    0.05369212105870247,
    0.049717679619789124,
    0.04601011425256729,
    0.04076707735657692,
    0.03592156991362572,
    0.02973528951406479,
    0.032490164041519165,
    0.02950342558324337,
    0.028926324099302292
  ],
  "acceptance_rates": [
    0.985247,
    0.934195,
    0.881006,
    0.829885,
    0.775997,
    0.72139,
    0.669643,
    0.629057,
    0.587957,
    0.424577,
    0.486219,
    0.453381,
    0.416298,
    0.382086,
    0.348227,
    0.324157,
    0.301253,
    0.263081,
    0.242968,
    0.217172,
    0.187509,
    0.178559,
    0.161605,
    0.14457,
    0.121678,
    0.116328,
    0.100267,
    0.082552,
    0.079753,
    0.071318,
    0.064096,
    0.057693,
    0.050662,
    0.044367,
    0.037324,
    0.031339,
    0.024777,
    0.025687,
    0.022328,
    0.020886
  ],
  "var_value_range": [
    0.01,
    0.04307692307692308,
    0.07615384615384616,
    0.10923076923076923,
    0.14230769230769233,
    0.17538461538461542,
    0.20846153846153848,
    0.24153846153846156,
    0.27461538461538465,
    0.3076923076923077,
    0.3407692307692308,
    0.3738461538461539,
    0.40692307692307694,
    0.44000000000000006,
    0.4730769230769231,
    0.5061538461538462,
    0.5392307692307693,
    0.5723076923076924,
    0.6053846153846154,
    0.6384615384615385,
    0.6715384615384616,
    0.7046153846153846,
    0.7376923076923078,
    0.7707692307692309,
    0.8038461538461539,
    0.836923076923077,
    0.8700000000000001,
    0.9030769230769232,
    0.9361538461538462,
    0.9692307692307693,
    1.0023076923076923,
    1.0353846153846156,
    1.0684615384615386,
    1.1015384615384616,
    1.1346153846153848,
    1.1676923076923078,
    1.2007692307692308,
    1.233846153846154,
    1.266923076923077,
    1.3
  ],
  "times": [
    382.78781056404114,
    378.95166659355164,
    378.26295018196106,
    378.36125588417053,
    378.67555570602417,
    379.20957684516907,
    378.33238768577576,
    378.4547553062439,
    377.72492480278015,
    376.84666657447815,
    376.27110838890076,
    378.4072632789612,
    378.5827753543854,
    379.7172124385834,
    377.5705900192261,
    380.1086597442627,
    379.776686668396,
    390.93626141548157,
    411.2712707519531,
    411.8115961551666,
    411.2890524864197,
    411.3786163330078,
    411.6174168586731,
    411.5917716026306,
    411.2468400001526,
    412.0603234767914,
    412.0677058696747,
    413.3945691585541,
    411.5675313472748,
    409.75757360458374,
    409.6961479187012,
    409.58486557006836,
    410.7559928894043,
    409.44194650650024,
    409.62593054771423,
    409.8314938545227,
    409.8630623817444,
    409.8713791370392,
    411.4747176170349,
    410.85984325408936
  ]
}