{
  "target_distribution": "HybridRosenbrock",
  "dimension": 9,
  "num_iterations": 100000,
  "seed": 16,
  "total_time": 1697.0260570049286,
  "max_esjd": 0.08563791960477829,
  "max_acceptance_rate": 0.22008,
  "max_variance_value": 0.6953846153846154,
  "expected_squared_jump_distances": [
    9.851716458797455e-05,
    0.001176816993393004,
    0.003290798282250762,
    0.006241568364202976,
    0.009643208235502243,
    0.014170221984386444,
    0.018142802640795708,
    0.022644750773906708,
    0.028266461566090584,
    0.03381115570664406,
    0.03881978243589401,
    0.04364825412631035,
    0.03687451779842377,
    0.04835442081093788,
    0.0454600527882576,
    0.05993478000164032,
    0.06400196999311447,
    0.06633452326059341,
    0.0723334401845932,
    0.07258211076259613,
    0.07002051919698715,
    0.053666893392801285,
    0.07818132638931274,
    0.08405287563800812,
    0.06841287761926651,
    0.08517014235258102,
    0.08072337508201599,
    0.08563791960477829,
    0.08212212473154068,
    0.08360747992992401,
    0.056654367595911026,
    0.07618481665849686,
    0.07683485001325607,
    0.07901930809020996,
    0.07432801276445389,
    0.0774671733379364,
    0.06614276021718979,
    0.07589185982942581,
    0.06461354345083237,
    0.06806062161922455
  ],
  "acceptance_rates": [
    0.98651,
    0.94548,
    0.90125,
    0.85656,
    0.79685,
    0.77852,
    0.71655,
    0.67531,
    0.65701,
    0.63096,
    0.59706,
    0.56161,
    0.41536,
    0.4614,
    0.38371,
    0.43826,
    0.41596,
    0.38651,
    0.37903,
    0.34624,
    0.30741,
    0.21948,
    0.28783,
    0.28394,
    0.21807,
    0.24891,
    0.22197,
    0.22008,
    0.19947,
    0.19072,
    0.12444,
    0.15617,
    0.14857,
    0.14575,
    0.13064,
    0.12885,
    0.10643,
    0.11577,
    0.09615,
    0.0953
  ],
  "var_value_range": [
    0.01,
    0.03538461538461538,
    0.06076923076923077,
    0.08615384615384615,
    0.11153846153846153,
    0.13692307692307693,
    0.16230769230769232,
    0.18769230769230769,
    0.21307692307692308,
    0.23846153846153847,
    0.26384615384615384,
    0.28923076923076924,
    0.31461538461538463,
    0.34,
    0.36538461538461536,
    0.39076923076923076,
    0.41615384615384615,
    0.44153846153846155,
    0.46692307692307694,
    0.4923076923076923,
    0.5176923076923077,
    0.5430769230769231,
    0.5684615384615385,
    0.5938461538461538,
    0.6192307692307693,
    0.6446153846153846,
    0.67,
    0.6953846153846154,
    0.7207692307692307,
    0.7461538461538462,
    0.7715384615384615,
    0.796923076923077,
    0.8223076923076923,
    0.8476923076923076,
    0.8730769230769231,
    0.8984615384615384,
    0.9238461538461539,
    0.9492307692307692,
    0.9746153846153846,
    1.0
  ],
  "times": [
    44.08852696418762,
    42.57207727432251,
    42.58714437484741,
    42.41628289222717,
    42.38327646255493,
    42.57925343513489,
    42.20559883117676,
    42.39791488647461,
    42.413747787475586,
    42.199381589889526,
    42.21090364456177,
    42.25379753112793,
    41.76960730552673,
    42.133583784103394,
    42.24127507209778,
    42.6895534992218,
    42.97322964668274,
    42.68726873397827,
    42.28025507926941,
    42.08977961540222,
    42.37476396560669,
    42.38926672935486,
    42.6556441783905,
    42.450186252593994,
    42.30189323425293,
    41.83374238014221,
    41.86032438278198,
    41.660341024398804,
    41.74254035949707,
    42.1515691280365,
    42.59534668922424,
    42.85819172859192,
    43.067328214645386,
    42.43390464782715,
    42.76474118232727,
    42.463555574417114,
    42.503153562545776,
    42.717196464538574,
    42.62452697753906,
    42.37080359458923
  ]
}