{
  "target_distribution": "HybridRosenbrock",
  "dimension": 3,
  "num_iterations": 100000,
  "seed": 10,
  "total_time": 2634.7018866539,
  "max_esjd": 0.08223255723714828,
  "max_acceptance_rate": 0.08028,
  "max_variance_value": 1.4897435897435898,
  "expected_squared_jump_distances": [
    9.788473107619211e-05,
    0.0030452990904450417,
    0.008673883974552155,
    0.015523319132626057,
    0.019832629710435867,
    0.026191305369138718,
    0.03694376349449158,
    0.030497567728161812,
    0.04990367591381073,
    0.054061103612184525,
    0.04056207463145256,
    0.05849747359752655,
    0.0616646483540535,
    0.04262576997280121,
    0.06732317060232162,
    0.04814985394477844,
    0.07064801454544067,
    0.04940324276685715,
    0.05685689300298691,
    0.05273644998669624,
    0.0654389038681984,
    0.05731368064880371,
    0.058863840997219086,
    0.0627642571926117,
    0.07594675570726395,
    0.06090015545487404,
    0.057223085314035416,
    0.06414414942264557,
    0.07035040855407715,
    0.08223255723714828,
    0.06736543029546738,
    0.05359592288732529,
    0.07722284644842148,
    0.07263186573982239,
    0.0815608873963356,
    0.07733779400587082,
    0.07493530213832855,
    0.07925890386104584,
    0.0732702910900116,
    0.059058040380477905
  ],
  "acceptance_rates": [
    0.98291,
    0.86118,
    0.75902,
    0.66852,
    0.52895,
    0.47259,
    0.47281,
    0.31614,
    0.38833,
    0.34641,
    0.22906,
    0.27135,
    0.24345,
    0.15435,
    0.20747,
    0.13607,
    0.17652,
    0.11465,
    0.1192,
    0.10268,
    0.11614,
    0.09378,
    0.08844,
    0.08854,
    0.101,
    0.07713,
    0.06793,
    0.07141,
    0.07362,
    0.08028,
    0.06315,
    0.04769,
    0.06543,
    0.05806,
    0.06278,
    0.05534,
    0.05165,
    0.05212,
    0.04812,
    0.0367
  ],
  "var_value_range": [
    0.01,
    0.06102564102564103,
    0.11205128205128205,
    0.1630769230769231,
    0.21410256410256412,
    0.2651282051282051,
    0.3161538461538462,
    0.36717948717948723,
    0.41820512820512823,
    0.46923076923076923,
    0.5202564102564102,
    0.5712820512820513,
    0.6223076923076923,
    0.6733333333333333,
    0.7243589743589745,
    0.7753846153846154,
    0.8264102564102564,
    0.8774358974358974,
    0.9284615384615384,
    0.9794871794871796,
    1.0305128205128204,
    1.0815384615384616,
    1.1325641025641027,
    1.1835897435897436,
    1.2346153846153847,
    1.2856410256410258,
    1.3366666666666667,
    1.3876923076923078,
    1.438717948717949,
    1.4897435897435898,
    1.540769230769231,
    1.5917948717948718,
    1.642820512820513,
    1.693846153846154,
    1.744871794871795,
    1.795897435897436,
    1.846923076923077,
    1.897948717948718,
    1.9489743589743591,
    2.0
  ],
  "times": [
    77.80392646789551,
    73.77726674079895,
    73.66695237159729,
    73.75499653816223,
    73.5911660194397,
    73.73337173461914,
    73.54608654975891,
    73.74806451797485,
    73.648020029068,
    73.66824555397034,
    73.62288618087769,
    65.27356743812561,
    62.35610008239746,
    62.89978051185608,
    62.668309688568115,
    62.74685263633728,
    62.62116527557373,
    62.71086096763611,
    62.086267709732056,
    62.73743414878845,
    62.60485816001892,
    62.708924770355225,
    62.277880907058716,
    62.96947503089905,
    62.759053468704224,
    62.960697650909424,
    62.8462815284729,
    62.923611879348755,
    62.81263089179993,
    62.81561207771301,
    62.84762930870056,
    62.867992877960205,
    62.65781092643738,
    62.3527934551239,
    62.288005113601685,
    62.98529314994812,
    62.66514778137207,
    62.89712882041931,
    62.36807417869568,
    62.37213134765625
  ]
}