{
  "target_distribution": "HybridRosenbrock",
  "dimension": 19,
  "num_iterations": 100000,
  "seed": 21,
  "total_time": 1367.000860452652,
  "max_esjd": 0.08697868883609772,
  "max_acceptance_rate": 0.20151,
  "max_variance_value": 0.6953846153846154,
  "expected_squared_jump_distances": [
    9.867650078376755e-05,
    0.0011846647830680013,
    0.0033398051746189594,
    0.006420742254704237,
    0.010202606208622456,
    0.014674763195216656,
    0.019508440047502518,
    0.02487172558903694,
    0.03010324202477932,
    0.035875868052244186,
    0.04174402728676796,
    0.04689307510852814,
    0.05171538516879082,
    0.051640331745147705,
    0.06163911893963814,
    0.06575234979391098,
    0.06739134341478348,
    0.07002396881580353,
    0.07618255168199539,
    0.08025018125772476,
    0.07167170196771622,
    0.08347923308610916,
    0.08334490656852722,
    0.08694588392972946,
    0.08575161546468735,
    0.08484021574258804,
    0.07665125280618668,
    0.08697868883609772,
    0.08416397124528885,
    0.07865730673074722,
    0.07620018720626831,
    0.08010127395391464,
    0.07851926237344742,
    0.07816514372825623,
    0.07452783733606339,
    0.06263070553541183,
    0.06740978360176086,
    0.06546275317668915,
    0.03333517909049988,
    0.0649057924747467
  ],
  "acceptance_rates": [
    0.98634,
    0.94766,
    0.90804,
    0.87073,
    0.8276,
    0.79218,
    0.75186,
    0.71902,
    0.67815,
    0.64701,
    0.61678,
    0.57863,
    0.54226,
    0.46849,
    0.48318,
    0.45336,
    0.41186,
    0.38246,
    0.37246,
    0.35427,
    0.28972,
    0.30648,
    0.28157,
    0.26907,
    0.2462,
    0.226,
    0.19166,
    0.20151,
    0.1832,
    0.16031,
    0.14672,
    0.14493,
    0.1341,
    0.12584,
    0.11427,
    0.09149,
    0.09417,
    0.08645,
    0.04331,
    0.07804
  ],
  "var_value_range": [
    0.01,
    0.03538461538461538,
    0.06076923076923077,
    0.08615384615384615,
    0.11153846153846153,
    0.13692307692307693,
    0.16230769230769232,
    0.18769230769230769,
    0.21307692307692308,
    0.23846153846153847,
    0.26384615384615384,
    0.28923076923076924,
    0.31461538461538463,
    0.34,
    0.36538461538461536,
    0.39076923076923076,
    0.41615384615384615,
    0.44153846153846155,
    0.46692307692307694,
    0.4923076923076923,
    0.5176923076923077,
    0.5430769230769231,
    0.5684615384615385,
    0.5938461538461538,
    0.6192307692307693,
    0.6446153846153846,
    0.67,
    0.6953846153846154,
    0.7207692307692307,
    0.7461538461538462,
    0.7715384615384615,
    0.796923076923077,
    0.8223076923076923,
    0.8476923076923076,
    0.8730769230769231,
    0.8984615384615384,
    0.9238461538461539,
    0.9492307692307692,
    0.9746153846153846,
    1.0
  ],
  "times": [
    35.60968065261841,
    34.658737897872925,
    34.21289348602295,
    34.06037354469299,
    34.07817316055298,
    34.22320795059204,
    34.11310362815857,
    34.220226764678955,
    34.20682740211487,
    34.17135739326477,
    34.08677077293396,
    34.0794894695282,
    34.15688443183899,
    34.17748236656189,
    34.02558946609497,
    34.15323185920715,
    34.03613018989563,
    34.131871938705444,
    34.06947588920593,
    34.19657015800476,
    34.09358787536621,
    34.094480991363525,
    34.05927896499634,
    34.160781145095825,
    34.03246569633484,
    34.18887639045715,
    34.08215928077698,
    34.15454721450806,
    34.0478835105896,
    34.168262243270874,
    34.07221007347107,
    34.12507128715515,
    34.0826461315155,
    34.198657751083374,
    34.100350856781006,
    34.16597247123718,
    34.137535095214844,
    34.159247159957886,
    34.085837602615356,
    34.09400272369385
  ]
}