{
  "target_distribution": "HybridRosenbrock",
  "dimension": 5,
  "num_iterations": 100000,
  "seed": 9,
  "total_time": 2122.9118497371674,
  "max_esjd": 0.07931045442819595,
  "max_acceptance_rate": 0.14589,
  "max_variance_value": 0.9284615384615384,
  "expected_squared_jump_distances": [
    9.847412002272904e-05,
    0.0032141106203198433,
    0.008905531838536263,
    0.015667999163269997,
    0.022056063637137413,
    0.02621798776090145,
    0.025004912167787552,
    0.046048324555158615,
    0.03690934181213379,
    0.046003617346286774,
    0.03892311453819275,
    0.06485746055841446,
    0.06484674662351608,
    0.0619756244122982,
    0.07248570770025253,
    0.036768119782209396,
    0.06732644140720367,
    0.07032715529203415,
    0.07931045442819595,
    0.06725142896175385,
    0.032966624945402145,
    0.022344354540109634,
    0.04956493899226189,
    0.02258736453950405,
    0.04588639363646507,
    0.04396782070398331,
    0.0440717451274395,
    0.04471722990274429,
    0.0284121036529541,
    0.040113113820552826,
    0.03740411624312401,
    0.029524732381105423,
    0.028127366676926613,
    0.02640388533473015,
    0.032614968717098236,
    0.03192965313792229,
    0.035499148070812225,
    0.036987632513046265,
    0.02097267471253872,
    0.016087116673588753
  ],
  "acceptance_rates": [
    0.98553,
    0.88366,
    0.75365,
    0.64531,
    0.5467,
    0.44264,
    0.3163,
    0.4121,
    0.27086,
    0.26931,
    0.19279,
    0.26461,
    0.22998,
    0.19433,
    0.19863,
    0.09211,
    0.14963,
    0.14302,
    0.14589,
    0.11476,
    0.05341,
    0.03428,
    0.06891,
    0.03047,
    0.05701,
    0.05107,
    0.04846,
    0.04711,
    0.02768,
    0.03782,
    0.03383,
    0.02637,
    0.02348,
    0.021,
    0.02538,
    0.02284,
    0.02598,
    0.02677,
    0.01435,
    0.01046
  ],
  "var_value_range": [
    0.01,
    0.06102564102564103,
    0.11205128205128205,
    0.1630769230769231,
    0.21410256410256412,
    0.2651282051282051,
    0.3161538461538462,
    0.36717948717948723,
    0.41820512820512823,
    0.46923076923076923,
    0.5202564102564102,
    0.5712820512820513,
    0.6223076923076923,
    0.6733333333333333,
    0.7243589743589745,
    0.7753846153846154,
    0.8264102564102564,
    0.8774358974358974,
    0.9284615384615384,
    0.9794871794871796,
    1.0305128205128204,
    1.0815384615384616,
    1.1325641025641027,
    1.1835897435897436,
    1.2346153846153847,
    1.2856410256410258,
    1.3366666666666667,
    1.3876923076923078,
    1.438717948717949,
    1.4897435897435898,
    1.540769230769231,
    1.5917948717948718,
    1.642820512820513,
    1.693846153846154,
    1.744871794871795,
    1.795897435897436,
    1.846923076923077,
    1.897948717948718,
    1.9489743589743591,
    2.0
  ],
  "times": [
    53.59972834587097,
    52.9932222366333,
    53.085498094558716,
    53.24819493293762,
    53.18913722038269,
    53.23471665382385,
    53.04791021347046,
    53.14159440994263,
    53.056042432785034,
    53.04973769187927,
    53.02516460418701,
    53.11805176734924,
    53.0871365070343,
    53.1559476852417,
    52.985676527023315,
    53.04992604255676,
    53.04224467277527,
    53.10754609107971,
    53.06610941886902,
    53.12290358543396,
    52.97078204154968,
    53.10476493835449,
    52.98056602478027,
    53.052523374557495,
    52.97974634170532,
    52.93610763549805,
    52.977184534072876,
    52.966716289520264,
    52.9204523563385,
    52.90629196166992,
    52.969645261764526,
    53.071869134902954,
    53.00647449493408,
    53.07979679107666,
    53.02552103996277,
    53.09840798377991,
    53.072813987731934,
    53.1029372215271,
    53.057839155197144,
    53.182029247283936
  ]
}