{
  "target_distribution": "HybridRosenbrock",
  "proposal_distribution": "Normal",
  "dimension": 3,
  "num_iterations": 1000000,
  "seed": 20,
  "total_time": 11585.89312338829,
  "max_esjd": 0.06010335311293602,
  "max_acceptance_rate": 0.164621,
  "max_scale_param": 0.7846153846153847,
  "expected_squared_jump_distances": [
    9.764166316017509e-05,
    0.0020820240024477243,
    0.005303957499563694,
    0.009267431683838367,
    0.013465248048305511,
    0.014530790969729424,
    0.02100861258804798,
    0.02565721422433853,
    0.025414425879716873,
    0.033215172588825226,
    0.04110811650753021,
    0.04324457049369812,
    0.035560645163059235,
    0.039336513727903366,
    0.04254485294222832,
    0.04975435137748718,
    0.04977209493517876,
    0.048717156052589417,
    0.059235893189907074,
    0.06010335311293602,
    0.037471115589141846,
    0.024722132831811905,
    0.05235655605792999,
    0.050131358206272125,
    0.04246209189295769,
    0.059778984636068344,
    0.048245061188936234,
    0.052010901272296906,
    0.05183190852403641,
    0.0495658740401268,
    0.04628932103514671,
    0.053030826151371,
    0.043363720178604126,
    0.05773982033133507,
    0.057022832334041595,
    0.040999431163072586,
    0.04533660039305687,
    0.05650145933032036,
    0.04698466509580612,
    0.05056029558181763
  ],
  "acceptance_rates": [
    0.982116,
    0.853654,
    0.711436,
    0.618671,
    0.543437,
    0.406139,
    0.419635,
    0.387309,
    0.305527,
    0.32375,
    0.328734,
    0.294005,
    0.214687,
    0.205268,
    0.196198,
    0.20285,
    0.183204,
    0.162629,
    0.177438,
    0.164621,
    0.097459,
    0.060972,
    0.115945,
    0.103264,
    0.08238,
    0.10664,
    0.082125,
    0.082582,
    0.078286,
    0.070791,
    0.062763,
    0.067685,
    0.053119,
    0.06676,
    0.062796,
    0.043637,
    0.045865,
    0.054141,
    0.043403,
    0.044939
  ],
  "scale_param_range": [
    0.01,
    0.050769230769230775,
    0.09153846153846154,
    0.13230769230769232,
    0.1730769230769231,
    0.21384615384615388,
    0.25461538461538463,
    0.2953846153846154,
    0.3361538461538462,
    0.37692307692307697,
    0.41769230769230775,
    0.45846153846153853,
    0.49923076923076926,
    0.54,
    0.5807692307692308,
    0.6215384615384616,
    0.6623076923076924,
    0.7030769230769232,
    0.7438461538461539,
    0.7846153846153847,
    0.8253846153846155,
    0.8661538461538463,
    0.906923076923077,
    0.9476923076923078,
    0.9884615384615385,
    1.0292307692307694,
    1.07,
    1.110769230769231,
    1.1515384615384616,
    1.1923076923076925,
    1.2330769230769232,
    1.273846153846154,
    1.3146153846153847,
    1.3553846153846154,
    1.3961538461538463,
    1.436923076923077,
    1.4776923076923079,
    1.5184615384615385,
    1.5592307692307694,
    1.6
  ],
  "times": [
    289.890508890152,
    288.43289399147034,
    289.55904936790466,
    291.5375347137451,
    290.0679280757904,
    288.90287566185,
    288.5829780101776,
    289.64645648002625,
    288.3233687877655,
    289.5353078842163,
    288.3560526371002,
    288.5221588611603,
    288.58886194229126,
    289.59919905662537,
    291.6066780090332,
    291.1774547100067,
    289.9096429347992,
    290.2316081523895,
    290.4102294445038,
    290.2237341403961,
    292.40036058425903,
    288.5042812824249,
    290.0381178855896,
    290.12535643577576,
    288.9571223258972,
    289.34266352653503,
    289.44641733169556,
    289.92967534065247,
    289.98218512535095,
    289.9708411693573,
    289.28641653060913,
    289.2403030395508,
    289.4893865585327,
    289.86837935447693,
    289.32433819770813,
    289.7910680770874,
    290.19538927078247,
    288.67335867881775,
    288.56694412231445,
    289.6044886112213
  ]
}