{
  "target_distribution": "HybridRosenbrock",
  "dimension": 19,
  "num_iterations": 100000,
  "seed": 27,
  "total_time": 1376.227775335312,
  "max_esjd": 0.08749160170555115,
  "max_acceptance_rate": 0.21766,
  "max_variance_value": 0.67,
  "expected_squared_jump_distances": [
    9.867938933894038e-05,
    0.0011851604795083404,
    0.0033420976251363754,
    0.006413314025849104,
    0.010233091190457344,
    0.014680045656859875,
    0.019558778032660484,
    0.02490852400660515,
    0.03017713874578476,
    0.03601612523198128,
    0.041550878435373306,
    0.04681424796581268,
    0.05255826935172081,
    0.057231150567531586,
    0.0625578984618187,
    0.06632291525602341,
    0.07067853957414627,
    0.07134722173213959,
    0.07519988715648651,
    0.07973173260688782,
    0.08069480210542679,
    0.08123772591352463,
    0.08474624902009964,
    0.08557233959436417,
    0.08666320890188217,
    0.08519923686981201,
    0.08749160170555115,
    0.08559027314186096,
    0.08190867304801941,
    0.08442084491252899,
    0.08255264163017273,
    0.07999543100595474,
    0.07773715257644653,
    0.07838214933872223,
    0.07426033169031143,
    0.06914329528808594,
    0.05764927715063095,
    0.06700288504362106,
    0.06507894396781921,
    0.050719957798719406
  ],
  "acceptance_rates": [
    0.98636,
    0.94796,
    0.90879,
    0.86986,
    0.82996,
    0.79223,
    0.75354,
    0.72038,
    0.67924,
    0.64932,
    0.6143,
    0.57828,
    0.55068,
    0.5156,
    0.49007,
    0.45588,
    0.43022,
    0.38913,
    0.3684,
    0.3525,
    0.32415,
    0.29819,
    0.2851,
    0.26585,
    0.24844,
    0.22717,
    0.21766,
    0.19925,
    0.17781,
    0.17114,
    0.15841,
    0.14438,
    0.13265,
    0.12675,
    0.11455,
    0.10129,
    0.08074,
    0.08915,
    0.08261,
    0.0619
  ],
  "var_value_range": [
    0.01,
    0.03538461538461538,
    0.06076923076923077,
    0.08615384615384615,
    0.11153846153846153,
    0.13692307692307693,
    0.16230769230769232,
    0.18769230769230769,
    0.21307692307692308,
    0.23846153846153847,
    0.26384615384615384,
    0.28923076923076924,
    0.31461538461538463,
    0.34,
    0.36538461538461536,
    0.39076923076923076,
    0.41615384615384615,
    0.44153846153846155,
    0.46692307692307694,
    0.4923076923076923,
    0.5176923076923077,
    0.5430769230769231,
    0.5684615384615385,
    0.5938461538461538,
    0.6192307692307693,
    0.6446153846153846,
    0.67,
    0.6953846153846154,
    0.7207692307692307,
    0.7461538461538462,
    0.7715384615384615,
    0.796923076923077,
    0.8223076923076923,
    0.8476923076923076,
    0.8730769230769231,
    0.8984615384615384,
    0.9238461538461539,
    0.9492307692307692,
    0.9746153846153846,
    1.0
  ],
  "times": [
    35.038047075271606,
    34.397361516952515,
    34.361438274383545,
    34.45734429359436,
    34.34417510032654,
    34.40375566482544,
    34.389180421829224,
    34.386290550231934,
    34.28216743469238,
    34.40531873703003,
    34.3412070274353,
    34.37165403366089,
    34.405107736587524,
    34.31900882720947,
    34.26664471626282,
    34.43012762069702,
    34.295881271362305,
    34.428364276885986,
    34.24154329299927,
    34.431219816207886,
    34.34680891036987,
    34.30181360244751,
    34.40938186645508,
    34.374377965927124,
    34.394615173339844,
    34.41526961326599,
    34.42991089820862,
    34.41904163360596,
    34.288254737854004,
    34.40721917152405,
    34.341922760009766,
    34.393104791641235,
    34.32404398918152,
    34.35004997253418,
    34.35465693473816,
    34.358938455581665,
    34.480512857437134,
    34.615076541900635,
    34.588634729385376,
    34.60687255859375
  ]
}