{
  "max_esjd": 0.08596017931898435,
  "max_acceptance_rate": 0.22719466666666663,
  "max_variance_value": 0.6903076923076925,
  "expected_squared_jump_distances": [
    9.850784578399422e-05,
    0.0011763781852399309,
    0.0032924334208170574,
    0.00623959337050716,
    0.009885023192813,
    0.013834210702528556,
    0.01788577331850926,
    0.02275871851791938,
    0.02735324508200089,
    0.03250289658705394,
    0.03660954938580593,
    0.04203375224024057,
    0.04557119701057673,
    0.04877249946196874,
    0.05342092327773571,
    0.058597165842851004,
    0.05960470785697301,
    0.06479596241066853,
    0.06588385986785093,
    0.06798791410401464,
    0.07221410882969698,
    0.07184740640223027,
    0.07391185145825148,
    0.07277047969400882,
    0.07542539412776629,
    0.07956937675674756,
    0.07867776279648145,
    0.07667266850670179,
    0.07523742876946926,
    0.07448809954027334,
    0.07300766042123238,
    0.0725664292772611,
    0.07529795005296668,
    0.0718745148430268,
    0.0751214270790418,
    0.06679092769821485,
    0.07198090267678102,
    0.07064333620170753,
    0.0669097648623089,
    0.06386274117976427
  ],
  "acceptance_rates": [
    0.9864693333333332,
    0.9452366666666667,
    0.9017636666666667,
    0.8560010000000001,
    0.8140919999999999,
    0.7620230000000002,
    0.7081370000000001,
    0.6781320000000001,
    0.6375646666666668,
    0.6088526666666668,
    0.5654153333333334,
    0.5434800000000002,
    0.5026383333333334,
    0.465085,
    0.4441723333333333,
    0.42861100000000013,
    0.38875799999999994,
    0.37780699999999995,
    0.3472593333333333,
    0.3249969999999999,
    0.31442199999999987,
    0.2878173333333334,
    0.27220466666666676,
    0.24849600000000002,
    0.23895766666666668,
    0.23406666666666662,
    0.21668633333333337,
    0.19823666666666664,
    0.18306000000000003,
    0.17067933333333332,
    0.15794366666666665,
    0.14871266666666666,
    0.14618366666666666,
    0.13288899999999998,
    0.13216700000000003,
    0.112473,
    0.115364,
    0.10825933333333332,
    0.09857733333333334,
    0.090397
  ],
  "var_value_range": [
    0.01,
    0.03538461538461538,
    0.06076923076923077,
    0.08615384615384615,
    0.11153846153846153,
    0.13692307692307693,
    0.16230769230769232,
    0.18769230769230769,
    0.21307692307692308,
    0.23846153846153847,
    0.26384615384615384,
    0.28923076923076924,
    0.31461538461538463,
    0.34,
    0.36538461538461536,
    0.39076923076923076,
    0.41615384615384615,
    0.44153846153846155,
    0.46692307692307694,
    0.4923076923076923,
    0.5176923076923077,
    0.5430769230769231,
    0.5684615384615385,
    0.5938461538461538,
    0.6192307692307693,
    0.6446153846153846,
    0.67,
    0.6953846153846154,
    0.7207692307692307,
    0.7461538461538462,
    0.7715384615384615,
    0.796923076923077,
    0.8223076923076923,
    0.8476923076923076,
    0.8730769230769231,
    0.8984615384615384,
    0.9238461538461539,
    0.9492307692307692,
    0.9746153846153846,
    1.0
  ],
  "target_distribution": "HybridRosenbrock",
  "dimension": 9,
  "num_iterations": 100000,
  "averaged_from_seeds": [
    5,
    19,
    26,
    25,
    22,
    28,
    11,
    21,
    14,
    20,
    2,
    16,
    18,
    23,
    17,
    8,
    13,
    27,
    24,
    15,
    29,
    6,
    12,
    9,
    1,
    4,
    10,
    7,
    30,
    3
  ],
  "num_files_averaged": 30,
  "source_files": [
    "HybridRosenbrock_RWM_GPU_dim9_100000iters_seed5.json",
    "HybridRosenbrock_RWM_GPU_dim9_100000iters_seed19.json",
    "HybridRosenbrock_RWM_GPU_dim9_100000iters_seed26.json",
    "HybridRosenbrock_RWM_GPU_dim9_100000iters_seed25.json",
    "HybridRosenbrock_RWM_GPU_dim9_100000iters_seed22.json",
    "HybridRosenbrock_RWM_GPU_dim9_100000iters_seed28.json",
    "HybridRosenbrock_RWM_GPU_dim9_100000iters_seed11.json",
    "HybridRosenbrock_RWM_GPU_dim9_100000iters_seed21.json",
    "HybridRosenbrock_RWM_GPU_dim9_100000iters_seed14.json",
    "HybridRosenbrock_RWM_GPU_dim9_100000iters_seed20.json",
    "HybridRosenbrock_RWM_GPU_dim9_100000iters_seed2.json",
    "HybridRosenbrock_RWM_GPU_dim9_100000iters_seed16.json",
    "HybridRosenbrock_RWM_GPU_dim9_100000iters_seed18.json",
    "HybridRosenbrock_RWM_GPU_dim9_100000iters_seed23.json",
    "HybridRosenbrock_RWM_GPU_dim9_100000iters_seed17.json",
    "HybridRosenbrock_RWM_GPU_dim9_100000iters_seed8.json",
    "HybridRosenbrock_RWM_GPU_dim9_100000iters_seed13.json",
    "HybridRosenbrock_RWM_GPU_dim9_100000iters_seed27.json",
    "HybridRosenbrock_RWM_GPU_dim9_100000iters_seed24.json",
    "HybridRosenbrock_RWM_GPU_dim9_100000iters_seed15.json",
    "HybridRosenbrock_RWM_GPU_dim9_100000iters_seed29.json",
    "HybridRosenbrock_RWM_GPU_dim9_100000iters_seed6.json",
    "HybridRosenbrock_RWM_GPU_dim9_100000iters_seed12.json",
    "HybridRosenbrock_RWM_GPU_dim9_100000iters_seed9.json",
    "HybridRosenbrock_RWM_GPU_dim9_100000iters_seed1.json",
    "HybridRosenbrock_RWM_GPU_dim9_100000iters_seed4.json",
    "HybridRosenbrock_RWM_GPU_dim9_100000iters_seed10.json",
    "HybridRosenbrock_RWM_GPU_dim9_100000iters_seed7.json",
    "HybridRosenbrock_RWM_GPU_dim9_100000iters_seed30.json",
    "HybridRosenbrock_RWM_GPU_dim9_100000iters_seed3.json"
  ]
}