{
  "max_esjd": 0.08002948835492134,
  "max_acceptance_rate": 0.091459,
  "max_variance_value": 1.3876923076923078,
  "expected_squared_jump_distances": [
    9.788974712137133e-05,
    0.003035945980809629,
    0.00854495083913207,
    0.0146722381003201,
    0.019722964987158774,
    0.026205307431519033,
    0.0354310117661953,
    0.038084606267511846,
    0.04725324511528015,
    0.052072112634778026,
    0.04926351010799408,
    0.05286944136023521,
    0.061829866096377376,
    0.05729893147945404,
    0.06287334561347961,
    0.060738188400864604,
    0.05939739607274532,
    0.05743251834064722,
    0.06083826422691345,
    0.061755606159567836,
    0.06695702746510505,
    0.055345140397548676,
    0.062117190659046174,
    0.057101293466985226,
    0.05741337966173887,
    0.06262610107660294,
    0.06211717389523983,
    0.06661694869399071,
    0.07000192254781723,
    0.06368306912481785,
    0.0678050834685564,
    0.0655315812677145,
    0.06242115218192339,
    0.068344222381711,
    0.06369820274412633,
    0.06463315300643444,
    0.06633712090551853,
    0.05970093086361885,
    0.05641197673976421,
    0.06523173339664937
  ],
  "acceptance_rates": [
    0.9829549999999999,
    0.8589590000000001,
    0.7505949999999999,
    0.639246,
    0.5257400000000001,
    0.47004799999999997,
    0.45621,
    0.379594,
    0.370164,
    0.33394100000000004,
    0.270115,
    0.24558399999999997,
    0.24569900000000003,
    0.202353,
    0.195687,
    0.169985,
    0.15017299999999997,
    0.131575,
    0.127521,
    0.118466,
    0.119066,
    0.09161299999999999,
    0.09508699999999999,
    0.08127200000000001,
    0.076761,
    0.078803,
    0.072799,
    0.073683,
    0.07276800000000001,
    0.06318700000000002,
    0.063036,
    0.057992,
    0.052628999999999995,
    0.05504,
    0.048675,
    0.046667999999999994,
    0.046204999999999996,
    0.039925,
    0.036135,
    0.039777999999999994
  ],
  "var_value_range": [
    0.01,
    0.06102564102564103,
    0.11205128205128205,
    0.1630769230769231,
    0.21410256410256412,
    0.2651282051282051,
    0.3161538461538462,
    0.36717948717948723,
    0.41820512820512823,
    0.46923076923076923,
    0.5202564102564102,
    0.5712820512820513,
    0.6223076923076923,
    0.6733333333333333,
    0.7243589743589745,
    0.7753846153846154,
    0.8264102564102564,
    0.8774358974358974,
    0.9284615384615384,
    0.9794871794871796,
    1.0305128205128204,
    1.0815384615384616,
    1.1325641025641027,
    1.1835897435897436,
    1.2346153846153847,
    1.2856410256410258,
    1.3366666666666667,
    1.3876923076923078,
    1.438717948717949,
    1.4897435897435898,
    1.540769230769231,
    1.5917948717948718,
    1.642820512820513,
    1.693846153846154,
    1.744871794871795,
    1.795897435897436,
    1.846923076923077,
    1.897948717948718,
    1.9489743589743591,
    2.0
  ],
  "target_distribution": "HybridRosenbrock",
  "dimension": 3,
  "num_iterations": 100000,
  "averaged_from_seeds": [
    1,
    2,
    3,
    7,
    4,
    8,
    10,
    9,
    6,
    5
  ],
  "num_files_averaged": 10,
  "source_files": [
    "HybridRosenbrock_RWM_GPU_dim3_100000iters_seed1.json",
    "HybridRosenbrock_RWM_GPU_dim3_100000iters_seed2.json",
    "HybridRosenbrock_RWM_GPU_dim3_100000iters_seed3.json",
    "HybridRosenbrock_RWM_GPU_dim3_100000iters_seed7.json",
    "HybridRosenbrock_RWM_GPU_dim3_100000iters_seed4.json",
    "HybridRosenbrock_RWM_GPU_dim3_100000iters_seed8.json",
    "HybridRosenbrock_RWM_GPU_dim3_100000iters_seed10.json",
    "HybridRosenbrock_RWM_GPU_dim3_100000iters_seed9.json",
    "HybridRosenbrock_RWM_GPU_dim3_100000iters_seed6.json",
    "HybridRosenbrock_RWM_GPU_dim3_100000iters_seed5.json"
  ]
}