{
  "target_distribution": "HybridRosenbrock",
  "dimension": 19,
  "num_iterations": 1000000,
  "seed": 4,
  "total_time": 12997.094027280807,
  "max_esjd": 0.08269471675157547,
  "max_acceptance_rate": 0.225198,
  "max_variance_value": 0.6384615384615385,
  "expected_squared_jump_distances": [
    9.834732190938666e-05,
    0.0016886614030227065,
    0.005086759105324745,
    0.009777650237083435,
    0.015582454390823841,
    0.022019680589437485,
    0.029000774025917053,
    0.03608057647943497,
    0.04266383498907089,
    0.04955663904547691,
    0.05644765496253967,
    0.06235325708985329,
    0.06653668731451035,
    0.07028771191835403,
    0.07440683245658875,
    0.07889046519994736,
    0.08159341663122177,
    0.0620853528380394,
    0.08121101558208466,
    0.08269471675157547,
    0.07930848747491837,
    0.0798608809709549,
    0.08105021715164185,
    0.0796305388212204,
    0.07248338311910629,
    0.06862595677375793,
    0.06777612864971161,
    0.06495962291955948,
    0.05872851610183716,
    0.06184155493974686,
    0.06030690297484398,
    0.05556456744670868,
    0.053270820528268814,
    0.04910702258348465,
    0.04039999097585678,
    0.04275132715702057,
    0.030295971781015396,
    0.03771067410707474,
    0.03314759209752083,
    0.0314304456114769
  ],
  "acceptance_rates": [
    0.984276,
    0.914345,
    0.883161,
    0.828187,
    0.780537,
    0.729323,
    0.682759,
    0.635938,
    0.584848,
    0.543809,
    0.507694,
    0.468717,
    0.425047,
    0.386726,
    0.35634,
    0.332058,
    0.3045,
    0.209234,
    0.244309,
    0.225198,
    0.197018,
    0.181292,
    0.169027,
    0.153502,
    0.129786,
    0.114326,
    0.105228,
    0.094531,
    0.080098,
    0.079259,
    0.072891,
    0.063604,
    0.057689,
    0.050556,
    0.039696,
    0.039898,
    0.02718,
    0.032231,
    0.027139,
    0.024729
  ],
  "var_value_range": [
    0.01,
    0.04307692307692308,
    0.07615384615384616,
    0.10923076923076923,
    0.14230769230769233,
    0.17538461538461542,
    0.20846153846153848,
    0.24153846153846156,
    0.27461538461538465,
    0.3076923076923077,
    0.3407692307692308,
    0.3738461538461539,
    0.40692307692307694,
    0.44000000000000006,
    0.4730769230769231,
    0.5061538461538462,
    0.5392307692307693,
    0.5723076923076924,
    0.6053846153846154,
    0.6384615384615385,
    0.6715384615384616,
    0.7046153846153846,
    0.7376923076923078,
    0.7707692307692309,
    0.8038461538461539,
    0.836923076923077,
    0.8700000000000001,
    0.9030769230769232,
    0.9361538461538462,
    0.9692307692307693,
    1.0023076923076923,
    1.0353846153846156,
    1.0684615384615386,
    1.1015384615384616,
    1.1346153846153848,
    1.1676923076923078,
    1.2007692307692308,
    1.233846153846154,
    1.266923076923077,
    1.3
  ],
  "times": [
    323.7641279697418,
    323.7490270137787,
    323.9795389175415,
    324.0507810115814,
    323.903573513031,
    324.16990661621094,
    323.8529634475708,
    324.6291513442993,
    324.408899307251,
    324.274382352829,
    324.2201974391937,
    324.8289098739624,
    325.1034724712372,
    325.2115330696106,
    324.86570262908936,
    325.3494312763214,
    325.0746853351593,
    325.82223773002625,
    325.42623472213745,
    325.06670093536377,
    325.35121178627014,
    324.5370440483093,
    324.7623448371887,
    325.46320271492004,
    325.15477323532104,
    326.107036113739,
    326.0068757534027,
    325.59157824516296,
    326.05966567993164,
    324.1707675457001,
    324.3770706653595,
    323.94373631477356,
    324.4411277770996,
    325.75677490234375,
    326.38075256347656,
    326.310200214386,
    324.1504747867584,
    324.3716173171997,
    323.87689423561096,
    323.9824390411377
  ]
}