{
  "target_distribution": "Hypercube",
  "dimension": 30,
  "num_iterations": 100000,
  "seed": 2,
  "total_time": 1325.056093454361,
  "max_esjd": 0.10432038456201553,
  "max_acceptance_rate": 0.15557,
  "max_variance_value": 0.8465897435897437,
  "expected_squared_jump_distances": [
    1.0005312560679158e-06,
    0.0014214589027687907,
    0.005107432138174772,
    0.01030774600803852,
    0.01655951887369156,
    0.024002129212021828,
    0.031502898782491684,
    0.03857158124446869,
    0.0462317168712616,
    0.054943978786468506,
    0.060900188982486725,
    0.06669509410858154,
    0.07179383933544159,
    0.07980179786682129,
    0.08439744263887405,
    0.084070585668087,
    0.08831470459699631,
    0.09400609135627747,
    0.09676075726747513,
    0.09691251814365387,
    0.09975646436214447,
    0.09851530939340591,
    0.10432038456201553,
    0.10022617131471634,
    0.09968125820159912,
    0.09996736794710159,
    0.09715873003005981,
    0.09256412088871002,
    0.09379827976226807,
    0.08760510385036469,
    0.08651929348707199,
    0.08486194163560867,
    0.08192577958106995,
    0.07638946920633316,
    0.07576794177293777,
    0.07609690725803375,
    0.07107453793287277,
    0.0675240233540535,
    0.070210762321949,
    0.06790222227573395
  ],
  "acceptance_rates": [
    1.0,
    0.91666,
    0.84691,
    0.76872,
    0.69992,
    0.65289,
    0.59691,
    0.54054,
    0.4971,
    0.46888,
    0.42273,
    0.38332,
    0.34816,
    0.33115,
    0.30302,
    0.26365,
    0.24438,
    0.23119,
    0.21321,
    0.19201,
    0.17925,
    0.16095,
    0.15557,
    0.13689,
    0.12578,
    0.11663,
    0.10545,
    0.09355,
    0.08803,
    0.07734,
    0.07125,
    0.06611,
    0.05969,
    0.05269,
    0.04955,
    0.04734,
    0.0416,
    0.0376,
    0.03726,
    0.03433
  ],
  "var_value_range": [
    0.001,
    0.03943589743589744,
    0.07787179487179488,
    0.11630769230769232,
    0.15474358974358976,
    0.19317948717948719,
    0.23161538461538464,
    0.2700512820512821,
    0.3084871794871795,
    0.34692307692307695,
    0.38535897435897437,
    0.42379487179487185,
    0.4622307692307693,
    0.5006666666666667,
    0.5391025641025642,
    0.5775384615384616,
    0.615974358974359,
    0.6544102564102565,
    0.6928461538461539,
    0.7312820512820514,
    0.7697179487179487,
    0.8081538461538462,
    0.8465897435897437,
    0.8850256410256411,
    0.9234615384615386,
    0.961897435897436,
    1.0003333333333333,
    1.0387692307692307,
    1.0772051282051283,
    1.1156410256410256,
    1.154076923076923,
    1.1925128205128206,
    1.230948717948718,
    1.2693846153846153,
    1.307820512820513,
    1.3462564102564103,
    1.3846923076923077,
    1.4231282051282053,
    1.4615641025641026,
    1.5
  ],
  "times": [
    31.668356895446777,
    31.375473737716675,
    31.626702070236206,
    31.87315845489502,
    31.892406702041626,
    32.20239210128784,
    32.378259897232056,
    32.595386028289795,
    32.52803039550781,
    32.80886483192444,
    32.965038537979126,
    33.01210904121399,
    32.868191719055176,
    33.22918629646301,
    33.1993772983551,
    33.25025820732117,
    33.144487142562866,
    33.410887002944946,
    33.506813526153564,
    33.407477140426636,
    33.29616355895996,
    33.54800820350647,
    33.447670459747314,
    33.530657052993774,
    33.35503077507019,
    33.56729245185852,
    33.55031490325928,
    33.65036058425903,
    33.4038028717041,
    33.60489845275879,
    33.59781217575073,
    33.65518379211426,
    33.64298748970032,
    33.73609757423401,
    33.73558330535889,
    33.708829164505005,
    33.64569711685181,
    33.82006311416626,
    33.719512701034546,
    33.749953269958496
  ]
}