{
  "target_distribution": "Hypercube",
  "proposal_distribution": "Normal",
  "dimension": 20,
  "num_iterations": 300000,
  "seed": 2,
  "total_time": 2668.1397082805634,
  "max_esjd": 0.14134156703948975,
  "max_acceptance_rate": 0.16295333333333334,
  "max_scale_param": 0.9794871794871796,
  "expected_squared_jump_distances": [
    9.822556603467092e-05,
    0.003329179249703884,
    0.010213217698037624,
    0.01964280940592289,
    0.030713936313986778,
    0.0424785390496254,
    0.055084243416786194,
    0.06726227700710297,
    0.07961852103471756,
    0.09043855220079422,
    0.10013434290885925,
    0.10925853997468948,
    0.11680897325277328,
    0.1247774213552475,
    0.1304856240749359,
    0.13382384181022644,
    0.1376422494649887,
    0.1389341801404953,
    0.14086571335792542,
    0.14134156703948975,
    0.13766977190971375,
    0.1377067118883133,
    0.13729240000247955,
    0.13209940493106842,
    0.12760749459266663,
    0.12505796551704407,
    0.1241820827126503,
    0.11807328462600708,
    0.11302335560321808,
    0.11100439727306366,
    0.10597999393939972,
    0.09621915221214294,
    0.09616981446743011,
    0.08641014248132706,
    0.0842628926038742,
    0.0811779722571373,
    0.07395868748426437,
    0.07014412432909012,
    0.062070272862911224,
    0.06181588023900986
  ],
  "acceptance_rates": [
    0.9829533333333333,
    0.8987933333333333,
    0.8214933333333333,
    0.74923,
    0.6832666666666667,
    0.61901,
    0.56757,
    0.5163533333333333,
    0.47353,
    0.42939,
    0.3890166666666667,
    0.3537166666666667,
    0.3205033333333333,
    0.29362666666666665,
    0.26657333333333333,
    0.24033333333333334,
    0.21844,
    0.19704,
    0.17938,
    0.16295333333333334,
    0.14427666666666666,
    0.13164333333333333,
    0.12028,
    0.10709666666666667,
    0.09576666666666667,
    0.08673333333333333,
    0.07999666666666666,
    0.07159333333333333,
    0.06397,
    0.05893,
    0.053156666666666665,
    0.04558,
    0.04291333333333333,
    0.03691,
    0.033793333333333335,
    0.031106666666666668,
    0.027023333333333333,
    0.02452,
    0.02070666666666667,
    0.019896666666666667
  ],
  "scale_param_range": [
    0.01,
    0.06102564102564103,
    0.11205128205128205,
    0.1630769230769231,
    0.21410256410256412,
    0.2651282051282051,
    0.3161538461538462,
    0.36717948717948723,
    0.41820512820512823,
    0.46923076923076923,
    0.5202564102564102,
    0.5712820512820513,
    0.6223076923076923,
    0.6733333333333333,
    0.7243589743589745,
    0.7753846153846154,
    0.8264102564102564,
    0.8774358974358974,
    0.9284615384615384,
    0.9794871794871796,
    1.0305128205128204,
    1.0815384615384616,
    1.1325641025641027,
    1.1835897435897436,
    1.2346153846153847,
    1.2856410256410258,
    1.3366666666666667,
    1.3876923076923078,
    1.438717948717949,
    1.4897435897435898,
    1.540769230769231,
    1.5917948717948718,
    1.642820512820513,
    1.693846153846154,
    1.744871794871795,
    1.795897435897436,
    1.846923076923077,
    1.897948717948718,
    1.9489743589743591,
    2.0
  ],
  "times": [
    56.95922875404358,
    58.109126806259155,
    59.81418251991272,
    61.36900186538696,
    62.2313551902771,
    62.69795250892639,
    63.779136657714844,
    63.35249447822571,
    63.7724244594574,
    65.61712193489075,
    65.34773468971252,
    65.25239849090576,
    66.76967668533325,
    66.48018002510071,
    66.88060688972473,
    67.38765168190002,
    67.52993202209473,
    67.84839749336243,
    68.6165611743927,
    67.7978024482727,
    68.38480973243713,
    68.3319149017334,
    69.19530510902405,
    68.13419246673584,
    68.45956134796143,
    68.3518488407135,
    68.80958294868469,
    68.46999788284302,
    69.02187943458557,
    69.88264870643616,
    68.9974377155304,
    69.23034000396729,
    68.77237939834595,
    69.60175132751465,
    70.05590605735779,
    69.17980122566223,
    68.84211707115173,
    69.19159936904907,
    69.58549952507019,
    69.94752883911133
  ]
}