{
  "target_distribution": "Hypercube",
  "dimension": 30,
  "num_iterations": 300000,
  "seed": 20,
  "total_time": 4169.831650257111,
  "max_esjd": 0.09982820600271225,
  "max_acceptance_rate": 0.16128666666666666,
  "max_variance_value": 0.8123076923076923,
  "expected_squared_jump_distances": [
    9.828984912019223e-05,
    0.002085435204207897,
    0.006130395457148552,
    0.011584064923226833,
    0.018169857561588287,
    0.025416217744350433,
    0.03286419436335564,
    0.04054056107997894,
    0.04782155528664589,
    0.05485716834664345,
    0.06262777000665665,
    0.0683855414390564,
    0.07504750043153763,
    0.07905174791812897,
    0.08414201438426971,
    0.08892494440078735,
    0.09078898280858994,
    0.09282072633504868,
    0.09730608016252518,
    0.09615523368120193,
    0.09710464626550674,
    0.09982820600271225,
    0.09869413077831268,
    0.09833168983459473,
    0.09632007032632828,
    0.09483278542757034,
    0.09326346218585968,
    0.09515439718961716,
    0.09136606752872467,
    0.08821547031402588,
    0.08608026802539825,
    0.08303090184926987,
    0.08061099052429199,
    0.08058113604784012,
    0.07536130398511887,
    0.07288273423910141,
    0.06889619678258896,
    0.06332223117351532,
    0.06665674597024918,
    0.06300924718379974
  ],
  "acceptance_rates": [
    0.9829066666666667,
    0.8998966666666667,
    0.8257933333333334,
    0.7527133333333333,
    0.6935,
    0.63791,
    0.5845266666666666,
    0.53783,
    0.49171,
    0.45031666666666664,
    0.41973,
    0.3815633333333333,
    0.3543,
    0.32016666666666665,
    0.29506333333333334,
    0.2732966666666667,
    0.24702,
    0.22488333333333332,
    0.21093333333333333,
    0.18817,
    0.17268,
    0.16128666666666666,
    0.14598666666666665,
    0.1336,
    0.12079333333333334,
    0.11011333333333333,
    0.10039,
    0.09550333333333333,
    0.08563333333333334,
    0.07764,
    0.07097666666666666,
    0.06423,
    0.058846666666666665,
    0.055626666666666665,
    0.04924333333333333,
    0.04508,
    0.04032,
    0.03543,
    0.03529,
    0.031953333333333334
  ],
  "var_value_range": [
    0.01,
    0.048205128205128206,
    0.0864102564102564,
    0.12461538461538461,
    0.16282051282051282,
    0.20102564102564102,
    0.23923076923076925,
    0.2774358974358974,
    0.31564102564102564,
    0.35384615384615387,
    0.39205128205128204,
    0.43025641025641026,
    0.4684615384615385,
    0.5066666666666666,
    0.5448717948717948,
    0.583076923076923,
    0.6212820512820513,
    0.6594871794871795,
    0.6976923076923077,
    0.7358974358974358,
    0.7741025641025641,
    0.8123076923076923,
    0.8505128205128205,
    0.8887179487179487,
    0.926923076923077,
    0.9651282051282051,
    1.0033333333333332,
    1.0415384615384615,
    1.0797435897435896,
    1.117948717948718,
    1.156153846153846,
    1.1943589743589744,
    1.2325641025641025,
    1.2707692307692307,
    1.308974358974359,
    1.347179487179487,
    1.3853846153846154,
    1.4235897435897436,
    1.4617948717948717,
    1.5
  ],
  "times": [
    94.98092341423035,
    95.63917827606201,
    96.57573461532593,
    97.78067278862,
    98.6953775882721,
    99.15331149101257,
    100.55648875236511,
    100.6915009021759,
    102.5207085609436,
    102.70826482772827,
    102.76513719558716,
    100.50699663162231,
    103.57270407676697,
    103.72175788879395,
    104.57920336723328,
    105.00067400932312,
    105.26065587997437,
    105.47875118255615,
    105.30151605606079,
    105.40157532691956,
    105.81781196594238,
    104.95331168174744,
    106.22851324081421,
    106.52293825149536,
    106.70396494865417,
    106.72843718528748,
    106.71719908714294,
    106.50203108787537,
    106.68623995780945,
    107.3122992515564,
    107.25670981407166,
    107.14779281616211,
    107.36730766296387,
    107.16987347602844,
    107.7851333618164,
    107.46065521240234,
    107.6036491394043,
    107.49425220489502,
    107.63695120811462,
    107.73537945747375
  ]
}