{
  "target_distribution": "Hypercube",
  "proposal_distribution": "Normal",
  "dimension": 100,
  "num_iterations": 200000,
  "seed": 20,
  "total_time": 1164.963807106018,
  "max_esjd": 0.0335979238152504,
  "max_acceptance_rate": 0.110765,
  "max_scale_param": 0.556923076923077,
  "expected_squared_jump_distances": [
    9.964446508092806e-05,
    0.0008281706250272691,
    0.0021140743046998978,
    0.0038350599352270365,
    0.005712580401450396,
    0.007925697602331638,
    0.010293337516486645,
    0.012480846606194973,
    0.014903293922543526,
    0.017521783709526062,
    0.01917414739727974,
    0.02168964222073555,
    0.02227272465825081,
    0.025529030710458755,
    0.025899743661284447,
    0.02829429693520069,
    0.028379017487168312,
    0.029887592419981956,
    0.03082481399178505,
    0.03175545856356621,
    0.03250240534543991,
    0.032957278192043304,
    0.03277239948511124,
    0.032655827701091766,
    0.03289967030286789,
    0.03310055658221245,
    0.031593531370162964,
    0.0335979238152504,
    0.031679607927799225,
    0.031231727451086044,
    0.0303026232868433,
    0.030789820477366447,
    0.0328795425593853,
    0.030025707557797432,
    0.02547568269073963,
    0.024960357695817947,
    0.02537885122001171,
    0.026577573269605637,
    0.023487456142902374,
    0.02343878149986267
  ],
  "acceptance_rates": [
    0.996185,
    0.90519,
    0.829705,
    0.76764,
    0.69166,
    0.642635,
    0.597985,
    0.54472,
    0.506775,
    0.477185,
    0.4278,
    0.403885,
    0.35115,
    0.345365,
    0.30406,
    0.29082,
    0.25748,
    0.24135,
    0.222935,
    0.20697,
    0.191735,
    0.17695,
    0.16064,
    0.147105,
    0.136385,
    0.12668,
    0.11202,
    0.110765,
    0.097285,
    0.089595,
    0.08141,
    0.07768,
    0.077915,
    0.067095,
    0.053655,
    0.049775,
    0.047985,
    0.04748,
    0.03993,
    0.037835
  ],
  "scale_param_range": [
    0.01,
    0.03025641025641026,
    0.050512820512820515,
    0.07076923076923076,
    0.09102564102564102,
    0.11128205128205128,
    0.13153846153846155,
    0.1517948717948718,
    0.17205128205128206,
    0.19230769230769232,
    0.21256410256410257,
    0.23282051282051283,
    0.2530769230769231,
    0.2733333333333333,
    0.2935897435897436,
    0.3138461538461539,
    0.3341025641025641,
    0.35435897435897434,
    0.37461538461538463,
    0.3948717948717949,
    0.41512820512820514,
    0.43538461538461537,
    0.45564102564102565,
    0.47589743589743594,
    0.49615384615384617,
    0.5164102564102564,
    0.5366666666666666,
    0.556923076923077,
    0.5771794871794872,
    0.5974358974358974,
    0.6176923076923078,
    0.637948717948718,
    0.6582051282051282,
    0.6784615384615384,
    0.6987179487179487,
    0.718974358974359,
    0.7392307692307692,
    0.7594871794871795,
    0.7797435897435898,
    0.8
  ],
  "times": [
    25.482131481170654,
    26.174346685409546,
    26.59961223602295,
    26.86208152770996,
    27.235937118530273,
    27.440521955490112,
    27.870246171951294,
    27.92493200302124,
    28.260660886764526,
    28.734795093536377,
    28.45347237586975,
    28.60442614555359,
    28.85104465484619,
    29.006046295166016,
    29.067490339279175,
    29.17208218574524,
    29.212062120437622,
    29.428815364837646,
    29.364277362823486,
    29.551679611206055,
    29.63181710243225,
    29.83693504333496,
    29.79200053215027,
    29.760847091674805,
    29.957188606262207,
    29.962586164474487,
    30.179063081741333,
    30.00509786605835,
    29.977561712265015,
    30.089937210083008,
    30.082617044448853,
    30.11091113090515,
    30.160452604293823,
    30.312504529953003,
    30.23599624633789,
    30.300028085708618,
    30.254655122756958,
    30.345184326171875,
    30.229665994644165,
    30.370718479156494
  ]
}