{
  "target_distribution": "Hypercube",
  "dimension": 30,
  "num_iterations": 100000,
  "seed": 10,
  "total_time": 1306.576916694641,
  "max_esjd": 0.10005803406238556,
  "max_acceptance_rate": 0.17937,
  "max_variance_value": 0.7697179487179487,
  "expected_squared_jump_distances": [
    1.000364136416465e-06,
    0.0014329813420772552,
    0.005070525221526623,
    0.010365711525082588,
    0.017032509669661522,
    0.023947374895215034,
    0.031725283712148666,
    0.039297983050346375,
    0.04715273156762123,
    0.053913459181785583,
    0.060983460396528244,
    0.06587523967027664,
    0.07510118186473846,
    0.07982763648033142,
    0.08472296595573425,
    0.08778421580791473,
    0.09207377582788467,
    0.09331640601158142,
    0.09586591273546219,
    0.09890766441822052,
    0.10005803406238556,
    0.09647605568170547,
    0.0992252305150032,
    0.09953081607818604,
    0.09925685077905655,
    0.09532347321510315,
    0.09395059198141098,
    0.09749220311641693,
    0.09161411970853806,
    0.08775130659341812,
    0.09061374515295029,
    0.08538473397493362,
    0.08503171801567078,
    0.07719602435827255,
    0.07448622584342957,
    0.07224492728710175,
    0.07305295765399933,
    0.0670304149389267,
    0.06468675285577774,
    0.05785667896270752
  ],
  "acceptance_rates": [
    1.0,
    0.92359,
    0.84057,
    0.7729,
    0.71909,
    0.65048,
    0.60226,
    0.54961,
    0.50667,
    0.46053,
    0.42281,
    0.3793,
    0.36423,
    0.33109,
    0.30336,
    0.27563,
    0.25442,
    0.2293,
    0.21117,
    0.1956,
    0.17937,
    0.15754,
    0.14815,
    0.1365,
    0.12533,
    0.11148,
    0.10142,
    0.0981,
    0.08611,
    0.07735,
    0.07446,
    0.06641,
    0.06215,
    0.05357,
    0.04878,
    0.04464,
    0.04289,
    0.03728,
    0.03467,
    0.02949
  ],
  "var_value_range": [
    0.001,
    0.03943589743589744,
    0.07787179487179488,
    0.11630769230769232,
    0.15474358974358976,
    0.19317948717948719,
    0.23161538461538464,
    0.2700512820512821,
    0.3084871794871795,
    0.34692307692307695,
    0.38535897435897437,
    0.42379487179487185,
    0.4622307692307693,
    0.5006666666666667,
    0.5391025641025642,
    0.5775384615384616,
    0.615974358974359,
    0.6544102564102565,
    0.6928461538461539,
    0.7312820512820514,
    0.7697179487179487,
    0.8081538461538462,
    0.8465897435897437,
    0.8850256410256411,
    0.9234615384615386,
    0.961897435897436,
    1.0003333333333333,
    1.0387692307692307,
    1.0772051282051283,
    1.1156410256410256,
    1.154076923076923,
    1.1925128205128206,
    1.230948717948718,
    1.2693846153846153,
    1.307820512820513,
    1.3462564102564103,
    1.3846923076923077,
    1.4231282051282053,
    1.4615641025641026,
    1.5
  ],
  "times": [
    33.51738405227661,
    30.68232226371765,
    30.98739218711853,
    31.209075212478638,
    31.39338970184326,
    31.55385112762451,
    31.833420991897583,
    32.0777382850647,
    32.225993156433105,
    32.39096999168396,
    32.291582345962524,
    32.35460305213928,
    32.45700430870056,
    32.45703673362732,
    32.56776690483093,
    32.661548137664795,
    32.64701294898987,
    32.78086996078491,
    32.91592311859131,
    32.90467667579651,
    32.87234568595886,
    32.85382318496704,
    32.911749839782715,
    32.96032905578613,
    32.96462798118591,
    33.19591403007507,
    33.02992033958435,
    33.298192262649536,
    33.07482051849365,
    33.11933612823486,
    33.063884019851685,
    33.13174605369568,
    33.2776837348938,
    33.44015026092529,
    33.1718065738678,
    33.1932487487793,
    33.19668126106262,
    33.31232404708862,
    33.261401653289795,
    33.272520542144775
  ]
}