{
  "target_distribution": "Hypercube",
  "proposal_distribution": "Normal",
  "dimension": 5,
  "num_iterations": 200000,
  "seed": 11,
  "total_time": 1456.4195210933685,
  "max_esjd": 0.3171977698802948,
  "max_acceptance_rate": 0.288835,
  "max_scale_param": 1.2366666666666668,
  "expected_squared_jump_distances": [
    9.94063084363006e-05,
    0.006855950225144625,
    0.022397154942154884,
    0.044335994869470596,
    0.07113776355981827,
    0.09989900141954422,
    0.13023138046264648,
    0.15934830904006958,
    0.18838366866111755,
    0.21541346609592438,
    0.2393653690814972,
    0.2618592381477356,
    0.2807655334472656,
    0.2942574620246887,
    0.30428582429885864,
    0.3116326928138733,
    0.3171977698802948,
    0.316127210855484,
    0.3132103383541107,
    0.3077434003353119,
    0.29858100414276123,
    0.2890123426914215,
    0.2772151827812195,
    0.26485830545425415,
    0.25186845660209656,
    0.23913204669952393,
    0.22665861248970032,
    0.2137737274169922,
    0.19676800072193146,
    0.18422292172908783,
    0.16998788714408875,
    0.1591789573431015,
    0.14590270817279816,
    0.1365167796611786,
    0.12513336539268494,
    0.11592702567577362,
    0.10695181041955948,
    0.09963294863700867,
    0.09231829643249512,
    0.0858064591884613
  ],
  "acceptance_rates": [
    0.994985,
    0.92727,
    0.865375,
    0.805375,
    0.75311,
    0.69683,
    0.647985,
    0.597225,
    0.555135,
    0.513435,
    0.47381,
    0.438995,
    0.404235,
    0.371075,
    0.340775,
    0.31385,
    0.288835,
    0.26492,
    0.241095,
    0.220135,
    0.20068,
    0.182845,
    0.165425,
    0.15154,
    0.137455,
    0.12462,
    0.113355,
    0.10341,
    0.093265,
    0.084095,
    0.07727,
    0.06951,
    0.0625,
    0.05733,
    0.051785,
    0.047105,
    0.04307,
    0.039265,
    0.036195,
    0.03283
  ],
  "scale_param_range": [
    0.01,
    0.08666666666666667,
    0.16333333333333336,
    0.24000000000000005,
    0.3166666666666667,
    0.39333333333333337,
    0.4700000000000001,
    0.5466666666666667,
    0.6233333333333334,
    0.7000000000000001,
    0.7766666666666667,
    0.8533333333333334,
    0.9300000000000002,
    1.0066666666666668,
    1.0833333333333335,
    1.1600000000000001,
    1.2366666666666668,
    1.3133333333333335,
    1.3900000000000001,
    1.4666666666666668,
    1.5433333333333334,
    1.62,
    1.6966666666666668,
    1.7733333333333334,
    1.8500000000000003,
    1.926666666666667,
    2.0033333333333334,
    2.08,
    2.1566666666666667,
    2.2333333333333334,
    2.31,
    2.3866666666666667,
    2.4633333333333334,
    2.54,
    2.6166666666666667,
    2.6933333333333334,
    2.77,
    2.8466666666666667,
    2.9233333333333333,
    3.0
  ],
  "times": [
    32.50109004974365,
    32.93859386444092,
    33.35437726974487,
    33.862364768981934,
    34.175193309783936,
    34.72245240211487,
    34.90325593948364,
    35.40518403053284,
    35.6120548248291,
    36.01991295814514,
    36.158249855041504,
    36.56207799911499,
    36.52092456817627,
    36.97454595565796,
    37.0296847820282,
    37.256953716278076,
    37.29224109649658,
    37.587053060531616,
    37.66793966293335,
    37.860761880874634,
    37.84493160247803,
    38.08755111694336,
    37.777183532714844,
    37.964115381240845,
    37.36289739608765,
    36.633352279663086,
    36.70070505142212,
    36.72659420967102,
    36.673285484313965,
    36.774640798568726,
    36.77913236618042,
    36.894562005996704,
    36.88005232810974,
    36.99367117881775,
    36.95809578895569,
    36.977251052856445,
    36.9078369140625,
    36.99111223220825,
    36.93397760391235,
    37.11497640609741
  ]
}