{
  "target_distribution": "Hypercube",
  "dimension": 50,
  "num_iterations": 300000,
  "seed": 9,
  "total_time": 4717.2541880607605,
  "max_esjd": 0.06322013586759567,
  "max_acceptance_rate": 0.10557333333333334,
  "max_variance_value": 0.7925641025641026,
  "expected_squared_jump_distances": [
    9.837987454375252e-05,
    0.0012953502591699362,
    0.003598712617531419,
    0.0066854036413133144,
    0.01022464781999588,
    0.014542002230882645,
    0.018747832626104355,
    0.022922135889530182,
    0.0277237631380558,
    0.03173117712140083,
    0.03651835769414902,
    0.040000274777412415,
    0.04354100301861763,
    0.04663211479783058,
    0.04976114258170128,
    0.0526551753282547,
    0.053935129195451736,
    0.05606173723936081,
    0.058945052325725555,
    0.0591275654733181,
    0.06043536588549614,
    0.06011977791786194,
    0.06219765543937683,
    0.06253140419721603,
    0.06315451860427856,
    0.060466837137937546,
    0.062005020678043365,
    0.06151878833770752,
    0.06322013586759567,
    0.060726433992385864,
    0.05775660276412964,
    0.05737981200218201,
    0.05516257882118225,
    0.05563502758741379,
    0.05465737730264664,
    0.0515189990401268,
    0.04858403652906418,
    0.04889170080423355,
    0.04741312563419342,
    0.044821642339229584
  ],
  "acceptance_rates": [
    0.9840366666666667,
    0.9011833333333333,
    0.8316333333333333,
    0.7631366666666667,
    0.6944466666666667,
    0.6540433333333333,
    0.5998133333333333,
    0.5487566666666667,
    0.5147133333333334,
    0.47107,
    0.44294666666666666,
    0.40442,
    0.37243333333333334,
    0.3421666666666667,
    0.31614333333333333,
    0.2928966666666667,
    0.26553,
    0.24519333333333335,
    0.23055333333333333,
    0.20854666666666666,
    0.19327333333333332,
    0.17505,
    0.16534333333333334,
    0.15236,
    0.14196666666666666,
    0.12568666666666667,
    0.11926,
    0.10991,
    0.10557333333333334,
    0.09473666666666666,
    0.08467,
    0.07879333333333334,
    0.07147,
    0.06758666666666667,
    0.06285666666666667,
    0.056023333333333335,
    0.050146666666666666,
    0.04789,
    0.04408,
    0.03951333333333333
  ],
  "var_value_range": [
    0.01,
    0.03794871794871795,
    0.0658974358974359,
    0.09384615384615384,
    0.12179487179487179,
    0.14974358974358976,
    0.1776923076923077,
    0.20564102564102565,
    0.2335897435897436,
    0.26153846153846155,
    0.2894871794871795,
    0.31743589743589745,
    0.3453846153846154,
    0.37333333333333335,
    0.4012820512820513,
    0.42923076923076925,
    0.4571794871794872,
    0.48512820512820515,
    0.5130769230769231,
    0.5410256410256411,
    0.568974358974359,
    0.5969230769230769,
    0.6248717948717949,
    0.6528205128205129,
    0.6807692307692308,
    0.7087179487179487,
    0.7366666666666667,
    0.7646153846153847,
    0.7925641025641026,
    0.8205128205128205,
    0.8484615384615385,
    0.8764102564102565,
    0.9043589743589744,
    0.9323076923076923,
    0.9602564102564103,
    0.9882051282051283,
    1.0161538461538462,
    1.044102564102564,
    1.0720512820512822,
    1.1
  ],
  "times": [
    110.57113480567932,
    109.416015625,
    110.36838817596436,
    111.42896771430969,
    112.61478590965271,
    112.83434987068176,
    113.67026495933533,
    114.48907423019409,
    114.91272211074829,
    115.60410618782043,
    115.88797378540039,
    116.42830467224121,
    116.8248438835144,
    117.22624015808105,
    117.54810523986816,
    118.17163443565369,
    118.36728429794312,
    118.59115982055664,
    118.81783294677734,
    119.0654227733612,
    119.36157131195068,
    119.54187321662903,
    119.7897458076477,
    119.87055110931396,
    120.123615026474,
    120.50536179542542,
    120.5053608417511,
    120.47919082641602,
    120.40292525291443,
    120.44786477088928,
    120.81492471694946,
    120.80256485939026,
    120.98651671409607,
    120.85970759391785,
    121.37824320793152,
    121.42478680610657,
    122.2644522190094,
    121.44233345985413,
    121.63976263999939,
    121.71811890602112
  ]
}