{
  "target_distribution": "Hypercube",
  "proposal_distribution": "Normal",
  "dimension": 2,
  "num_iterations": 200000,
  "seed": 5,
  "total_time": 2057.7899515628815,
  "max_esjd": 0.3331727385520935,
  "max_acceptance_rate": 0.43844,
  "max_scale_param": 1.2076923076923078,
  "expected_squared_jump_distances": [
    9.941119060385972e-05,
    0.01817353256046772,
    0.05950627848505974,
    0.11425559967756271,
    0.17360632121562958,
    0.22957025468349457,
    0.27546611428260803,
    0.308248907327652,
    0.32654979825019836,
    0.3331727385520935,
    0.32876676321029663,
    0.31750932335853577,
    0.3011046051979065,
    0.2878333330154419,
    0.2707616090774536,
    0.25071656703948975,
    0.23632563650608063,
    0.21871896088123322,
    0.20461802184581757,
    0.18942663073539734,
    0.1787901520729065,
    0.16432394087314606,
    0.153162881731987,
    0.14368245005607605,
    0.13269728422164917,
    0.12597262859344482,
    0.11835421621799469,
    0.11139365285634995,
    0.10427452623844147,
    0.09951730072498322,
    0.09336664527654648,
    0.0866682380437851,
    0.08310692012310028,
    0.07909631729125977,
    0.07385122776031494,
    0.06958409398794174,
    0.06739764660596848,
    0.06297004967927933,
    0.060665808618068695,
    0.05810842663049698
  ],
  "acceptance_rates": [
    0.995755,
    0.92496,
    0.851635,
    0.78338,
    0.71999,
    0.65737,
    0.597555,
    0.5406,
    0.48733,
    0.43844,
    0.395965,
    0.355535,
    0.31937,
    0.289065,
    0.261415,
    0.23605,
    0.215075,
    0.195355,
    0.17856,
    0.16393,
    0.15126,
    0.1385,
    0.127265,
    0.11868,
    0.10969,
    0.10278,
    0.09629,
    0.0895,
    0.083755,
    0.07905,
    0.07397,
    0.069025,
    0.065355,
    0.062205,
    0.057985,
    0.05475,
    0.05248,
    0.04942,
    0.04715,
    0.044925
  ],
  "scale_param_range": [
    0.01,
    0.1430769230769231,
    0.2761538461538462,
    0.4092307692307693,
    0.5423076923076924,
    0.6753846153846155,
    0.8084615384615386,
    0.9415384615384617,
    1.0746153846153847,
    1.2076923076923078,
    1.340769230769231,
    1.473846153846154,
    1.6069230769230771,
    1.7400000000000002,
    1.8730769230769233,
    2.0061538461538464,
    2.1392307692307693,
    2.2723076923076926,
    2.4053846153846155,
    2.5384615384615383,
    2.6715384615384616,
    2.804615384615385,
    2.937692307692308,
    3.0707692307692307,
    3.203846153846154,
    3.3369230769230773,
    3.47,
    3.603076923076923,
    3.7361538461538464,
    3.8692307692307697,
    4.002307692307693,
    4.135384615384615,
    4.268461538461539,
    4.401538461538462,
    4.534615384615385,
    4.667692307692308,
    4.800769230769231,
    4.933846153846154,
    5.066923076923077,
    5.2
  ],
  "times": [
    45.398733377456665,
    45.47862935066223,
    46.136149406433105,
    47.077396631240845,
    47.35126447677612,
    48.19337797164917,
    48.48799514770508,
    49.2113721370697,
    49.509053468704224,
    50.218716621398926,
    50.27357578277588,
    50.873470067977905,
    51.05932903289795,
    51.561198234558105,
    51.62177491188049,
    52.107423067092896,
    52.0219841003418,
    52.339953899383545,
    52.445093393325806,
    52.82159113883972,
    52.63487100601196,
    52.8288300037384,
    52.76261878013611,
    53.07400345802307,
    52.96326160430908,
    53.231510400772095,
    53.205971479415894,
    53.403627157211304,
    53.27435517311096,
    53.50113582611084,
    53.33495283126831,
    53.49024820327759,
    53.49994778633118,
    53.648624658584595,
    53.413172245025635,
    53.59370541572571,
    53.61524224281311,
    53.57258653640747,
    52.34546399116516,
    52.14760112762451
  ]
}