{
  "target_distribution": "Hypercube",
  "dimension": 5,
  "num_iterations": 100000,
  "seed": 7,
  "total_time": 1272.8514294624329,
  "max_esjd": 0.31763312220573425,
  "max_acceptance_rate": 0.29096,
  "max_variance_value": 1.231153846153846,
  "expected_squared_jump_distances": [
    9.998509540309897e-07,
    0.002607465721666813,
    0.009642050601541996,
    0.020231399685144424,
    0.03364413604140282,
    0.04963904991745949,
    0.06722596287727356,
    0.08609452098608017,
    0.10612034797668457,
    0.1258326917886734,
    0.1463012844324112,
    0.1659974902868271,
    0.18342773616313934,
    0.20452506840229034,
    0.22196176648139954,
    0.23740547895431519,
    0.2530139982700348,
    0.2638970911502838,
    0.2791527807712555,
    0.2907797396183014,
    0.29599952697753906,
    0.30361101031303406,
    0.30772289633750916,
    0.31562691926956177,
    0.31763312220573425,
    0.3159390687942505,
    0.31442973017692566,
    0.31294065713882446,
    0.30962297320365906,
    0.30626341700553894,
    0.2962897717952728,
    0.29374778270721436,
    0.2856511175632477,
    0.2804081439971924,
    0.27024123072624207,
    0.25683021545410156,
    0.2520850598812103,
    0.2402043640613556,
    0.23485198616981506,
    0.22182345390319824
  ],
  "acceptance_rates": [
    1.0,
    0.96153,
    0.91614,
    0.87018,
    0.82531,
    0.78851,
    0.75025,
    0.71597,
    0.68202,
    0.64746,
    0.61651,
    0.58592,
    0.55409,
    0.53202,
    0.50488,
    0.47719,
    0.45333,
    0.42597,
    0.40733,
    0.38725,
    0.36239,
    0.34225,
    0.32405,
    0.30767,
    0.29096,
    0.27285,
    0.25731,
    0.24281,
    0.22741,
    0.21537,
    0.19874,
    0.1899,
    0.17825,
    0.16876,
    0.15632,
    0.14522,
    0.13747,
    0.12812,
    0.12114,
    0.11259
  ],
  "var_value_range": [
    0.001,
    0.05225641025641026,
    0.10351282051282051,
    0.15476923076923077,
    0.20602564102564103,
    0.2572820512820513,
    0.30853846153846154,
    0.3597948717948718,
    0.41105128205128205,
    0.4623076923076923,
    0.5135641025641026,
    0.5648205128205128,
    0.6160769230769231,
    0.6673333333333333,
    0.7185897435897436,
    0.7698461538461538,
    0.8211025641025641,
    0.8723589743589744,
    0.9236153846153846,
    0.9748717948717949,
    1.026128205128205,
    1.0773846153846152,
    1.1286410256410255,
    1.179897435897436,
    1.231153846153846,
    1.2824102564102562,
    1.3336666666666666,
    1.384923076923077,
    1.436179487179487,
    1.4874358974358972,
    1.5386923076923076,
    1.589948717948718,
    1.641205128205128,
    1.6924615384615382,
    1.7437179487179486,
    1.794974358974359,
    1.8462307692307691,
    1.8974871794871793,
    1.9487435897435896,
    2.0
  ],
  "times": [
    32.17441749572754,
    30.19059467315674,
    30.555179357528687,
    30.452179193496704,
    30.738036632537842,
    30.74040961265564,
    30.862797021865845,
    30.92751383781433,
    31.099329233169556,
    31.166694164276123,
    31.262218713760376,
    31.33361053466797,
    31.44303321838379,
    31.49813747406006,
    31.578303575515747,
    31.65731406211853,
    31.725380897521973,
    31.77267026901245,
    31.918609142303467,
    31.930092811584473,
    32.04161024093628,
    32.092859745025635,
    32.13716435432434,
    32.1684947013855,
    32.21166133880615,
    32.27543044090271,
    32.27557897567749,
    32.305495738983154,
    32.353615283966064,
    32.45148682594299,
    32.476619720458984,
    32.48576307296753,
    32.43956971168518,
    32.514304399490356,
    32.57291793823242,
    32.58313465118408,
    32.55836820602417,
    32.61798596382141,
    32.703898191452026,
    32.52461814880371
  ]
}