{
  "target_distribution": "Hypercube",
  "proposal_distribution": "Normal",
  "dimension": 20,
  "num_iterations": 300000,
  "seed": 15,
  "total_time": 2626.3752834796906,
  "max_esjd": 0.14149919152259827,
  "max_acceptance_rate": 0.16335333333333332,
  "max_scale_param": 0.9794871794871796,
  "expected_squared_jump_distances": [
    9.820066770771518e-05,
    0.003332890570163727,
    0.01022398192435503,
    0.019710659980773926,
    0.030702795833349228,
    0.04298980534076691,
    0.05513457581400871,
    0.06717152148485184,
    0.07897205650806427,
    0.09039250016212463,
    0.10029378533363342,
    0.11027184873819351,
    0.117204450070858,
    0.12356027215719223,
    0.13000090420246124,
    0.13363483548164368,
    0.1382521539926529,
    0.13872762024402618,
    0.14092111587524414,
    0.14149919152259827,
    0.13957764208316803,
    0.1369134485721588,
    0.13407796621322632,
    0.13194724917411804,
    0.1297328621149063,
    0.12781913578510284,
    0.12353336066007614,
    0.11695705354213715,
    0.11204942315816879,
    0.10724518448114395,
    0.10352135449647903,
    0.09932605177164078,
    0.09325621277093887,
    0.09130494296550751,
    0.08421099931001663,
    0.07544393092393875,
    0.07536311447620392,
    0.0696737989783287,
    0.06442301720380783,
    0.06112298741936684
  ],
  "acceptance_rates": [
    0.9827433333333333,
    0.8996933333333333,
    0.8221433333333333,
    0.752,
    0.6829566666666667,
    0.6260666666666667,
    0.5674166666666667,
    0.5155766666666667,
    0.46952666666666665,
    0.4288866666666667,
    0.3894766666666667,
    0.3562266666666667,
    0.3211833333333333,
    0.29089,
    0.26604333333333335,
    0.24,
    0.21929333333333334,
    0.19645666666666667,
    0.17958333333333334,
    0.16335333333333332,
    0.14637333333333333,
    0.13083666666666666,
    0.11778666666666666,
    0.10648,
    0.09716333333333334,
    0.08893333333333334,
    0.07993,
    0.07034333333333333,
    0.06344333333333334,
    0.05735,
    0.0518,
    0.047036666666666664,
    0.041563333333333334,
    0.038586666666666665,
    0.03392333333333333,
    0.028903333333333333,
    0.027413333333333335,
    0.024286666666666668,
    0.021416666666666667,
    0.01955
  ],
  "scale_param_range": [
    0.01,
    0.06102564102564103,
    0.11205128205128205,
    0.1630769230769231,
    0.21410256410256412,
    0.2651282051282051,
    0.3161538461538462,
    0.36717948717948723,
    0.41820512820512823,
    0.46923076923076923,
    0.5202564102564102,
    0.5712820512820513,
    0.6223076923076923,
    0.6733333333333333,
    0.7243589743589745,
    0.7753846153846154,
    0.8264102564102564,
    0.8774358974358974,
    0.9284615384615384,
    0.9794871794871796,
    1.0305128205128204,
    1.0815384615384616,
    1.1325641025641027,
    1.1835897435897436,
    1.2346153846153847,
    1.2856410256410258,
    1.3366666666666667,
    1.3876923076923078,
    1.438717948717949,
    1.4897435897435898,
    1.540769230769231,
    1.5917948717948718,
    1.642820512820513,
    1.693846153846154,
    1.744871794871795,
    1.795897435897436,
    1.846923076923077,
    1.897948717948718,
    1.9489743589743591,
    2.0
  ],
  "times": [
    56.25828552246094,
    57.65280222892761,
    58.682018995285034,
    59.662153482437134,
    60.83877921104431,
    61.48034310340881,
    62.26125454902649,
    62.6825795173645,
    63.14011859893799,
    64.02787041664124,
    64.13313508033752,
    64.52485704421997,
    65.3171079158783,
    65.57304453849792,
    66.03920674324036,
    66.16594195365906,
    66.9272472858429,
    66.45294642448425,
    66.61064267158508,
    66.61133670806885,
    67.40184354782104,
    67.46055507659912,
    67.1925630569458,
    67.42400908470154,
    67.63547873497009,
    67.84992527961731,
    68.57836627960205,
    67.78020191192627,
    68.2596595287323,
    68.00100660324097,
    67.94834494590759,
    68.34639620780945,
    68.13879561424255,
    68.61832404136658,
    68.15872097015381,
    68.4109320640564,
    68.23887610435486,
    68.58558773994446,
    68.88855838775635,
    68.36911797523499
  ]
}