{
  "target_distribution": "Hypercube",
  "proposal_distribution": "Normal",
  "dimension": 2,
  "num_iterations": 300000,
  "seed": 13,
  "total_time": 2292.552651643753,
  "max_esjd": 0.331452876329422,
  "max_acceptance_rate": 0.44770666666666664,
  "max_scale_param": 1.1835897435897436,
  "expected_squared_jump_distances": [
    9.90480330074206e-05,
    0.003540982259437442,
    0.011411125771701336,
    0.023083947598934174,
    0.03789703920483589,
    0.055281203240156174,
    0.07474352419376373,
    0.0957573875784874,
    0.11784704029560089,
    0.14048048853874207,
    0.1629641354084015,
    0.18567590415477753,
    0.2069968283176422,
    0.22800208628177643,
    0.24687542021274567,
    0.26441583037376404,
    0.2799699008464813,
    0.292524516582489,
    0.3036021888256073,
    0.31415873765945435,
    0.3214399516582489,
    0.3264304995536804,
    0.3291270434856415,
    0.331452876329422,
    0.3304699957370758,
    0.3307441771030426,
    0.3280424475669861,
    0.324420303106308,
    0.3195774555206299,
    0.31651225686073303,
    0.3092496395111084,
    0.3048514127731323,
    0.29955291748046875,
    0.29284289479255676,
    0.2863859534263611,
    0.27894794940948486,
    0.2733144462108612,
    0.26487869024276733,
    0.2589941620826721,
    0.2525879740715027
  ],
  "acceptance_rates": [
    0.9948466666666667,
    0.9682233333333333,
    0.9399633333333334,
    0.91262,
    0.88408,
    0.8573433333333333,
    0.8299533333333333,
    0.8047,
    0.7797766666666667,
    0.75424,
    0.7293533333333333,
    0.7050566666666667,
    0.6813,
    0.6576466666666667,
    0.6339333333333333,
    0.6119633333333333,
    0.58851,
    0.5664033333333334,
    0.5446633333333334,
    0.52512,
    0.50348,
    0.48454,
    0.4653966666666667,
    0.44770666666666664,
    0.4283866666666667,
    0.41158,
    0.39577666666666667,
    0.37916333333333335,
    0.36533333333333334,
    0.3510066666666667,
    0.33520333333333335,
    0.32287666666666665,
    0.3104366666666667,
    0.2987533333333333,
    0.2875466666666667,
    0.27602,
    0.26599,
    0.25543666666666665,
    0.24623,
    0.23672
  ],
  "scale_param_range": [
    0.01,
    0.06102564102564103,
    0.11205128205128205,
    0.1630769230769231,
    0.21410256410256412,
    0.2651282051282051,
    0.3161538461538462,
    0.36717948717948723,
    0.41820512820512823,
    0.46923076923076923,
    0.5202564102564102,
    0.5712820512820513,
    0.6223076923076923,
    0.6733333333333333,
    0.7243589743589745,
    0.7753846153846154,
    0.8264102564102564,
    0.8774358974358974,
    0.9284615384615384,
    0.9794871794871796,
    1.0305128205128204,
    1.0815384615384616,
    1.1325641025641027,
    1.1835897435897436,
    1.2346153846153847,
    1.2856410256410258,
    1.3366666666666667,
    1.3876923076923078,
    1.438717948717949,
    1.4897435897435898,
    1.540769230769231,
    1.5917948717948718,
    1.642820512820513,
    1.693846153846154,
    1.744871794871795,
    1.795897435897436,
    1.846923076923077,
    1.897948717948718,
    1.9489743589743591,
    2.0
  ],
  "times": [
    53.85455656051636,
    53.364542961120605,
    53.586185455322266,
    54.308282136917114,
    54.656595945358276,
    54.97891688346863,
    55.21579432487488,
    55.63141131401062,
    55.68035531044006,
    56.72666907310486,
    56.83497595787048,
    56.95723867416382,
    55.527965784072876,
    54.538862466812134,
    55.31224012374878,
    56.984623432159424,
    54.99775815010071,
    55.155901193618774,
    56.21398878097534,
    55.76404118537903,
    55.86560916900635,
    56.014193534851074,
    57.39614200592041,
    58.853172302246094,
    59.34133434295654,
    59.62116551399231,
    58.91795992851257,
    57.89407134056091,
    58.03148913383484,
    59.123000621795654,
    59.50271129608154,
    60.18198609352112,
    57.01650881767273,
    60.99326467514038,
    60.925968647003174,
    61.164530992507935,
    61.1237850189209,
    61.23425221443176,
    61.26798868179321,
    61.7344286441803
  ]
}