{
  "target_distribution": "Hypercube",
  "proposal_distribution": "Normal",
  "dimension": 30,
  "num_iterations": 200000,
  "seed": 1,
  "total_time": 1630.8669464588165,
  "max_esjd": 0.10044508427381516,
  "max_acceptance_rate": 0.165765,
  "max_scale_param": 0.8033333333333333,
  "expected_squared_jump_distances": [
    9.868066263152286e-05,
    0.0014989550691097975,
    0.0042909677140414715,
    0.008174644783139229,
    0.012911285273730755,
    0.01817563734948635,
    0.02404172718524933,
    0.029772097244858742,
    0.03614915907382965,
    0.04237578809261322,
    0.04805196076631546,
    0.05413246527314186,
    0.05892079323530197,
    0.06599648296833038,
    0.06994395703077316,
    0.0741729661822319,
    0.07965990900993347,
    0.08200806379318237,
    0.08485996723175049,
    0.08833831548690796,
    0.08936233818531036,
    0.093743696808815,
    0.09649719297885895,
    0.09552198648452759,
    0.09683925658464432,
    0.09798846393823624,
    0.10044508427381516,
    0.09913232177495956,
    0.09709638357162476,
    0.09941425174474716,
    0.0986480563879013,
    0.09719454497098923,
    0.09570860862731934,
    0.09502571821212769,
    0.09454289078712463,
    0.0908464789390564,
    0.08995263278484344,
    0.08904489129781723,
    0.08845881372690201,
    0.08622653782367706
  ],
  "acceptance_rates": [
    0.986885,
    0.915485,
    0.85447,
    0.798445,
    0.747335,
    0.69575,
    0.65403,
    0.605295,
    0.570655,
    0.534285,
    0.49548,
    0.46505,
    0.429095,
    0.41094,
    0.378385,
    0.35174,
    0.333675,
    0.30597,
    0.28331,
    0.266035,
    0.24389,
    0.23271,
    0.21914,
    0.199115,
    0.186805,
    0.17447,
    0.165765,
    0.15219,
    0.139425,
    0.13374,
    0.12413,
    0.115035,
    0.106635,
    0.100005,
    0.094075,
    0.085355,
    0.080165,
    0.075415,
    0.07127,
    0.066105
  ],
  "scale_param_range": [
    0.01,
    0.04051282051282051,
    0.07102564102564102,
    0.10153846153846154,
    0.13205128205128205,
    0.16256410256410256,
    0.1930769230769231,
    0.2235897435897436,
    0.2541025641025641,
    0.2846153846153846,
    0.3151282051282051,
    0.3456410256410256,
    0.37615384615384617,
    0.4066666666666667,
    0.4371794871794872,
    0.4676923076923077,
    0.4982051282051282,
    0.5287179487179487,
    0.5592307692307692,
    0.5897435897435898,
    0.6202564102564102,
    0.6507692307692308,
    0.6812820512820512,
    0.7117948717948718,
    0.7423076923076923,
    0.7728205128205128,
    0.8033333333333333,
    0.8338461538461538,
    0.8643589743589744,
    0.8948717948717948,
    0.9253846153846154,
    0.9558974358974358,
    0.9864102564102564,
    1.0169230769230768,
    1.0474358974358975,
    1.077948717948718,
    1.1084615384615384,
    1.1389743589743588,
    1.1694871794871795,
    1.2
  ],
  "times": [
    35.64983940124512,
    35.965516567230225,
    36.22120404243469,
    36.44083380699158,
    37.667380809783936,
    38.39152264595032,
    38.61007356643677,
    39.073155641555786,
    38.636311769485474,
    39.77474784851074,
    39.68553376197815,
    40.0910005569458,
    39.679784536361694,
    40.36316108703613,
    40.86851191520691,
    41.23749399185181,
    41.40845704078674,
    41.50814890861511,
    41.85644316673279,
    42.060951948165894,
    42.07002067565918,
    42.28975558280945,
    41.98615312576294,
    42.222508668899536,
    42.60309362411499,
    42.43525242805481,
    40.72213912010193,
    42.269089698791504,
    41.119738817214966,
    42.54797291755676,
    42.80074429512024,
    42.74023699760437,
    42.70413398742676,
    42.98925709724426,
    42.69640374183655,
    42.95673894882202,
    42.5602490901947,
    42.665571451187134,
    42.11134719848633,
    41.12193274497986
  ]
}