{
  "target_distribution": "Hypercube",
  "proposal_distribution": "Normal",
  "dimension": 20,
  "num_iterations": 200000,
  "seed": 14,
  "total_time": 1566.063564300537,
  "max_esjd": 0.14097115397453308,
  "max_acceptance_rate": 0.194845,
  "max_scale_param": 0.8887179487179487,
  "expected_squared_jump_distances": [
    9.839654376264662e-05,
    0.002113908063620329,
    0.006311296951025724,
    0.012271503917872906,
    0.019498566165566444,
    0.027551058679819107,
    0.03655969724059105,
    0.04530860856175423,
    0.05488802492618561,
    0.06365562230348587,
    0.07285967469215393,
    0.08206195384263992,
    0.09023212641477585,
    0.09728891402482986,
    0.10329374670982361,
    0.11043798178434372,
    0.11753132194280624,
    0.1213126927614212,
    0.12654004991054535,
    0.13090646266937256,
    0.13477149605751038,
    0.13504964113235474,
    0.13665252923965454,
    0.14097115397453308,
    0.1350676715373993,
    0.13975508511066437,
    0.14057588577270508,
    0.13760514557361603,
    0.1379358172416687,
    0.132859006524086,
    0.13411155343055725,
    0.12894441187381744,
    0.13168230652809143,
    0.13019539415836334,
    0.12610003352165222,
    0.12091369181871414,
    0.11960480362176895,
    0.11642836779356003,
    0.11032259464263916,
    0.10617511719465256
  ],
  "acceptance_rates": [
    0.98489,
    0.91371,
    0.85193,
    0.798885,
    0.746485,
    0.695305,
    0.65336,
    0.60419,
    0.567585,
    0.52604,
    0.491475,
    0.461815,
    0.42959,
    0.39744,
    0.36688,
    0.34386,
    0.322985,
    0.297885,
    0.27866,
    0.260365,
    0.243015,
    0.221725,
    0.20586,
    0.194845,
    0.173215,
    0.165565,
    0.155325,
    0.14173,
    0.132565,
    0.119785,
    0.113135,
    0.10296,
    0.098755,
    0.09223,
    0.084785,
    0.077025,
    0.072435,
    0.067055,
    0.06072,
    0.055705
  ],
  "scale_param_range": [
    0.01,
    0.048205128205128206,
    0.0864102564102564,
    0.12461538461538461,
    0.16282051282051282,
    0.20102564102564102,
    0.23923076923076925,
    0.2774358974358974,
    0.31564102564102564,
    0.35384615384615387,
    0.39205128205128204,
    0.43025641025641026,
    0.4684615384615385,
    0.5066666666666666,
    0.5448717948717948,
    0.583076923076923,
    0.6212820512820513,
    0.6594871794871795,
    0.6976923076923077,
    0.7358974358974358,
    0.7741025641025641,
    0.8123076923076923,
    0.8505128205128205,
    0.8887179487179487,
    0.926923076923077,
    0.9651282051282051,
    1.0033333333333332,
    1.0415384615384615,
    1.0797435897435896,
    1.117948717948718,
    1.156153846153846,
    1.1943589743589744,
    1.2325641025641025,
    1.2707692307692307,
    1.308974358974359,
    1.347179487179487,
    1.3853846153846154,
    1.4235897435897436,
    1.4617948717948717,
    1.5
  ],
  "times": [
    33.0047025680542,
    33.90164852142334,
    34.605032444000244,
    34.69119048118591,
    34.92899203300476,
    35.6594557762146,
    36.09472966194153,
    37.54346227645874,
    37.41937065124512,
    37.23725986480713,
    38.510602951049805,
    37.40407466888428,
    38.356695890426636,
    38.18889570236206,
    38.39159941673279,
    38.758418560028076,
    40.10841488838196,
    39.50458598136902,
    39.49191665649414,
    39.389394760131836,
    39.67962169647217,
    39.519097566604614,
    39.90919828414917,
    41.192728996276855,
    40.872411012649536,
    41.02569127082825,
    40.89909839630127,
    40.863407135009766,
    40.55289554595947,
    40.55318880081177,
    40.82614254951477,
    40.64892554283142,
    40.6712429523468,
    41.70738935470581,
    42.650513648986816,
    42.43020415306091,
    42.31531643867493,
    42.37609624862671,
    42.07480192184448,
    42.06444501876831
  ]
}