{
  "target_distribution": "Hypercube",
  "proposal_distribution": "Normal",
  "dimension": 10,
  "num_iterations": 200000,
  "seed": 20,
  "total_time": 1146.0603439807892,
  "max_esjd": 0.23036742210388184,
  "max_acceptance_rate": 0.17193,
  "max_scale_param": 1.2856410256410258,
  "expected_squared_jump_distances": [
    9.899285214487463e-05,
    0.003426761133596301,
    0.010739513672888279,
    0.02112479694187641,
    0.034011110663414,
    0.04865655675530434,
    0.06408976763486862,
    0.08004043996334076,
    0.0965181291103363,
    0.11289666593074799,
    0.12867121398448944,
    0.1430692970752716,
    0.15593653917312622,
    0.1713307797908783,
    0.18215526640415192,
    0.1930742859840393,
    0.19827154278755188,
    0.2103508859872818,
    0.21466632187366486,
    0.21975888311862946,
    0.2261180728673935,
    0.22839950025081635,
    0.22820381820201874,
    0.22780963778495789,
    0.22776579856872559,
    0.23036742210388184,
    0.21985198557376862,
    0.22132307291030884,
    0.2155795693397522,
    0.20682774484157562,
    0.20745819807052612,
    0.20296263694763184,
    0.19560739398002625,
    0.18774527311325073,
    0.1850440949201584,
    0.1743939071893692,
    0.16751573979854584,
    0.1639513224363327,
    0.1541050523519516,
    0.14444488286972046
  ],
  "acceptance_rates": [
    0.990885,
    0.9276,
    0.868055,
    0.811735,
    0.763125,
    0.716185,
    0.6677,
    0.62412,
    0.584435,
    0.54605,
    0.511695,
    0.475545,
    0.440655,
    0.41731,
    0.38627,
    0.35963,
    0.32877,
    0.311885,
    0.28784,
    0.26708,
    0.24987,
    0.231385,
    0.21405,
    0.197415,
    0.18311,
    0.17193,
    0.15455,
    0.14585,
    0.133815,
    0.12161,
    0.11449,
    0.1067,
    0.0981,
    0.089915,
    0.08466,
    0.07631,
    0.070265,
    0.065935,
    0.06068,
    0.054515
  ],
  "scale_param_range": [
    0.01,
    0.06102564102564103,
    0.11205128205128205,
    0.1630769230769231,
    0.21410256410256412,
    0.2651282051282051,
    0.3161538461538462,
    0.36717948717948723,
    0.41820512820512823,
    0.46923076923076923,
    0.5202564102564102,
    0.5712820512820513,
    0.6223076923076923,
    0.6733333333333333,
    0.7243589743589745,
    0.7753846153846154,
    0.8264102564102564,
    0.8774358974358974,
    0.9284615384615384,
    0.9794871794871796,
    1.0305128205128204,
    1.0815384615384616,
    1.1325641025641027,
    1.1835897435897436,
    1.2346153846153847,
    1.2856410256410258,
    1.3366666666666667,
    1.3876923076923078,
    1.438717948717949,
    1.4897435897435898,
    1.540769230769231,
    1.5917948717948718,
    1.642820512820513,
    1.693846153846154,
    1.744871794871795,
    1.795897435897436,
    1.846923076923077,
    1.897948717948718,
    1.9489743589743591,
    2.0
  ],
  "times": [
    24.941890239715576,
    25.16178607940674,
    25.534430027008057,
    25.928996801376343,
    26.19827365875244,
    26.49503493309021,
    26.778680562973022,
    27.025146007537842,
    27.30149006843567,
    27.61378264427185,
    27.768186807632446,
    28.10651731491089,
    28.289997577667236,
    28.241649389266968,
    28.560170650482178,
    28.58104658126831,
    28.7794406414032,
    28.930638551712036,
    29.044904947280884,
    29.18022108078003,
    29.240586519241333,
    29.402730464935303,
    29.49935483932495,
    29.473283052444458,
    29.537388563156128,
    29.694167137145996,
    29.745201349258423,
    29.788736581802368,
    29.8505437374115,
    29.876095056533813,
    29.991178512573242,
    29.977903366088867,
    30.048043489456177,
    30.10572123527527,
    30.02457618713379,
    30.181902408599854,
    30.198134899139404,
    30.3117253780365,
    30.32242488861084,
    30.297139167785645
  ]
}