{
  "target_distribution": "Hypercube",
  "proposal_distribution": "Normal",
  "dimension": 2,
  "num_iterations": 300000,
  "seed": 14,
  "total_time": 2230.3340849876404,
  "max_esjd": 0.3330482542514801,
  "max_acceptance_rate": 0.44804333333333335,
  "max_scale_param": 1.1835897435897436,
  "expected_squared_jump_distances": [
    9.905514161800966e-05,
    0.0035405089147388935,
    0.011403154581785202,
    0.023106591776013374,
    0.03786107897758484,
    0.055324655026197433,
    0.07476367801427841,
    0.09575282782316208,
    0.11786135286092758,
    0.1405887007713318,
    0.16343413293361664,
    0.18580195307731628,
    0.20739884674549103,
    0.2273847609758377,
    0.24700556695461273,
    0.2645864188671112,
    0.2803507149219513,
    0.29357290267944336,
    0.3040233254432678,
    0.3129032850265503,
    0.32114288210868835,
    0.32572585344314575,
    0.3304681181907654,
    0.3330482542514801,
    0.33132240176200867,
    0.32880330085754395,
    0.32673338055610657,
    0.32364338636398315,
    0.32117781043052673,
    0.31473657488822937,
    0.3103163540363312,
    0.30465516448020935,
    0.29894882440567017,
    0.29269734025001526,
    0.2860298454761505,
    0.27775806188583374,
    0.2716410458087921,
    0.2671416103839874,
    0.2596409022808075,
    0.25162777304649353
  ],
  "acceptance_rates": [
    0.9948666666666667,
    0.9681333333333333,
    0.9398266666666667,
    0.9127333333333333,
    0.8840666666666667,
    0.8574133333333334,
    0.8306133333333333,
    0.8045066666666667,
    0.7794133333333333,
    0.7544933333333333,
    0.73059,
    0.7059433333333334,
    0.6821466666666667,
    0.6572233333333334,
    0.6343866666666667,
    0.61121,
    0.5887133333333333,
    0.56777,
    0.54508,
    0.52429,
    0.5041633333333333,
    0.48386666666666667,
    0.46596333333333334,
    0.44804333333333335,
    0.4288033333333333,
    0.41201,
    0.39454333333333336,
    0.37961666666666666,
    0.36517333333333335,
    0.35026666666666667,
    0.33637333333333336,
    0.32339,
    0.31072333333333335,
    0.2990966666666667,
    0.2873866666666667,
    0.27575666666666665,
    0.26583,
    0.2563033333333333,
    0.24628,
    0.23728666666666667
  ],
  "scale_param_range": [
    0.01,
    0.06102564102564103,
    0.11205128205128205,
    0.1630769230769231,
    0.21410256410256412,
    0.2651282051282051,
    0.3161538461538462,
    0.36717948717948723,
    0.41820512820512823,
    0.46923076923076923,
    0.5202564102564102,
    0.5712820512820513,
    0.6223076923076923,
    0.6733333333333333,
    0.7243589743589745,
    0.7753846153846154,
    0.8264102564102564,
    0.8774358974358974,
    0.9284615384615384,
    0.9794871794871796,
    1.0305128205128204,
    1.0815384615384616,
    1.1325641025641027,
    1.1835897435897436,
    1.2346153846153847,
    1.2856410256410258,
    1.3366666666666667,
    1.3876923076923078,
    1.438717948717949,
    1.4897435897435898,
    1.540769230769231,
    1.5917948717948718,
    1.642820512820513,
    1.693846153846154,
    1.744871794871795,
    1.795897435897436,
    1.846923076923077,
    1.897948717948718,
    1.9489743589743591,
    2.0
  ],
  "times": [
    53.20773530006409,
    51.215558767318726,
    50.956326484680176,
    52.08349370956421,
    52.59441041946411,
    53.2752366065979,
    54.095094203948975,
    53.94426131248474,
    54.43535017967224,
    54.81718158721924,
    54.491252183914185,
    54.98772859573364,
    54.97185301780701,
    55.60114574432373,
    54.4652898311615,
    53.18831944465637,
    53.963518142700195,
    56.52394652366638,
    57.969000577926636,
    56.81844425201416,
    57.9565532207489,
    58.1449453830719,
    57.59734392166138,
    57.97073435783386,
    59.17933392524719,
    56.228546380996704,
    55.77178907394409,
    56.75596904754639,
    57.429285287857056,
    57.15944480895996,
    56.766711950302124,
    56.724103689193726,
    56.70232582092285,
    57.76910066604614,
    57.2425537109375,
    58.137176275253296,
    56.921685457229614,
    57.38888716697693,
    57.35073947906494,
    57.47815680503845
  ]
}