{
  "target_distribution": "Hypercube",
  "proposal_distribution": "Normal",
  "dimension": 2,
  "num_iterations": 300000,
  "seed": 19,
  "total_time": 2319.0764787197113,
  "max_esjd": 0.33136269450187683,
  "max_acceptance_rate": 0.4128966666666667,
  "max_scale_param": 1.2856410256410258,
  "expected_squared_jump_distances": [
    9.905029583023861e-05,
    0.0035403368528932333,
    0.011410162784159184,
    0.0230827946215868,
    0.037890393286943436,
    0.05534485727548599,
    0.07477748394012451,
    0.09572190791368484,
    0.11777980625629425,
    0.14022929966449738,
    0.16287526488304138,
    0.1855870634317398,
    0.20753289759159088,
    0.22805099189281464,
    0.24727177619934082,
    0.2644098997116089,
    0.2791677713394165,
    0.2937803566455841,
    0.3043198883533478,
    0.31379756331443787,
    0.32017582654953003,
    0.3260740041732788,
    0.3299875259399414,
    0.3307259976863861,
    0.3309280574321747,
    0.33136269450187683,
    0.3283498287200928,
    0.32484519481658936,
    0.31974682211875916,
    0.314762681722641,
    0.3089112639427185,
    0.3063703179359436,
    0.29935741424560547,
    0.2934742271900177,
    0.28576794266700745,
    0.27955880761146545,
    0.2720423936843872,
    0.2667407691478729,
    0.2570365369319916,
    0.25028449296951294
  ],
  "acceptance_rates": [
    0.99486,
    0.9681466666666667,
    0.9400833333333334,
    0.9128166666666667,
    0.88442,
    0.8583233333333333,
    0.8299366666666667,
    0.8042933333333333,
    0.7799266666666667,
    0.75428,
    0.7299133333333333,
    0.70527,
    0.68177,
    0.6580833333333334,
    0.63463,
    0.61128,
    0.5885533333333334,
    0.5666633333333333,
    0.5451266666666666,
    0.5243966666666666,
    0.50383,
    0.48427333333333333,
    0.46520666666666666,
    0.44675333333333334,
    0.42839333333333335,
    0.4128966666666667,
    0.39670666666666665,
    0.38119333333333333,
    0.3643733333333333,
    0.3500433333333333,
    0.33623,
    0.32386333333333334,
    0.31109333333333333,
    0.29944,
    0.28701666666666664,
    0.27675,
    0.26587666666666665,
    0.2558666666666667,
    0.24484333333333333,
    0.23682333333333333
  ],
  "scale_param_range": [
    0.01,
    0.06102564102564103,
    0.11205128205128205,
    0.1630769230769231,
    0.21410256410256412,
    0.2651282051282051,
    0.3161538461538462,
    0.36717948717948723,
    0.41820512820512823,
    0.46923076923076923,
    0.5202564102564102,
    0.5712820512820513,
    0.6223076923076923,
    0.6733333333333333,
    0.7243589743589745,
    0.7753846153846154,
    0.8264102564102564,
    0.8774358974358974,
    0.9284615384615384,
    0.9794871794871796,
    1.0305128205128204,
    1.0815384615384616,
    1.1325641025641027,
    1.1835897435897436,
    1.2346153846153847,
    1.2856410256410258,
    1.3366666666666667,
    1.3876923076923078,
    1.438717948717949,
    1.4897435897435898,
    1.540769230769231,
    1.5917948717948718,
    1.642820512820513,
    1.693846153846154,
    1.744871794871795,
    1.795897435897436,
    1.846923076923077,
    1.897948717948718,
    1.9489743589743591,
    2.0
  ],
  "times": [
    52.752416372299194,
    53.38228726387024,
    53.495866537094116,
    54.104092836380005,
    54.374898195266724,
    54.339844703674316,
    55.12051486968994,
    55.59815049171448,
    55.94605851173401,
    55.980467557907104,
    57.094247341156006,
    56.96182990074158,
    57.81695604324341,
    58.59584712982178,
    58.21180319786072,
    58.47482347488403,
    58.72780442237854,
    57.529149532318115,
    57.261882305145264,
    58.58333206176758,
    58.200040340423584,
    58.91781806945801,
    57.85821485519409,
    58.12779688835144,
    58.89051580429077,
    59.332762241363525,
    57.67373704910278,
    58.31055164337158,
    59.43216800689697,
    60.68578815460205,
    59.80876541137695,
    59.94884252548218,
    60.544724464416504,
    60.95507788658142,
    61.44000768661499,
    61.950448751449585,
    59.8753502368927,
    61.1298930644989,
    60.52840232849121,
    61.05675554275513
  ]
}