{
  "target_distribution": "Hypercube",
  "proposal_distribution": "Normal",
  "dimension": 100,
  "num_iterations": 200000,
  "seed": 15,
  "total_time": 2048.6060287952423,
  "max_esjd": 0.03382724151015282,
  "max_acceptance_rate": 0.152195,
  "max_scale_param": 0.47589743589743594,
  "expected_squared_jump_distances": [
    9.980698087019846e-05,
    0.0008249589591287076,
    0.0021085890475660563,
    0.0038461533840745687,
    0.005815417505800724,
    0.008130048401653767,
    0.010309257544577122,
    0.012760850600898266,
    0.014932733960449696,
    0.016936032101511955,
    0.019053248688578606,
    0.021193446591496468,
    0.023002861067652702,
    0.025351528078317642,
    0.027050839737057686,
    0.027896402403712273,
    0.028235267847776413,
    0.029927439987659454,
    0.030461909249424934,
    0.032335393130779266,
    0.031009461730718613,
    0.03335271775722504,
    0.033732395619153976,
    0.03382724151015282,
    0.0335601381957531,
    0.03366563841700554,
    0.032220110297203064,
    0.0311124287545681,
    0.031093496829271317,
    0.028703447431325912,
    0.02906721644103527,
    0.031162528321146965,
    0.03002283163368702,
    0.029570570215582848,
    0.027283865958452225,
    0.026133321225643158,
    0.024883462116122246,
    0.026544710621237755,
    0.02510262466967106,
    0.021996185183525085
  ],
  "acceptance_rates": [
    0.997765,
    0.901635,
    0.82765,
    0.76978,
    0.70411,
    0.658935,
    0.598935,
    0.55695,
    0.50765,
    0.461565,
    0.425395,
    0.39432,
    0.36291,
    0.34292,
    0.317445,
    0.28659,
    0.256305,
    0.24174,
    0.220285,
    0.21047,
    0.18283,
    0.178925,
    0.16559,
    0.152195,
    0.138995,
    0.128735,
    0.114315,
    0.1026,
    0.095505,
    0.0825,
    0.078215,
    0.078595,
    0.07136,
    0.06611,
    0.057605,
    0.052065,
    0.04696,
    0.047455,
    0.04264,
    0.035555
  ],
  "scale_param_range": [
    0.01,
    0.03025641025641026,
    0.050512820512820515,
    0.07076923076923076,
    0.09102564102564102,
    0.11128205128205128,
    0.13153846153846155,
    0.1517948717948718,
    0.17205128205128206,
    0.19230769230769232,
    0.21256410256410257,
    0.23282051282051283,
    0.2530769230769231,
    0.2733333333333333,
    0.2935897435897436,
    0.3138461538461539,
    0.3341025641025641,
    0.35435897435897434,
    0.37461538461538463,
    0.3948717948717949,
    0.41512820512820514,
    0.43538461538461537,
    0.45564102564102565,
    0.47589743589743594,
    0.49615384615384617,
    0.5164102564102564,
    0.5366666666666666,
    0.556923076923077,
    0.5771794871794872,
    0.5974358974358974,
    0.6176923076923078,
    0.637948717948718,
    0.6582051282051282,
    0.6784615384615384,
    0.6987179487179487,
    0.718974358974359,
    0.7392307692307692,
    0.7594871794871795,
    0.7797435897435898,
    0.8
  ],
  "times": [
    45.437386989593506,
    45.67724061012268,
    46.30173683166504,
    47.00621199607849,
    47.464457750320435,
    47.98286771774292,
    48.415220737457275,
    48.92961311340332,
    49.25540518760681,
    49.95817470550537,
    49.99787902832031,
    50.40555715560913,
    50.513893365859985,
    50.84761905670166,
    50.93241333961487,
    51.44534993171692,
    51.56223750114441,
    52.04151630401611,
    51.879255533218384,
    52.02354955673218,
    52.261330127716064,
    52.5239896774292,
    52.40539216995239,
    52.59012222290039,
    52.47873830795288,
    52.790574073791504,
    52.77259349822998,
    52.999884843826294,
    52.93529224395752,
    53.1733980178833,
    53.0306191444397,
    53.2385790348053,
    53.128175497055054,
    53.480610609054565,
    53.18343806266785,
    53.5709125995636,
    53.37626004219055,
    53.33110809326172,
    53.43649864196777,
    53.727811336517334
  ]
}