{
  "target_distribution": "Hypercube",
  "dimension": 100,
  "num_iterations": 300000,
  "seed": 18,
  "total_time": 3572.4467034339905,
  "max_esjd": 0.03341209143400192,
  "max_acceptance_rate": 0.11862666666666667,
  "max_variance_value": 0.5366666666666666,
  "expected_squared_jump_distances": [
    9.914066322380677e-05,
    0.0008223367622122169,
    0.002123948186635971,
    0.0038260261062532663,
    0.005689611192792654,
    0.007876592688262463,
    0.010097895748913288,
    0.012349889613687992,
    0.014664207585155964,
    0.017138434574007988,
    0.018929222598671913,
    0.02107260748744011,
    0.02307938225567341,
    0.024237945675849915,
    0.026319662109017372,
    0.027568183839321136,
    0.02800363302230835,
    0.029842620715498924,
    0.031100578606128693,
    0.031647272408008575,
    0.03194465488195419,
    0.032166630029678345,
    0.03201562538743019,
    0.03257506340742111,
    0.03237328678369522,
    0.033254146575927734,
    0.03341209143400192,
    0.031095096841454506,
    0.033056244254112244,
    0.03136507421731949,
    0.02902422472834587,
    0.02976403571665287,
    0.031162789091467857,
    0.029558124020695686,
    0.028142636641860008,
    0.0284355990588665,
    0.025819649919867516,
    0.025268496945500374,
    0.024582669138908386,
    0.024335915222764015
  ],
  "acceptance_rates": [
    0.9916566666666666,
    0.8994666666666666,
    0.8339766666666667,
    0.7660833333333333,
    0.6892966666666667,
    0.6389633333333333,
    0.5869633333333333,
    0.5392733333333334,
    0.49911333333333335,
    0.4668833333333333,
    0.42254,
    0.39225666666666664,
    0.36405333333333334,
    0.3281633333333333,
    0.3088666666666667,
    0.28364333333333336,
    0.25450333333333336,
    0.24113,
    0.22502666666666668,
    0.20619666666666667,
    0.18871666666666667,
    0.17281,
    0.15718333333333334,
    0.14667,
    0.13429,
    0.12731,
    0.11862666666666667,
    0.10255333333333333,
    0.10145,
    0.09001666666666666,
    0.07802,
    0.07501666666666666,
    0.07371,
    0.06609,
    0.05920333333333333,
    0.05674666666666667,
    0.048716666666666665,
    0.04526,
    0.04172,
    0.039323333333333335
  ],
  "var_value_range": [
    0.01,
    0.03025641025641026,
    0.050512820512820515,
    0.07076923076923076,
    0.09102564102564102,
    0.11128205128205128,
    0.13153846153846155,
    0.1517948717948718,
    0.17205128205128206,
    0.19230769230769232,
    0.21256410256410257,
    0.23282051282051283,
    0.2530769230769231,
    0.2733333333333333,
    0.2935897435897436,
    0.3138461538461539,
    0.3341025641025641,
    0.35435897435897434,
    0.37461538461538463,
    0.3948717948717949,
    0.41512820512820514,
    0.43538461538461537,
    0.45564102564102565,
    0.47589743589743594,
    0.49615384615384617,
    0.5164102564102564,
    0.5366666666666666,
    0.556923076923077,
    0.5771794871794872,
    0.5974358974358974,
    0.6176923076923078,
    0.637948717948718,
    0.6582051282051282,
    0.6784615384615384,
    0.6987179487179487,
    0.718974358974359,
    0.7392307692307692,
    0.7594871794871795,
    0.7797435897435898,
    0.8
  ],
  "times": [
    82.52506804466248,
    82.06418204307556,
    82.76709604263306,
    83.62959241867065,
    84.68264508247375,
    85.16460800170898,
    86.08109259605408,
    86.50309157371521,
    86.9960868358612,
    87.46490669250488,
    87.89380621910095,
    88.3079583644867,
    88.35090708732605,
    89.10992407798767,
    89.16714763641357,
    89.50060176849365,
    89.78667736053467,
    90.05567145347595,
    90.09233689308167,
    90.18023157119751,
    90.3007423877716,
    90.77070903778076,
    91.04725003242493,
    91.06825113296509,
    90.77169108390808,
    91.13507723808289,
    91.14074277877808,
    91.70547437667847,
    91.48453736305237,
    91.8975157737732,
    91.96690630912781,
    91.98350667953491,
    91.88121962547302,
    91.93358898162842,
    92.12169814109802,
    91.92130374908447,
    92.27846813201904,
    92.23793148994446,
    92.10541796684265,
    92.29891061782837
  ]
}