{
    "max_esjd": 0.14081460657745373,
    "max_acceptance_rate": 0.1561351053156135,
    "max_variance_value": 1.0000003333333334,
    "expected_squared_jump_distances": [
        1.0000074778128122e-12,
        0.0013781906844865628,
        0.005099003630870378,
        0.010609098363429723,
        0.017470153782042624,
        0.02545426136522755,
        0.03412713758257968,
        0.04326425344738768,
        0.0524160988997183,
        0.06175262302084746,
        0.07049598400094016,
        0.07890483248585774,
        0.08734453715506037,
        0.09561992783593719,
        0.10176664104268444,
        0.10806211431197815,
        0.11502730788245104,
        0.11973237285326817,
        0.12591298321347288,
        0.12794052637812123,
        0.13239706550232444,
        0.13309018528028926,
        0.13451494056060034,
        0.1367439918100073,
        0.13985301021453309,
        0.13720522156829784,
        0.14081460657745373,
        0.138444228397545,
        0.13526856920075503,
        0.13568437533907304,
        0.13146380486757456,
        0.13264413447575482,
        0.12824991087206683,
        0.12403094289592576,
        0.1216888441116694,
        0.1197533767547931,
        0.11660243538489684,
        0.11558065738272487,
        0.10939446392104869,
        0.10788362383557565
    ],
    "acceptance_rates": [
        0.999990000099999,
        0.934670653293467,
        0.8676813231867682,
        0.8056752765805676,
        0.7489858434748986,
        0.7014396522701439,
        0.6552867804655287,
        0.6128038719612804,
        0.5704709619570472,
        0.5323980093532398,
        0.4944750552494475,
        0.4586354136458635,
        0.42805571944280557,
        0.40073932594007394,
        0.369729636036973,
        0.3437332293343733,
        0.322220111132222,
        0.2984270157298427,
        0.2808338583280834,
        0.25747075862574714,
        0.24134425322413441,
        0.2213111202221311,
        0.2047579524204758,
        0.19101808981910182,
        0.17992153411799214,
        0.1637250294163725,
        0.1561351053156135,
        0.14299857001429986,
        0.13039536271303953,
        0.1223021103122302,
        0.11163221701116322,
        0.10574560921057456,
        0.09659570070965957,
        0.08825245080882523,
        0.08200917990820093,
        0.07652590140765259,
        0.07073262600707327,
        0.0665160015066516,
        0.060132732006013274,
        0.05658276750565828
    ],
    "var_value_range": [
        1e-06,
        0.03846251282051282,
        0.07692402564102564,
        0.11538553846153846,
        0.15384705128205128,
        0.1923085641025641,
        0.2307700769230769,
        0.26923158974358974,
        0.30769310256410254,
        0.34615461538461534,
        0.3846161282051282,
        0.423077641025641,
        0.4615391538461538,
        0.5000006666666666,
        0.5384621794871796,
        0.5769236923076924,
        0.6153852051282052,
        0.653846717948718,
        0.6923082307692308,
        0.7307697435897437,
        0.7692312564102565,
        0.8076927692307693,
        0.8461542820512821,
        0.8846157948717949,
        0.9230773076923077,
        0.9615388205128206,
        1.0000003333333334,
        1.0384618461538462,
        1.076923358974359,
        1.1153848717948718,
        1.1538463846153846,
        1.1923078974358974,
        1.2307694102564102,
        1.269230923076923,
        1.3076924358974358,
        1.3461539487179486,
        1.3846154615384614,
        1.4230769743589742,
        1.4615384871794872,
        1.5
    ]
}