{
  "target_distribution": "Hypercube",
  "dimension": 100,
  "num_iterations": 300000,
  "seed": 16,
  "total_time": 3562.0319418907166,
  "max_esjd": 0.03344658017158508,
  "max_acceptance_rate": 0.12803666666666666,
  "max_variance_value": 0.5164102564102564,
  "expected_squared_jump_distances": [
    9.917932766256854e-05,
    0.0008236227440647781,
    0.00211851648055017,
    0.003795475233346224,
    0.005778144113719463,
    0.008042383939027786,
    0.010226743295788765,
    0.012424729764461517,
    0.014888154342770576,
    0.017026979476213455,
    0.018934810534119606,
    0.021367868408560753,
    0.02229684218764305,
    0.02429901622235775,
    0.02619316801428795,
    0.02713964879512787,
    0.028408225625753403,
    0.029540924355387688,
    0.030394593253731728,
    0.03159141167998314,
    0.03187774121761322,
    0.03262093663215637,
    0.03189285844564438,
    0.032988015562295914,
    0.031917180866003036,
    0.03344658017158508,
    0.03270788490772247,
    0.032295141369104385,
    0.032390739768743515,
    0.03192736208438873,
    0.030491946265101433,
    0.02900703065097332,
    0.02902955375611782,
    0.030250370502471924,
    0.028403310105204582,
    0.02790392003953457,
    0.026422657072544098,
    0.026108885183930397,
    0.024588970467448235,
    0.024541864171624184
  ],
  "acceptance_rates": [
    0.9920766666666667,
    0.90075,
    0.8320266666666667,
    0.7599533333333334,
    0.6998166666666666,
    0.6524533333333333,
    0.5941866666666666,
    0.5426533333333333,
    0.50638,
    0.4639,
    0.42296333333333336,
    0.39768,
    0.35174,
    0.3289533333333333,
    0.30728333333333335,
    0.27918,
    0.25805666666666666,
    0.23859666666666668,
    0.22016666666666668,
    0.20583666666666667,
    0.18813666666666667,
    0.17507666666666666,
    0.15665,
    0.14853666666666668,
    0.13228,
    0.12803666666666666,
    0.11612,
    0.10646666666666667,
    0.09972666666666667,
    0.09185666666666667,
    0.08207333333333333,
    0.07327666666666667,
    0.06881666666666666,
    0.0676,
    0.059906666666666664,
    0.055613333333333334,
    0.04991,
    0.04679333333333333,
    0.041793333333333335,
    0.03969333333333333
  ],
  "var_value_range": [
    0.01,
    0.03025641025641026,
    0.050512820512820515,
    0.07076923076923076,
    0.09102564102564102,
    0.11128205128205128,
    0.13153846153846155,
    0.1517948717948718,
    0.17205128205128206,
    0.19230769230769232,
    0.21256410256410257,
    0.23282051282051283,
    0.2530769230769231,
    0.2733333333333333,
    0.2935897435897436,
    0.3138461538461539,
    0.3341025641025641,
    0.35435897435897434,
    0.37461538461538463,
    0.3948717948717949,
    0.41512820512820514,
    0.43538461538461537,
    0.45564102564102565,
    0.47589743589743594,
    0.49615384615384617,
    0.5164102564102564,
    0.5366666666666666,
    0.556923076923077,
    0.5771794871794872,
    0.5974358974358974,
    0.6176923076923078,
    0.637948717948718,
    0.6582051282051282,
    0.6784615384615384,
    0.6987179487179487,
    0.718974358974359,
    0.7392307692307692,
    0.7594871794871795,
    0.7797435897435898,
    0.8
  ],
  "times": [
    82.53461623191833,
    81.92375326156616,
    82.52574563026428,
    83.61497664451599,
    84.28608536720276,
    84.96705961227417,
    85.65120840072632,
    86.405752658844,
    86.55972647666931,
    87.24143266677856,
    87.61591601371765,
    87.99444270133972,
    88.32814598083496,
    88.59239482879639,
    89.04027462005615,
    89.24891376495361,
    89.3527398109436,
    89.85990571975708,
    89.83147287368774,
    90.23342204093933,
    90.08125329017639,
    90.6525526046753,
    90.63940668106079,
    90.84280824661255,
    90.79045581817627,
    90.9969847202301,
    91.04960417747498,
    91.29303860664368,
    91.1311047077179,
    91.37262964248657,
    91.38678336143494,
    91.46786546707153,
    91.62706470489502,
    91.51929092407227,
    91.64496302604675,
    91.84226179122925,
    91.70510029792786,
    91.93014812469482,
    91.99337410926819,
    92.18671464920044
  ]
}