{
  "target_distribution": "Hypercube",
  "dimension": 100,
  "num_iterations": 300000,
  "seed": 14,
  "total_time": 3683.225789308548,
  "max_esjd": 0.033220089972019196,
  "max_acceptance_rate": 0.12725666666666666,
  "max_variance_value": 0.5164102564102564,
  "expected_squared_jump_distances": [
    9.921261516865343e-05,
    0.0008199181756936014,
    0.0020879681687802076,
    0.0038283260073512793,
    0.005757284350693226,
    0.007969657890498638,
    0.01029112283140421,
    0.012556517496705055,
    0.014460921287536621,
    0.016932165250182152,
    0.01921195723116398,
    0.020806821063160896,
    0.022733716294169426,
    0.024188216775655746,
    0.02670072391629219,
    0.026715455576777458,
    0.028684185817837715,
    0.02950999327003956,
    0.03025055304169655,
    0.03073774091899395,
    0.031460199505090714,
    0.031978342682123184,
    0.033155519515275955,
    0.032403990626335144,
    0.032230135053396225,
    0.033220089972019196,
    0.03224741294980049,
    0.029809921979904175,
    0.03149779140949249,
    0.03158042952418327,
    0.03138356655836105,
    0.03058759681880474,
    0.029579758644104004,
    0.028367532417178154,
    0.029009416699409485,
    0.02594779245555401,
    0.02684330940246582,
    0.02484815940260887,
    0.024187903851270676,
    0.02358895353972912
  ],
  "acceptance_rates": [
    0.9923966666666667,
    0.8967533333333333,
    0.82024,
    0.76651,
    0.69743,
    0.6463366666666667,
    0.5979,
    0.5482733333333333,
    0.49206,
    0.46123333333333333,
    0.42894,
    0.38787,
    0.35867333333333334,
    0.32731666666666664,
    0.31334,
    0.2747866666666667,
    0.26050666666666666,
    0.23835333333333333,
    0.21895,
    0.20029666666666668,
    0.18572,
    0.17193333333333333,
    0.1627,
    0.14607333333333333,
    0.13369666666666666,
    0.12725666666666666,
    0.11430333333333334,
    0.09849333333333334,
    0.09693666666666667,
    0.09075666666666667,
    0.08432666666666666,
    0.07723,
    0.07026,
    0.06347333333333334,
    0.061066666666666665,
    0.05184,
    0.05069666666666667,
    0.04444666666666667,
    0.041063333333333334,
    0.03806333333333333
  ],
  "var_value_range": [
    0.01,
    0.03025641025641026,
    0.050512820512820515,
    0.07076923076923076,
    0.09102564102564102,
    0.11128205128205128,
    0.13153846153846155,
    0.1517948717948718,
    0.17205128205128206,
    0.19230769230769232,
    0.21256410256410257,
    0.23282051282051283,
    0.2530769230769231,
    0.2733333333333333,
    0.2935897435897436,
    0.3138461538461539,
    0.3341025641025641,
    0.35435897435897434,
    0.37461538461538463,
    0.3948717948717949,
    0.41512820512820514,
    0.43538461538461537,
    0.45564102564102565,
    0.47589743589743594,
    0.49615384615384617,
    0.5164102564102564,
    0.5366666666666666,
    0.556923076923077,
    0.5771794871794872,
    0.5974358974358974,
    0.6176923076923078,
    0.637948717948718,
    0.6582051282051282,
    0.6784615384615384,
    0.6987179487179487,
    0.718974358974359,
    0.7392307692307692,
    0.7594871794871795,
    0.7797435897435898,
    0.8
  ],
  "times": [
    84.90626502037048,
    85.21177959442139,
    85.47804045677185,
    85.98948001861572,
    86.83282589912415,
    88.19501852989197,
    88.15165781974792,
    88.74638104438782,
    89.5682213306427,
    89.75460290908813,
    90.1375744342804,
    90.73759508132935,
    91.2226881980896,
    91.50367665290833,
    91.65629887580872,
    92.29464411735535,
    92.34252762794495,
    92.59853076934814,
    93.02581262588501,
    93.88876152038574,
    93.81103801727295,
    93.67511010169983,
    93.53038096427917,
    93.75185894966125,
    94.41063928604126,
    94.51059293746948,
    94.4973623752594,
    94.41050696372986,
    94.43590044975281,
    94.82344818115234,
    95.10544204711914,
    94.83914089202881,
    94.90651679039001,
    94.8422999382019,
    94.91355562210083,
    94.78078866004944,
    94.9705138206482,
    94.84342193603516,
    95.02305912971497,
    94.82504963874817
  ]
}