{
  "target_distribution": "Hypercube",
  "proposal_distribution": "Normal",
  "dimension": 20,
  "num_iterations": 300000,
  "seed": 4,
  "total_time": 2624.423615694046,
  "max_esjd": 0.14136533439159393,
  "max_acceptance_rate": 0.16298666666666667,
  "max_scale_param": 0.9794871794871796,
  "expected_squared_jump_distances": [
    9.825915185501799e-05,
    0.0033315960317850113,
    0.010222411714494228,
    0.019707107916474342,
    0.030782513320446014,
    0.04268793761730194,
    0.05529564619064331,
    0.06679152697324753,
    0.07928366959095001,
    0.09034764766693115,
    0.10030598193407059,
    0.10947851836681366,
    0.11665104329586029,
    0.1226387470960617,
    0.12903915345668793,
    0.13486172258853912,
    0.1362517774105072,
    0.13903525471687317,
    0.13879667222499847,
    0.14136533439159393,
    0.14061672985553741,
    0.13930962979793549,
    0.13546304404735565,
    0.13249269127845764,
    0.13108254969120026,
    0.12399015575647354,
    0.12545999884605408,
    0.11506620049476624,
    0.11585389077663422,
    0.10908305644989014,
    0.10531403869390488,
    0.09989564120769501,
    0.09410689026117325,
    0.08874370157718658,
    0.08253370970487595,
    0.08209048956632614,
    0.0746801570057869,
    0.07090898603200912,
    0.07002963870763779,
    0.06425714492797852
  ],
  "acceptance_rates": [
    0.9832833333333333,
    0.8992866666666667,
    0.8217433333333334,
    0.75174,
    0.68432,
    0.6223033333333333,
    0.5694633333333333,
    0.5128333333333334,
    0.47102666666666665,
    0.42879333333333336,
    0.38970333333333335,
    0.35426,
    0.31995,
    0.28931666666666667,
    0.2636733333333333,
    0.24195333333333333,
    0.21698333333333333,
    0.19775666666666666,
    0.17666333333333334,
    0.16298666666666667,
    0.14705,
    0.13346333333333332,
    0.11864666666666666,
    0.10711333333333334,
    0.09778666666666666,
    0.0863,
    0.08127,
    0.06966666666666667,
    0.06562,
    0.05826666666666667,
    0.052636666666666665,
    0.04715,
    0.04219,
    0.03767,
    0.03346,
    0.03139,
    0.027146666666666666,
    0.024686666666666666,
    0.023363333333333333,
    0.02045
  ],
  "scale_param_range": [
    0.01,
    0.06102564102564103,
    0.11205128205128205,
    0.1630769230769231,
    0.21410256410256412,
    0.2651282051282051,
    0.3161538461538462,
    0.36717948717948723,
    0.41820512820512823,
    0.46923076923076923,
    0.5202564102564102,
    0.5712820512820513,
    0.6223076923076923,
    0.6733333333333333,
    0.7243589743589745,
    0.7753846153846154,
    0.8264102564102564,
    0.8774358974358974,
    0.9284615384615384,
    0.9794871794871796,
    1.0305128205128204,
    1.0815384615384616,
    1.1325641025641027,
    1.1835897435897436,
    1.2346153846153847,
    1.2856410256410258,
    1.3366666666666667,
    1.3876923076923078,
    1.438717948717949,
    1.4897435897435898,
    1.540769230769231,
    1.5917948717948718,
    1.642820512820513,
    1.693846153846154,
    1.744871794871795,
    1.795897435897436,
    1.846923076923077,
    1.897948717948718,
    1.9489743589743591,
    2.0
  ],
  "times": [
    55.97390031814575,
    57.50504183769226,
    59.069785356521606,
    59.61602282524109,
    60.730106592178345,
    61.51392102241516,
    62.65393662452698,
    62.225048542022705,
    63.47499704360962,
    63.91935467720032,
    64.34747505187988,
    64.42565131187439,
    65.05752420425415,
    65.51756000518799,
    65.74130868911743,
    66.00089502334595,
    66.451993227005,
    66.58471536636353,
    66.9175922870636,
    66.76987838745117,
    66.98907899856567,
    67.02373003959656,
    67.56626725196838,
    67.62633204460144,
    67.56244421005249,
    67.46642327308655,
    67.75495100021362,
    67.94297575950623,
    67.7989547252655,
    68.14685249328613,
    68.4074478149414,
    68.85049724578857,
    68.41286706924438,
    68.42640161514282,
    68.14230847358704,
    68.02425026893616,
    68.29408764839172,
    68.6776213645935,
    68.4966299533844,
    68.2734944820404
  ]
}