{
  "target_distribution": "Hypercube",
  "dimension": 100,
  "num_iterations": 300000,
  "seed": 11,
  "total_time": 4070.0359613895416,
  "max_esjd": 0.033818427473306656,
  "max_acceptance_rate": 0.18146666666666667,
  "max_variance_value": 0.43538461538461537,
  "expected_squared_jump_distances": [
    9.913922986015677e-05,
    0.0008208376239053905,
    0.0021105266641825438,
    0.0038310799282044172,
    0.005700529552996159,
    0.007887687534093857,
    0.010181666351854801,
    0.012459352612495422,
    0.014856510795652866,
    0.01693824492394924,
    0.019001832231879234,
    0.020838258787989616,
    0.02269936539232731,
    0.024437163025140762,
    0.02600685879588127,
    0.027713030576705933,
    0.028159400448203087,
    0.03017297573387623,
    0.03051522746682167,
    0.03193328529596329,
    0.03124518133699894,
    0.033818427473306656,
    0.032645802944898605,
    0.033300239592790604,
    0.033069681376218796,
    0.032874394208192825,
    0.030908863991498947,
    0.0319136343896389,
    0.03244655579328537,
    0.030757857486605644,
    0.03097379580140114,
    0.03084295243024826,
    0.03047805093228817,
    0.026746656745672226,
    0.029216855764389038,
    0.026385638862848282,
    0.02772901952266693,
    0.02571237087249756,
    0.024444032460451126,
    0.02606976591050625
  ],
  "acceptance_rates": [
    0.9916566666666666,
    0.89776,
    0.8288666666666666,
    0.7671366666666667,
    0.6907466666666666,
    0.6398533333333334,
    0.59167,
    0.5439533333333333,
    0.50564,
    0.4616733333333333,
    0.42436,
    0.38826,
    0.35781,
    0.33059333333333335,
    0.3054366666666667,
    0.28502333333333335,
    0.25599333333333335,
    0.24372666666666667,
    0.22087666666666667,
    0.20805666666666667,
    0.18432666666666667,
    0.18146666666666667,
    0.1601,
    0.15008333333333335,
    0.13721,
    0.12604666666666667,
    0.10979333333333334,
    0.10548666666666667,
    0.09975666666666666,
    0.08829,
    0.08331,
    0.07787333333333334,
    0.07224666666666667,
    0.05989,
    0.061513333333333337,
    0.052526666666666666,
    0.05235666666666667,
    0.04606333333333333,
    0.04158,
    0.04195
  ],
  "var_value_range": [
    0.01,
    0.03025641025641026,
    0.050512820512820515,
    0.07076923076923076,
    0.09102564102564102,
    0.11128205128205128,
    0.13153846153846155,
    0.1517948717948718,
    0.17205128205128206,
    0.19230769230769232,
    0.21256410256410257,
    0.23282051282051283,
    0.2530769230769231,
    0.2733333333333333,
    0.2935897435897436,
    0.3138461538461539,
    0.3341025641025641,
    0.35435897435897434,
    0.37461538461538463,
    0.3948717948717949,
    0.41512820512820514,
    0.43538461538461537,
    0.45564102564102565,
    0.47589743589743594,
    0.49615384615384617,
    0.5164102564102564,
    0.5366666666666666,
    0.556923076923077,
    0.5771794871794872,
    0.5974358974358974,
    0.6176923076923078,
    0.637948717948718,
    0.6582051282051282,
    0.6784615384615384,
    0.6987179487179487,
    0.718974358974359,
    0.7392307692307692,
    0.7594871794871795,
    0.7797435897435898,
    0.8
  ],
  "times": [
    83.69448900222778,
    82.9528923034668,
    83.71783232688904,
    84.90634989738464,
    113.99557876586914,
    112.45978665351868,
    115.15776371955872,
    105.68072724342346,
    88.38449883460999,
    88.50045561790466,
    88.81098747253418,
    96.3526349067688,
    119.17770195007324,
    119.45117402076721,
    120.24653601646423,
    120.02646803855896,
    120.51669144630432,
    120.48259592056274,
    120.75973892211914,
    121.15729975700378,
    119.28940677642822,
    121.35214018821716,
    121.61247873306274,
    114.75949358940125,
    92.09706473350525,
    92.14500904083252,
    92.70565223693848,
    92.4098608493805,
    92.33949089050293,
    92.61160635948181,
    92.43532156944275,
    95.22034239768982,
    93.05185580253601,
    92.90558862686157,
    92.94016361236572,
    93.09231925010681,
    93.02230334281921,
    93.14169692993164,
    93.07596611976624,
    93.31851816177368
  ]
}