{
    "max_esjd": 0.10087962106067022,
    "max_acceptance_rate": 0.1506818265150682,
    "max_variance_value": 0.8461542820512821,
    "expected_squared_jump_distances": [
        9.990936662888404e-13,
        0.0013569268390722668,
        0.0049756717907645485,
        0.010241924290383413,
        0.016739313144138915,
        0.023838268923427067,
        0.03158364041372506,
        0.039088074514182725,
        0.047439063328854225,
        0.05423892533041199,
        0.06139059688289575,
        0.06822322563564996,
        0.07497734478198621,
        0.0800987727128525,
        0.08419535685273422,
        0.08744020460200479,
        0.0920847039832376,
        0.09368026507126433,
        0.09738758117339708,
        0.09997857359023886,
        0.09810144012725021,
        0.10055777683066414,
        0.10087962106067022,
        0.09765931059160166,
        0.09667943396907529,
        0.09600292341159655,
        0.0950856049918379,
        0.09428775911566273,
        0.09518645226230131,
        0.08912773228225178,
        0.08788157900472499,
        0.08721920181854854,
        0.08075785449351636,
        0.07906709209992167,
        0.07593236168745014,
        0.07331618916368662,
        0.07023417564465372,
        0.06954344589183574,
        0.06591922661084815,
        0.06280776687489166
    ],
    "acceptance_rates": [
        0.999990000099999,
        0.9204374622920438,
        0.8464615353846461,
        0.7766155671776614,
        0.7160528394716054,
        0.6548667846654866,
        0.6040539594604054,
        0.5510211564551021,
        0.5129548704512955,
        0.4644686886464469,
        0.42749905834274987,
        0.39370606293937066,
        0.36482635173648265,
        0.3326433402332643,
        0.3029436372302944,
        0.27472391942747243,
        0.2552407809255241,
        0.23069102642306907,
        0.21468118652146814,
        0.19825135081982515,
        0.17606157271760617,
        0.16450168831645018,
        0.1506818265150682,
        0.13412532541341252,
        0.12230544361223054,
        0.11225221081122522,
        0.10320563461032058,
        0.09530571360953057,
        0.0897191028089719,
        0.07861921380786192,
        0.07283260500728327,
        0.06794265390679427,
        0.05905274280590528,
        0.05455945440545595,
        0.04965950340496595,
        0.04541621250454162,
        0.04118625480411863,
        0.03884627820388463,
        0.03503631630350363,
        0.03176634900317663
    ],
    "var_value_range": [
        1e-06,
        0.03846251282051282,
        0.07692402564102564,
        0.11538553846153846,
        0.15384705128205128,
        0.1923085641025641,
        0.2307700769230769,
        0.26923158974358974,
        0.30769310256410254,
        0.34615461538461534,
        0.3846161282051282,
        0.423077641025641,
        0.4615391538461538,
        0.5000006666666666,
        0.5384621794871796,
        0.5769236923076924,
        0.6153852051282052,
        0.653846717948718,
        0.6923082307692308,
        0.7307697435897437,
        0.7692312564102565,
        0.8076927692307693,
        0.8461542820512821,
        0.8846157948717949,
        0.9230773076923077,
        0.9615388205128206,
        1.0000003333333334,
        1.0384618461538462,
        1.076923358974359,
        1.1153848717948718,
        1.1538463846153846,
        1.1923078974358974,
        1.2307694102564102,
        1.269230923076923,
        1.3076924358974358,
        1.3461539487179486,
        1.3846154615384614,
        1.4230769743589742,
        1.4615384871794872,
        1.5
    ]
}