{
  "target_distribution": "Hypercube",
  "dimension": 30,
  "num_iterations": 100000,
  "seed": 6,
  "total_time": 1279.50283741951,
  "max_esjd": 0.10180351138114929,
  "max_acceptance_rate": 0.16584,
  "max_variance_value": 0.8081538461538462,
  "expected_squared_jump_distances": [
    1.001108216769353e-06,
    0.0014237063005566597,
    0.005113400053232908,
    0.01041305623948574,
    0.017043642699718475,
    0.024125780910253525,
    0.03161468729376793,
    0.03923245146870613,
    0.04664665833115578,
    0.05433056503534317,
    0.06164265796542168,
    0.06649237126111984,
    0.07480199635028839,
    0.07851789146661758,
    0.08502131700515747,
    0.08833415806293488,
    0.08880113065242767,
    0.09173780679702759,
    0.09590984135866165,
    0.09692494571208954,
    0.10031931102275848,
    0.10180351138114929,
    0.09716640412807465,
    0.1010756716132164,
    0.09854733943939209,
    0.09877315908670425,
    0.09684627503156662,
    0.09347421675920486,
    0.08731164038181305,
    0.0883210152387619,
    0.08745327591896057,
    0.08344769477844238,
    0.08328880369663239,
    0.08287037163972855,
    0.07177264243364334,
    0.07313819229602814,
    0.0668901801109314,
    0.07022339850664139,
    0.06423015147447586,
    0.05767814442515373
  ],
  "acceptance_rates": [
    1.0,
    0.9173,
    0.84751,
    0.7758,
    0.71934,
    0.65467,
    0.60014,
    0.5483,
    0.5015,
    0.46311,
    0.42681,
    0.38222,
    0.36269,
    0.3253,
    0.3046,
    0.27642,
    0.24559,
    0.22591,
    0.21028,
    0.19169,
    0.18026,
    0.16584,
    0.14483,
    0.13917,
    0.1245,
    0.11544,
    0.10491,
    0.09406,
    0.08251,
    0.07804,
    0.07212,
    0.06481,
    0.06121,
    0.05716,
    0.04698,
    0.04522,
    0.03918,
    0.03919,
    0.03405,
    0.02938
  ],
  "var_value_range": [
    0.001,
    0.03943589743589744,
    0.07787179487179488,
    0.11630769230769232,
    0.15474358974358976,
    0.19317948717948719,
    0.23161538461538464,
    0.2700512820512821,
    0.3084871794871795,
    0.34692307692307695,
    0.38535897435897437,
    0.42379487179487185,
    0.4622307692307693,
    0.5006666666666667,
    0.5391025641025642,
    0.5775384615384616,
    0.615974358974359,
    0.6544102564102565,
    0.6928461538461539,
    0.7312820512820514,
    0.7697179487179487,
    0.8081538461538462,
    0.8465897435897437,
    0.8850256410256411,
    0.9234615384615386,
    0.961897435897436,
    1.0003333333333333,
    1.0387692307692307,
    1.0772051282051283,
    1.1156410256410256,
    1.154076923076923,
    1.1925128205128206,
    1.230948717948718,
    1.2693846153846153,
    1.307820512820513,
    1.3462564102564103,
    1.3846923076923077,
    1.4231282051282053,
    1.4615641025641026,
    1.5
  ],
  "times": [
    32.206353187561035,
    30.306970596313477,
    30.53744602203369,
    30.668914794921875,
    30.927760362625122,
    30.963557481765747,
    31.147703409194946,
    31.3336660861969,
    31.444270610809326,
    31.570688486099243,
    31.678210258483887,
    31.73396897315979,
    31.84432029724121,
    31.867711067199707,
    31.966713905334473,
    32.01125621795654,
    32.04093289375305,
    32.05890393257141,
    32.159820795059204,
    32.204267501831055,
    32.23476815223694,
    32.24250674247742,
    32.28357815742493,
    32.322234869003296,
    32.291322469711304,
    32.36376976966858,
    32.3574652671814,
    32.429137229919434,
    32.44004201889038,
    32.45702242851257,
    32.45228576660156,
    32.493247270584106,
    32.48825407028198,
    32.52116870880127,
    32.53847098350525,
    32.582858085632324,
    32.5737886428833,
    32.602232694625854,
    32.610400438308716,
    32.504950284957886
  ]
}