{
  "target_distribution": "Hypercube",
  "proposal_distribution": "Normal",
  "dimension": 20,
  "num_iterations": 300000,
  "seed": 6,
  "total_time": 2662.208874464035,
  "max_esjd": 0.1403004229068756,
  "max_acceptance_rate": 0.16215666666666667,
  "max_scale_param": 0.9794871794871796,
  "expected_squared_jump_distances": [
    9.828971815295517e-05,
    0.003336693625897169,
    0.01022077351808548,
    0.019599445164203644,
    0.03079225867986679,
    0.04285508394241333,
    0.05533518269658089,
    0.06726545840501785,
    0.07963000982999802,
    0.09029167890548706,
    0.10056912153959274,
    0.10859381407499313,
    0.11749254167079926,
    0.12317890673875809,
    0.12977120280265808,
    0.13339786231517792,
    0.1365875005722046,
    0.1394888013601303,
    0.13933272659778595,
    0.1403004229068756,
    0.13998916745185852,
    0.13669353723526,
    0.13336466252803802,
    0.13296575844287872,
    0.12740173935890198,
    0.12693023681640625,
    0.12149188667535782,
    0.11648247390985489,
    0.11333189904689789,
    0.10720930248498917,
    0.10434260219335556,
    0.0984845981001854,
    0.09248427301645279,
    0.09256764501333237,
    0.08504117280244827,
    0.08044391870498657,
    0.07370472699403763,
    0.07338316738605499,
    0.06604816019535065,
    0.06109749153256416
  ],
  "acceptance_rates": [
    0.98361,
    0.9003266666666667,
    0.8218666666666666,
    0.74792,
    0.6845866666666667,
    0.62455,
    0.5696233333333334,
    0.51579,
    0.47361,
    0.42855333333333334,
    0.38993666666666665,
    0.3508266666666667,
    0.32204333333333335,
    0.28995333333333334,
    0.26553,
    0.23928,
    0.21703666666666666,
    0.19849,
    0.17767666666666668,
    0.16215666666666667,
    0.14661,
    0.13108,
    0.11699,
    0.10720666666666667,
    0.09530333333333334,
    0.08794333333333333,
    0.07867333333333333,
    0.07023,
    0.06432,
    0.057313333333333334,
    0.052406666666666664,
    0.04667333333333333,
    0.04148,
    0.03911,
    0.034223333333333335,
    0.030853333333333333,
    0.02697,
    0.025573333333333333,
    0.022016666666666667,
    0.01947
  ],
  "scale_param_range": [
    0.01,
    0.06102564102564103,
    0.11205128205128205,
    0.1630769230769231,
    0.21410256410256412,
    0.2651282051282051,
    0.3161538461538462,
    0.36717948717948723,
    0.41820512820512823,
    0.46923076923076923,
    0.5202564102564102,
    0.5712820512820513,
    0.6223076923076923,
    0.6733333333333333,
    0.7243589743589745,
    0.7753846153846154,
    0.8264102564102564,
    0.8774358974358974,
    0.9284615384615384,
    0.9794871794871796,
    1.0305128205128204,
    1.0815384615384616,
    1.1325641025641027,
    1.1835897435897436,
    1.2346153846153847,
    1.2856410256410258,
    1.3366666666666667,
    1.3876923076923078,
    1.438717948717949,
    1.4897435897435898,
    1.540769230769231,
    1.5917948717948718,
    1.642820512820513,
    1.693846153846154,
    1.744871794871795,
    1.795897435897436,
    1.846923076923077,
    1.897948717948718,
    1.9489743589743591,
    2.0
  ],
  "times": [
    56.744874238967896,
    58.00421667098999,
    59.753119468688965,
    61.541184186935425,
    62.28880715370178,
    62.62552523612976,
    63.26534056663513,
    63.56512451171875,
    63.692930459976196,
    65.60408020019531,
    65.30856442451477,
    65.09380292892456,
    66.61705207824707,
    66.19653916358948,
    67.47498035430908,
    67.10013270378113,
    67.81889510154724,
    67.24307990074158,
    67.49474549293518,
    67.64699029922485,
    67.90746355056763,
    68.4611463546753,
    69.11478543281555,
    68.2548336982727,
    68.66843342781067,
    68.21147274971008,
    69.01331734657288,
    68.32091569900513,
    68.65045809745789,
    69.1384174823761,
    68.75306248664856,
    69.18092155456543,
    69.93987464904785,
    69.33123779296875,
    69.08132004737854,
    68.93686127662659,
    69.3581395149231,
    68.64424586296082,
    68.99353694915771,
    69.10839200019836
  ]
}