{
  "target_distribution": "Hypercube",
  "dimension": 100,
  "num_iterations": 300000,
  "seed": 4,
  "total_time": 3579.4515438079834,
  "max_esjd": 0.03384503722190857,
  "max_acceptance_rate": 0.18188666666666667,
  "max_variance_value": 0.43538461538461537,
  "expected_squared_jump_distances": [
    9.918080468196422e-05,
    0.0008180382428690791,
    0.0020970229525119066,
    0.003787476336583495,
    0.0057198950089514256,
    0.00800404790788889,
    0.010287510231137276,
    0.012456127442419529,
    0.01480433065444231,
    0.01689963787794113,
    0.01897542178630829,
    0.02079426683485508,
    0.023049570620059967,
    0.023832671344280243,
    0.025625508278608322,
    0.027488190680742264,
    0.028522223234176636,
    0.029503731057047844,
    0.030372966080904007,
    0.031027499586343765,
    0.032104168087244034,
    0.03384503722190857,
    0.03279197961091995,
    0.03218283876776695,
    0.032116614282131195,
    0.03306327760219574,
    0.03141111508011818,
    0.03193661570549011,
    0.030107222497463226,
    0.030579250305891037,
    0.030397668480873108,
    0.029359137639403343,
    0.030612099915742874,
    0.031930241733789444,
    0.026664473116397858,
    0.02599199302494526,
    0.027854323387145996,
    0.026082728058099747,
    0.025326745584607124,
    0.024126172065734863
  ],
  "acceptance_rates": [
    0.9920833333333333,
    0.89471,
    0.8237066666666667,
    0.7584866666666666,
    0.6928766666666667,
    0.6490133333333333,
    0.59771,
    0.54406,
    0.50363,
    0.46058,
    0.42347666666666667,
    0.38730333333333333,
    0.3634733333333333,
    0.32281333333333334,
    0.30093333333333333,
    0.28253333333333336,
    0.25899,
    0.23859,
    0.21977666666666668,
    0.20222333333333334,
    0.18942666666666666,
    0.18188666666666667,
    0.16083333333333333,
    0.14487333333333333,
    0.13319666666666666,
    0.12672333333333333,
    0.11154333333333333,
    0.10537666666666666,
    0.09253,
    0.08782666666666666,
    0.08174666666666666,
    0.07416,
    0.07266,
    0.07135666666666667,
    0.05624666666666667,
    0.051783333333333334,
    0.05261333333333333,
    0.04673,
    0.042986666666666666,
    0.03901333333333333
  ],
  "var_value_range": [
    0.01,
    0.03025641025641026,
    0.050512820512820515,
    0.07076923076923076,
    0.09102564102564102,
    0.11128205128205128,
    0.13153846153846155,
    0.1517948717948718,
    0.17205128205128206,
    0.19230769230769232,
    0.21256410256410257,
    0.23282051282051283,
    0.2530769230769231,
    0.2733333333333333,
    0.2935897435897436,
    0.3138461538461539,
    0.3341025641025641,
    0.35435897435897434,
    0.37461538461538463,
    0.3948717948717949,
    0.41512820512820514,
    0.43538461538461537,
    0.45564102564102565,
    0.47589743589743594,
    0.49615384615384617,
    0.5164102564102564,
    0.5366666666666666,
    0.556923076923077,
    0.5771794871794872,
    0.5974358974358974,
    0.6176923076923078,
    0.637948717948718,
    0.6582051282051282,
    0.6784615384615384,
    0.6987179487179487,
    0.718974358974359,
    0.7392307692307692,
    0.7594871794871795,
    0.7797435897435898,
    0.8
  ],
  "times": [
    83.63271474838257,
    82.26925206184387,
    83.01490068435669,
    84.08035135269165,
    84.82964372634888,
    85.41981291770935,
    85.83918333053589,
    86.58931589126587,
    87.11999249458313,
    87.69458317756653,
    88.0277590751648,
    88.53658199310303,
    88.67400884628296,
    89.34654307365417,
    89.45654273033142,
    89.75391054153442,
    89.96243906021118,
    90.19521594047546,
    90.43413043022156,
    90.68409752845764,
    90.71342396736145,
    90.7856502532959,
    91.06203126907349,
    91.16007566452026,
    91.30775356292725,
    91.48385906219482,
    91.47377443313599,
    91.64654445648193,
    91.55317616462708,
    91.78126406669617,
    91.8457899093628,
    91.96288180351257,
    91.89139294624329,
    91.93110823631287,
    92.12739253044128,
    92.15370774269104,
    92.16864967346191,
    92.22607660293579,
    92.31212520599365,
    92.22676825523376
  ]
}