{
  "target_distribution": "Hypercube",
  "proposal_distribution": "Normal",
  "dimension": 20,
  "num_iterations": 300000,
  "seed": 18,
  "total_time": 2395.103110074997,
  "max_esjd": 0.13952456414699554,
  "max_acceptance_rate": 0.16102333333333332,
  "max_scale_param": 0.9794871794871796,
  "expected_squared_jump_distances": [
    9.84996950137429e-05,
    0.0033188301604241133,
    0.010236699134111404,
    0.019605295732617378,
    0.03072025626897812,
    0.04262081906199455,
    0.0551922582089901,
    0.06724679470062256,
    0.0790710300207138,
    0.09020207822322845,
    0.10004830360412598,
    0.10876248776912689,
    0.11712639033794403,
    0.12289601564407349,
    0.12884385883808136,
    0.13311216235160828,
    0.13550366461277008,
    0.1376301348209381,
    0.13914965093135834,
    0.13952456414699554,
    0.13765943050384521,
    0.13524796068668365,
    0.13291580975055695,
    0.13112874329090118,
    0.12991124391555786,
    0.12714765965938568,
    0.12358903884887695,
    0.11406559497117996,
    0.1129145547747612,
    0.10828616470098495,
    0.10425373911857605,
    0.10222909599542618,
    0.09518256783485413,
    0.08953734487295151,
    0.08610600233078003,
    0.07970914244651794,
    0.07645653188228607,
    0.06919030100107193,
    0.06256271153688431,
    0.058313243091106415
  ],
  "acceptance_rates": [
    0.9853866666666666,
    0.89545,
    0.8228033333333333,
    0.7480466666666666,
    0.6827233333333333,
    0.6211866666666667,
    0.56869,
    0.5161033333333334,
    0.4703866666666667,
    0.42822,
    0.3883,
    0.35231666666666667,
    0.3211233333333333,
    0.28981666666666667,
    0.26393,
    0.23916333333333334,
    0.21585333333333334,
    0.19538666666666665,
    0.17731666666666668,
    0.16102333333333332,
    0.1443,
    0.12940333333333334,
    0.11693333333333333,
    0.10615666666666666,
    0.09724,
    0.08856333333333333,
    0.07984333333333334,
    0.06945666666666667,
    0.0641,
    0.057563333333333334,
    0.052243333333333336,
    0.04829,
    0.04272666666666667,
    0.03793,
    0.034653333333333335,
    0.030596666666666668,
    0.028056666666666667,
    0.024123333333333333,
    0.02086,
    0.018603333333333333
  ],
  "scale_param_range": [
    0.01,
    0.06102564102564103,
    0.11205128205128205,
    0.1630769230769231,
    0.21410256410256412,
    0.2651282051282051,
    0.3161538461538462,
    0.36717948717948723,
    0.41820512820512823,
    0.46923076923076923,
    0.5202564102564102,
    0.5712820512820513,
    0.6223076923076923,
    0.6733333333333333,
    0.7243589743589745,
    0.7753846153846154,
    0.8264102564102564,
    0.8774358974358974,
    0.9284615384615384,
    0.9794871794871796,
    1.0305128205128204,
    1.0815384615384616,
    1.1325641025641027,
    1.1835897435897436,
    1.2346153846153847,
    1.2856410256410258,
    1.3366666666666667,
    1.3876923076923078,
    1.438717948717949,
    1.4897435897435898,
    1.540769230769231,
    1.5917948717948718,
    1.642820512820513,
    1.693846153846154,
    1.744871794871795,
    1.795897435897436,
    1.846923076923077,
    1.897948717948718,
    1.9489743589743591,
    2.0
  ],
  "times": [
    51.95108485221863,
    52.53165555000305,
    54.1806218624115,
    55.05185031890869,
    56.369755268096924,
    55.470359802246094,
    57.10250782966614,
    55.84862399101257,
    56.790329694747925,
    56.851420402526855,
    57.82333827018738,
    58.08341097831726,
    58.646443605422974,
    59.58568072319031,
    59.791977882385254,
    59.856791734695435,
    60.735522508621216,
    60.90014934539795,
    60.99425745010376,
    61.30203652381897,
    61.81532335281372,
    60.610530614852905,
    60.88270688056946,
    61.53921604156494,
    61.11572527885437,
    61.63483023643494,
    62.522387981414795,
    62.79749894142151,
    62.466325521469116,
    62.437129497528076,
    62.40241003036499,
    62.15686082839966,
    62.31828045845032,
    62.74029088020325,
    63.467751026153564,
    63.51352381706238,
    63.03697872161865,
    63.97987365722656,
    62.71625638008118,
    61.02045440673828
  ]
}