{
  "target_distribution": "Hypercube",
  "dimension": 30,
  "num_iterations": 300000,
  "seed": 17,
  "total_time": 3006.5580389499664,
  "max_esjd": 0.09921853244304657,
  "max_acceptance_rate": 0.13517,
  "max_variance_value": 0.8887179487179487,
  "expected_squared_jump_distances": [
    9.829589544096962e-05,
    0.002079521771520376,
    0.006107505410909653,
    0.011652912944555283,
    0.01810581237077713,
    0.02555706910789013,
    0.03282231092453003,
    0.04093525558710098,
    0.04859741032123566,
    0.055431827902793884,
    0.06236935406923294,
    0.0681024044752121,
    0.07496475428342819,
    0.07950607687234879,
    0.0838048979640007,
    0.08785545080900192,
    0.09126956760883331,
    0.09511055797338486,
    0.09722764045000076,
    0.0978671982884407,
    0.09862276911735535,
    0.0959259644150734,
    0.09657467156648636,
    0.09921853244304657,
    0.09552750736474991,
    0.09915085881948471,
    0.09338701516389847,
    0.09202296286821365,
    0.08907525986433029,
    0.09114472568035126,
    0.08680640161037445,
    0.0833287462592125,
    0.07810455560684204,
    0.0799327865242958,
    0.07394464313983917,
    0.07185551524162292,
    0.06872738152742386,
    0.06714454293251038,
    0.06480362266302109,
    0.06288968026638031
  ],
  "acceptance_rates": [
    0.98296,
    0.8977266666666667,
    0.8228,
    0.7566766666666667,
    0.69114,
    0.6417133333333334,
    0.5837033333333334,
    0.5421333333333334,
    0.4992666666666667,
    0.4544533333333333,
    0.4184,
    0.38018,
    0.35341333333333336,
    0.32210666666666665,
    0.29429,
    0.27009333333333335,
    0.24853,
    0.22994333333333333,
    0.21099,
    0.19163666666666668,
    0.17456,
    0.15522666666666668,
    0.14320333333333332,
    0.13517,
    0.11992,
    0.11513333333333334,
    0.10062333333333333,
    0.09252666666666666,
    0.08348666666666667,
    0.08011,
    0.07145666666666667,
    0.06461666666666667,
    0.05704,
    0.055056666666666663,
    0.048086666666666666,
    0.044513333333333335,
    0.040413333333333336,
    0.03736,
    0.03434,
    0.03184666666666667
  ],
  "var_value_range": [
    0.01,
    0.048205128205128206,
    0.0864102564102564,
    0.12461538461538461,
    0.16282051282051282,
    0.20102564102564102,
    0.23923076923076925,
    0.2774358974358974,
    0.31564102564102564,
    0.35384615384615387,
    0.39205128205128204,
    0.43025641025641026,
    0.4684615384615385,
    0.5066666666666666,
    0.5448717948717948,
    0.583076923076923,
    0.6212820512820513,
    0.6594871794871795,
    0.6976923076923077,
    0.7358974358974358,
    0.7741025641025641,
    0.8123076923076923,
    0.8505128205128205,
    0.8887179487179487,
    0.926923076923077,
    0.9651282051282051,
    1.0033333333333332,
    1.0415384615384615,
    1.0797435897435896,
    1.117948717948718,
    1.156153846153846,
    1.1943589743589744,
    1.2325641025641025,
    1.2707692307692307,
    1.308974358974359,
    1.347179487179487,
    1.3853846153846154,
    1.4235897435897436,
    1.4617948717948717,
    1.5
  ],
  "times": [
    68.40822696685791,
    68.48343777656555,
    69.72114658355713,
    70.3808810710907,
    71.20980191230774,
    71.36504006385803,
    72.13819193840027,
    72.92166233062744,
    73.53906607627869,
    73.43336653709412,
    73.94915699958801,
    74.02966594696045,
    74.42394137382507,
    74.91928601264954,
    75.53973150253296,
    75.644859790802,
    75.61425352096558,
    75.68894863128662,
    76.03637528419495,
    76.29315185546875,
    76.74190068244934,
    76.84172010421753,
    76.50543427467346,
    76.60408592224121,
    76.51660108566284,
    76.79948616027832,
    76.76727795600891,
    76.95975685119629,
    77.46389245986938,
    77.10393166542053,
    76.92475843429565,
    76.94057703018188,
    77.13052320480347,
    77.0289192199707,
    77.26367139816284,
    77.54632711410522,
    77.97467637062073,
    77.94253969192505,
    77.82738780975342,
    77.83770966529846
  ]
}