{
  "target_distribution": "Hypercube",
  "proposal_distribution": "Normal",
  "dimension": 50,
  "num_iterations": 200000,
  "seed": 14,
  "total_time": 1143.5334856510162,
  "max_esjd": 0.0634864866733551,
  "max_acceptance_rate": 0.13691,
  "max_scale_param": 0.6953846153846154,
  "expected_squared_jump_distances": [
    9.919886360876262e-05,
    0.0011368984123691916,
    0.0031148430425673723,
    0.005869660526514053,
    0.009084194898605347,
    0.01251315139234066,
    0.01639358140528202,
    0.020245976746082306,
    0.02472650818526745,
    0.028423529118299484,
    0.03222225233912468,
    0.03595472499728203,
    0.039643917232751846,
    0.04276330769062042,
    0.045430537313222885,
    0.049382567405700684,
    0.050828661769628525,
    0.05447878688573837,
    0.05577937513589859,
    0.05783988535404205,
    0.061353620141744614,
    0.06200331822037697,
    0.06106368824839592,
    0.06137610226869583,
    0.062126513570547104,
    0.06324133276939392,
    0.061056364327669144,
    0.0634864866733551,
    0.06276758760213852,
    0.06270957738161087,
    0.061533134430646896,
    0.05753219500184059,
    0.061364322900772095,
    0.061014700680971146,
    0.06002041697502136,
    0.056014202535152435,
    0.053770195692777634,
    0.057723551988601685,
    0.052689310163259506,
    0.05234767869114876
  ],
  "acceptance_rates": [
    0.991955,
    0.909595,
    0.846275,
    0.793915,
    0.73446,
    0.67289,
    0.62791,
    0.580435,
    0.55091,
    0.506625,
    0.470085,
    0.436915,
    0.40774,
    0.377105,
    0.34769,
    0.33056,
    0.30055,
    0.286855,
    0.26334,
    0.2457,
    0.235905,
    0.21683,
    0.19572,
    0.18013,
    0.168075,
    0.157955,
    0.14173,
    0.13691,
    0.12613,
    0.117895,
    0.108355,
    0.094955,
    0.0953,
    0.08916,
    0.08304,
    0.073235,
    0.06698,
    0.06798,
    0.058845,
    0.055785
  ],
  "scale_param_range": [
    0.01,
    0.03538461538461538,
    0.06076923076923077,
    0.08615384615384615,
    0.11153846153846153,
    0.13692307692307693,
    0.16230769230769232,
    0.18769230769230769,
    0.21307692307692308,
    0.23846153846153847,
    0.26384615384615384,
    0.28923076923076924,
    0.31461538461538463,
    0.34,
    0.36538461538461536,
    0.39076923076923076,
    0.41615384615384615,
    0.44153846153846155,
    0.46692307692307694,
    0.4923076923076923,
    0.5176923076923077,
    0.5430769230769231,
    0.5684615384615385,
    0.5938461538461538,
    0.6192307692307693,
    0.6446153846153846,
    0.67,
    0.6953846153846154,
    0.7207692307692307,
    0.7461538461538462,
    0.7715384615384615,
    0.796923076923077,
    0.8223076923076923,
    0.8476923076923076,
    0.8730769230769231,
    0.8984615384615384,
    0.9238461538461539,
    0.9492307692307692,
    0.9746153846153846,
    1.0
  ],
  "times": [
    25.032737016677856,
    25.51889133453369,
    25.978322982788086,
    26.30101776123047,
    26.574385404586792,
    26.772615432739258,
    27.138678312301636,
    27.460916757583618,
    27.54611825942993,
    27.818533182144165,
    27.9875590801239,
    28.12253189086914,
    28.18755555152893,
    28.455543041229248,
    28.523894786834717,
    28.641330003738403,
    28.814950942993164,
    28.945369243621826,
    28.946550846099854,
    29.05260419845581,
    29.096551418304443,
    29.269474029541016,
    29.18665313720703,
    29.36051297187805,
    29.338281869888306,
    29.483141899108887,
    29.47567057609558,
    29.49230146408081,
    29.53908061981201,
    29.69580340385437,
    29.569546222686768,
    29.736390352249146,
    29.67460298538208,
    29.792171716690063,
    29.7488055229187,
    29.80830454826355,
    29.79848337173462,
    29.865390062332153,
    29.811084032058716,
    29.91564393043518
  ]
}