{
  "target_distribution": "Hypercube",
  "proposal_distribution": "Normal",
  "dimension": 10,
  "num_iterations": 300000,
  "seed": 7,
  "total_time": 2998.8280444145203,
  "max_esjd": 0.23093749582767487,
  "max_acceptance_rate": 0.2156,
  "max_scale_param": 1.1325641025641027,
  "expected_squared_jump_distances": [
    9.858727571554482e-05,
    0.003410077653825283,
    0.010755854658782482,
    0.021150583401322365,
    0.03397282212972641,
    0.04835677891969681,
    0.06394214183092117,
    0.07999946922063828,
    0.09615269303321838,
    0.11282867193222046,
    0.12760531902313232,
    0.14376471936702728,
    0.15712930262088776,
    0.17019453644752502,
    0.1796567142009735,
    0.1917925477027893,
    0.20161397755146027,
    0.2083211988210678,
    0.21636962890625,
    0.22049877047538757,
    0.22423401474952698,
    0.22807691991329193,
    0.23093749582767487,
    0.22787849605083466,
    0.22928176820278168,
    0.22812996804714203,
    0.2259896844625473,
    0.22053547203540802,
    0.21718524396419525,
    0.21372510492801666,
    0.2088351547718048,
    0.2029564380645752,
    0.19287417829036713,
    0.1882895529270172,
    0.18315649032592773,
    0.17542925477027893,
    0.16416104137897491,
    0.16069349646568298,
    0.15443569421768188,
    0.14440606534481049
  ],
  "acceptance_rates": [
    0.98689,
    0.9225733333333334,
    0.86856,
    0.8125766666666666,
    0.7622533333333333,
    0.7119966666666667,
    0.6670466666666667,
    0.6236266666666667,
    0.58193,
    0.54611,
    0.5071933333333334,
    0.47696,
    0.4434033333333333,
    0.41318333333333335,
    0.38104666666666664,
    0.3581433333333333,
    0.33448333333333335,
    0.3090466666666667,
    0.28968,
    0.2677333333333333,
    0.24819666666666668,
    0.23156333333333334,
    0.2156,
    0.19779,
    0.18407666666666667,
    0.17100666666666667,
    0.15893333333333334,
    0.14503666666666667,
    0.13491,
    0.12526333333333334,
    0.11630333333333333,
    0.10658666666666666,
    0.09633333333333334,
    0.08993666666666666,
    0.08358,
    0.07668333333333334,
    0.06883333333333333,
    0.06504,
    0.060096666666666666,
    0.05415333333333333
  ],
  "scale_param_range": [
    0.01,
    0.06102564102564103,
    0.11205128205128205,
    0.1630769230769231,
    0.21410256410256412,
    0.2651282051282051,
    0.3161538461538462,
    0.36717948717948723,
    0.41820512820512823,
    0.46923076923076923,
    0.5202564102564102,
    0.5712820512820513,
    0.6223076923076923,
    0.6733333333333333,
    0.7243589743589745,
    0.7753846153846154,
    0.8264102564102564,
    0.8774358974358974,
    0.9284615384615384,
    0.9794871794871796,
    1.0305128205128204,
    1.0815384615384616,
    1.1325641025641027,
    1.1835897435897436,
    1.2346153846153847,
    1.2856410256410258,
    1.3366666666666667,
    1.3876923076923078,
    1.438717948717949,
    1.4897435897435898,
    1.540769230769231,
    1.5917948717948718,
    1.642820512820513,
    1.693846153846154,
    1.744871794871795,
    1.795897435897436,
    1.846923076923077,
    1.897948717948718,
    1.9489743589743591,
    2.0
  ],
  "times": [
    64.88408470153809,
    65.69872403144836,
    66.61012291908264,
    67.57466387748718,
    68.30263304710388,
    69.40255308151245,
    70.87271857261658,
    71.13972401618958,
    71.80961751937866,
    72.53086543083191,
    73.39901542663574,
    71.97408270835876,
    72.28747773170471,
    73.48864197731018,
    74.5481870174408,
    75.37733125686646,
    75.75029563903809,
    76.01022028923035,
    76.42534494400024,
    77.24060344696045,
    76.54923629760742,
    78.20846676826477,
    78.35611987113953,
    78.08831310272217,
    77.5509238243103,
    77.67882108688354,
    77.85368037223816,
    78.05758905410767,
    78.42967462539673,
    78.36496472358704,
    78.32464003562927,
    78.747474193573,
    78.88011240959167,
    78.75593590736389,
    78.05737042427063,
    78.11350584030151,
    77.98323369026184,
    78.0850567817688,
    78.62057733535767,
    78.72288799285889
  ]
}