{
    "max_esjd": 0.23002799647287095,
    "max_acceptance_rate": 0.2007179928200718,
    "max_variance_value": 1.1794875897435897,
    "expected_squared_jump_distances": [
        9.986947944265897e-13,
        0.0024566134708078596,
        0.00913685636503848,
        0.019126533758332374,
        0.031496038515746005,
        0.04587350517880333,
        0.06128767792547535,
        0.07722530713436909,
        0.09381128116284158,
        0.1100477248106219,
        0.1259122201858027,
        0.14009073139294514,
        0.15489598124983722,
        0.16887245698638434,
        0.17920342770838943,
        0.1914885167298497,
        0.20050468939263508,
        0.20854595561225472,
        0.21502911411679865,
        0.22120573169111787,
        0.22554731708849324,
        0.2268166408994313,
        0.22915528637803306,
        0.23002799647287095,
        0.22803732746630873,
        0.2274088683740029,
        0.2240715106369769,
        0.22323356134467645,
        0.21744566951521221,
        0.21276446161972418,
        0.20694817777124713,
        0.20258255139391856,
        0.1967446277814243,
        0.18868499166440048,
        0.17949275024131642,
        0.17415718986265852,
        0.16634548479070724,
        0.15933084182078247,
        0.15167401385248258,
        0.14363991610159338
    ],
    "acceptance_rates": [
        0.9999900000999989,
        0.9413645863541366,
        0.8813371866281337,
        0.8256957430425697,
        0.7697663023369767,
        0.7227247727522725,
        0.6750152498475015,
        0.6294157058429416,
        0.5899921000789992,
        0.5503244967550326,
        0.5147908520914791,
        0.4774052259477405,
        0.4467215327846722,
        0.41854181458185413,
        0.386780132198678,
        0.36283037169628307,
        0.33690663093369067,
        0.3140208597914021,
        0.2908950910490895,
        0.2709732902670973,
        0.25189548104518955,
        0.23205567944320554,
        0.215669843301567,
        0.2007179928200718,
        0.1847541524584754,
        0.17154628453715465,
        0.15807841921580784,
        0.14771252287477124,
        0.13543464565354343,
        0.12511274887251128,
        0.1149788502114979,
        0.10734892651073488,
        0.09883501164988351,
        0.09046309536904631,
        0.08247317526824732,
        0.07640723592764072,
        0.07004929950700492,
        0.06467735322646773,
        0.05926340736592635,
        0.053999460005399944
    ],
    "var_value_range": [
        1e-06,
        0.051283025641025645,
        0.10256505128205129,
        0.15384707692307695,
        0.20512910256410258,
        0.2564111282051282,
        0.30769315384615387,
        0.3589751794871795,
        0.4102572051282051,
        0.46153923076923076,
        0.5128212564102564,
        0.5641032820512821,
        0.6153853076923078,
        0.6666673333333334,
        0.7179493589743591,
        0.7692313846153847,
        0.8205134102564103,
        0.871795435897436,
        0.9230774615384616,
        0.9743594871794873,
        1.0256415128205127,
        1.0769235384615385,
        1.1282055641025641,
        1.1794875897435897,
        1.2307696153846155,
        1.282051641025641,
        1.3333336666666666,
        1.3846156923076922,
        1.435897717948718,
        1.4871797435897436,
        1.5384617692307692,
        1.589743794871795,
        1.6410258205128205,
        1.692307846153846,
        1.743589871794872,
        1.7948718974358975,
        1.846153923076923,
        1.8974359487179489,
        1.9487179743589744,
        2.0
    ]
}