{
  "target_distribution": "Hypercube",
  "proposal_distribution": "Normal",
  "dimension": 5,
  "num_iterations": 300000,
  "seed": 2,
  "total_time": 2251.4271211624146,
  "max_esjd": 0.31392067670822144,
  "max_acceptance_rate": 0.27108666666666664,
  "max_scale_param": 1.2856410256410258,
  "expected_squared_jump_distances": [
    9.926958591677248e-05,
    0.0034891976974904537,
    0.011108461767435074,
    0.022252319380640984,
    0.03622749447822571,
    0.05250659957528114,
    0.07037265598773956,
    0.08935616165399551,
    0.10873350501060486,
    0.1290789246559143,
    0.14855095744132996,
    0.16846641898155212,
    0.18837054073810577,
    0.20488856732845306,
    0.22207339107990265,
    0.23976664245128632,
    0.2551151216030121,
    0.26653897762298584,
    0.2799365818500519,
    0.28734642267227173,
    0.29541775584220886,
    0.3027935028076172,
    0.308015376329422,
    0.3121073842048645,
    0.3138442039489746,
    0.31392067670822144,
    0.3119800388813019,
    0.30972567200660706,
    0.30774617195129395,
    0.30473557114601135,
    0.298743337392807,
    0.2906379997730255,
    0.2866867184638977,
    0.28061702847480774,
    0.2687133550643921,
    0.2600385546684265,
    0.25214216113090515,
    0.24434366822242737,
    0.23419487476348877,
    0.22525809705257416
  ],
  "acceptance_rates": [
    0.9942466666666666,
    0.9475633333333333,
    0.90384,
    0.8635266666666667,
    0.82354,
    0.7865933333333334,
    0.7489833333333333,
    0.7127666666666667,
    0.6772333333333334,
    0.6457966666666667,
    0.6125066666666666,
    0.5829666666666666,
    0.5559366666666666,
    0.5241933333333333,
    0.49808,
    0.47628333333333334,
    0.45065,
    0.4260333333333333,
    0.40488,
    0.3811466666666667,
    0.35999,
    0.34011,
    0.32299,
    0.30467,
    0.28640333333333334,
    0.27108666666666664,
    0.25472,
    0.23978333333333332,
    0.22647333333333333,
    0.21414666666666668,
    0.20078,
    0.18840333333333334,
    0.17818666666666666,
    0.16767333333333334,
    0.1563,
    0.14578,
    0.13773333333333335,
    0.13012333333333334,
    0.12084666666666667,
    0.11388666666666666
  ],
  "scale_param_range": [
    0.01,
    0.06102564102564103,
    0.11205128205128205,
    0.1630769230769231,
    0.21410256410256412,
    0.2651282051282051,
    0.3161538461538462,
    0.36717948717948723,
    0.41820512820512823,
    0.46923076923076923,
    0.5202564102564102,
    0.5712820512820513,
    0.6223076923076923,
    0.6733333333333333,
    0.7243589743589745,
    0.7753846153846154,
    0.8264102564102564,
    0.8774358974358974,
    0.9284615384615384,
    0.9794871794871796,
    1.0305128205128204,
    1.0815384615384616,
    1.1325641025641027,
    1.1835897435897436,
    1.2346153846153847,
    1.2856410256410258,
    1.3366666666666667,
    1.3876923076923078,
    1.438717948717949,
    1.4897435897435898,
    1.540769230769231,
    1.5917948717948718,
    1.642820512820513,
    1.693846153846154,
    1.744871794871795,
    1.795897435897436,
    1.846923076923077,
    1.897948717948718,
    1.9489743589743591,
    2.0
  ],
  "times": [
    51.49407887458801,
    51.83260631561279,
    52.28917074203491,
    52.97192883491516,
    53.29038095474243,
    53.927791118621826,
    54.136077880859375,
    54.81476378440857,
    55.29705238342285,
    55.81857228279114,
    56.02426719665527,
    56.18676733970642,
    54.646507263183594,
    53.884196758270264,
    56.32897758483887,
    56.67810535430908,
    57.09469223022461,
    56.40217328071594,
    55.35877442359924,
    57.28328561782837,
    57.72580146789551,
    56.63584327697754,
    57.38873052597046,
    58.74835801124573,
    57.103586196899414,
    57.44051432609558,
    59.277485370635986,
    59.463512659072876,
    58.65932273864746,
    57.881187200546265,
    57.49981641769409,
    56.11274337768555,
    56.884868144989014,
    58.084092140197754,
    58.87586975097656,
    57.275028228759766,
    58.159348487854004,
    57.14297533035278,
    57.31653451919556,
    57.94992804527283
  ]
}