{
    "max_esjd": 0.3172568832784104,
    "max_acceptance_rate": 0.2738672613273867,
    "max_variance_value": 1.282051641025641,
    "expected_squared_jump_distances": [
        9.998347794153654e-13,
        0.00247555192014077,
        0.009378973779441198,
        0.019981155906176537,
        0.033531948639214555,
        0.049387183652073195,
        0.06699671533875501,
        0.08611079879203098,
        0.10578291061223138,
        0.12534282358381102,
        0.14656751545153107,
        0.16670741330083616,
        0.18544857383193225,
        0.20425979622020263,
        0.2208722769630429,
        0.23719325833647523,
        0.2529049124440092,
        0.26777535004682046,
        0.278075175538859,
        0.28879811534175376,
        0.2994574722562757,
        0.30343999597852783,
        0.30893907542226945,
        0.3123329744091432,
        0.3160411045837171,
        0.3172568832784104,
        0.31613889849374993,
        0.31508562296545956,
        0.3101567151755467,
        0.3062055458408564,
        0.30103491871017796,
        0.2921115450338707,
        0.28512692482550706,
        0.2780904993189967,
        0.2703463940697907,
        0.2612061602074676,
        0.2504848320383406,
        0.24257624167032066,
        0.23388058283079646,
        0.2242069270408259
    ],
    "acceptance_rates": [
        0.999990000099999,
        0.9511271553951127,
        0.909380906190938,
        0.8695646376869565,
        0.8294317056829432,
        0.7894954383789495,
        0.7518524814751854,
        0.7178528214717853,
        0.6833464998683346,
        0.6481768515648177,
        0.6200837991620084,
        0.5906540934590654,
        0.5589777435558978,
        0.5317513491531752,
        0.5023083102502309,
        0.4776752232477675,
        0.4540121265454012,
        0.4317556824431756,
        0.406749265840675,
        0.38492281743849227,
        0.3656563434365656,
        0.3435832308343583,
        0.324470088632447,
        0.306450268830645,
        0.29006376602900635,
        0.2738672613273867,
        0.2577140895257714,
        0.24423755762442376,
        0.22820438462282044,
        0.21486451802148646,
        0.20233464332023346,
        0.18942477241894248,
        0.1777882221177788,
        0.1671949947167195,
        0.15691509751569152,
        0.1466652000146665,
        0.1374019593137402,
        0.12878204551287822,
        0.12097545691209755,
        0.11369886301136989
    ],
    "var_value_range": [
        1e-06,
        0.051283025641025645,
        0.10256505128205129,
        0.15384707692307695,
        0.20512910256410258,
        0.2564111282051282,
        0.30769315384615387,
        0.3589751794871795,
        0.4102572051282051,
        0.46153923076923076,
        0.5128212564102564,
        0.5641032820512821,
        0.6153853076923078,
        0.6666673333333334,
        0.7179493589743591,
        0.7692313846153847,
        0.8205134102564103,
        0.871795435897436,
        0.9230774615384616,
        0.9743594871794873,
        1.0256415128205127,
        1.0769235384615385,
        1.1282055641025641,
        1.1794875897435897,
        1.2307696153846155,
        1.282051641025641,
        1.3333336666666666,
        1.3846156923076922,
        1.435897717948718,
        1.4871797435897436,
        1.5384617692307692,
        1.589743794871795,
        1.6410258205128205,
        1.692307846153846,
        1.743589871794872,
        1.7948718974358975,
        1.846153923076923,
        1.8974359487179489,
        1.9487179743589744,
        2.0
    ]
}