{
  "target_distribution": "Hypercube",
  "dimension": 50,
  "num_iterations": 300000,
  "seed": 20,
  "total_time": 3544.4264080524445,
  "max_esjd": 0.06449487060308456,
  "max_acceptance_rate": 0.14483,
  "max_variance_value": 0.6807692307692308,
  "expected_squared_jump_distances": [
    9.839492122409865e-05,
    0.001291321823373437,
    0.003580361371859908,
    0.006709543988108635,
    0.010415920987725258,
    0.01438241545110941,
    0.018530389294028282,
    0.023020202293992043,
    0.027813514694571495,
    0.03188669681549072,
    0.03491046652197838,
    0.040120869874954224,
    0.04314340651035309,
    0.04635502025485039,
    0.050425272434949875,
    0.05336727946996689,
    0.054096970707178116,
    0.056333743035793304,
    0.05824720114469528,
    0.060148417949676514,
    0.06050602346658707,
    0.06156599521636963,
    0.06105489656329155,
    0.06166079267859459,
    0.06449487060308456,
    0.06333010643720627,
    0.06299497932195663,
    0.06152214854955673,
    0.06007498502731323,
    0.0614175982773304,
    0.06042772904038429,
    0.05785658210515976,
    0.05622260272502899,
    0.0563293881714344,
    0.051976535469293594,
    0.0544988214969635,
    0.05069785565137863,
    0.04963631182909012,
    0.04709024727344513,
    0.043696049600839615
  ],
  "acceptance_rates": [
    0.9841966666666667,
    0.89856,
    0.8276266666666666,
    0.7660366666666667,
    0.7071466666666667,
    0.64696,
    0.5931766666666667,
    0.5510733333333333,
    0.5166433333333333,
    0.47315666666666667,
    0.4236433333333333,
    0.40549,
    0.36887,
    0.3396533333333333,
    0.32069,
    0.29695,
    0.26559666666666665,
    0.24629333333333334,
    0.22852666666666666,
    0.21224666666666667,
    0.19302666666666668,
    0.17903333333333332,
    0.16236,
    0.15017,
    0.14483,
    0.13133333333333333,
    0.12122,
    0.11008666666666667,
    0.10048,
    0.09586,
    0.08840333333333333,
    0.07931333333333333,
    0.07271,
    0.06855333333333333,
    0.05977,
    0.05925333333333333,
    0.052246666666666663,
    0.04849666666666667,
    0.043846666666666666,
    0.038676666666666665
  ],
  "var_value_range": [
    0.01,
    0.03794871794871795,
    0.0658974358974359,
    0.09384615384615384,
    0.12179487179487179,
    0.14974358974358976,
    0.1776923076923077,
    0.20564102564102565,
    0.2335897435897436,
    0.26153846153846155,
    0.2894871794871795,
    0.31743589743589745,
    0.3453846153846154,
    0.37333333333333335,
    0.4012820512820513,
    0.42923076923076925,
    0.4571794871794872,
    0.48512820512820515,
    0.5130769230769231,
    0.5410256410256411,
    0.568974358974359,
    0.5969230769230769,
    0.6248717948717949,
    0.6528205128205129,
    0.6807692307692308,
    0.7087179487179487,
    0.7366666666666667,
    0.7646153846153847,
    0.7925641025641026,
    0.8205128205128205,
    0.8484615384615385,
    0.8764102564102565,
    0.9043589743589744,
    0.9323076923076923,
    0.9602564102564103,
    0.9882051282051283,
    1.0161538461538462,
    1.044102564102564,
    1.0720512820512822,
    1.1
  ],
  "times": [
    82.13453650474548,
    81.30566453933716,
    82.20033574104309,
    82.9839301109314,
    83.69828128814697,
    84.66229462623596,
    85.26742243766785,
    85.89552164077759,
    86.1421914100647,
    86.7410581111908,
    87.18101167678833,
    87.35059070587158,
    87.87994003295898,
    88.34749150276184,
    88.40753626823425,
    88.79504036903381,
    89.16895937919617,
    89.39593935012817,
    89.55734133720398,
    89.77809953689575,
    89.83171939849854,
    90.06655836105347,
    90.24379253387451,
    90.39529013633728,
    90.34456753730774,
    90.8532817363739,
    90.84830498695374,
    90.81678915023804,
    90.86252212524414,
    91.1060380935669,
    91.03891611099243,
    91.25521612167358,
    91.10965037345886,
    91.35280227661133,
    91.30804181098938,
    91.5567569732666,
    91.27031660079956,
    91.12456941604614,
    91.00085163116455,
    91.09395360946655
  ]
}