{
  "target_distribution": "Hypercube",
  "dimension": 50,
  "num_iterations": 300000,
  "seed": 1,
  "total_time": 3611.086032629013,
  "max_esjd": 0.06503548473119736,
  "max_acceptance_rate": 0.15854333333333334,
  "max_variance_value": 0.6528205128205129,
  "expected_squared_jump_distances": [
    9.833620424615219e-05,
    0.0012924427865073085,
    0.0036016451194882393,
    0.0067019336856901646,
    0.010375579819083214,
    0.014532064087688923,
    0.0185087900608778,
    0.022963522002100945,
    0.02769964188337326,
    0.031304746866226196,
    0.03498942777514458,
    0.03964368999004364,
    0.04334823414683342,
    0.047208018600940704,
    0.050298385322093964,
    0.05308324471116066,
    0.05438698083162308,
    0.057317525148391724,
    0.058709245175123215,
    0.060456134378910065,
    0.06159532442688942,
    0.0625968649983406,
    0.06170147657394409,
    0.06503548473119736,
    0.0627843588590622,
    0.06197487562894821,
    0.06295381486415863,
    0.060210343450307846,
    0.060497578233480453,
    0.0608992837369442,
    0.05761324241757393,
    0.05623752623796463,
    0.05608677119016647,
    0.05484577640891075,
    0.05426156148314476,
    0.05205332115292549,
    0.04888037592172623,
    0.04797188192605972,
    0.047035519033670425,
    0.0475715696811676
  ],
  "acceptance_rates": [
    0.9836333333333334,
    0.8992066666666667,
    0.8323066666666666,
    0.7649733333333333,
    0.7043566666666666,
    0.65356,
    0.59234,
    0.5496633333333333,
    0.5144966666666667,
    0.46493666666666666,
    0.42451333333333335,
    0.4007,
    0.37088,
    0.3462766666666667,
    0.31950666666666666,
    0.29554,
    0.26738,
    0.2505133333333333,
    0.22952333333333333,
    0.21313666666666667,
    0.19683666666666666,
    0.18205333333333334,
    0.16419666666666666,
    0.15854333333333334,
    0.14089,
    0.12881666666666666,
    0.12120666666666667,
    0.10794666666666666,
    0.10107,
    0.09501666666666667,
    0.08433333333333333,
    0.07728666666666667,
    0.07244666666666667,
    0.06677,
    0.062246666666666665,
    0.05669333333333333,
    0.05047666666666667,
    0.04690333333333333,
    0.043756666666666666,
    0.04199666666666667
  ],
  "var_value_range": [
    0.01,
    0.03794871794871795,
    0.0658974358974359,
    0.09384615384615384,
    0.12179487179487179,
    0.14974358974358976,
    0.1776923076923077,
    0.20564102564102565,
    0.2335897435897436,
    0.26153846153846155,
    0.2894871794871795,
    0.31743589743589745,
    0.3453846153846154,
    0.37333333333333335,
    0.4012820512820513,
    0.42923076923076925,
    0.4571794871794872,
    0.48512820512820515,
    0.5130769230769231,
    0.5410256410256411,
    0.568974358974359,
    0.5969230769230769,
    0.6248717948717949,
    0.6528205128205129,
    0.6807692307692308,
    0.7087179487179487,
    0.7366666666666667,
    0.7646153846153847,
    0.7925641025641026,
    0.8205128205128205,
    0.8484615384615385,
    0.8764102564102565,
    0.9043589743589744,
    0.9323076923076923,
    0.9602564102564103,
    0.9882051282051283,
    1.0161538461538462,
    1.044102564102564,
    1.0720512820512822,
    1.1
  ],
  "times": [
    84.6178765296936,
    82.37264943122864,
    83.3924810886383,
    84.09683227539062,
    84.98173451423645,
    85.60422134399414,
    86.45255279541016,
    86.91715359687805,
    87.32309746742249,
    88.00554156303406,
    88.45040774345398,
    88.83920884132385,
    89.12421298027039,
    89.63525557518005,
    89.73191905021667,
    89.6576759815216,
    89.98073482513428,
    90.26320219039917,
    90.25965166091919,
    90.77200555801392,
    90.68437314033508,
    91.12663841247559,
    91.23202085494995,
    91.3115029335022,
    91.42229223251343,
    91.65480375289917,
    91.86415076255798,
    92.4915657043457,
    93.8411819934845,
    93.84052205085754,
    93.79815602302551,
    93.94947457313538,
    94.03744888305664,
    94.165118932724,
    94.29260325431824,
    94.18469142913818,
    94.20462989807129,
    94.35726761817932,
    94.26018524169922,
    93.82397842407227
  ]
}