{
  "target_distribution": "Hypercube",
  "proposal_distribution": "Normal",
  "dimension": 10,
  "num_iterations": 300000,
  "seed": 15,
  "total_time": 2328.2293195724487,
  "max_esjd": 0.22938911616802216,
  "max_acceptance_rate": 0.19833666666666666,
  "max_scale_param": 1.1835897435897436,
  "expected_squared_jump_distances": [
    9.863185550784692e-05,
    0.003415351500734687,
    0.010714136064052582,
    0.02117672935128212,
    0.03380425274372101,
    0.04837914556264877,
    0.06406010687351227,
    0.08015334606170654,
    0.09662098437547684,
    0.11280632764101028,
    0.1279415637254715,
    0.14358729124069214,
    0.15675048530101776,
    0.1696183830499649,
    0.18095718324184418,
    0.19250980019569397,
    0.2005261778831482,
    0.20755216479301453,
    0.21505455672740936,
    0.2207871824502945,
    0.22465679049491882,
    0.22843311727046967,
    0.22853311896324158,
    0.22938911616802216,
    0.22770465910434723,
    0.2252834588289261,
    0.2250698208808899,
    0.22090697288513184,
    0.22141262888908386,
    0.21224918961524963,
    0.20889708399772644,
    0.20155082643032074,
    0.19718708097934723,
    0.188509002327919,
    0.18289437890052795,
    0.17370137572288513,
    0.17067182064056396,
    0.16134344041347504,
    0.15318582952022552,
    0.1451917141675949
  ],
  "acceptance_rates": [
    0.9872633333333334,
    0.92397,
    0.8658866666666667,
    0.8131333333333334,
    0.7582966666666666,
    0.7125966666666667,
    0.6684166666666667,
    0.6246533333333333,
    0.5844833333333334,
    0.5463766666666666,
    0.50842,
    0.47711,
    0.44238,
    0.41244333333333333,
    0.38341,
    0.35905333333333334,
    0.3324066666666667,
    0.30768666666666666,
    0.28805333333333333,
    0.2677333333333333,
    0.24864666666666665,
    0.23180333333333333,
    0.21383666666666667,
    0.19833666666666666,
    0.18276333333333333,
    0.16914,
    0.15818333333333334,
    0.14553,
    0.13729333333333332,
    0.12409,
    0.11589666666666666,
    0.10651333333333333,
    0.09912666666666667,
    0.08959666666666667,
    0.08312,
    0.07639333333333333,
    0.07165666666666666,
    0.06504666666666667,
    0.0601,
    0.05463333333333333
  ],
  "scale_param_range": [
    0.01,
    0.06102564102564103,
    0.11205128205128205,
    0.1630769230769231,
    0.21410256410256412,
    0.2651282051282051,
    0.3161538461538462,
    0.36717948717948723,
    0.41820512820512823,
    0.46923076923076923,
    0.5202564102564102,
    0.5712820512820513,
    0.6223076923076923,
    0.6733333333333333,
    0.7243589743589745,
    0.7753846153846154,
    0.8264102564102564,
    0.8774358974358974,
    0.9284615384615384,
    0.9794871794871796,
    1.0305128205128204,
    1.0815384615384616,
    1.1325641025641027,
    1.1835897435897436,
    1.2346153846153847,
    1.2856410256410258,
    1.3366666666666667,
    1.3876923076923078,
    1.438717948717949,
    1.4897435897435898,
    1.540769230769231,
    1.5917948717948718,
    1.642820512820513,
    1.693846153846154,
    1.744871794871795,
    1.795897435897436,
    1.846923076923077,
    1.897948717948718,
    1.9489743589743591,
    2.0
  ],
  "times": [
    51.19181942939758,
    51.762216091156006,
    53.190781593322754,
    53.560585498809814,
    54.24476432800293,
    54.70752453804016,
    55.17841124534607,
    56.65434765815735,
    56.75437259674072,
    57.48858880996704,
    57.8138530254364,
    56.21271562576294,
    56.9539680480957,
    56.919275760650635,
    57.98770022392273,
    58.312174558639526,
    58.49690079689026,
    58.72406721115112,
    59.07458710670471,
    59.641518115997314,
    59.96354556083679,
    59.83589148521423,
    60.183258295059204,
    59.81306600570679,
    60.205915451049805,
    59.41862630844116,
    60.33589434623718,
    61.2664008140564,
    58.924477338790894,
    59.859896659851074,
    60.4010374546051,
    59.736440658569336,
    59.48804831504822,
    59.750056743621826,
    59.91813683509827,
    60.640090227127075,
    61.56210422515869,
    61.347890853881836,
    60.47908329963684,
    60.192673683166504
  ]
}