{
  "target_distribution": "Hypercube",
  "proposal_distribution": "Normal",
  "dimension": 10,
  "num_iterations": 300000,
  "seed": 9,
  "total_time": 1274.407305240631,
  "max_esjd": 0.23188789188861847,
  "max_acceptance_rate": 0.20018333333333332,
  "max_scale_param": 1.1835897435897436,
  "expected_squared_jump_distances": [
    9.855500684352592e-05,
    0.0034257264342159033,
    0.010758582502603531,
    0.021202633157372475,
    0.033988554030656815,
    0.048323340713977814,
    0.06362824887037277,
    0.07961411774158478,
    0.09609928727149963,
    0.11200093477964401,
    0.1274842768907547,
    0.14187298715114594,
    0.15594547986984253,
    0.16909700632095337,
    0.18126314878463745,
    0.19059336185455322,
    0.20048370957374573,
    0.20955008268356323,
    0.21509668231010437,
    0.21958781778812408,
    0.22491325438022614,
    0.2269313484430313,
    0.22760280966758728,
    0.23188789188861847,
    0.22971375286579132,
    0.2244633138179779,
    0.221400648355484,
    0.22127413749694824,
    0.21622033417224884,
    0.2149597853422165,
    0.20839369297027588,
    0.20011505484580994,
    0.193879634141922,
    0.1869741529226303,
    0.18483103811740875,
    0.17610499262809753,
    0.16754138469696045,
    0.1642596572637558,
    0.1542331725358963,
    0.14738258719444275
  ],
  "acceptance_rates": [
    0.98656,
    0.9265233333333334,
    0.8687,
    0.8134266666666666,
    0.7618666666666667,
    0.71194,
    0.6637766666666667,
    0.62053,
    0.58163,
    0.5426966666666667,
    0.50636,
    0.4710433333333333,
    0.43897,
    0.41148,
    0.38430333333333333,
    0.3551666666666667,
    0.33215333333333336,
    0.31082,
    0.28725333333333336,
    0.2664066666666667,
    0.24876666666666666,
    0.22920666666666667,
    0.21239666666666668,
    0.20018333333333332,
    0.18488333333333334,
    0.16815666666666668,
    0.15589666666666666,
    0.14602666666666667,
    0.13462333333333334,
    0.12571333333333334,
    0.11563,
    0.1057,
    0.09742333333333333,
    0.08976333333333333,
    0.08463333333333334,
    0.07697,
    0.07031,
    0.06626666666666667,
    0.05973666666666667,
    0.05524
  ],
  "scale_param_range": [
    0.01,
    0.06102564102564103,
    0.11205128205128205,
    0.1630769230769231,
    0.21410256410256412,
    0.2651282051282051,
    0.3161538461538462,
    0.36717948717948723,
    0.41820512820512823,
    0.46923076923076923,
    0.5202564102564102,
    0.5712820512820513,
    0.6223076923076923,
    0.6733333333333333,
    0.7243589743589745,
    0.7753846153846154,
    0.8264102564102564,
    0.8774358974358974,
    0.9284615384615384,
    0.9794871794871796,
    1.0305128205128204,
    1.0815384615384616,
    1.1325641025641027,
    1.1835897435897436,
    1.2346153846153847,
    1.2856410256410258,
    1.3366666666666667,
    1.3876923076923078,
    1.438717948717949,
    1.4897435897435898,
    1.540769230769231,
    1.5917948717948718,
    1.642820512820513,
    1.693846153846154,
    1.744871794871795,
    1.795897435897436,
    1.846923076923077,
    1.897948717948718,
    1.9489743589743591,
    2.0
  ],
  "times": [
    29.072359323501587,
    29.7224280834198,
    30.068629264831543,
    30.134925603866577,
    30.70745015144348,
    30.747049570083618,
    31.03214406967163,
    31.097936391830444,
    31.38682770729065,
    31.44877552986145,
    31.59608817100525,
    31.395009517669678,
    31.86065912246704,
    31.806370496749878,
    31.70915961265564,
    31.804885387420654,
    32.12491822242737,
    32.03001952171326,
    32.06746554374695,
    32.201725006103516,
    32.09412121772766,
    31.76317310333252,
    32.30883836746216,
    32.839643716812134,
    32.93948245048523,
    33.06489443778992,
    33.04278612136841,
    33.0021858215332,
    33.18219804763794,
    32.87322378158569,
    32.437114000320435,
    32.50759267807007,
    32.00798463821411,
    32.22819542884827,
    32.1988263130188,
    31.899303913116455,
    32.249255418777466,
    32.07084822654724,
    32.25696563720703,
    32.34995675086975
  ]
}