{
  "target_distribution": "Hypercube",
  "dimension": 100,
  "num_iterations": 300000,
  "seed": 17,
  "total_time": 4724.192260980606,
  "max_esjd": 0.033359166234731674,
  "max_acceptance_rate": 0.13837666666666668,
  "max_variance_value": 0.49615384615384617,
  "expected_squared_jump_distances": [
    9.917046554619446e-05,
    0.00081919803051278,
    0.002093775197863579,
    0.003814569441601634,
    0.005802810657769442,
    0.00800903607159853,
    0.010138733312487602,
    0.012410491704940796,
    0.014625001698732376,
    0.01709774322807789,
    0.01892807148396969,
    0.020759016275405884,
    0.02256467193365097,
    0.024837901815772057,
    0.02618219703435898,
    0.027545446529984474,
    0.029846133664250374,
    0.029809199273586273,
    0.03116014041006565,
    0.030905963853001595,
    0.0323060043156147,
    0.03312913700938225,
    0.03219110518693924,
    0.032963916659355164,
    0.033359166234731674,
    0.031502656638622284,
    0.03174760565161705,
    0.032280631363391876,
    0.031848326325416565,
    0.030416090041399002,
    0.02997291088104248,
    0.03130221739411354,
    0.03008478507399559,
    0.029192756861448288,
    0.02780235931277275,
    0.025047069415450096,
    0.029082780703902245,
    0.027116548269987106,
    0.02492671273648739,
    0.023370608687400818
  ],
  "acceptance_rates": [
    0.9920033333333333,
    0.89608,
    0.82236,
    0.76383,
    0.7027933333333334,
    0.6494733333333333,
    0.58915,
    0.5420166666666667,
    0.49753,
    0.46597333333333335,
    0.4226933333333333,
    0.38675333333333334,
    0.3562266666666667,
    0.3361866666666667,
    0.30754,
    0.28328,
    0.2710666666666667,
    0.24100666666666667,
    0.22536,
    0.20147666666666667,
    0.19074,
    0.17787333333333333,
    0.15806666666666666,
    0.14837333333333333,
    0.13837666666666668,
    0.12069333333333333,
    0.11283666666666667,
    0.10660666666666667,
    0.09789333333333333,
    0.08733,
    0.08059,
    0.07895333333333333,
    0.07123,
    0.06520333333333334,
    0.05862666666666667,
    0.04992333333333333,
    0.05482,
    0.048666666666666664,
    0.042383333333333335,
    0.03766
  ],
  "var_value_range": [
    0.01,
    0.03025641025641026,
    0.050512820512820515,
    0.07076923076923076,
    0.09102564102564102,
    0.11128205128205128,
    0.13153846153846155,
    0.1517948717948718,
    0.17205128205128206,
    0.19230769230769232,
    0.21256410256410257,
    0.23282051282051283,
    0.2530769230769231,
    0.2733333333333333,
    0.2935897435897436,
    0.3138461538461539,
    0.3341025641025641,
    0.35435897435897434,
    0.37461538461538463,
    0.3948717948717949,
    0.41512820512820514,
    0.43538461538461537,
    0.45564102564102565,
    0.47589743589743594,
    0.49615384615384617,
    0.5164102564102564,
    0.5366666666666666,
    0.556923076923077,
    0.5771794871794872,
    0.5974358974358974,
    0.6176923076923078,
    0.637948717948718,
    0.6582051282051282,
    0.6784615384615384,
    0.6987179487179487,
    0.718974358974359,
    0.7392307692307692,
    0.7594871794871795,
    0.7797435897435898,
    0.8
  ],
  "times": [
    110.0753242969513,
    109.41001677513123,
    110.60612559318542,
    111.63860726356506,
    112.44670057296753,
    113.29566311836243,
    114.2383451461792,
    114.8870677947998,
    115.4309093952179,
    115.72038507461548,
    116.416335105896,
    116.93738317489624,
    117.37851023674011,
    117.61765933036804,
    117.97109937667847,
    118.24803161621094,
    118.52084422111511,
    118.75396394729614,
    119.32828783988953,
    119.57564949989319,
    119.580637216568,
    119.83400750160217,
    119.83055591583252,
    120.25009298324585,
    120.27545022964478,
    120.60441374778748,
    120.59468650817871,
    120.84677743911743,
    120.81349873542786,
    120.93991613388062,
    120.84533834457397,
    120.9764769077301,
    121.02128744125366,
    121.03118109703064,
    121.26827692985535,
    121.31413507461548,
    121.31351280212402,
    121.58794641494751,
    121.3155608177185,
    121.37669777870178
  ]
}