{
    "max_esjd": 0.0642385689585368,
    "max_acceptance_rate": 0.1397719356139772,
    "max_variance_value": 0.6923082307692308,
    "expected_squared_jump_distances": [
        1.0000134957999447e-12,
        0.0013347780027996772,
        0.004818259783536449,
        0.00969277692094896,
        0.015459226036201756,
        0.021550027273319075,
        0.02763583246529987,
        0.03418742702372569,
        0.03944476264346467,
        0.04579102899142804,
        0.04908082117856261,
        0.05314683593487541,
        0.05493785650275456,
        0.05938474706432617,
        0.06121852982528505,
        0.06350359525907985,
        0.06306288047083403,
        0.0633413345325111,
        0.0642385689585368,
        0.06392768906010614,
        0.06309964289111675,
        0.06281140265173336,
        0.05996257860295071,
        0.059606507011890075,
        0.05836112362487644,
        0.05453085556032364,
        0.05302203787359964,
        0.05000222850538431,
        0.04835164144237758,
        0.04585624741898367,
        0.04423332658983914,
        0.04165117951904177,
        0.0395628408621699,
        0.0377772865415997,
        0.036199711012200354,
        0.03438926606885993,
        0.032022841933677125,
        0.02700427832128736,
        0.0262117808418119,
        0.0253295275077625
    ],
    "acceptance_rates": [
        0.999990000099999,
        0.9044376222904438,
        0.817778488881778,
        0.7326860064732686,
        0.659160075065916,
        0.5889274440588927,
        0.5259480738525948,
        0.4790085432479008,
        0.4244524221424452,
        0.38978943543897887,
        0.3393066069339306,
        0.30448362183044836,
        0.2657173428265717,
        0.24454088792445408,
        0.21803448632180344,
        0.19740135931974015,
        0.1728649380172865,
        0.15411845881541184,
        0.1397719356139772,
        0.12521541451252152,
        0.11182554841118254,
        0.1010389896101039,
        0.08801578650880158,
        0.08043586230804357,
        0.07236260970723625,
        0.06252937470625293,
        0.05628277050562828,
        0.04946617200494662,
        0.04458955410445895,
        0.03959627070395963,
        0.0357029763035703,
        0.031576350903157635,
        0.02820638460282064,
        0.02527308060252731,
        0.023036436302303644,
        0.020793125402079313,
        0.01823981760182398,
        0.014669853301466987,
        0.01351319820135132,
        0.012469875301246986
    ],
    "var_value_range": [
        1e-06,
        0.03846251282051282,
        0.07692402564102564,
        0.11538553846153846,
        0.15384705128205128,
        0.1923085641025641,
        0.2307700769230769,
        0.26923158974358974,
        0.30769310256410254,
        0.34615461538461534,
        0.3846161282051282,
        0.423077641025641,
        0.4615391538461538,
        0.5000006666666666,
        0.5384621794871796,
        0.5769236923076924,
        0.6153852051282052,
        0.653846717948718,
        0.6923082307692308,
        0.7307697435897437,
        0.7692312564102565,
        0.8076927692307693,
        0.8461542820512821,
        0.8846157948717949,
        0.9230773076923077,
        0.9615388205128206,
        1.0000003333333334,
        1.0384618461538462,
        1.076923358974359,
        1.1153848717948718,
        1.1538463846153846,
        1.1923078974358974,
        1.2307694102564102,
        1.269230923076923,
        1.3076924358974358,
        1.3461539487179486,
        1.3846154615384614,
        1.4230769743589742,
        1.4615384871794872,
        1.5
    ]
}