{
  "target_distribution": "IIDBeta",
  "proposal_distribution": "Normal",
  "dimension": 50,
  "num_iterations": 200000,
  "seed": 4,
  "total_time": 2528.365504026413,
  "max_esjd": 0.03359716758131981,
  "max_acceptance_rate": 0.20343,
  "max_scale_param": 0.41512820512820514,
  "expected_squared_jump_distances": [
    9.761239925865084e-05,
    0.000844959111418575,
    0.00221929675899446,
    0.004104975610971451,
    0.006368604023009539,
    0.008901968598365784,
    0.011632758192718029,
    0.014332326129078865,
    0.017162729054689407,
    0.01980944350361824,
    0.02241205982863903,
    0.0248329509049654,
    0.026753712445497513,
    0.028581419959664345,
    0.030157970264554024,
    0.03140886500477791,
    0.03238528221845627,
    0.03291997313499451,
    0.03357038274407387,
    0.0335104800760746,
    0.03359716758131981,
    0.03313780575990677,
    0.03244352713227272,
    0.031387049704790115,
    0.030611731112003326,
    0.029359787702560425,
    0.027873307466506958,
    0.026611920446157455,
    0.025810804218053818,
    0.02451147884130478,
    0.022920040413737297,
    0.02147667109966278,
    0.020015323534607887,
    0.018750596791505814,
    0.017034323886036873,
    0.015535952523350716,
    0.014346996322274208,
    0.014021559618413448,
    0.01243566907942295,
    0.011236485093832016
  ],
  "acceptance_rates": [
    0.976335,
    0.924325,
    0.87202,
    0.82287,
    0.77296,
    0.724115,
    0.67819,
    0.628815,
    0.58736,
    0.54359,
    0.504145,
    0.466775,
    0.426935,
    0.3917,
    0.35911,
    0.32843,
    0.299675,
    0.271115,
    0.248125,
    0.22383,
    0.20343,
    0.183405,
    0.164255,
    0.14659,
    0.131695,
    0.11677,
    0.103085,
    0.091945,
    0.0831,
    0.07408,
    0.065005,
    0.05725,
    0.05048,
    0.04454,
    0.038575,
    0.0333,
    0.02919,
    0.02703,
    0.023055,
    0.019695
  ],
  "scale_param_range": [
    0.01,
    0.03025641025641026,
    0.050512820512820515,
    0.07076923076923076,
    0.09102564102564102,
    0.11128205128205128,
    0.13153846153846155,
    0.1517948717948718,
    0.17205128205128206,
    0.19230769230769232,
    0.21256410256410257,
    0.23282051282051283,
    0.2530769230769231,
    0.2733333333333333,
    0.2935897435897436,
    0.3138461538461539,
    0.3341025641025641,
    0.35435897435897434,
    0.37461538461538463,
    0.3948717948717949,
    0.41512820512820514,
    0.43538461538461537,
    0.45564102564102565,
    0.47589743589743594,
    0.49615384615384617,
    0.5164102564102564,
    0.5366666666666666,
    0.556923076923077,
    0.5771794871794872,
    0.5974358974358974,
    0.6176923076923078,
    0.637948717948718,
    0.6582051282051282,
    0.6784615384615384,
    0.6987179487179487,
    0.718974358974359,
    0.7392307692307692,
    0.7594871794871795,
    0.7797435897435898,
    0.8
  ],
  "times": [
    70.50707578659058,
    71.39461040496826,
    71.49192428588867,
    71.57823276519775,
    70.91925692558289,
    70.34398984909058,
    70.02070164680481,
    70.09187912940979,
    69.46120262145996,
    69.83000206947327,
    68.45660996437073,
    68.64233422279358,
    67.52194452285767,
    67.66887068748474,
    66.65614676475525,
    66.18208813667297,
    65.52287769317627,
    65.04070401191711,
    64.55444312095642,
    63.69206738471985,
    62.90184783935547,
    63.2713897228241,
    61.927698373794556,
    61.28187894821167,
    60.60216951370239,
    60.06051254272461,
    59.376442193984985,
    59.352530002593994,
    58.070876359939575,
    58.31545853614807,
    57.20805382728577,
    56.77427673339844,
    55.94282531738281,
    55.90382266044617,
    55.05647134780884,
    55.1343469619751,
    55.01654767990112,
    55.74074077606201,
    53.559062480926514,
    53.241100549697876
  ]
}