{
  "target_distribution": "IIDBeta",
  "proposal_distribution": "Normal",
  "dimension": 50,
  "num_iterations": 200000,
  "seed": 6,
  "total_time": 2540.2232871055603,
  "max_esjd": 0.03356624022126198,
  "max_acceptance_rate": 0.2484,
  "max_scale_param": 0.37461538461538463,
  "expected_squared_jump_distances": [
    9.750295430421829e-05,
    0.0008453194750472903,
    0.0022196341305971146,
    0.004105591215193272,
    0.006374134216457605,
    0.008905753493309021,
    0.011606728658080101,
    0.014425501227378845,
    0.017155006527900696,
    0.019837355241179466,
    0.022266410291194916,
    0.024669628590345383,
    0.02677260711789131,
    0.02855825610458851,
    0.03022753819823265,
    0.031142020598053932,
    0.03237432986497879,
    0.033014677464962006,
    0.03356624022126198,
    0.033454325050115585,
    0.03304951637983322,
    0.03279533609747887,
    0.032311465591192245,
    0.031219694763422012,
    0.03084688074886799,
    0.029663506895303726,
    0.02813647873699665,
    0.02689485251903534,
    0.025688763707876205,
    0.024776864796876907,
    0.022510385140776634,
    0.021614613011479378,
    0.019796282052993774,
    0.01818595640361309,
    0.016990629956126213,
    0.016417246311903,
    0.014817466959357262,
    0.013621804304420948,
    0.012518832460045815,
    0.011109425686299801
  ],
  "acceptance_rates": [
    0.975275,
    0.924655,
    0.87223,
    0.823075,
    0.773545,
    0.724525,
    0.676735,
    0.63271,
    0.587035,
    0.54451,
    0.501335,
    0.463805,
    0.42703,
    0.391655,
    0.35993,
    0.325095,
    0.29919,
    0.27234,
    0.2484,
    0.22328,
    0.200435,
    0.18121,
    0.163585,
    0.145395,
    0.13271,
    0.118075,
    0.1039,
    0.09295,
    0.08252,
    0.07477,
    0.063795,
    0.057545,
    0.049875,
    0.0434,
    0.03816,
    0.03506,
    0.030065,
    0.026295,
    0.023205,
    0.01952
  ],
  "scale_param_range": [
    0.01,
    0.03025641025641026,
    0.050512820512820515,
    0.07076923076923076,
    0.09102564102564102,
    0.11128205128205128,
    0.13153846153846155,
    0.1517948717948718,
    0.17205128205128206,
    0.19230769230769232,
    0.21256410256410257,
    0.23282051282051283,
    0.2530769230769231,
    0.2733333333333333,
    0.2935897435897436,
    0.3138461538461539,
    0.3341025641025641,
    0.35435897435897434,
    0.37461538461538463,
    0.3948717948717949,
    0.41512820512820514,
    0.43538461538461537,
    0.45564102564102565,
    0.47589743589743594,
    0.49615384615384617,
    0.5164102564102564,
    0.5366666666666666,
    0.556923076923077,
    0.5771794871794872,
    0.5974358974358974,
    0.6176923076923078,
    0.637948717948718,
    0.6582051282051282,
    0.6784615384615384,
    0.6987179487179487,
    0.718974358974359,
    0.7392307692307692,
    0.7594871794871795,
    0.7797435897435898,
    0.8
  ],
  "times": [
    71.08016204833984,
    72.28122282028198,
    71.18071937561035,
    71.18256449699402,
    70.96730875968933,
    70.88022422790527,
    70.46022415161133,
    70.34259271621704,
    69.92488622665405,
    69.56512355804443,
    69.08295273780823,
    68.99512696266174,
    68.23840975761414,
    67.44129061698914,
    67.24450302124023,
    66.06942534446716,
    66.14700222015381,
    65.07618761062622,
    64.96168112754822,
    64.00574564933777,
    63.61254119873047,
    63.33310103416443,
    62.541072607040405,
    61.68671727180481,
    61.02609205245972,
    60.29277276992798,
    59.5522403717041,
    59.110832929611206,
    58.59229278564453,
    58.46830606460571,
    57.779091596603394,
    57.386672019958496,
    56.2315571308136,
    56.311493158340454,
    55.791603565216064,
    55.48108625411987,
    55.27801537513733,
    54.57083797454834,
    54.13642764091492,
    53.85386896133423
  ]
}