{
  "target_distribution": "IIDBeta",
  "proposal_distribution": "Normal",
  "dimension": 5,
  "num_iterations": 100000,
  "seed": 8,
  "total_time": 1031.0474922657013,
  "max_esjd": 0.0427498035132885,
  "max_acceptance_rate": 0.28215,
  "max_scale_param": 0.46641025641025646,
  "expected_squared_jump_distances": [
    9.794993093237281e-05,
    0.0009972454281523824,
    0.002699337201192975,
    0.005053393542766571,
    0.007902535609900951,
    0.011069006286561489,
    0.014464368112385273,
    0.01798350363969803,
    0.021486695855855942,
    0.024800196290016174,
    0.027982231229543686,
    0.03082972764968872,
    0.03341853246092796,
    0.03601659834384918,
    0.0375589020550251,
    0.039568476378917694,
    0.04080170392990112,
    0.04175524786114693,
    0.042564310133457184,
    0.04269153252243996,
    0.0427498035132885,
    0.04198376461863518,
    0.042296864092350006,
    0.0415651835501194,
    0.04015810415148735,
    0.03945077210664749,
    0.0389847457408905,
    0.03700809180736542,
    0.03548918664455414,
    0.03452568128705025,
    0.03260600566864014,
    0.03138238564133644,
    0.030251484364271164,
    0.02913241647183895,
    0.027173226699233055,
    0.025333702564239502,
    0.024737177416682243,
    0.0231656264513731,
    0.02219613641500473,
    0.01988118700683117
  ],
  "acceptance_rates": [
    0.98428,
    0.93989,
    0.8954,
    0.852,
    0.80936,
    0.76548,
    0.72373,
    0.68335,
    0.64503,
    0.60548,
    0.5688,
    0.53174,
    0.49905,
    0.46835,
    0.43365,
    0.40763,
    0.37822,
    0.3519,
    0.32752,
    0.30343,
    0.28215,
    0.25979,
    0.24294,
    0.22534,
    0.20756,
    0.1924,
    0.18098,
    0.16446,
    0.1516,
    0.14127,
    0.12939,
    0.12069,
    0.11093,
    0.10414,
    0.09482,
    0.08609,
    0.08158,
    0.07483,
    0.07019,
    0.06259
  ],
  "scale_param_range": [
    0.01,
    0.03282051282051282,
    0.055641025641025646,
    0.07846153846153846,
    0.10128205128205128,
    0.12410256410256411,
    0.14692307692307693,
    0.16974358974358977,
    0.19256410256410258,
    0.2153846153846154,
    0.23820512820512824,
    0.2610256410256411,
    0.28384615384615386,
    0.3066666666666667,
    0.32948717948717954,
    0.3523076923076923,
    0.37512820512820516,
    0.397948717948718,
    0.4207692307692308,
    0.4435897435897436,
    0.46641025641025646,
    0.48923076923076925,
    0.5120512820512821,
    0.5348717948717949,
    0.5576923076923077,
    0.5805128205128206,
    0.6033333333333334,
    0.6261538461538462,
    0.6489743589743591,
    0.6717948717948719,
    0.6946153846153846,
    0.7174358974358975,
    0.7402564102564103,
    0.7630769230769231,
    0.785897435897436,
    0.8087179487179488,
    0.8315384615384616,
    0.8543589743589745,
    0.8771794871794872,
    0.9
  ],
  "times": [
    29.155125856399536,
    29.396733045578003,
    29.34104347229004,
    29.17082190513611,
    29.92185068130493,
    29.742328643798828,
    29.529184579849243,
    28.56466007232666,
    29.112093448638916,
    28.85441303253174,
    28.41466212272644,
    27.56947374343872,
    27.465424060821533,
    27.15732479095459,
    26.993919134140015,
    26.687896966934204,
    26.56009578704834,
    26.26542091369629,
    25.999056816101074,
    25.83090376853943,
    25.442479610443115,
    25.153711557388306,
    25.143860816955566,
    24.82041907310486,
    24.4724543094635,
    24.27219867706299,
    24.11603569984436,
    23.857860803604126,
    23.589031219482422,
    23.361685752868652,
    23.29150676727295,
    23.128788232803345,
    22.883735418319702,
    22.772993803024292,
    22.50968837738037,
    22.337899923324585,
    22.210160970687866,
    22.095017194747925,
    22.0143563747406,
    21.805713415145874
  ]
}