{
  "target_distribution": "IIDBeta",
  "proposal_distribution": "Normal",
  "dimension": 2,
  "num_iterations": 100000,
  "seed": 4,
  "total_time": 1042.3551800251007,
  "max_esjd": 0.03805025666952133,
  "max_acceptance_rate": 0.37479,
  "max_scale_param": 0.46641025641025646,
  "expected_squared_jump_distances": [
    9.790070907911286e-05,
    0.0009910662192851305,
    0.0026694091502577066,
    0.00496145011857152,
    0.007704634685069323,
    0.010755864903330803,
    0.013987801037728786,
    0.017285892739892006,
    0.02045825868844986,
    0.02361854910850525,
    0.02641974948346615,
    0.028999418020248413,
    0.031175648793578148,
    0.0332607701420784,
    0.03464658930897713,
    0.03599131107330322,
    0.03678802773356438,
    0.037512410432100296,
    0.03793824091553688,
    0.03792424127459526,
    0.03805025666952133,
    0.037605639547109604,
    0.03729800507426262,
    0.03623717278242111,
    0.03613332286477089,
    0.03573691472411156,
    0.03465325012803078,
    0.03338373079895973,
    0.03288291022181511,
    0.032258156687021255,
    0.031428128480911255,
    0.030545096844434738,
    0.029438411816954613,
    0.029041193425655365,
    0.02802635170519352,
    0.02702481858432293,
    0.02626132033765316,
    0.025715621188282967,
    0.024624090641736984,
    0.024418773129582405
  ],
  "acceptance_rates": [
    0.98717,
    0.94751,
    0.90853,
    0.87065,
    0.83374,
    0.79841,
    0.76235,
    0.72782,
    0.69361,
    0.66163,
    0.62935,
    0.59924,
    0.56745,
    0.53994,
    0.51185,
    0.48648,
    0.4609,
    0.43736,
    0.41495,
    0.39432,
    0.37479,
    0.35446,
    0.33855,
    0.3186,
    0.30536,
    0.29134,
    0.27607,
    0.26202,
    0.25075,
    0.23992,
    0.22899,
    0.21744,
    0.20779,
    0.2003,
    0.19002,
    0.18204,
    0.17542,
    0.16786,
    0.16045,
    0.15525
  ],
  "scale_param_range": [
    0.01,
    0.03282051282051282,
    0.055641025641025646,
    0.07846153846153846,
    0.10128205128205128,
    0.12410256410256411,
    0.14692307692307693,
    0.16974358974358977,
    0.19256410256410258,
    0.2153846153846154,
    0.23820512820512824,
    0.2610256410256411,
    0.28384615384615386,
    0.3066666666666667,
    0.32948717948717954,
    0.3523076923076923,
    0.37512820512820516,
    0.397948717948718,
    0.4207692307692308,
    0.4435897435897436,
    0.46641025641025646,
    0.48923076923076925,
    0.5120512820512821,
    0.5348717948717949,
    0.5576923076923077,
    0.5805128205128206,
    0.6033333333333334,
    0.6261538461538462,
    0.6489743589743591,
    0.6717948717948719,
    0.6946153846153846,
    0.7174358974358975,
    0.7402564102564103,
    0.7630769230769231,
    0.785897435897436,
    0.8087179487179488,
    0.8315384615384616,
    0.8543589743589745,
    0.8771794871794872,
    0.9
  ],
  "times": [
    28.900407552719116,
    28.586251735687256,
    28.653886079788208,
    28.7436203956604,
    28.594978094100952,
    28.657103300094604,
    29.04095220565796,
    28.598292589187622,
    27.848102569580078,
    27.9373517036438,
    27.738364219665527,
    27.646456956863403,
    27.261493682861328,
    27.176749229431152,
    27.112443447113037,
    27.108051538467407,
    26.998085975646973,
    26.42923140525818,
    27.252904653549194,
    25.969000101089478,
    25.731544733047485,
    25.5539972782135,
    25.42126178741455,
    25.068716049194336,
    24.86457133293152,
    24.76600193977356,
    24.738113403320312,
    24.743264198303223,
    24.57520866394043,
    24.35800790786743,
    24.20661425590515,
    24.057891130447388,
    23.93939447402954,
    23.821669816970825,
    23.638381958007812,
    23.61294984817505,
    23.498570680618286,
    23.317413091659546,
    23.111222505569458,
    23.03853702545166
  ]
}