{
  "target_distribution": "IIDBeta",
  "proposal_distribution": "Normal",
  "dimension": 2,
  "num_iterations": 100000,
  "seed": 11,
  "total_time": 1070.0529055595398,
  "max_esjd": 0.03808439522981644,
  "max_acceptance_rate": 0.37393,
  "max_scale_param": 0.46641025641025646,
  "expected_squared_jump_distances": [
    9.790938202058896e-05,
    0.0009909874061122537,
    0.0026704445481300354,
    0.004965770058333874,
    0.007698490284383297,
    0.010752073489129543,
    0.01397369708865881,
    0.017214398831129074,
    0.02048211358487606,
    0.023575179278850555,
    0.026371827349066734,
    0.028995385393500328,
    0.031150653958320618,
    0.033204108476638794,
    0.03463960438966751,
    0.035992443561553955,
    0.03687912970781326,
    0.03747881203889847,
    0.03782924637198448,
    0.03792034462094307,
    0.03808439522981644,
    0.03771376609802246,
    0.03760691359639168,
    0.03648310899734497,
    0.03597862645983696,
    0.03537251427769661,
    0.034832801669836044,
    0.03349587693810463,
    0.03311002999544144,
    0.031711313873529434,
    0.030964098870754242,
    0.030817579478025436,
    0.029241541400551796,
    0.028882533311843872,
    0.02824339270591736,
    0.02760295383632183,
    0.026276996359229088,
    0.025408143177628517,
    0.024539649486541748,
    0.024222781881690025
  ],
  "acceptance_rates": [
    0.98722,
    0.9474,
    0.90896,
    0.87139,
    0.83274,
    0.79732,
    0.76194,
    0.7263,
    0.6931,
    0.66217,
    0.62891,
    0.59788,
    0.5681,
    0.53939,
    0.51315,
    0.4857,
    0.46074,
    0.43788,
    0.4159,
    0.39388,
    0.37393,
    0.35507,
    0.33824,
    0.3205,
    0.30357,
    0.2905,
    0.27645,
    0.26212,
    0.2523,
    0.23791,
    0.22682,
    0.21949,
    0.20595,
    0.19881,
    0.19006,
    0.18341,
    0.17495,
    0.16792,
    0.15986,
    0.15413
  ],
  "scale_param_range": [
    0.01,
    0.03282051282051282,
    0.055641025641025646,
    0.07846153846153846,
    0.10128205128205128,
    0.12410256410256411,
    0.14692307692307693,
    0.16974358974358977,
    0.19256410256410258,
    0.2153846153846154,
    0.23820512820512824,
    0.2610256410256411,
    0.28384615384615386,
    0.3066666666666667,
    0.32948717948717954,
    0.3523076923076923,
    0.37512820512820516,
    0.397948717948718,
    0.4207692307692308,
    0.4435897435897436,
    0.46641025641025646,
    0.48923076923076925,
    0.5120512820512821,
    0.5348717948717949,
    0.5576923076923077,
    0.5805128205128206,
    0.6033333333333334,
    0.6261538461538462,
    0.6489743589743591,
    0.6717948717948719,
    0.6946153846153846,
    0.7174358974358975,
    0.7402564102564103,
    0.7630769230769231,
    0.785897435897436,
    0.8087179487179488,
    0.8315384615384616,
    0.8543589743589745,
    0.8771794871794872,
    0.9
  ],
  "times": [
    32.66915249824524,
    32.45108699798584,
    29.512492418289185,
    29.444517374038696,
    29.395286321640015,
    29.182894706726074,
    29.1029634475708,
    29.04495406150818,
    28.900659322738647,
    28.73271632194519,
    28.443849086761475,
    29.246623516082764,
    28.354748249053955,
    27.919487714767456,
    27.736388444900513,
    27.551695108413696,
    27.017158269882202,
    27.034647941589355,
    26.647180318832397,
    26.3997905254364,
    26.235851526260376,
    26.474480390548706,
    26.285706758499146,
    25.80655574798584,
    25.66857099533081,
    25.365933179855347,
    25.161291360855103,
    25.08418869972229,
    24.820847749710083,
    24.699525356292725,
    24.47058629989624,
    24.309529066085815,
    24.101755142211914,
    24.160348892211914,
    23.881859064102173,
    23.730881690979004,
    23.587007522583008,
    24.06949734687805,
    23.99735188484192,
    23.316369771957397
  ]
}