{
  "target_distribution": "IIDBeta",
  "proposal_distribution": "Normal",
  "dimension": 10,
  "num_iterations": 200000,
  "seed": 1,
  "total_time": 2491.625859260559,
  "max_esjd": 0.04183244705200195,
  "max_acceptance_rate": 0.280745,
  "max_scale_param": 0.4207692307692308,
  "expected_squared_jump_distances": [
    9.774426143849269e-05,
    0.0009988857200369239,
    0.00270117842592299,
    0.00504902470856905,
    0.007867961190640926,
    0.011053336784243584,
    0.014402762986719608,
    0.01788170076906681,
    0.02127404883503914,
    0.02462746575474739,
    0.027746476233005524,
    0.030631596222519875,
    0.03320742025971413,
    0.035462409257888794,
    0.037450432777404785,
    0.03916105255484581,
    0.04007751867175102,
    0.04120214655995369,
    0.04183244705200195,
    0.04162091761827469,
    0.041476570069789886,
    0.0411587730050087,
    0.040641553699970245,
    0.03992347791790962,
    0.03827059641480446,
    0.03688177466392517,
    0.03611277416348457,
    0.03458505496382713,
    0.032486237585544586,
    0.031190907582640648,
    0.02940881811082363,
    0.028271803632378578,
    0.026679223403334618,
    0.024936983361840248,
    0.02340834215283394,
    0.022376034408807755,
    0.020248055458068848,
    0.01857733353972435,
    0.01742469146847725,
    0.01611100509762764
  ],
  "acceptance_rates": [
    0.97973,
    0.93422,
    0.884395,
    0.835945,
    0.787445,
    0.7422,
    0.695635,
    0.651925,
    0.60843,
    0.568445,
    0.529625,
    0.49167,
    0.4556,
    0.42074,
    0.389925,
    0.36071,
    0.330295,
    0.30523,
    0.280745,
    0.25553,
    0.23371,
    0.21372,
    0.195035,
    0.178465,
    0.16032,
    0.145735,
    0.133275,
    0.12013,
    0.10777,
    0.09789,
    0.08858,
    0.080565,
    0.07281,
    0.0657,
    0.05933,
    0.053915,
    0.04761,
    0.042345,
    0.03797,
    0.03456
  ],
  "scale_param_range": [
    0.01,
    0.03282051282051282,
    0.055641025641025646,
    0.07846153846153846,
    0.10128205128205128,
    0.12410256410256411,
    0.14692307692307693,
    0.16974358974358977,
    0.19256410256410258,
    0.2153846153846154,
    0.23820512820512824,
    0.2610256410256411,
    0.28384615384615386,
    0.3066666666666667,
    0.32948717948717954,
    0.3523076923076923,
    0.37512820512820516,
    0.397948717948718,
    0.4207692307692308,
    0.4435897435897436,
    0.46641025641025646,
    0.48923076923076925,
    0.5120512820512821,
    0.5348717948717949,
    0.5576923076923077,
    0.5805128205128206,
    0.6033333333333334,
    0.6261538461538462,
    0.6489743589743591,
    0.6717948717948719,
    0.6946153846153846,
    0.7174358974358975,
    0.7402564102564103,
    0.7630769230769231,
    0.785897435897436,
    0.8087179487179488,
    0.8315384615384616,
    0.8543589743589745,
    0.8771794871794872,
    0.9
  ],
  "times": [
    70.61452794075012,
    70.8818039894104,
    70.77838230133057,
    70.5929663181305,
    70.30491828918457,
    70.02144408226013,
    69.49987816810608,
    69.57318258285522,
    68.58361291885376,
    68.68592762947083,
    67.81392788887024,
    67.29393744468689,
    66.97809386253357,
    66.47201418876648,
    65.4813117980957,
    65.30534362792969,
    65.18970441818237,
    63.5873818397522,
    63.06046223640442,
    62.21583867073059,
    61.79212474822998,
    61.081568241119385,
    60.69351577758789,
    60.59199118614197,
    60.689152002334595,
    62.568567514419556,
    62.34565782546997,
    57.70333671569824,
    56.55201077461243,
    56.06113934516907,
    55.7947199344635,
    55.2678656578064,
    54.474326610565186,
    54.46324062347412,
    54.575342655181885,
    53.36461544036865,
    52.93865466117859,
    52.93867087364197,
    52.46542453765869,
    52.23905158042908
  ]
}