{
  "target_distribution": "IIDBeta",
  "proposal_distribution": "Normal",
  "dimension": 10,
  "num_iterations": 200000,
  "seed": 8,
  "total_time": 1176.410846710205,
  "max_esjd": 0.04159024357795715,
  "max_acceptance_rate": 0.255165,
  "max_scale_param": 0.4435897435897436,
  "expected_squared_jump_distances": [
    9.781217522686347e-05,
    0.0009935719426721334,
    0.0026917671784758568,
    0.005023852456361055,
    0.007852323353290558,
    0.011007065884768963,
    0.014330347068607807,
    0.01784147322177887,
    0.021210068836808205,
    0.02456340380012989,
    0.027570979669690132,
    0.03047809563577175,
    0.033091235905885696,
    0.035260360687971115,
    0.037170931696891785,
    0.03890674188733101,
    0.039934106171131134,
    0.04070914164185524,
    0.04132431000471115,
    0.04159024357795715,
    0.04130444675683975,
    0.04082605615258217,
    0.04031187668442726,
    0.03908398374915123,
    0.037824757397174835,
    0.03734038025140762,
    0.03584907576441765,
    0.03452217951416969,
    0.03294522315263748,
    0.0313747376203537,
    0.029299112036824226,
    0.027866849675774574,
    0.026073552668094635,
    0.024538544937968254,
    0.02315286174416542,
    0.021678604185581207,
    0.020598573610186577,
    0.018850931897759438,
    0.01759525202214718,
    0.016244515776634216
  ],
  "acceptance_rates": [
    0.9779,
    0.927305,
    0.879395,
    0.83096,
    0.784405,
    0.73762,
    0.69097,
    0.64922,
    0.605615,
    0.565755,
    0.525285,
    0.48805,
    0.45233,
    0.41856,
    0.38574,
    0.35765,
    0.328595,
    0.301105,
    0.27717,
    0.255165,
    0.23202,
    0.212115,
    0.193915,
    0.17511,
    0.158655,
    0.14652,
    0.13282,
    0.120095,
    0.108505,
    0.09877,
    0.087655,
    0.07969,
    0.071925,
    0.0647,
    0.05843,
    0.052985,
    0.048195,
    0.0427,
    0.03873,
    0.034725
  ],
  "scale_param_range": [
    0.01,
    0.03282051282051282,
    0.055641025641025646,
    0.07846153846153846,
    0.10128205128205128,
    0.12410256410256411,
    0.14692307692307693,
    0.16974358974358977,
    0.19256410256410258,
    0.2153846153846154,
    0.23820512820512824,
    0.2610256410256411,
    0.28384615384615386,
    0.3066666666666667,
    0.32948717948717954,
    0.3523076923076923,
    0.37512820512820516,
    0.397948717948718,
    0.4207692307692308,
    0.4435897435897436,
    0.46641025641025646,
    0.48923076923076925,
    0.5120512820512821,
    0.5348717948717949,
    0.5576923076923077,
    0.5805128205128206,
    0.6033333333333334,
    0.6261538461538462,
    0.6489743589743591,
    0.6717948717948719,
    0.6946153846153846,
    0.7174358974358975,
    0.7402564102564103,
    0.7630769230769231,
    0.785897435897436,
    0.8087179487179488,
    0.8315384615384616,
    0.8543589743589745,
    0.8771794871794872,
    0.9
  ],
  "times": [
    31.821293354034424,
    32.47667741775513,
    32.593061447143555,
    32.61401319503784,
    32.40494394302368,
    32.3457818031311,
    33.10472583770752,
    32.45286250114441,
    31.905256748199463,
    32.12000846862793,
    31.583950996398926,
    31.41304922103882,
    31.303114652633667,
    30.96405291557312,
    30.625314474105835,
    30.36888861656189,
    29.9607036113739,
    29.621407508850098,
    29.430409908294678,
    29.195151567459106,
    29.194389820098877,
    28.65280270576477,
    28.34231972694397,
    28.012409448623657,
    27.755051374435425,
    27.564995050430298,
    27.045289516448975,
    27.44190239906311,
    26.72965407371521,
    26.157766342163086,
    25.527638912200928,
    25.649370908737183,
    27.684261560440063,
    29.579134225845337,
    29.25053358078003,
    27.515499591827393,
    26.774494409561157,
    26.955294609069824,
    25.628581523895264,
    25.242906093597412
  ]
}