{
  "target_distribution": "IIDBeta",
  "proposal_distribution": "Normal",
  "dimension": 100,
  "num_iterations": 200000,
  "seed": 20,
  "total_time": 2653.1607978343964,
  "max_esjd": 0.03049776330590248,
  "max_acceptance_rate": 0.225985,
  "max_scale_param": 0.37102564102564106,
  "expected_squared_jump_distances": [
    9.746668365551159e-05,
    0.000648497196380049,
    0.0016229106113314629,
    0.002947001252323389,
    0.004561427515000105,
    0.006394898518919945,
    0.008402391336858273,
    0.010494335554540157,
    0.012655053287744522,
    0.014836526475846767,
    0.0169108547270298,
    0.01890280470252037,
    0.020885542035102844,
    0.02263149805366993,
    0.024151751771569252,
    0.025616290047764778,
    0.026767900213599205,
    0.027824642136693,
    0.02879451774060726,
    0.029610561206936836,
    0.029764382168650627,
    0.02982715331017971,
    0.03049776330590248,
    0.0300432275980711,
    0.029804768040776253,
    0.029335858300328255,
    0.028927862644195557,
    0.028584634885191917,
    0.02761818841099739,
    0.026633918285369873,
    0.02561376430094242,
    0.024422721937298775,
    0.023525649681687355,
    0.022326862439513206,
    0.0217882227152586,
    0.020340684801340103,
    0.019398124888539314,
    0.018430419266223907,
    0.01711154915392399,
    0.016059020534157753
  ],
  "acceptance_rates": [
    0.9746,
    0.93007,
    0.88592,
    0.841345,
    0.799005,
    0.7568,
    0.71669,
    0.675675,
    0.636955,
    0.599825,
    0.561185,
    0.52459,
    0.49184,
    0.457825,
    0.424455,
    0.39499,
    0.364725,
    0.33766,
    0.31339,
    0.29056,
    0.264615,
    0.2416,
    0.225985,
    0.20413,
    0.18688,
    0.17015,
    0.15552,
    0.14271,
    0.12885,
    0.11614,
    0.10473,
    0.093725,
    0.08505,
    0.0761,
    0.070065,
    0.061985,
    0.056015,
    0.05045,
    0.04455,
    0.03985
  ],
  "scale_param_range": [
    0.01,
    0.026410256410256412,
    0.04282051282051282,
    0.05923076923076923,
    0.07564102564102564,
    0.09205128205128205,
    0.10846153846153846,
    0.12487179487179487,
    0.1412820512820513,
    0.1576923076923077,
    0.1741025641025641,
    0.19051282051282054,
    0.20692307692307693,
    0.22333333333333333,
    0.23974358974358975,
    0.2561538461538462,
    0.2725641025641026,
    0.28897435897435897,
    0.30538461538461537,
    0.3217948717948718,
    0.3382051282051282,
    0.3546153846153846,
    0.37102564102564106,
    0.38743589743589746,
    0.40384615384615385,
    0.42025641025641025,
    0.43666666666666665,
    0.4530769230769231,
    0.4694871794871795,
    0.4858974358974359,
    0.5023076923076923,
    0.5187179487179487,
    0.5351282051282051,
    0.5515384615384615,
    0.5679487179487179,
    0.5843589743589743,
    0.6007692307692307,
    0.6171794871794872,
    0.6335897435897436,
    0.65
  ],
  "times": [
    71.90108752250671,
    72.30538439750671,
    72.66052460670471,
    72.83349704742432,
    71.99657678604126,
    72.80993366241455,
    71.95330238342285,
    71.61989402770996,
    72.0148115158081,
    71.89081048965454,
    70.87360858917236,
    70.43359994888306,
    69.96385526657104,
    69.57598447799683,
    69.45778965950012,
    68.7100875377655,
    68.1828224658966,
    68.04249858856201,
    67.59700417518616,
    67.45261359214783,
    66.97092390060425,
    66.14990592002869,
    66.01347041130066,
    65.80155086517334,
    64.81820797920227,
    64.8046305179596,
    63.499107837677,
    63.16228890419006,
    63.02568197250366,
    62.313740253448486,
    61.316508531570435,
    60.83791470527649,
    60.19609832763672,
    60.12082767486572,
    59.67203950881958,
    59.18727159500122,
    58.86134195327759,
    58.677226543426514,
    58.11818218231201,
    57.26921248435974
  ]
}