{
  "target_distribution": "IIDBeta",
  "proposal_distribution": "Normal",
  "dimension": 2,
  "num_iterations": 100000,
  "seed": 19,
  "total_time": 1084.6575560569763,
  "max_esjd": 0.03788116201758385,
  "max_acceptance_rate": 0.35596,
  "max_scale_param": 0.48923076923076925,
  "expected_squared_jump_distances": [
    9.790254262043163e-05,
    0.000991124426946044,
    0.0026716093998402357,
    0.004965207539498806,
    0.007699851877987385,
    0.010755595751106739,
    0.013989202678203583,
    0.017188796773552895,
    0.020491493865847588,
    0.023663345724344254,
    0.026339806616306305,
    0.028871463611721992,
    0.03118138015270233,
    0.033011313527822495,
    0.03463060036301613,
    0.03600197657942772,
    0.0369315929710865,
    0.03760325908660889,
    0.037567585706710815,
    0.03775788098573685,
    0.03786492720246315,
    0.03788116201758385,
    0.03658076748251915,
    0.03626859560608864,
    0.035923298448324203,
    0.03503163903951645,
    0.03465021029114723,
    0.03385692462325096,
    0.03272692859172821,
    0.032201264053583145,
    0.03126741200685501,
    0.03035176731646061,
    0.029483692720532417,
    0.028669869527220726,
    0.027951806783676147,
    0.027331171557307243,
    0.026486817747354507,
    0.025846440345048904,
    0.024923499673604965,
    0.0241157878190279
  ],
  "acceptance_rates": [
    0.98716,
    0.94751,
    0.90921,
    0.87149,
    0.83376,
    0.79733,
    0.7622,
    0.72665,
    0.69374,
    0.66209,
    0.62834,
    0.59755,
    0.56728,
    0.53935,
    0.51202,
    0.48745,
    0.46182,
    0.43744,
    0.41428,
    0.39392,
    0.37359,
    0.35596,
    0.33582,
    0.31985,
    0.30382,
    0.28924,
    0.27622,
    0.26434,
    0.25021,
    0.23952,
    0.22816,
    0.21727,
    0.20801,
    0.19815,
    0.19016,
    0.18255,
    0.17533,
    0.16867,
    0.16136,
    0.15434
  ],
  "scale_param_range": [
    0.01,
    0.03282051282051282,
    0.055641025641025646,
    0.07846153846153846,
    0.10128205128205128,
    0.12410256410256411,
    0.14692307692307693,
    0.16974358974358977,
    0.19256410256410258,
    0.2153846153846154,
    0.23820512820512824,
    0.2610256410256411,
    0.28384615384615386,
    0.3066666666666667,
    0.32948717948717954,
    0.3523076923076923,
    0.37512820512820516,
    0.397948717948718,
    0.4207692307692308,
    0.4435897435897436,
    0.46641025641025646,
    0.48923076923076925,
    0.5120512820512821,
    0.5348717948717949,
    0.5576923076923077,
    0.5805128205128206,
    0.6033333333333334,
    0.6261538461538462,
    0.6489743589743591,
    0.6717948717948719,
    0.6946153846153846,
    0.7174358974358975,
    0.7402564102564103,
    0.7630769230769231,
    0.785897435897436,
    0.8087179487179488,
    0.8315384615384616,
    0.8543589743589745,
    0.8771794871794872,
    0.9
  ],
  "times": [
    30.886717557907104,
    30.88260054588318,
    30.043222188949585,
    29.81155228614807,
    29.709667205810547,
    29.65249991416931,
    29.462673664093018,
    29.464638710021973,
    29.228036880493164,
    29.0524001121521,
    28.731640338897705,
    29.420562267303467,
    28.914506673812866,
    28.4151771068573,
    28.005171060562134,
    27.92066979408264,
    27.460650205612183,
    27.361241579055786,
    27.12615466117859,
    26.930742979049683,
    26.812379837036133,
    26.886484384536743,
    26.73711609840393,
    26.713701009750366,
    26.507312774658203,
    25.9606876373291,
    25.5204656124115,
    25.481712579727173,
    25.16605305671692,
    25.025250673294067,
    24.850899696350098,
    24.83444356918335,
    24.66952395439148,
    24.760066270828247,
    24.54582118988037,
    24.516284942626953,
    24.49458932876587,
    24.877509117126465,
    23.79969811439514,
    23.979809284210205
  ]
}