{
  "target_distribution": "IIDBeta",
  "proposal_distribution": "Normal",
  "dimension": 30,
  "num_iterations": 100000,
  "seed": 11,
  "total_time": 1043.435329914093,
  "max_esjd": 0.03629433363676071,
  "max_acceptance_rate": 0.21986,
  "max_scale_param": 0.4207692307692308,
  "expected_squared_jump_distances": [
    9.728530858410522e-05,
    0.0009858846897259355,
    0.0026612074580043554,
    0.004967937245965004,
    0.007701991591602564,
    0.010732150636613369,
    0.013895207084715366,
    0.017163299024105072,
    0.020288191735744476,
    0.02327272854745388,
    0.026038726791739464,
    0.028491860255599022,
    0.030710946768522263,
    0.03218233212828636,
    0.034157123416662216,
    0.03522390127182007,
    0.035877566784620285,
    0.03583656996488571,
    0.03629433363676071,
    0.035774003714323044,
    0.035071831196546555,
    0.034381844103336334,
    0.03349175304174423,
    0.031470175832509995,
    0.030809778720140457,
    0.028691576793789864,
    0.028089608997106552,
    0.025835998356342316,
    0.024334853515028954,
    0.022466951981186867,
    0.02094249054789543,
    0.019532404839992523,
    0.017724063247442245,
    0.016463275998830795,
    0.014523865655064583,
    0.013952692970633507,
    0.012458893470466137,
    0.011425222270190716,
    0.010452892631292343,
    0.009592967107892036
  ],
  "acceptance_rates": [
    0.97344,
    0.91783,
    0.864,
    0.81346,
    0.75899,
    0.70622,
    0.65522,
    0.60797,
    0.56034,
    0.51572,
    0.47335,
    0.43366,
    0.39734,
    0.35842,
    0.32999,
    0.2993,
    0.27043,
    0.24145,
    0.21986,
    0.19575,
    0.17465,
    0.15669,
    0.13974,
    0.12144,
    0.1103,
    0.09521,
    0.08692,
    0.07484,
    0.06558,
    0.05725,
    0.05024,
    0.04434,
    0.03821,
    0.0337,
    0.02826,
    0.02559,
    0.02177,
    0.01919,
    0.01693,
    0.01458
  ],
  "scale_param_range": [
    0.01,
    0.03282051282051282,
    0.055641025641025646,
    0.07846153846153846,
    0.10128205128205128,
    0.12410256410256411,
    0.14692307692307693,
    0.16974358974358977,
    0.19256410256410258,
    0.2153846153846154,
    0.23820512820512824,
    0.2610256410256411,
    0.28384615384615386,
    0.3066666666666667,
    0.32948717948717954,
    0.3523076923076923,
    0.37512820512820516,
    0.397948717948718,
    0.4207692307692308,
    0.4435897435897436,
    0.46641025641025646,
    0.48923076923076925,
    0.5120512820512821,
    0.5348717948717949,
    0.5576923076923077,
    0.5805128205128206,
    0.6033333333333334,
    0.6261538461538462,
    0.6489743589743591,
    0.6717948717948719,
    0.6946153846153846,
    0.7174358974358975,
    0.7402564102564103,
    0.7630769230769231,
    0.785897435897436,
    0.8087179487179488,
    0.8315384615384616,
    0.8543589743589745,
    0.8771794871794872,
    0.9
  ],
  "times": [
    30.1793794631958,
    29.583064794540405,
    29.632302045822144,
    29.701579332351685,
    29.229573249816895,
    29.07095217704773,
    28.994914770126343,
    28.727433681488037,
    29.347408056259155,
    30.67509174346924,
    28.198493003845215,
    27.995314598083496,
    27.7598557472229,
    27.277202367782593,
    27.3042893409729,
    27.097957849502563,
    26.812010288238525,
    26.56315588951111,
    27.94005537033081,
    28.05565357208252,
    27.052099466323853,
    25.51102304458618,
    25.108722686767578,
    24.827202081680298,
    24.652939558029175,
    24.39885640144348,
    24.1952702999115,
    23.75253939628601,
    23.639946222305298,
    23.47552227973938,
    23.11055874824524,
    24.658039093017578,
    23.906436920166016,
    22.683544158935547,
    22.924438953399658,
    22.14250874519348,
    21.90938091278076,
    21.913405895233154,
    21.7373788356781,
    21.647782802581787
  ]
}