{
  "target_distribution": "IIDBeta",
  "proposal_distribution": "Normal",
  "dimension": 30,
  "num_iterations": 200000,
  "seed": 5,
  "total_time": 2112.8304908275604,
  "max_esjd": 0.03619837760925293,
  "max_acceptance_rate": 0.243265,
  "max_scale_param": 0.397948717948718,
  "expected_squared_jump_distances": [
    9.731241152621806e-05,
    0.000988064450211823,
    0.002662571845576167,
    0.0049614859744906425,
    0.007702206261456013,
    0.01074580755084753,
    0.013915427960455418,
    0.017184657976031303,
    0.020265063270926476,
    0.023347800597548485,
    0.02610272355377674,
    0.028541216626763344,
    0.030739963054656982,
    0.032685328274965286,
    0.03397208824753761,
    0.03526424244046211,
    0.03583119437098503,
    0.03619837760925293,
    0.035931799560785294,
    0.03603057935833931,
    0.03530663624405861,
    0.034514158964157104,
    0.03323185443878174,
    0.03281437233090401,
    0.0312667042016983,
    0.029353560879826546,
    0.027766551822423935,
    0.025949472561478615,
    0.024510551244020462,
    0.023351576179265976,
    0.021376952528953552,
    0.019974080845713615,
    0.018143851310014725,
    0.016918595880270004,
    0.01568070985376835,
    0.014296362176537514,
    0.012959002517163754,
    0.011515120975673199,
    0.010560976341366768,
    0.009051056578755379
  ],
  "acceptance_rates": [
    0.9736,
    0.91941,
    0.864235,
    0.811975,
    0.7586,
    0.70739,
    0.65542,
    0.608305,
    0.55973,
    0.51697,
    0.474225,
    0.43398,
    0.39706,
    0.3628,
    0.328825,
    0.299985,
    0.270025,
    0.243265,
    0.217675,
    0.197005,
    0.17568,
    0.157265,
    0.13931,
    0.12653,
    0.11134,
    0.09739,
    0.086145,
    0.075015,
    0.06675,
    0.05957,
    0.051375,
    0.045235,
    0.03885,
    0.034295,
    0.03031,
    0.026195,
    0.02271,
    0.01932,
    0.0169,
    0.01401
  ],
  "scale_param_range": [
    0.01,
    0.03282051282051282,
    0.055641025641025646,
    0.07846153846153846,
    0.10128205128205128,
    0.12410256410256411,
    0.14692307692307693,
    0.16974358974358977,
    0.19256410256410258,
    0.2153846153846154,
    0.23820512820512824,
    0.2610256410256411,
    0.28384615384615386,
    0.3066666666666667,
    0.32948717948717954,
    0.3523076923076923,
    0.37512820512820516,
    0.397948717948718,
    0.4207692307692308,
    0.4435897435897436,
    0.46641025641025646,
    0.48923076923076925,
    0.5120512820512821,
    0.5348717948717949,
    0.5576923076923077,
    0.5805128205128206,
    0.6033333333333334,
    0.6261538461538462,
    0.6489743589743591,
    0.6717948717948719,
    0.6946153846153846,
    0.7174358974358975,
    0.7402564102564103,
    0.7630769230769231,
    0.785897435897436,
    0.8087179487179488,
    0.8315384615384616,
    0.8543589743589745,
    0.8771794871794872,
    0.9
  ],
  "times": [
    60.35772967338562,
    60.303972005844116,
    60.375404834747314,
    60.60061597824097,
    60.11612629890442,
    60.00052094459534,
    59.32705855369568,
    59.17959642410278,
    58.616554260253906,
    58.447275161743164,
    57.81548881530762,
    57.61186718940735,
    56.89789843559265,
    56.654847383499146,
    55.83575463294983,
    55.60609841346741,
    54.771848917007446,
    54.318406105041504,
    53.558109283447266,
    53.29383087158203,
    52.56189727783203,
    52.248648166656494,
    51.42340397834778,
    51.19124746322632,
    50.74636793136597,
    50.2404510974884,
    49.14450025558472,
    48.91545128822327,
    48.11317324638367,
    47.92716360092163,
    47.233301877975464,
    46.96788048744202,
    46.44559192657471,
    46.315494537353516,
    45.627853870391846,
    45.34905219078064,
    44.995086908340454,
    44.87243843078613,
    44.48870015144348,
    44.28595852851868
  ]
}