{
  "target_distribution": "IIDBeta",
  "proposal_distribution": "Normal",
  "dimension": 100,
  "num_iterations": 200000,
  "seed": 16,
  "total_time": 2234.787665605545,
  "max_esjd": 0.030405990779399872,
  "max_acceptance_rate": 0.225415,
  "max_scale_param": 0.37102564102564106,
  "expected_squared_jump_distances": [
    9.755515930010006e-05,
    0.0006479007424786687,
    0.0016247729072347283,
    0.002950068796053529,
    0.00455267122015357,
    0.006381113547831774,
    0.008368151262402534,
    0.01046802382916212,
    0.01261815894395113,
    0.014687048271298409,
    0.01679832488298416,
    0.01878613792359829,
    0.020748665556311607,
    0.022625433281064034,
    0.024254508316516876,
    0.025467630475759506,
    0.026960913091897964,
    0.02782532386481762,
    0.028925864025950432,
    0.029690956696867943,
    0.03001282550394535,
    0.03006969951093197,
    0.030405990779399872,
    0.029794013127684593,
    0.030152665451169014,
    0.029365770518779755,
    0.02910751663148403,
    0.028597822412848473,
    0.02779536321759224,
    0.026944240555167198,
    0.025360217317938805,
    0.025175927206873894,
    0.023450255393981934,
    0.023163076490163803,
    0.022082123905420303,
    0.020454518496990204,
    0.0195428729057312,
    0.01876259781420231,
    0.017386380583047867,
    0.016043439507484436
  ],
  "acceptance_rates": [
    0.97496,
    0.9289,
    0.886605,
    0.84175,
    0.797145,
    0.754805,
    0.71356,
    0.67394,
    0.635025,
    0.593895,
    0.55768,
    0.521455,
    0.488775,
    0.457975,
    0.42645,
    0.392645,
    0.36749,
    0.337565,
    0.314775,
    0.29129,
    0.26691,
    0.2436,
    0.225415,
    0.202705,
    0.18893,
    0.170165,
    0.15651,
    0.14299,
    0.12957,
    0.11751,
    0.103505,
    0.0966,
    0.08482,
    0.079,
    0.07107,
    0.062225,
    0.056475,
    0.051365,
    0.045315,
    0.03962
  ],
  "scale_param_range": [
    0.01,
    0.026410256410256412,
    0.04282051282051282,
    0.05923076923076923,
    0.07564102564102564,
    0.09205128205128205,
    0.10846153846153846,
    0.12487179487179487,
    0.1412820512820513,
    0.1576923076923077,
    0.1741025641025641,
    0.19051282051282054,
    0.20692307692307693,
    0.22333333333333333,
    0.23974358974358975,
    0.2561538461538462,
    0.2725641025641026,
    0.28897435897435897,
    0.30538461538461537,
    0.3217948717948718,
    0.3382051282051282,
    0.3546153846153846,
    0.37102564102564106,
    0.38743589743589746,
    0.40384615384615385,
    0.42025641025641025,
    0.43666666666666665,
    0.4530769230769231,
    0.4694871794871795,
    0.4858974358974359,
    0.5023076923076923,
    0.5187179487179487,
    0.5351282051282051,
    0.5515384615384615,
    0.5679487179487179,
    0.5843589743589743,
    0.6007692307692307,
    0.6171794871794872,
    0.6335897435897436,
    0.65
  ],
  "times": [
    61.61256504058838,
    61.58277177810669,
    61.30575227737427,
    61.278634548187256,
    60.983872413635254,
    60.972142934799194,
    60.991782426834106,
    61.00161027908325,
    60.39399862289429,
    60.43700933456421,
    59.71453285217285,
    59.317808389663696,
    58.73111939430237,
    58.54678416252136,
    58.269761085510254,
    57.86628079414368,
    57.48540663719177,
    57.07626557350159,
    56.87072157859802,
    56.3321373462677,
    56.083956241607666,
    55.919947385787964,
    55.233845710754395,
    54.82102179527283,
    54.40573191642761,
    53.8350670337677,
    53.419365644454956,
    53.21000409126282,
    52.80652594566345,
    52.400956869125366,
    51.63453459739685,
    51.66943860054016,
    51.73222470283508,
    51.1250958442688,
    50.26117539405823,
    49.7240686416626,
    49.428608894348145,
    49.24639415740967,
    48.72062158584595,
    48.26689624786377
  ]
}