{
    "max_esjd": 0.04153012094145706,
    "max_acceptance_rate": 0.2383376166238338,
    "max_variance_value": 0.4615389487179487,
    "expected_squared_jump_distances": [
        9.98537486423332e-13,
        0.0005028996389395309,
        0.0018963024489744925,
        0.003995338662883227,
        0.006661613729076391,
        0.009734065434357498,
        0.01305207045241304,
        0.0165467535389933,
        0.020020057558323576,
        0.023337605727725964,
        0.02653717103222169,
        0.02963073873154695,
        0.03241556557014687,
        0.03471778098071587,
        0.036717934603414895,
        0.038477850509369985,
        0.03968169682334839,
        0.04054579228833752,
        0.04098439743676465,
        0.04143114127243748,
        0.04153012094145706,
        0.041167820878013475,
        0.04039328436097282,
        0.0397077652625748,
        0.03835860551096732,
        0.03742212319774134,
        0.03593630874452919,
        0.03466202740096476,
        0.03303331179229084,
        0.03147572952394377,
        0.02991685765386921,
        0.02815717824549615,
        0.026849052072405472,
        0.025088455383110508,
        0.023338814055221608,
        0.021949858019495817,
        0.020516213785619217,
        0.01889502504605775,
        0.01758362191232534,
        0.016146028587541238
    ],
    "acceptance_rates": [
        0.9999800001999979,
        0.9508644913550865,
        0.9010749892501074,
        0.8496175038249618,
        0.801919980800192,
        0.7562504374956249,
        0.7091289087109128,
        0.665829341706583,
        0.6230337696623034,
        0.5787962120378797,
        0.5386326136738632,
        0.5018269817301826,
        0.4658353416465835,
        0.4307236927630724,
        0.3971640283597164,
        0.3664283357166428,
        0.3365906340936591,
        0.3092589074109259,
        0.2824651753482465,
        0.2597154028459715,
        0.2383376166238338,
        0.21768182318176818,
        0.19741402585974138,
        0.18042019579804203,
        0.16311236887631123,
        0.14868251317486825,
        0.13450065499345007,
        0.12239077609223907,
        0.1102548974510255,
        0.0999030009699903,
        0.09040509594904052,
        0.08122118778812212,
        0.07358326416735832,
        0.06611333886661133,
        0.05971340286597134,
        0.05393746062539375,
        0.048215517844821545,
        0.04303756962430375,
        0.038861611383886156,
        0.03458165418345817
    ],
    "var_value_range": [
        1e-06,
        0.023077897435897436,
        0.04615479487179487,
        0.0692316923076923,
        0.09230858974358974,
        0.11538548717948718,
        0.1384623846153846,
        0.16153928205128204,
        0.18461617948717948,
        0.20769307692307692,
        0.23076997435897437,
        0.25384687179487175,
        0.27692376923076917,
        0.30000066666666664,
        0.32307756410256405,
        0.3461544615384615,
        0.36923135897435894,
        0.39230825641025635,
        0.4153851538461538,
        0.43846205128205124,
        0.4615389487179487,
        0.4846158461538461,
        0.5076927435897436,
        0.5307696410256411,
        0.5538465384615384,
        0.5769234358974359,
        0.6000003333333334,
        0.6230772307692308,
        0.6461541282051282,
        0.6692310256410257,
        0.6923079230769231,
        0.7153848205128205,
        0.738461717948718,
        0.7615386153846154,
        0.7846155128205128,
        0.8076924102564103,
        0.8307693076923077,
        0.8538462051282051,
        0.8769231025641026,
        0.9
    ]
}