{
  "target_distribution": "IIDBeta",
  "proposal_distribution": "Normal",
  "dimension": 50,
  "num_iterations": 100000,
  "seed": 19,
  "total_time": 1052.856363773346,
  "max_esjd": 0.033238522708415985,
  "max_acceptance_rate": 0.19582,
  "max_scale_param": 0.4207692307692308,
  "expected_squared_jump_distances": [
    9.780822438187897e-05,
    0.0009869004134088755,
    0.002649664646014571,
    0.004910822957754135,
    0.007592502050101757,
    0.010570460930466652,
    0.013652282766997814,
    0.016785696148872375,
    0.019705912098288536,
    0.0226892102509737,
    0.02525816299021244,
    0.027394525706768036,
    0.029201002791523933,
    0.03089872933924198,
    0.032217781990766525,
    0.033001743257045746,
    0.03290002793073654,
    0.03300800547003746,
    0.033238522708415985,
    0.03310295194387436,
    0.03195318952202797,
    0.030654557049274445,
    0.029783565551042557,
    0.028447812423110008,
    0.026129242032766342,
    0.025410722941160202,
    0.024165282025933266,
    0.022048402577638626,
    0.020459892228245735,
    0.018718216568231583,
    0.017089666798710823,
    0.015502282418310642,
    0.015008332207798958,
    0.013948388397693634,
    0.011004256084561348,
    0.010859008878469467,
    0.009713929146528244,
    0.008922876790165901,
    0.0072599779814481735,
    0.006612234283238649
  ],
  "acceptance_rates": [
    0.97761,
    0.91681,
    0.85761,
    0.80092,
    0.74458,
    0.69153,
    0.63831,
    0.58922,
    0.53907,
    0.49672,
    0.45341,
    0.4104,
    0.37141,
    0.33756,
    0.30548,
    0.2742,
    0.24275,
    0.21743,
    0.19582,
    0.17599,
    0.15425,
    0.13525,
    0.12043,
    0.10564,
    0.08968,
    0.08117,
    0.07121,
    0.06091,
    0.05276,
    0.04531,
    0.0389,
    0.03338,
    0.03038,
    0.02659,
    0.01999,
    0.01851,
    0.01583,
    0.01396,
    0.01078,
    0.00944
  ],
  "scale_param_range": [
    0.01,
    0.03282051282051282,
    0.055641025641025646,
    0.07846153846153846,
    0.10128205128205128,
    0.12410256410256411,
    0.14692307692307693,
    0.16974358974358977,
    0.19256410256410258,
    0.2153846153846154,
    0.23820512820512824,
    0.2610256410256411,
    0.28384615384615386,
    0.3066666666666667,
    0.32948717948717954,
    0.3523076923076923,
    0.37512820512820516,
    0.397948717948718,
    0.4207692307692308,
    0.4435897435897436,
    0.46641025641025646,
    0.48923076923076925,
    0.5120512820512821,
    0.5348717948717949,
    0.5576923076923077,
    0.5805128205128206,
    0.6033333333333334,
    0.6261538461538462,
    0.6489743589743591,
    0.6717948717948719,
    0.6946153846153846,
    0.7174358974358975,
    0.7402564102564103,
    0.7630769230769231,
    0.785897435897436,
    0.8087179487179488,
    0.8315384615384616,
    0.8543589743589745,
    0.8771794871794872,
    0.9
  ],
  "times": [
    32.16204786300659,
    31.48615860939026,
    29.708300828933716,
    29.612849950790405,
    29.436235189437866,
    29.46748971939087,
    29.218406438827515,
    29.105504751205444,
    28.73798155784607,
    28.859647035598755,
    28.974910736083984,
    30.01988387107849,
    28.17960500717163,
    27.817156076431274,
    27.556452989578247,
    27.32645297050476,
    27.080801963806152,
    26.652572631835938,
    26.518333673477173,
    26.24229669570923,
    26.65174651145935,
    27.27249765396118,
    27.002443075180054,
    25.20979404449463,
    24.750055074691772,
    24.380627393722534,
    24.352043390274048,
    23.983879566192627,
    23.85477876663208,
    23.473297834396362,
    23.248095273971558,
    23.15740418434143,
    22.98610258102417,
    22.88146162033081,
    24.03313970565796,
    23.316821098327637,
    22.234793186187744,
    22.14163064956665,
    21.940673112869263,
    21.779871225357056
  ]
}