{
  "target_distribution": "IIDBeta",
  "proposal_distribution": "Normal",
  "dimension": 50,
  "num_iterations": 100000,
  "seed": 17,
  "total_time": 1049.6613748073578,
  "max_esjd": 0.03372149169445038,
  "max_acceptance_rate": 0.19873,
  "max_scale_param": 0.4207692307692308,
  "expected_squared_jump_distances": [
    9.771049371920526e-05,
    0.0009875517571344972,
    0.0026519987732172012,
    0.004914512392133474,
    0.007599974051117897,
    0.010539183393120766,
    0.013652404770255089,
    0.016852084547281265,
    0.01985202729701996,
    0.022662298753857613,
    0.025200946256518364,
    0.027428554370999336,
    0.029234984889626503,
    0.031091811135411263,
    0.03211945295333862,
    0.03266138955950737,
    0.03345264121890068,
    0.03334369882941246,
    0.03372149169445038,
    0.03233182802796364,
    0.03187905251979828,
    0.030923310667276382,
    0.029717745259404182,
    0.028552208095788956,
    0.026533914729952812,
    0.025038354098796844,
    0.023890063166618347,
    0.022083789110183716,
    0.02108742669224739,
    0.018731916323304176,
    0.017034580931067467,
    0.015959961339831352,
    0.014544212259352207,
    0.013225696980953217,
    0.011921252124011517,
    0.010614898055791855,
    0.009836212731897831,
    0.008616310544312,
    0.007810242008417845,
    0.006882634945213795
  ],
  "acceptance_rates": [
    0.97663,
    0.91743,
    0.85826,
    0.80149,
    0.74523,
    0.68937,
    0.63824,
    0.59147,
    0.54251,
    0.49628,
    0.45226,
    0.41135,
    0.37153,
    0.33967,
    0.30504,
    0.27158,
    0.24636,
    0.21908,
    0.19873,
    0.17236,
    0.15447,
    0.13632,
    0.12006,
    0.10636,
    0.09112,
    0.07968,
    0.07074,
    0.0608,
    0.05426,
    0.0453,
    0.03883,
    0.03422,
    0.02953,
    0.02533,
    0.02161,
    0.01819,
    0.01608,
    0.01346,
    0.01154,
    0.00978
  ],
  "scale_param_range": [
    0.01,
    0.03282051282051282,
    0.055641025641025646,
    0.07846153846153846,
    0.10128205128205128,
    0.12410256410256411,
    0.14692307692307693,
    0.16974358974358977,
    0.19256410256410258,
    0.2153846153846154,
    0.23820512820512824,
    0.2610256410256411,
    0.28384615384615386,
    0.3066666666666667,
    0.32948717948717954,
    0.3523076923076923,
    0.37512820512820516,
    0.397948717948718,
    0.4207692307692308,
    0.4435897435897436,
    0.46641025641025646,
    0.48923076923076925,
    0.5120512820512821,
    0.5348717948717949,
    0.5576923076923077,
    0.5805128205128206,
    0.6033333333333334,
    0.6261538461538462,
    0.6489743589743591,
    0.6717948717948719,
    0.6946153846153846,
    0.7174358974358975,
    0.7402564102564103,
    0.7630769230769231,
    0.785897435897436,
    0.8087179487179488,
    0.8315384615384616,
    0.8543589743589745,
    0.8771794871794872,
    0.9
  ],
  "times": [
    30.51767659187317,
    29.936631202697754,
    29.947674989700317,
    29.853932857513428,
    29.713078498840332,
    29.577128887176514,
    29.388672351837158,
    29.29301953315735,
    29.032652378082275,
    29.05880308151245,
    28.780582189559937,
    28.53851342201233,
    29.06704831123352,
    27.98754620552063,
    27.73326325416565,
    27.47394847869873,
    27.11920714378357,
    27.01746416091919,
    26.65862536430359,
    26.375139474868774,
    25.985044479370117,
    25.854407787322998,
    25.428964614868164,
    25.106902599334717,
    24.810152053833008,
    24.684638261795044,
    24.44290328025818,
    24.159834623336792,
    24.00196623802185,
    23.981698274612427,
    23.450449228286743,
    23.334829330444336,
    23.260811805725098,
    22.967860460281372,
    22.698951482772827,
    22.649154663085938,
    23.085644483566284,
    22.396469593048096,
    22.200597047805786,
    22.046344995498657
  ]
}