{
  "target_distribution": "IIDBeta",
  "proposal_distribution": "Normal",
  "dimension": 50,
  "num_iterations": 100000,
  "seed": 15,
  "total_time": 1047.8174502849579,
  "max_esjd": 0.0335756354033947,
  "max_acceptance_rate": 0.22062,
  "max_scale_param": 0.397948717948718,
  "expected_squared_jump_distances": [
    9.775353828445077e-05,
    0.0009877164848148823,
    0.0026530760806053877,
    0.004916054662317038,
    0.007602565921843052,
    0.010565216653048992,
    0.01366434060037136,
    0.01682249642908573,
    0.019808324053883553,
    0.022636357694864273,
    0.025338806211948395,
    0.027456285431981087,
    0.029245169833302498,
    0.03095673769712448,
    0.032232217490673065,
    0.032918550074100494,
    0.03345738351345062,
    0.0335756354033947,
    0.03318919986486435,
    0.032404471188783646,
    0.03153526410460472,
    0.03147609159350395,
    0.029282230883836746,
    0.027639295905828476,
    0.026082763448357582,
    0.025050288066267967,
    0.023661218583583832,
    0.02202603965997696,
    0.02166336588561535,
    0.019161973148584366,
    0.017529087141156197,
    0.015561691485345364,
    0.014624050818383694,
    0.013330619782209396,
    0.011372142471373081,
    0.010801069438457489,
    0.009361334145069122,
    0.00815383717417717,
    0.007359336130321026,
    0.0071179550141096115
  ],
  "acceptance_rates": [
    0.97695,
    0.91752,
    0.85859,
    0.80169,
    0.7454,
    0.69114,
    0.63921,
    0.59026,
    0.54148,
    0.4956,
    0.45488,
    0.41117,
    0.3722,
    0.33796,
    0.30544,
    0.27467,
    0.24646,
    0.22062,
    0.19553,
    0.17239,
    0.15248,
    0.13877,
    0.11859,
    0.10252,
    0.08976,
    0.08015,
    0.06993,
    0.0609,
    0.05608,
    0.04618,
    0.03988,
    0.03337,
    0.02958,
    0.02546,
    0.02052,
    0.01853,
    0.01528,
    0.01283,
    0.01096,
    0.00997
  ],
  "scale_param_range": [
    0.01,
    0.03282051282051282,
    0.055641025641025646,
    0.07846153846153846,
    0.10128205128205128,
    0.12410256410256411,
    0.14692307692307693,
    0.16974358974358977,
    0.19256410256410258,
    0.2153846153846154,
    0.23820512820512824,
    0.2610256410256411,
    0.28384615384615386,
    0.3066666666666667,
    0.32948717948717954,
    0.3523076923076923,
    0.37512820512820516,
    0.397948717948718,
    0.4207692307692308,
    0.4435897435897436,
    0.46641025641025646,
    0.48923076923076925,
    0.5120512820512821,
    0.5348717948717949,
    0.5576923076923077,
    0.5805128205128206,
    0.6033333333333334,
    0.6261538461538462,
    0.6489743589743591,
    0.6717948717948719,
    0.6946153846153846,
    0.7174358974358975,
    0.7402564102564103,
    0.7630769230769231,
    0.785897435897436,
    0.8087179487179488,
    0.8315384615384616,
    0.8543589743589745,
    0.8771794871794872,
    0.9
  ],
  "times": [
    30.520812034606934,
    31.064218997955322,
    29.882232427597046,
    29.83706498146057,
    29.568183183670044,
    29.67235040664673,
    29.49740219116211,
    29.129546403884888,
    29.01641845703125,
    29.06291437149048,
    28.74254298210144,
    28.39019274711609,
    29.224709510803223,
    27.951722860336304,
    27.600289821624756,
    27.495060920715332,
    27.19254422187805,
    26.780256748199463,
    26.532588720321655,
    26.336908102035522,
    25.963123321533203,
    25.90529727935791,
    25.37788438796997,
    25.18390703201294,
    24.831685781478882,
    24.50708270072937,
    24.355041027069092,
    24.061078548431396,
    23.97831416130066,
    23.63344120979309,
    23.2533438205719,
    23.18007516860962,
    22.902750253677368,
    22.81278347969055,
    22.649283409118652,
    22.455707788467407,
    22.70458173751831,
    22.722219944000244,
    21.98339557647705,
    21.804495096206665
  ]
}