{
  "target_distribution": "IIDBeta",
  "proposal_distribution": "Normal",
  "dimension": 100,
  "num_iterations": 200000,
  "seed": 11,
  "total_time": 1973.345754146576,
  "max_esjd": 0.030110668390989304,
  "max_acceptance_rate": 0.20472,
  "max_scale_param": 0.38743589743589746,
  "expected_squared_jump_distances": [
    9.750702156452462e-05,
    0.0006503668846562505,
    0.0016225588042289019,
    0.002943103900179267,
    0.004557232838124037,
    0.006407123524695635,
    0.008401790633797646,
    0.010468905791640282,
    0.012605546042323112,
    0.014747703447937965,
    0.016847511753439903,
    0.01889127492904663,
    0.02074401080608368,
    0.02252165600657463,
    0.024043716490268707,
    0.025542400777339935,
    0.0269347932189703,
    0.027715113013982773,
    0.028659652918577194,
    0.029396872967481613,
    0.02999335527420044,
    0.02988242171704769,
    0.029965639114379883,
    0.030110668390989304,
    0.03001214936375618,
    0.029382653534412384,
    0.028412001207470894,
    0.02866940014064312,
    0.02784033678472042,
    0.026563510298728943,
    0.025407347828149796,
    0.024570750072598457,
    0.023671669885516167,
    0.022617865353822708,
    0.021211734041571617,
    0.020051315426826477,
    0.01917930133640766,
    0.01846913993358612,
    0.016755901277065277,
    0.01613592728972435
  ],
  "acceptance_rates": [
    0.97548,
    0.93319,
    0.886165,
    0.840675,
    0.79878,
    0.75876,
    0.71702,
    0.674435,
    0.63482,
    0.59669,
    0.559595,
    0.524345,
    0.488875,
    0.456055,
    0.42309,
    0.39369,
    0.367055,
    0.336605,
    0.31199,
    0.288685,
    0.266825,
    0.242205,
    0.22194,
    0.20472,
    0.188,
    0.170395,
    0.152675,
    0.143285,
    0.129805,
    0.115985,
    0.10376,
    0.09435,
    0.085515,
    0.07703,
    0.06835,
    0.06112,
    0.055425,
    0.050595,
    0.043705,
    0.04005
  ],
  "scale_param_range": [
    0.01,
    0.026410256410256412,
    0.04282051282051282,
    0.05923076923076923,
    0.07564102564102564,
    0.09205128205128205,
    0.10846153846153846,
    0.12487179487179487,
    0.1412820512820513,
    0.1576923076923077,
    0.1741025641025641,
    0.19051282051282054,
    0.20692307692307693,
    0.22333333333333333,
    0.23974358974358975,
    0.2561538461538462,
    0.2725641025641026,
    0.28897435897435897,
    0.30538461538461537,
    0.3217948717948718,
    0.3382051282051282,
    0.3546153846153846,
    0.37102564102564106,
    0.38743589743589746,
    0.40384615384615385,
    0.42025641025641025,
    0.43666666666666665,
    0.4530769230769231,
    0.4694871794871795,
    0.4858974358974359,
    0.5023076923076923,
    0.5187179487179487,
    0.5351282051282051,
    0.5515384615384615,
    0.5679487179487179,
    0.5843589743589743,
    0.6007692307692307,
    0.6171794871794872,
    0.6335897435897436,
    0.65
  ],
  "times": [
    55.42037606239319,
    55.67687749862671,
    55.62347984313965,
    55.5619375705719,
    55.27125787734985,
    54.955912828445435,
    54.78266787528992,
    54.645348072052,
    54.290038108825684,
    54.15256929397583,
    54.47685480117798,
    54.002888441085815,
    53.58737277984619,
    53.416099548339844,
    52.910592555999756,
    52.57591366767883,
    52.228145122528076,
    51.6979866027832,
    51.21484327316284,
    50.65778732299805,
    50.272181034088135,
    49.59539318084717,
    49.28487968444824,
    48.53797149658203,
    47.78961968421936,
    47.41407895088196,
    46.77241325378418,
    46.28268837928772,
    45.863502979278564,
    44.923258781433105,
    44.154505252838135,
    43.70255756378174,
    43.05040740966797,
    42.26487350463867,
    41.72682237625122,
    41.13963317871094,
    40.365424394607544,
    40.01645302772522,
    39.37123680114746,
    39.08974242210388
  ]
}