{
  "target_distribution": "IIDBeta",
  "proposal_distribution": "Normal",
  "dimension": 100,
  "num_iterations": 100000,
  "seed": 1,
  "total_time": 995.8619041442871,
  "max_esjd": 0.0,
  "max_acceptance_rate": 0.0,
  "max_scale_param": 0.01,
  "expected_squared_jump_distances": [
    0.0,
    0.0,
    0.0,
    0.0,
    0.0,
    0.0,
    0.0,
    0.0,
    0.0,
    0.0,
    0.0,
    0.0,
    0.0,
    0.0,
    0.0,
    0.0,
    0.0,
    0.0,
    0.0,
    0.0,
    0.0,
    0.0,
    0.0,
    0.0,
    0.0,
    0.0,
    0.0,
    0.0,
    0.0,
    0.0,
    0.0,
    0.0,
    0.0,
    0.0,
    0.0,
    0.0,
    0.0,
    0.0,
    0.0,
    0.0
  ],
  "acceptance_rates": [
    0.0,
    0.0,
    0.0,
    0.0,
    0.0,
    0.0,
    0.0,
    0.0,
    0.0,
    0.0,
    0.0,
    0.0,
    0.0,
    0.0,
    0.0,
    0.0,
    0.0,
    0.0,
    0.0,
    0.0,
    0.0,
    0.0,
    0.0,
    0.0,
    0.0,
    0.0,
    0.0,
    0.0,
    0.0,
    0.0,
    0.0,
    0.0,
    0.0,
    0.0,
    0.0,
    0.0,
    0.0,
    0.0,
    0.0,
    0.0
  ],
  "scale_param_range": [
    0.01,
    0.03025641025641026,
    0.050512820512820515,
    0.07076923076923076,
    0.09102564102564102,
    0.11128205128205128,
    0.13153846153846155,
    0.1517948717948718,
    0.17205128205128206,
    0.19230769230769232,
    0.21256410256410257,
    0.23282051282051283,
    0.2530769230769231,
    0.2733333333333333,
    0.2935897435897436,
    0.3138461538461539,
    0.3341025641025641,
    0.35435897435897434,
    0.37461538461538463,
    0.3948717948717949,
    0.41512820512820514,
    0.43538461538461537,
    0.45564102564102565,
    0.47589743589743594,
    0.49615384615384617,
    0.5164102564102564,
    0.5366666666666666,
    0.556923076923077,
    0.5771794871794872,
    0.5974358974358974,
    0.6176923076923078,
    0.637948717948718,
    0.6582051282051282,
    0.6784615384615384,
    0.6987179487179487,
    0.718974358974359,
    0.7392307692307692,
    0.7594871794871795,
    0.7797435897435898,
    0.8
  ],
  "times": [
    24.736539602279663,
    25.103184461593628,
    25.12688159942627,
    24.838798999786377,
    24.746430158615112,
    24.726200819015503,
    24.87589693069458,
    24.664018869400024,
    24.90960383415222,
    25.00249433517456,
    24.75902795791626,
    24.96671175956726,
    24.868644952774048,
    24.97476291656494,
    24.87255358695984,
    25.031641960144043,
    25.015238523483276,
    24.99769401550293,
    25.045451402664185,
    24.91113543510437,
    24.7634916305542,
    24.971157550811768,
    24.849868297576904,
    24.740896463394165,
    25.377459049224854,
    24.85743522644043,
    24.984967708587646,
    24.898945569992065,
    24.69101858139038,
    24.912672996520996,
    24.93512201309204,
    24.571576833724976,
    25.047934770584106,
    25.04360818862915,
    24.538996696472168,
    25.0211181640625,
    24.81210994720459,
    24.904386520385742,
    24.99519944190979,
    24.723832607269287
  ]
}