{
  "target_distribution": "IIDBeta",
  "proposal_distribution": "Normal",
  "dimension": 50,
  "num_iterations": 100000,
  "seed": 1,
  "total_time": 1082.294374704361,
  "max_esjd": 0.03379350155591965,
  "max_acceptance_rate": 0.19902,
  "max_scale_param": 0.4207692307692308,
  "expected_squared_jump_distances": [
    9.796403901418671e-05,
    0.0009877169504761696,
    0.0026491479948163033,
    0.004914486315101385,
    0.007606403436511755,
    0.010562165640294552,
    0.01364460214972496,
    0.016824668273329735,
    0.019742272794246674,
    0.022787855938076973,
    0.02529454603791237,
    0.02719886228442192,
    0.029549412429332733,
    0.030918506905436516,
    0.0320020392537117,
    0.033163804560899734,
    0.03291911631822586,
    0.03308899700641632,
    0.03379350155591965,
    0.03225145488977432,
    0.03198331221938133,
    0.03139713406562805,
    0.02922436036169529,
    0.02832377329468727,
    0.02634396217763424,
    0.025676073506474495,
    0.02425404079258442,
    0.02223730832338333,
    0.02063927985727787,
    0.018084445968270302,
    0.01733436807990074,
    0.016198068857192993,
    0.014461427927017212,
    0.013263546861708164,
    0.011863312683999538,
    0.011208963580429554,
    0.009251069277524948,
    0.008927359245717525,
    0.007696361280977726,
    0.0067558190785348415
  ],
  "acceptance_rates": [
    0.97904,
    0.91765,
    0.85754,
    0.80155,
    0.7457,
    0.69108,
    0.63804,
    0.59061,
    0.53967,
    0.4986,
    0.45451,
    0.40766,
    0.37545,
    0.33759,
    0.30365,
    0.27613,
    0.24282,
    0.21749,
    0.19902,
    0.17208,
    0.15471,
    0.13837,
    0.11807,
    0.10539,
    0.09067,
    0.08163,
    0.0718,
    0.06115,
    0.05334,
    0.04381,
    0.03946,
    0.03481,
    0.02934,
    0.02544,
    0.02143,
    0.01914,
    0.01517,
    0.01396,
    0.01147,
    0.00953
  ],
  "scale_param_range": [
    0.01,
    0.03282051282051282,
    0.055641025641025646,
    0.07846153846153846,
    0.10128205128205128,
    0.12410256410256411,
    0.14692307692307693,
    0.16974358974358977,
    0.19256410256410258,
    0.2153846153846154,
    0.23820512820512824,
    0.2610256410256411,
    0.28384615384615386,
    0.3066666666666667,
    0.32948717948717954,
    0.3523076923076923,
    0.37512820512820516,
    0.397948717948718,
    0.4207692307692308,
    0.4435897435897436,
    0.46641025641025646,
    0.48923076923076925,
    0.5120512820512821,
    0.5348717948717949,
    0.5576923076923077,
    0.5805128205128206,
    0.6033333333333334,
    0.6261538461538462,
    0.6489743589743591,
    0.6717948717948719,
    0.6946153846153846,
    0.7174358974358975,
    0.7402564102564103,
    0.7630769230769231,
    0.785897435897436,
    0.8087179487179488,
    0.8315384615384616,
    0.8543589743589745,
    0.8771794871794872,
    0.9
  ],
  "times": [
    31.635496377944946,
    31.223551034927368,
    31.085499048233032,
    31.148425102233887,
    30.97680354118347,
    31.06927227973938,
    30.647655725479126,
    30.787888050079346,
    30.44697141647339,
    30.185813188552856,
    29.925589084625244,
    29.581210613250732,
    29.220407962799072,
    28.99992275238037,
    28.706282377243042,
    28.362451553344727,
    28.066417932510376,
    27.8553946018219,
    27.57068157196045,
    27.391541004180908,
    26.794039964675903,
    26.675010919570923,
    26.060953617095947,
    25.87511968612671,
    25.532668590545654,
    25.451828956604004,
    25.08225393295288,
    24.98372173309326,
    24.543559551239014,
    24.37802028656006,
    24.046762466430664,
    23.77203893661499,
    23.58090305328369,
    23.591044187545776,
    23.14622211456299,
    23.095301628112793,
    22.80941867828369,
    22.83214282989502,
    22.586123943328857,
    22.5061616897583
  ]
}