{
  "target_distribution": "IIDBeta",
  "proposal_distribution": "Normal",
  "dimension": 100,
  "num_iterations": 200000,
  "seed": 2,
  "total_time": 2229.242999315262,
  "max_esjd": 0.030466530472040176,
  "max_acceptance_rate": 0.207295,
  "max_scale_param": 0.38743589743589746,
  "expected_squared_jump_distances": [
    9.725333075039089e-05,
    0.0006476411945186555,
    0.0016267519677057862,
    0.002953525399789214,
    0.00456059817224741,
    0.006391378119587898,
    0.008388381451368332,
    0.010433523915708065,
    0.01259020995348692,
    0.014708343893289566,
    0.01687106117606163,
    0.018781419843435287,
    0.020824594423174858,
    0.02238265611231327,
    0.023955922573804855,
    0.02559269778430462,
    0.026928812265396118,
    0.027995023876428604,
    0.028707118704915047,
    0.029781512916088104,
    0.029767682775855064,
    0.02986852452158928,
    0.030356869101524353,
    0.030466530472040176,
    0.02974376641213894,
    0.02942384034395218,
    0.028826767578721046,
    0.02843666449189186,
    0.027910785749554634,
    0.026861898601055145,
    0.02598576992750168,
    0.02494216337800026,
    0.02338145673274994,
    0.02242247574031353,
    0.021626867353916168,
    0.019916152581572533,
    0.019377680495381355,
    0.01816631481051445,
    0.017554890364408493,
    0.0159642081707716
  ],
  "acceptance_rates": [
    0.972005,
    0.92856,
    0.887665,
    0.842815,
    0.798515,
    0.756025,
    0.715305,
    0.671685,
    0.633765,
    0.59473,
    0.55984,
    0.521135,
    0.4906,
    0.453175,
    0.420995,
    0.39475,
    0.366915,
    0.33976,
    0.312515,
    0.29205,
    0.26465,
    0.24196,
    0.224745,
    0.207295,
    0.18641,
    0.17043,
    0.15476,
    0.14229,
    0.12993,
    0.117245,
    0.10614,
    0.095695,
    0.08445,
    0.07639,
    0.069815,
    0.06074,
    0.056,
    0.0498,
    0.045675,
    0.039585
  ],
  "scale_param_range": [
    0.01,
    0.026410256410256412,
    0.04282051282051282,
    0.05923076923076923,
    0.07564102564102564,
    0.09205128205128205,
    0.10846153846153846,
    0.12487179487179487,
    0.1412820512820513,
    0.1576923076923077,
    0.1741025641025641,
    0.19051282051282054,
    0.20692307692307693,
    0.22333333333333333,
    0.23974358974358975,
    0.2561538461538462,
    0.2725641025641026,
    0.28897435897435897,
    0.30538461538461537,
    0.3217948717948718,
    0.3382051282051282,
    0.3546153846153846,
    0.37102564102564106,
    0.38743589743589746,
    0.40384615384615385,
    0.42025641025641025,
    0.43666666666666665,
    0.4530769230769231,
    0.4694871794871795,
    0.4858974358974359,
    0.5023076923076923,
    0.5187179487179487,
    0.5351282051282051,
    0.5515384615384615,
    0.5679487179487179,
    0.5843589743589743,
    0.6007692307692307,
    0.6171794871794872,
    0.6335897435897436,
    0.65
  ],
  "times": [
    60.75309872627258,
    60.97877049446106,
    60.896533489227295,
    60.8825466632843,
    60.631319999694824,
    60.71513891220093,
    60.3216757774353,
    60.24583101272583,
    60.08452773094177,
    60.38043427467346,
    59.55647897720337,
    59.43730187416077,
    58.95876955986023,
    58.86719846725464,
    58.385393142700195,
    58.21765851974487,
    57.90134644508362,
    57.60597801208496,
    57.15437173843384,
    56.886991024017334,
    56.22803568840027,
    56.23683524131775,
    55.56746053695679,
    55.26272201538086,
    54.2157838344574,
    53.86967086791992,
    53.23682999610901,
    52.9386830329895,
    52.42280101776123,
    51.99713134765625,
    51.61893272399902,
    51.285149574279785,
    50.60795068740845,
    50.6655490398407,
    49.82504653930664,
    49.546648263931274,
    49.25723600387573,
    48.91922044754028,
    48.44834518432617,
    48.16243052482605
  ]
}