{
  "target_distribution": "IIDBeta",
  "proposal_distribution": "Normal",
  "dimension": 2,
  "num_iterations": 100000,
  "seed": 7,
  "total_time": 1095.1944870948792,
  "max_esjd": 0.03794226050376892,
  "max_acceptance_rate": 0.35537,
  "max_scale_param": 0.48923076923076925,
  "expected_squared_jump_distances": [
    9.790124749997631e-05,
    0.000991217908449471,
    0.0026693237014114857,
    0.004960666876286268,
    0.007711971178650856,
    0.010773573070764542,
    0.01399731170386076,
    0.017234789207577705,
    0.020432740449905396,
    0.023589110001921654,
    0.026160912588238716,
    0.028835907578468323,
    0.031123196706175804,
    0.03303936868906021,
    0.03446580097079277,
    0.035801663994789124,
    0.03679827228188515,
    0.03717060387134552,
    0.03793822228908539,
    0.037813469767570496,
    0.037854164838790894,
    0.03794226050376892,
    0.036916445940732956,
    0.036748044192790985,
    0.03608622029423714,
    0.03536134585738182,
    0.034291014075279236,
    0.03399376571178436,
    0.03290963172912598,
    0.032007649540901184,
    0.030960731208324432,
    0.03063524328172207,
    0.029653606936335564,
    0.028807183727622032,
    0.028149940073490143,
    0.027257675305008888,
    0.02629808709025383,
    0.025613553822040558,
    0.024659760296344757,
    0.02414042502641678
  ],
  "acceptance_rates": [
    0.98713,
    0.9472,
    0.90866,
    0.87074,
    0.8341,
    0.79698,
    0.76205,
    0.7269,
    0.69281,
    0.66052,
    0.62742,
    0.59688,
    0.56684,
    0.53821,
    0.51062,
    0.48574,
    0.46182,
    0.43514,
    0.41617,
    0.39343,
    0.37309,
    0.35537,
    0.33541,
    0.3204,
    0.30427,
    0.29003,
    0.27535,
    0.26401,
    0.25128,
    0.23882,
    0.22662,
    0.21844,
    0.20889,
    0.19893,
    0.19162,
    0.18252,
    0.17582,
    0.16752,
    0.16007,
    0.15439
  ],
  "scale_param_range": [
    0.01,
    0.03282051282051282,
    0.055641025641025646,
    0.07846153846153846,
    0.10128205128205128,
    0.12410256410256411,
    0.14692307692307693,
    0.16974358974358977,
    0.19256410256410258,
    0.2153846153846154,
    0.23820512820512824,
    0.2610256410256411,
    0.28384615384615386,
    0.3066666666666667,
    0.32948717948717954,
    0.3523076923076923,
    0.37512820512820516,
    0.397948717948718,
    0.4207692307692308,
    0.4435897435897436,
    0.46641025641025646,
    0.48923076923076925,
    0.5120512820512821,
    0.5348717948717949,
    0.5576923076923077,
    0.5805128205128206,
    0.6033333333333334,
    0.6261538461538462,
    0.6489743589743591,
    0.6717948717948719,
    0.6946153846153846,
    0.7174358974358975,
    0.7402564102564103,
    0.7630769230769231,
    0.785897435897436,
    0.8087179487179488,
    0.8315384615384616,
    0.8543589743589745,
    0.8771794871794872,
    0.9
  ],
  "times": [
    30.568346738815308,
    30.260823488235474,
    31.517130613327026,
    31.791583776474,
    30.839694499969482,
    30.054365634918213,
    29.78433609008789,
    29.64501929283142,
    29.436965942382812,
    29.453685522079468,
    29.23725390434265,
    28.979161024093628,
    28.683515071868896,
    29.56816601753235,
    29.17389750480652,
    28.141683101654053,
    27.786763429641724,
    27.60603141784668,
    27.37828540802002,
    27.250357389450073,
    26.969574213027954,
    26.79154109954834,
    26.668985605239868,
    26.628740549087524,
    26.386130571365356,
    27.319260835647583,
    26.826688051223755,
    26.330216646194458,
    25.367799282073975,
    25.318436861038208,
    24.923234224319458,
    24.769575834274292,
    24.57340145111084,
    24.486514806747437,
    24.280600786209106,
    24.203440189361572,
    24.011134386062622,
    23.906898975372314,
    23.811285734176636,
    24.42019033432007
  ]
}