{
  "target_distribution": "IIDBeta",
  "proposal_distribution": "Normal",
  "dimension": 50,
  "num_iterations": 200000,
  "seed": 14,
  "total_time": 2528.346668243408,
  "max_esjd": 0.03360677510499954,
  "max_acceptance_rate": 0.224275,
  "max_scale_param": 0.3948717948717949,
  "expected_squared_jump_distances": [
    9.759039676282555e-05,
    0.0008444861159659922,
    0.002218487672507763,
    0.004104938358068466,
    0.006381040904670954,
    0.008916785009205341,
    0.011621037498116493,
    0.014374869875609875,
    0.017187021672725677,
    0.01983512192964554,
    0.022389180958271027,
    0.024688582867383957,
    0.026657579466700554,
    0.02866060473024845,
    0.03021029196679592,
    0.0313909649848938,
    0.0323396734893322,
    0.0328940711915493,
    0.03339260816574097,
    0.03360677510499954,
    0.032966598868370056,
    0.03279171884059906,
    0.032264064997434616,
    0.030987655743956566,
    0.030954277142882347,
    0.029215296730399132,
    0.028624948114156723,
    0.027110140770673752,
    0.025812240317463875,
    0.02390754409134388,
    0.02316894382238388,
    0.021474022418260574,
    0.019795190542936325,
    0.01890627108514309,
    0.017197953537106514,
    0.015616290271282196,
    0.015183796174824238,
    0.013454001396894455,
    0.012163986451923847,
    0.011364455334842205
  ],
  "acceptance_rates": [
    0.976165,
    0.923825,
    0.87169,
    0.82295,
    0.77421,
    0.72539,
    0.67747,
    0.63069,
    0.58814,
    0.54414,
    0.503975,
    0.46421,
    0.42539,
    0.393005,
    0.35981,
    0.328005,
    0.298895,
    0.27105,
    0.247055,
    0.224275,
    0.199655,
    0.18139,
    0.163465,
    0.144295,
    0.133195,
    0.11639,
    0.105805,
    0.09342,
    0.083,
    0.07223,
    0.065595,
    0.057275,
    0.049885,
    0.044915,
    0.038785,
    0.03341,
    0.030895,
    0.025905,
    0.02241,
    0.020055
  ],
  "scale_param_range": [
    0.01,
    0.03025641025641026,
    0.050512820512820515,
    0.07076923076923076,
    0.09102564102564102,
    0.11128205128205128,
    0.13153846153846155,
    0.1517948717948718,
    0.17205128205128206,
    0.19230769230769232,
    0.21256410256410257,
    0.23282051282051283,
    0.2530769230769231,
    0.2733333333333333,
    0.2935897435897436,
    0.3138461538461539,
    0.3341025641025641,
    0.35435897435897434,
    0.37461538461538463,
    0.3948717948717949,
    0.41512820512820514,
    0.43538461538461537,
    0.45564102564102565,
    0.47589743589743594,
    0.49615384615384617,
    0.5164102564102564,
    0.5366666666666666,
    0.556923076923077,
    0.5771794871794872,
    0.5974358974358974,
    0.6176923076923078,
    0.637948717948718,
    0.6582051282051282,
    0.6784615384615384,
    0.6987179487179487,
    0.718974358974359,
    0.7392307692307692,
    0.7594871794871795,
    0.7797435897435898,
    0.8
  ],
  "times": [
    70.87102890014648,
    71.03947234153748,
    71.1796727180481,
    71.0485942363739,
    70.66619324684143,
    70.8347852230072,
    70.17490839958191,
    70.4029769897461,
    69.305655002594,
    69.41158056259155,
    68.88677024841309,
    68.07026052474976,
    67.65850353240967,
    67.27531051635742,
    66.45994448661804,
    66.46582674980164,
    65.71295833587646,
    65.25977969169617,
    64.60154008865356,
    64.342777967453,
    63.25947976112366,
    63.102922439575195,
    62.871638774871826,
    62.136868715286255,
    60.898510456085205,
    59.831339597702026,
    59.35492396354675,
    59.61596179008484,
    58.5579400062561,
    57.693328619003296,
    57.32370066642761,
    57.305187702178955,
    55.85659623146057,
    55.92938303947449,
    54.99268412590027,
    54.69878554344177,
    54.421552419662476,
    54.086291551589966,
    53.34299373626709,
    53.3509042263031
  ]
}