{
  "target_distribution": "IIDBeta",
  "proposal_distribution": "Normal",
  "dimension": 30,
  "num_iterations": 200000,
  "seed": 13,
  "total_time": 2497.765078306198,
  "max_esjd": 0.03603939712047577,
  "max_acceptance_rate": 0.2427,
  "max_scale_param": 0.397948717948718,
  "expected_squared_jump_distances": [
    9.731108730193228e-05,
    0.000984775717370212,
    0.0026584977749735117,
    0.004948384128510952,
    0.007697508204728365,
    0.010706215165555477,
    0.013873782940208912,
    0.017160173505544662,
    0.02030905708670616,
    0.02329404465854168,
    0.0260149072855711,
    0.028423339128494263,
    0.03066730871796608,
    0.03259918838739395,
    0.03381533920764923,
    0.034755103290081024,
    0.03561800345778465,
    0.03603939712047577,
    0.03596922382712364,
    0.03599308431148529,
    0.03516313433647156,
    0.03425733745098114,
    0.03304415941238403,
    0.03210048750042915,
    0.03052760660648346,
    0.029288047924637794,
    0.027546212077140808,
    0.02613566815853119,
    0.024509267881512642,
    0.022792084142565727,
    0.02133002318441868,
    0.019821811467409134,
    0.018718665465712547,
    0.0167663786560297,
    0.015560291707515717,
    0.013813329860568047,
    0.013162950985133648,
    0.011266027577221394,
    0.010295914486050606,
    0.009400781244039536
  ],
  "acceptance_rates": [
    0.97395,
    0.91711,
    0.863155,
    0.80994,
    0.757975,
    0.704535,
    0.6534,
    0.6075,
    0.56056,
    0.5156,
    0.472865,
    0.43218,
    0.39583,
    0.36145,
    0.32704,
    0.295865,
    0.268495,
    0.2427,
    0.217275,
    0.196995,
    0.175245,
    0.156135,
    0.138115,
    0.123855,
    0.10913,
    0.097425,
    0.0852,
    0.075445,
    0.066325,
    0.05797,
    0.051025,
    0.04502,
    0.040085,
    0.03416,
    0.030045,
    0.02547,
    0.023145,
    0.01886,
    0.016405,
    0.01452
  ],
  "scale_param_range": [
    0.01,
    0.03282051282051282,
    0.055641025641025646,
    0.07846153846153846,
    0.10128205128205128,
    0.12410256410256411,
    0.14692307692307693,
    0.16974358974358977,
    0.19256410256410258,
    0.2153846153846154,
    0.23820512820512824,
    0.2610256410256411,
    0.28384615384615386,
    0.3066666666666667,
    0.32948717948717954,
    0.3523076923076923,
    0.37512820512820516,
    0.397948717948718,
    0.4207692307692308,
    0.4435897435897436,
    0.46641025641025646,
    0.48923076923076925,
    0.5120512820512821,
    0.5348717948717949,
    0.5576923076923077,
    0.5805128205128206,
    0.6033333333333334,
    0.6261538461538462,
    0.6489743589743591,
    0.6717948717948719,
    0.6946153846153846,
    0.7174358974358975,
    0.7402564102564103,
    0.7630769230769231,
    0.785897435897436,
    0.8087179487179488,
    0.8315384615384616,
    0.8543589743589745,
    0.8771794871794872,
    0.9
  ],
  "times": [
    71.2816686630249,
    71.45457863807678,
    71.24753880500793,
    71.43049097061157,
    71.54932355880737,
    71.55663299560547,
    70.16360187530518,
    69.84112238883972,
    69.68110942840576,
    69.81874537467957,
    68.82237410545349,
    68.84657216072083,
    67.32928133010864,
    66.68423843383789,
    65.76300072669983,
    65.58419442176819,
    64.6792778968811,
    64.07330393791199,
    63.18486762046814,
    62.66545248031616,
    62.338671922683716,
    61.83252573013306,
    60.54136061668396,
    60.19106721878052,
    59.44338321685791,
    59.03092122077942,
    58.75784420967102,
    57.92555212974548,
    56.71922159194946,
    56.140984296798706,
    55.470470905303955,
    55.63587832450867,
    55.26346039772034,
    54.48054313659668,
    54.38745737075806,
    53.43469500541687,
    53.10592818260193,
    52.69763994216919,
    52.52195429801941,
    52.139161586761475
  ]
}