{
  "target_distribution": "IIDBeta",
  "proposal_distribution": "Normal",
  "dimension": 2,
  "num_iterations": 100000,
  "seed": 12,
  "total_time": 1025.8614165782928,
  "max_esjd": 0.038068100810050964,
  "max_acceptance_rate": 0.35583,
  "max_scale_param": 0.48923076923076925,
  "expected_squared_jump_distances": [
    9.790156764211133e-05,
    0.000990886241197586,
    0.0026694536209106445,
    0.004962177015841007,
    0.007715428248047829,
    0.010755175724625587,
    0.013987221755087376,
    0.01723071187734604,
    0.02048656716942787,
    0.02352757751941681,
    0.026250677183270454,
    0.028983091935515404,
    0.031245043501257896,
    0.033049311488866806,
    0.03448885679244995,
    0.03579648211598396,
    0.03685770183801651,
    0.037759605795145035,
    0.03761346638202667,
    0.037925608456134796,
    0.038003940135240555,
    0.038068100810050964,
    0.03709929436445236,
    0.03636513277888298,
    0.035779841244220734,
    0.035280290991067886,
    0.03431852534413338,
    0.0338701568543911,
    0.03256647288799286,
    0.032120976597070694,
    0.031589459627866745,
    0.03040747530758381,
    0.029835766181349754,
    0.028439803048968315,
    0.02779853530228138,
    0.027194323018193245,
    0.026566581800580025,
    0.02560732327401638,
    0.024308834224939346,
    0.023392729461193085
  ],
  "acceptance_rates": [
    0.98713,
    0.94739,
    0.90893,
    0.8708,
    0.83382,
    0.79694,
    0.76196,
    0.72709,
    0.69279,
    0.66106,
    0.62724,
    0.59811,
    0.56671,
    0.53918,
    0.51159,
    0.48561,
    0.46088,
    0.43927,
    0.41468,
    0.3936,
    0.37404,
    0.35583,
    0.33766,
    0.31923,
    0.30303,
    0.28944,
    0.27526,
    0.26308,
    0.24981,
    0.23954,
    0.22877,
    0.21857,
    0.20727,
    0.19853,
    0.1904,
    0.18249,
    0.17624,
    0.16823,
    0.15983,
    0.15233
  ],
  "scale_param_range": [
    0.01,
    0.03282051282051282,
    0.055641025641025646,
    0.07846153846153846,
    0.10128205128205128,
    0.12410256410256411,
    0.14692307692307693,
    0.16974358974358977,
    0.19256410256410258,
    0.2153846153846154,
    0.23820512820512824,
    0.2610256410256411,
    0.28384615384615386,
    0.3066666666666667,
    0.32948717948717954,
    0.3523076923076923,
    0.37512820512820516,
    0.397948717948718,
    0.4207692307692308,
    0.4435897435897436,
    0.46641025641025646,
    0.48923076923076925,
    0.5120512820512821,
    0.5348717948717949,
    0.5576923076923077,
    0.5805128205128206,
    0.6033333333333334,
    0.6261538461538462,
    0.6489743589743591,
    0.6717948717948719,
    0.6946153846153846,
    0.7174358974358975,
    0.7402564102564103,
    0.7630769230769231,
    0.785897435897436,
    0.8087179487179488,
    0.8315384615384616,
    0.8543589743589745,
    0.8771794871794872,
    0.9
  ],
  "times": [
    28.70974063873291,
    28.511385679244995,
    28.509412050247192,
    28.49707579612732,
    28.416877508163452,
    28.1690936088562,
    28.24416708946228,
    27.895495414733887,
    27.83734941482544,
    27.61156964302063,
    27.3189754486084,
    27.209548473358154,
    26.997392177581787,
    26.938525438308716,
    26.762615442276,
    26.460891008377075,
    26.32866644859314,
    26.130221128463745,
    25.93790888786316,
    25.697899341583252,
    25.453598260879517,
    25.346171855926514,
    25.11915898323059,
    24.906867504119873,
    24.687525510787964,
    24.515308141708374,
    24.287060022354126,
    24.153618335723877,
    23.87758469581604,
    23.793944835662842,
    23.593246698379517,
    23.440085887908936,
    23.23923373222351,
    23.302938222885132,
    23.17884635925293,
    23.070622205734253,
    23.176568508148193,
    23.148239850997925,
    22.76237726211548,
    22.595003843307495
  ]
}