{
  "target_distribution": "IIDBeta",
  "proposal_distribution": "Normal",
  "dimension": 2,
  "num_iterations": 100000,
  "seed": 9,
  "total_time": 1051.6080634593964,
  "max_esjd": 0.037868134677410126,
  "max_acceptance_rate": 0.3931,
  "max_scale_param": 0.4435897435897436,
  "expected_squared_jump_distances": [
    9.79009855655022e-05,
    0.0009916105773299932,
    0.0026704284828156233,
    0.004958672448992729,
    0.007699291221797466,
    0.010769462212920189,
    0.013970239087939262,
    0.017220934852957726,
    0.020492125302553177,
    0.023555567488074303,
    0.02633257769048214,
    0.028940001502633095,
    0.031140673905611038,
    0.03296658769249916,
    0.03466968610882759,
    0.03588810935616493,
    0.036746732890605927,
    0.037300776690244675,
    0.03778959810733795,
    0.037868134677410126,
    0.03745468705892563,
    0.03771507740020752,
    0.03717649728059769,
    0.036485083401203156,
    0.0362137109041214,
    0.03498871624469757,
    0.03428202122449875,
    0.03401027247309685,
    0.03298967704176903,
    0.03180677071213722,
    0.031143495813012123,
    0.0303927231580019,
    0.02990718185901642,
    0.028911225497722626,
    0.027425618842244148,
    0.027096884325146675,
    0.026023389771580696,
    0.025993412360548973,
    0.024678155779838562,
    0.024044794961810112
  ],
  "acceptance_rates": [
    0.98714,
    0.94748,
    0.90889,
    0.87019,
    0.83396,
    0.7973,
    0.76204,
    0.72621,
    0.69319,
    0.66088,
    0.62792,
    0.59709,
    0.56766,
    0.53869,
    0.51161,
    0.48717,
    0.46029,
    0.43654,
    0.41375,
    0.3931,
    0.37196,
    0.35539,
    0.33683,
    0.31881,
    0.30501,
    0.28895,
    0.27557,
    0.2643,
    0.25055,
    0.23767,
    0.22742,
    0.21677,
    0.20877,
    0.20007,
    0.18902,
    0.18138,
    0.17361,
    0.16876,
    0.1611,
    0.15403
  ],
  "scale_param_range": [
    0.01,
    0.03282051282051282,
    0.055641025641025646,
    0.07846153846153846,
    0.10128205128205128,
    0.12410256410256411,
    0.14692307692307693,
    0.16974358974358977,
    0.19256410256410258,
    0.2153846153846154,
    0.23820512820512824,
    0.2610256410256411,
    0.28384615384615386,
    0.3066666666666667,
    0.32948717948717954,
    0.3523076923076923,
    0.37512820512820516,
    0.397948717948718,
    0.4207692307692308,
    0.4435897435897436,
    0.46641025641025646,
    0.48923076923076925,
    0.5120512820512821,
    0.5348717948717949,
    0.5576923076923077,
    0.5805128205128206,
    0.6033333333333334,
    0.6261538461538462,
    0.6489743589743591,
    0.6717948717948719,
    0.6946153846153846,
    0.7174358974358975,
    0.7402564102564103,
    0.7630769230769231,
    0.785897435897436,
    0.8087179487179488,
    0.8315384615384616,
    0.8543589743589745,
    0.8771794871794872,
    0.9
  ],
  "times": [
    29.405449628829956,
    29.21769070625305,
    29.199249505996704,
    29.100878477096558,
    28.8440682888031,
    28.870664834976196,
    28.89786672592163,
    28.883738040924072,
    28.56413698196411,
    28.567327737808228,
    28.094976902008057,
    28.040813207626343,
    27.894278049468994,
    27.527478218078613,
    27.41865587234497,
    27.640397310256958,
    27.330938816070557,
    26.70725131034851,
    26.583988904953003,
    26.378285884857178,
    26.088135957717896,
    25.89111018180847,
    25.83348059654236,
    25.490163326263428,
    25.366547346115112,
    25.181354522705078,
    24.902541637420654,
    24.700028657913208,
    24.430200338363647,
    24.24533772468567,
    24.27163553237915,
    24.093858242034912,
    24.019819974899292,
    23.76716661453247,
    23.587042093276978,
    23.476498126983643,
    23.450429439544678,
    23.26442265510559,
    23.242543697357178,
    23.102677822113037
  ]
}