{
  "target_distribution": "IIDBeta",
  "proposal_distribution": "Normal",
  "dimension": 100,
  "num_iterations": 200000,
  "seed": 1,
  "total_time": 2613.9119839668274,
  "max_esjd": 0.030480878427624702,
  "max_acceptance_rate": 0.225755,
  "max_scale_param": 0.37102564102564106,
  "expected_squared_jump_distances": [
    9.754659549798816e-05,
    0.000648565823212266,
    0.0016234290087595582,
    0.0029460692312568426,
    0.004552276339381933,
    0.006391496397554874,
    0.008402320556342602,
    0.01048418041318655,
    0.012615465559065342,
    0.014817653223872185,
    0.01684560813009739,
    0.018806317821145058,
    0.020806947723031044,
    0.02263041026890278,
    0.02429249696433544,
    0.02562578395009041,
    0.027045300230383873,
    0.028234608471393585,
    0.02900850959122181,
    0.02938796579837799,
    0.03000110760331154,
    0.030417118221521378,
    0.030480878427624702,
    0.030443299561738968,
    0.029647506773471832,
    0.029609406366944313,
    0.028869275003671646,
    0.028347358107566833,
    0.02715223841369152,
    0.026972251012921333,
    0.02583114616572857,
    0.024782083928585052,
    0.024275509640574455,
    0.022644681856036186,
    0.021854868158698082,
    0.0208940077573061,
    0.019334271550178528,
    0.018356826156377792,
    0.017413437366485596,
    0.0159171000123024
  ],
  "acceptance_rates": [
    0.97539,
    0.930155,
    0.886145,
    0.84115,
    0.79726,
    0.7564,
    0.716495,
    0.67497,
    0.635055,
    0.599085,
    0.55902,
    0.521655,
    0.49017,
    0.457975,
    0.42704,
    0.394875,
    0.368495,
    0.342495,
    0.31549,
    0.2883,
    0.26686,
    0.24615,
    0.225755,
    0.2071,
    0.1859,
    0.17158,
    0.15542,
    0.14185,
    0.126735,
    0.11785,
    0.10549,
    0.09503,
    0.087685,
    0.07714,
    0.070305,
    0.063375,
    0.05581,
    0.05027,
    0.04539,
    0.03954
  ],
  "scale_param_range": [
    0.01,
    0.026410256410256412,
    0.04282051282051282,
    0.05923076923076923,
    0.07564102564102564,
    0.09205128205128205,
    0.10846153846153846,
    0.12487179487179487,
    0.1412820512820513,
    0.1576923076923077,
    0.1741025641025641,
    0.19051282051282054,
    0.20692307692307693,
    0.22333333333333333,
    0.23974358974358975,
    0.2561538461538462,
    0.2725641025641026,
    0.28897435897435897,
    0.30538461538461537,
    0.3217948717948718,
    0.3382051282051282,
    0.3546153846153846,
    0.37102564102564106,
    0.38743589743589746,
    0.40384615384615385,
    0.42025641025641025,
    0.43666666666666665,
    0.4530769230769231,
    0.4694871794871795,
    0.4858974358974359,
    0.5023076923076923,
    0.5187179487179487,
    0.5351282051282051,
    0.5515384615384615,
    0.5679487179487179,
    0.5843589743589743,
    0.6007692307692307,
    0.6171794871794872,
    0.6335897435897436,
    0.65
  ],
  "times": [
    70.79257464408875,
    71.69139051437378,
    71.57970094680786,
    71.166823387146,
    70.90866422653198,
    71.56174945831299,
    71.33045816421509,
    70.93190884590149,
    70.25273323059082,
    70.54291987419128,
    69.80264520645142,
    69.47245955467224,
    68.98555588722229,
    68.79061388969421,
    68.34292244911194,
    68.28374075889587,
    67.67026281356812,
    67.13572645187378,
    66.49422073364258,
    66.04428195953369,
    65.70340967178345,
    65.78951168060303,
    64.72763442993164,
    64.4256157875061,
    64.02082633972168,
    63.09034872055054,
    62.86983513832092,
    62.010660886764526,
    61.51312708854675,
    61.33814573287964,
    60.680354595184326,
    60.24573993682861,
    59.80798625946045,
    59.36909532546997,
    58.904335260391235,
    58.3867974281311,
    57.98321795463562,
    57.53622770309448,
    56.97844743728638,
    56.68790650367737
  ]
}