{
  "target_distribution": "IIDBeta",
  "proposal_distribution": "Normal",
  "dimension": 10,
  "num_iterations": 100000,
  "seed": 5,
  "total_time": 611.1533310413361,
  "max_esjd": 0.04175063595175743,
  "max_acceptance_rate": 0.23493,
  "max_scale_param": 0.46641025641025646,
  "expected_squared_jump_distances": [
    9.756357030710205e-05,
    0.00099479453638196,
    0.0026899753138422966,
    0.005022230092436075,
    0.007846128195524216,
    0.01099702250212431,
    0.014363393187522888,
    0.017776545137166977,
    0.021158143877983093,
    0.024465883150696754,
    0.02767696976661682,
    0.030393164604902267,
    0.03308245912194252,
    0.03539792820811272,
    0.03731655701994896,
    0.038659583777189255,
    0.040120068937540054,
    0.04094653204083443,
    0.041404034942388535,
    0.0412960983812809,
    0.04175063595175743,
    0.04086581990122795,
    0.040264543145895004,
    0.039273664355278015,
    0.03881930559873581,
    0.03731319308280945,
    0.03594454750418663,
    0.03499492257833481,
    0.0333733893930912,
    0.03166196122765541,
    0.030007192865014076,
    0.028633786365389824,
    0.026431135833263397,
    0.023908564820885658,
    0.02313319779932499,
    0.02198176458477974,
    0.020284928381443024,
    0.018440978601574898,
    0.01769074611365795,
    0.016735177487134933
  ],
  "acceptance_rates": [
    0.97583,
    0.92844,
    0.87894,
    0.83021,
    0.78384,
    0.73706,
    0.69286,
    0.6478,
    0.60507,
    0.56444,
    0.52709,
    0.48671,
    0.45385,
    0.41963,
    0.38879,
    0.35601,
    0.33056,
    0.30334,
    0.27812,
    0.254,
    0.23493,
    0.2128,
    0.19389,
    0.17576,
    0.16236,
    0.14593,
    0.13308,
    0.12183,
    0.10996,
    0.09912,
    0.08969,
    0.08189,
    0.07245,
    0.06289,
    0.05867,
    0.05315,
    0.04807,
    0.04178,
    0.0391,
    0.0352
  ],
  "scale_param_range": [
    0.01,
    0.03282051282051282,
    0.055641025641025646,
    0.07846153846153846,
    0.10128205128205128,
    0.12410256410256411,
    0.14692307692307693,
    0.16974358974358977,
    0.19256410256410258,
    0.2153846153846154,
    0.23820512820512824,
    0.2610256410256411,
    0.28384615384615386,
    0.3066666666666667,
    0.32948717948717954,
    0.3523076923076923,
    0.37512820512820516,
    0.397948717948718,
    0.4207692307692308,
    0.4435897435897436,
    0.46641025641025646,
    0.48923076923076925,
    0.5120512820512821,
    0.5348717948717949,
    0.5576923076923077,
    0.5805128205128206,
    0.6033333333333334,
    0.6261538461538462,
    0.6489743589743591,
    0.6717948717948719,
    0.6946153846153846,
    0.7174358974358975,
    0.7402564102564103,
    0.7630769230769231,
    0.785897435897436,
    0.8087179487179488,
    0.8315384615384616,
    0.8543589743589745,
    0.8771794871794872,
    0.9
  ],
  "times": [
    17.65373396873474,
    17.795785427093506,
    17.686981678009033,
    17.19343137741089,
    16.822598695755005,
    16.91997766494751,
    17.188863515853882,
    17.0313138961792,
    16.97251319885254,
    16.943460702896118,
    16.597602128982544,
    16.287235498428345,
    16.24801254272461,
    15.983075141906738,
    15.886722087860107,
    15.949532747268677,
    15.523362159729004,
    15.41967225074768,
    15.297840118408203,
    15.734162330627441,
    15.997759819030762,
    15.224978685379028,
    14.629371881484985,
    14.495933771133423,
    14.460604429244995,
    14.430713415145874,
    14.264201879501343,
    14.095877647399902,
    13.999727487564087,
    13.728137016296387,
    13.545457363128662,
    13.503730773925781,
    13.378869771957397,
    13.266235113143921,
    13.184809446334839,
    13.07673192024231,
    13.039722681045532,
    13.187255144119263,
    13.277451276779175,
    12.953501224517822
  ]
}