{
  "target_distribution": "IIDBeta",
  "proposal_distribution": "Normal",
  "dimension": 5,
  "num_iterations": 100000,
  "seed": 3,
  "total_time": 1035.4335043430328,
  "max_esjd": 0.04274509474635124,
  "max_acceptance_rate": 0.30391,
  "max_scale_param": 0.4435897435897436,
  "expected_squared_jump_distances": [
    9.79992255452089e-05,
    0.0009975624270737171,
    0.0026995507068932056,
    0.005051915068179369,
    0.007907919585704803,
    0.011082081124186516,
    0.014466316439211369,
    0.01797710917890072,
    0.021496279165148735,
    0.02481130324304104,
    0.028000054880976677,
    0.030856488272547722,
    0.03365163877606392,
    0.03591310977935791,
    0.037835922092199326,
    0.039545219391584396,
    0.0409209169447422,
    0.04182863608002663,
    0.042412709444761276,
    0.04274509474635124,
    0.042733680456876755,
    0.04257601127028465,
    0.04215064272284508,
    0.04125876724720001,
    0.040655702352523804,
    0.03917379304766655,
    0.03814447298645973,
    0.03704270347952843,
    0.036003731191158295,
    0.03460172936320305,
    0.032922837883234024,
    0.031548094004392624,
    0.030687924474477768,
    0.028800219297409058,
    0.027561813592910767,
    0.025747360661625862,
    0.025114702060818672,
    0.022672850638628006,
    0.02193272113800049,
    0.021118275821208954
  ],
  "acceptance_rates": [
    0.98457,
    0.94004,
    0.89522,
    0.85198,
    0.80967,
    0.76592,
    0.72394,
    0.68401,
    0.64439,
    0.60597,
    0.56905,
    0.53266,
    0.49947,
    0.467,
    0.43483,
    0.40579,
    0.37956,
    0.35174,
    0.32773,
    0.30391,
    0.28221,
    0.26312,
    0.24471,
    0.22486,
    0.20858,
    0.19216,
    0.17821,
    0.16477,
    0.15361,
    0.14115,
    0.13035,
    0.12043,
    0.11316,
    0.10254,
    0.09587,
    0.08782,
    0.08259,
    0.07398,
    0.06921,
    0.06528
  ],
  "scale_param_range": [
    0.01,
    0.03282051282051282,
    0.055641025641025646,
    0.07846153846153846,
    0.10128205128205128,
    0.12410256410256411,
    0.14692307692307693,
    0.16974358974358977,
    0.19256410256410258,
    0.2153846153846154,
    0.23820512820512824,
    0.2610256410256411,
    0.28384615384615386,
    0.3066666666666667,
    0.32948717948717954,
    0.3523076923076923,
    0.37512820512820516,
    0.397948717948718,
    0.4207692307692308,
    0.4435897435897436,
    0.46641025641025646,
    0.48923076923076925,
    0.5120512820512821,
    0.5348717948717949,
    0.5576923076923077,
    0.5805128205128206,
    0.6033333333333334,
    0.6261538461538462,
    0.6489743589743591,
    0.6717948717948719,
    0.6946153846153846,
    0.7174358974358975,
    0.7402564102564103,
    0.7630769230769231,
    0.785897435897436,
    0.8087179487179488,
    0.8315384615384616,
    0.8543589743589745,
    0.8771794871794872,
    0.9
  ],
  "times": [
    28.95944619178772,
    28.792993783950806,
    28.7334725856781,
    28.76140308380127,
    28.561041593551636,
    28.56648349761963,
    28.281034469604492,
    28.23509383201599,
    27.902930736541748,
    27.81221890449524,
    27.588679552078247,
    27.322871446609497,
    27.08609175682068,
    26.920727014541626,
    26.803983449935913,
    26.497747898101807,
    26.189663648605347,
    26.115272998809814,
    25.798908472061157,
    25.56836700439453,
    25.972135066986084,
    25.647752046585083,
    25.790374994277954,
    25.77587342262268,
    25.49416470527649,
    25.366356372833252,
    24.983649492263794,
    24.739397048950195,
    24.461156129837036,
    24.27275824546814,
    23.9518985748291,
    23.861412286758423,
    23.676682710647583,
    23.326005935668945,
    23.311586380004883,
    23.134760856628418,
    23.01910901069641,
    22.807430505752563,
    22.70486855506897,
    22.608362913131714
  ]
}