{
  "target_distribution": "IIDBeta",
  "proposal_distribution": "Normal",
  "dimension": 100,
  "num_iterations": 200000,
  "seed": 9,
  "total_time": 2227.1598551273346,
  "max_esjd": 0.03038855455815792,
  "max_acceptance_rate": 0.22498,
  "max_scale_param": 0.37102564102564106,
  "expected_squared_jump_distances": [
    9.73888672888279e-05,
    0.0006482336320914328,
    0.0016251429915428162,
    0.0029466375708580017,
    0.004564247094094753,
    0.00638979859650135,
    0.0083762900903821,
    0.01046314649283886,
    0.012640029191970825,
    0.014740735292434692,
    0.016805307939648628,
    0.01888481341302395,
    0.020762553438544273,
    0.02248442731797695,
    0.024176666513085365,
    0.02554219402372837,
    0.026663493365049362,
    0.028098640963435173,
    0.028778431937098503,
    0.029324764385819435,
    0.030005501583218575,
    0.029999306425452232,
    0.03038855455815792,
    0.030130082741379738,
    0.03000435046851635,
    0.029586246237158775,
    0.028926653787493706,
    0.02849847823381424,
    0.027784079313278198,
    0.026807857677340508,
    0.024722948670387268,
    0.024829350411891937,
    0.02327044866979122,
    0.022750526666641235,
    0.021217597648501396,
    0.02052169106900692,
    0.01946815848350525,
    0.017508801072835922,
    0.017468063160777092,
    0.016174422577023506
  ],
  "acceptance_rates": [
    0.97333,
    0.929365,
    0.886755,
    0.84079,
    0.79903,
    0.75575,
    0.714115,
    0.67361,
    0.636505,
    0.596085,
    0.55785,
    0.52411,
    0.489095,
    0.455205,
    0.42521,
    0.3939,
    0.363435,
    0.34107,
    0.3131,
    0.28771,
    0.266955,
    0.24301,
    0.22498,
    0.20474,
    0.18794,
    0.171655,
    0.15543,
    0.1424,
    0.12958,
    0.11696,
    0.10114,
    0.09523,
    0.084155,
    0.07732,
    0.0683,
    0.062405,
    0.0561,
    0.047865,
    0.045465,
    0.040055
  ],
  "scale_param_range": [
    0.01,
    0.026410256410256412,
    0.04282051282051282,
    0.05923076923076923,
    0.07564102564102564,
    0.09205128205128205,
    0.10846153846153846,
    0.12487179487179487,
    0.1412820512820513,
    0.1576923076923077,
    0.1741025641025641,
    0.19051282051282054,
    0.20692307692307693,
    0.22333333333333333,
    0.23974358974358975,
    0.2561538461538462,
    0.2725641025641026,
    0.28897435897435897,
    0.30538461538461537,
    0.3217948717948718,
    0.3382051282051282,
    0.3546153846153846,
    0.37102564102564106,
    0.38743589743589746,
    0.40384615384615385,
    0.42025641025641025,
    0.43666666666666665,
    0.4530769230769231,
    0.4694871794871795,
    0.4858974358974359,
    0.5023076923076923,
    0.5187179487179487,
    0.5351282051282051,
    0.5515384615384615,
    0.5679487179487179,
    0.5843589743589743,
    0.6007692307692307,
    0.6171794871794872,
    0.6335897435897436,
    0.65
  ],
  "times": [
    60.36157703399658,
    60.83327031135559,
    61.3475456237793,
    60.856579542160034,
    60.738786697387695,
    60.77339434623718,
    60.399455547332764,
    60.32370591163635,
    60.01968598365784,
    60.25918912887573,
    59.65436148643494,
    59.43544268608093,
    58.834535121917725,
    58.58321499824524,
    58.51697778701782,
    58.19118285179138,
    56.832825660705566,
    56.8484263420105,
    56.589890480041504,
    56.35197830200195,
    55.78684949874878,
    55.78005385398865,
    55.15421223640442,
    54.524378061294556,
    54.140745878219604,
    53.80100178718567,
    53.37070274353027,
    53.174572467803955,
    52.597967863082886,
    52.40005683898926,
    51.53182888031006,
    51.585917234420776,
    50.82927370071411,
    50.98901414871216,
    50.207127809524536,
    49.92193627357483,
    49.414161682128906,
    48.91943860054016,
    48.756434202194214,
    48.45186948776245
  ]
}