{
  "target_distribution": "IIDBeta",
  "proposal_distribution": "Normal",
  "dimension": 50,
  "num_iterations": 100000,
  "seed": 11,
  "total_time": 1057.1812980175018,
  "max_esjd": 0.03329174593091011,
  "max_acceptance_rate": 0.24518,
  "max_scale_param": 0.37512820512820516,
  "expected_squared_jump_distances": [
    9.782514098333195e-05,
    0.0009874235838651657,
    0.0026509908493608236,
    0.004920906387269497,
    0.007576418109238148,
    0.010538759641349316,
    0.013660990633070469,
    0.01682138815522194,
    0.01974371261894703,
    0.02264445833861828,
    0.02516969107091427,
    0.027537118643522263,
    0.029295291751623154,
    0.03070882335305214,
    0.03259539231657982,
    0.032922230660915375,
    0.03329174593091011,
    0.03324464336037636,
    0.032748397439718246,
    0.03295738995075226,
    0.031036505475640297,
    0.030958939343690872,
    0.029209034517407417,
    0.028307709842920303,
    0.027386730536818504,
    0.02486523799598217,
    0.023584866896271706,
    0.022071830928325653,
    0.02036428451538086,
    0.018318375572562218,
    0.017214201390743256,
    0.015390144661068916,
    0.014665532857179642,
    0.012641539797186852,
    0.012223968282341957,
    0.011483857408165932,
    0.009612306021153927,
    0.008604887872934341,
    0.007258287630975246,
    0.006983909290283918
  ],
  "acceptance_rates": [
    0.97784,
    0.91723,
    0.85779,
    0.80234,
    0.74284,
    0.68919,
    0.63835,
    0.59059,
    0.53969,
    0.49592,
    0.45202,
    0.41246,
    0.37238,
    0.3354,
    0.30918,
    0.27441,
    0.24518,
    0.21845,
    0.1931,
    0.17525,
    0.15019,
    0.13622,
    0.11851,
    0.10521,
    0.09414,
    0.07944,
    0.06977,
    0.06062,
    0.05266,
    0.0444,
    0.03905,
    0.03304,
    0.02963,
    0.02429,
    0.02221,
    0.01981,
    0.0157,
    0.01337,
    0.01077,
    0.00985
  ],
  "scale_param_range": [
    0.01,
    0.03282051282051282,
    0.055641025641025646,
    0.07846153846153846,
    0.10128205128205128,
    0.12410256410256411,
    0.14692307692307693,
    0.16974358974358977,
    0.19256410256410258,
    0.2153846153846154,
    0.23820512820512824,
    0.2610256410256411,
    0.28384615384615386,
    0.3066666666666667,
    0.32948717948717954,
    0.3523076923076923,
    0.37512820512820516,
    0.397948717948718,
    0.4207692307692308,
    0.4435897435897436,
    0.46641025641025646,
    0.48923076923076925,
    0.5120512820512821,
    0.5348717948717949,
    0.5576923076923077,
    0.5805128205128206,
    0.6033333333333334,
    0.6261538461538462,
    0.6489743589743591,
    0.6717948717948719,
    0.6946153846153846,
    0.7174358974358975,
    0.7402564102564103,
    0.7630769230769231,
    0.785897435897436,
    0.8087179487179488,
    0.8315384615384616,
    0.8543589743589745,
    0.8771794871794872,
    0.9
  ],
  "times": [
    30.499918222427368,
    30.353838205337524,
    30.316646814346313,
    30.197407960891724,
    30.040226697921753,
    29.93051767349243,
    29.69550657272339,
    29.566426515579224,
    29.35146975517273,
    29.31548023223877,
    29.747764348983765,
    28.91391682624817,
    28.493858814239502,
    28.19537854194641,
    27.983394384384155,
    27.735023975372314,
    27.44298028945923,
    27.166088342666626,
    26.828972816467285,
    26.5850350856781,
    26.216103553771973,
    26.018999576568604,
    25.741497039794922,
    25.498445987701416,
    25.163361310958862,
    24.91941475868225,
    24.549917459487915,
    24.24930238723755,
    24.037288427352905,
    23.749104261398315,
    23.627312898635864,
    23.352282524108887,
    23.59765934944153,
    23.61207938194275,
    22.90497326850891,
    22.66888427734375,
    22.58555030822754,
    22.159913778305054,
    22.10019612312317,
    22.02284526824951
  ]
}