{
  "target_distribution": "IIDBeta",
  "proposal_distribution": "Normal",
  "dimension": 100,
  "num_iterations": 100000,
  "seed": 8,
  "total_time": 1002.7666425704956,
  "max_esjd": 0.0,
  "max_acceptance_rate": 0.0,
  "max_scale_param": 0.01,
  "expected_squared_jump_distances": [
    0.0,
    0.0,
    0.0,
    0.0,
    0.0,
    0.0,
    0.0,
    0.0,
    0.0,
    0.0,
    0.0,
    0.0,
    0.0,
    0.0,
    0.0,
    0.0,
    0.0,
    0.0,
    0.0,
    0.0,
    0.0,
    0.0,
    0.0,
    0.0,
    0.0,
    0.0,
    0.0,
    0.0,
    0.0,
    0.0,
    0.0,
    0.0,
    0.0,
    0.0,
    0.0,
    0.0,
    0.0,
    0.0,
    0.0,
    0.0
  ],
  "acceptance_rates": [
    0.0,
    0.0,
    0.0,
    0.0,
    0.0,
    0.0,
    0.0,
    0.0,
    0.0,
    0.0,
    0.0,
    0.0,
    0.0,
    0.0,
    0.0,
    0.0,
    0.0,
    0.0,
    0.0,
    0.0,
    0.0,
    0.0,
    0.0,
    0.0,
    0.0,
    0.0,
    0.0,
    0.0,
    0.0,
    0.0,
    0.0,
    0.0,
    0.0,
    0.0,
    0.0,
    0.0,
    0.0,
    0.0,
    0.0,
    0.0
  ],
  "scale_param_range": [
    0.01,
    0.03025641025641026,
    0.050512820512820515,
    0.07076923076923076,
    0.09102564102564102,
    0.11128205128205128,
    0.13153846153846155,
    0.1517948717948718,
    0.17205128205128206,
    0.19230769230769232,
    0.21256410256410257,
    0.23282051282051283,
    0.2530769230769231,
    0.2733333333333333,
    0.2935897435897436,
    0.3138461538461539,
    0.3341025641025641,
    0.35435897435897434,
    0.37461538461538463,
    0.3948717948717949,
    0.41512820512820514,
    0.43538461538461537,
    0.45564102564102565,
    0.47589743589743594,
    0.49615384615384617,
    0.5164102564102564,
    0.5366666666666666,
    0.556923076923077,
    0.5771794871794872,
    0.5974358974358974,
    0.6176923076923078,
    0.637948717948718,
    0.6582051282051282,
    0.6784615384615384,
    0.6987179487179487,
    0.718974358974359,
    0.7392307692307692,
    0.7594871794871795,
    0.7797435897435898,
    0.8
  ],
  "times": [
    24.724324703216553,
    24.919695377349854,
    24.978243112564087,
    24.94630193710327,
    24.935413122177124,
    25.328301906585693,
    24.82375478744507,
    25.462794303894043,
    25.081486225128174,
    24.858041048049927,
    25.195701122283936,
    25.24842143058777,
    25.44510054588318,
    25.172900915145874,
    24.953484773635864,
    24.79250717163086,
    24.89161205291748,
    25.60525107383728,
    25.00027108192444,
    25.001816511154175,
    24.86119055747986,
    25.64839792251587,
    25.46549367904663,
    25.138223886489868,
    24.73675513267517,
    25.063400745391846,
    24.907060384750366,
    25.011964797973633,
    24.800056219100952,
    24.908725023269653,
    24.669227600097656,
    24.789671421051025,
    25.64652705192566,
    25.10362696647644,
    25.016133069992065,
    25.013201475143433,
    25.371236324310303,
    25.310258388519287,
    25.075282335281372,
    24.802181005477905
  ]
}