{
  "target_distribution": "IIDBeta",
  "proposal_distribution": "Normal",
  "dimension": 5,
  "num_iterations": 100000,
  "seed": 17,
  "total_time": 1082.448659658432,
  "max_esjd": 0.04327379912137985,
  "max_acceptance_rate": 0.30735,
  "max_scale_param": 0.4435897435897436,
  "expected_squared_jump_distances": [
    9.789554314920679e-05,
    0.00099744473118335,
    0.002700532553717494,
    0.005051751155406237,
    0.007901716977357864,
    0.011081197299063206,
    0.014480925165116787,
    0.01794661022722721,
    0.02142423577606678,
    0.024782387539744377,
    0.027954164892435074,
    0.03087741695344448,
    0.03352445736527443,
    0.03593679144978523,
    0.037838343530893326,
    0.03915620967745781,
    0.04079864174127579,
    0.042057741433382034,
    0.042665574699640274,
    0.04327379912137985,
    0.04290373995900154,
    0.04213114082813263,
    0.0421757698059082,
    0.0414167083799839,
    0.040501855313777924,
    0.039198800921440125,
    0.03876751288771629,
    0.0368286594748497,
    0.035676416009664536,
    0.03466515615582466,
    0.033344823867082596,
    0.031612578779459,
    0.030683519318699837,
    0.02865387685596943,
    0.027436180040240288,
    0.025977518409490585,
    0.024404821917414665,
    0.022984741255640984,
    0.022872138768434525,
    0.021369831636548042
  ],
  "acceptance_rates": [
    0.98387,
    0.93998,
    0.89549,
    0.85186,
    0.80934,
    0.76614,
    0.72496,
    0.68313,
    0.64417,
    0.60514,
    0.56836,
    0.53197,
    0.49902,
    0.46757,
    0.4364,
    0.40404,
    0.3786,
    0.35454,
    0.32856,
    0.30735,
    0.28457,
    0.2601,
    0.24302,
    0.22498,
    0.20852,
    0.19161,
    0.17973,
    0.16427,
    0.15386,
    0.14131,
    0.13088,
    0.12039,
    0.11228,
    0.10237,
    0.09566,
    0.08743,
    0.08083,
    0.07529,
    0.07104,
    0.06566
  ],
  "scale_param_range": [
    0.01,
    0.03282051282051282,
    0.055641025641025646,
    0.07846153846153846,
    0.10128205128205128,
    0.12410256410256411,
    0.14692307692307693,
    0.16974358974358977,
    0.19256410256410258,
    0.2153846153846154,
    0.23820512820512824,
    0.2610256410256411,
    0.28384615384615386,
    0.3066666666666667,
    0.32948717948717954,
    0.3523076923076923,
    0.37512820512820516,
    0.397948717948718,
    0.4207692307692308,
    0.4435897435897436,
    0.46641025641025646,
    0.48923076923076925,
    0.5120512820512821,
    0.5348717948717949,
    0.5576923076923077,
    0.5805128205128206,
    0.6033333333333334,
    0.6261538461538462,
    0.6489743589743591,
    0.6717948717948719,
    0.6946153846153846,
    0.7174358974358975,
    0.7402564102564103,
    0.7630769230769231,
    0.785897435897436,
    0.8087179487179488,
    0.8315384615384616,
    0.8543589743589745,
    0.8771794871794872,
    0.9
  ],
  "times": [
    30.65786075592041,
    30.432844400405884,
    31.668476343154907,
    31.883833646774292,
    30.734863996505737,
    30.139851093292236,
    29.913588762283325,
    29.81116509437561,
    29.624767303466797,
    29.556303024291992,
    29.249342918395996,
    29.085652351379395,
    28.732091665267944,
    28.660277366638184,
    29.97806739807129,
    28.50031590461731,
    27.78072237968445,
    27.58410358428955,
    27.30795454978943,
    26.971606731414795,
    26.747509717941284,
    26.457727670669556,
    26.135191440582275,
    25.969423055648804,
    25.644065380096436,
    25.978487014770508,
    26.567461252212524,
    26.376545429229736,
    25.16649103164673,
    24.56285047531128,
    24.343948125839233,
    24.04253315925598,
    23.946059942245483,
    23.748143911361694,
    23.52601933479309,
    23.445024251937866,
    23.048015832901,
    22.96468997001648,
    22.8028347492218,
    22.664217233657837
  ]
}