{
  "target_distribution": "IIDGamma",
  "proposal_distribution": "Normal",
  "dimension": 100,
  "num_iterations": 200000,
  "seed": 1,
  "total_time": 1410.6074931621552,
  "max_esjd": 5.553618431091309,
  "max_acceptance_rate": 0.206905,
  "max_scale_param": 5.234615384615385,
  "expected_squared_jump_distances": [
    0.00010003046918427572,
    0.04932539910078049,
    0.17991681396961212,
    0.3799320161342621,
    0.6340001225471497,
    0.9352983236312866,
    1.269577980041504,
    1.6225228309631348,
    1.9886380434036255,
    2.357410192489624,
    2.7382009029388428,
    3.098846435546875,
    3.466599225997925,
    3.7925755977630615,
    4.095517635345459,
    4.369131088256836,
    4.617607593536377,
    4.8155517578125,
    5.009737491607666,
    5.197330474853516,
    5.316408157348633,
    5.343255043029785,
    5.497979164123535,
    5.521918773651123,
    5.553618431091309,
    5.5305328369140625,
    5.539144039154053,
    5.41553258895874,
    5.269939422607422,
    5.250219821929932,
    4.9713850021362305,
    4.878023147583008,
    4.797862529754639,
    4.540563106536865,
    4.102081298828125,
    4.265598773956299,
    4.14033842086792,
    3.828387975692749,
    3.6632916927337646,
    3.4389877319335938
  ],
  "acceptance_rates": [
    0.99949,
    0.95105,
    0.907255,
    0.86481,
    0.818455,
    0.77653,
    0.73488,
    0.691945,
    0.65099,
    0.611015,
    0.576055,
    0.53954,
    0.507775,
    0.474015,
    0.44205,
    0.411495,
    0.3826,
    0.354205,
    0.32886,
    0.30675,
    0.28334,
    0.25896,
    0.242915,
    0.2236,
    0.206905,
    0.19018,
    0.17605,
    0.159955,
    0.144865,
    0.134785,
    0.119415,
    0.109885,
    0.10159,
    0.090555,
    0.07736,
    0.07576,
    0.069675,
    0.061,
    0.055555,
    0.04955
  ],
  "scale_param_range": [
    0.01,
    0.2276923076923077,
    0.4453846153846154,
    0.6630769230769231,
    0.8807692307692307,
    1.0984615384615384,
    1.3161538461538462,
    1.5338461538461539,
    1.7515384615384615,
    1.9692307692307691,
    2.1869230769230765,
    2.404615384615384,
    2.6223076923076922,
    2.84,
    3.0576923076923075,
    3.275384615384615,
    3.4930769230769227,
    3.7107692307692304,
    3.928461538461538,
    4.146153846153846,
    4.363846153846153,
    4.581538461538461,
    4.7992307692307685,
    5.016923076923076,
    5.234615384615385,
    5.452307692307692,
    5.67,
    5.887692307692308,
    6.105384615384615,
    6.323076923076923,
    6.5407692307692304,
    6.758461538461538,
    6.976153846153846,
    7.193846153846153,
    7.411538461538461,
    7.629230769230769,
    7.846923076923076,
    8.064615384615385,
    8.282307692307691,
    8.5
  ],
  "times": [
    39.627758502960205,
    40.01298213005066,
    39.57673406600952,
    39.935429096221924,
    39.933024883270264,
    39.51312828063965,
    39.4569628238678,
    39.80345034599304,
    39.52432060241699,
    37.14092183113098,
    36.6061954498291,
    36.49087476730347,
    36.319331407547,
    36.250386476516724,
    36.01665997505188,
    35.87944030761719,
    35.7334930896759,
    35.457728147506714,
    35.20423650741577,
    35.059916496276855,
    34.701419830322266,
    34.96910333633423,
    34.47886610031128,
    34.35205554962158,
    33.94982314109802,
    33.87825870513916,
    33.4428174495697,
    33.305413007736206,
    32.94491696357727,
    32.92871928215027,
    32.65265250205994,
    32.635387897491455,
    32.08870267868042,
    32.45896625518799,
    31.740068197250366,
    31.694852590560913,
    31.22179865837097,
    31.216122150421143,
    31.20022678375244,
    31.149348974227905
  ]
}