{
  "target_distribution": "IIDGamma",
  "proposal_distribution": "Normal",
  "dimension": 100,
  "num_iterations": 200000,
  "seed": 7,
  "total_time": 1352.714815378189,
  "max_esjd": 5.541126251220703,
  "max_acceptance_rate": 0.22447,
  "max_scale_param": 5.016923076923076,
  "expected_squared_jump_distances": [
    9.998065797844902e-05,
    0.04937577620148659,
    0.18009532988071442,
    0.37882116436958313,
    0.6339856386184692,
    0.93505859375,
    1.269431710243225,
    1.6257972717285156,
    2.0007200241088867,
    2.3822109699249268,
    2.7512764930725098,
    3.109579563140869,
    3.467395544052124,
    3.8155298233032227,
    4.086663722991943,
    4.393914699554443,
    4.604326248168945,
    4.904409408569336,
    4.993696212768555,
    5.186812400817871,
    5.2518181800842285,
    5.460029125213623,
    5.424901008605957,
    5.541126251220703,
    5.469447135925293,
    5.53764009475708,
    5.433087348937988,
    5.381690979003906,
    5.299160003662109,
    5.040930271148682,
    4.758939743041992,
    4.789406776428223,
    4.502538204193115,
    4.587759017944336,
    4.4289021492004395,
    4.305416107177734,
    3.9706954956054688,
    3.7800090312957764,
    3.640001058578491,
    3.746256113052368
  ],
  "acceptance_rates": [
    0.9995,
    0.952575,
    0.90848,
    0.86272,
    0.81885,
    0.77688,
    0.73503,
    0.69364,
    0.655205,
    0.61751,
    0.578575,
    0.541185,
    0.50815,
    0.477015,
    0.441105,
    0.41376,
    0.38172,
    0.36045,
    0.327955,
    0.306285,
    0.28031,
    0.26444,
    0.23967,
    0.22447,
    0.20378,
    0.19009,
    0.17294,
    0.159095,
    0.145755,
    0.12959,
    0.11444,
    0.10777,
    0.09546,
    0.091455,
    0.08335,
    0.076525,
    0.066985,
    0.06045,
    0.055175,
    0.054025
  ],
  "scale_param_range": [
    0.01,
    0.2276923076923077,
    0.4453846153846154,
    0.6630769230769231,
    0.8807692307692307,
    1.0984615384615384,
    1.3161538461538462,
    1.5338461538461539,
    1.7515384615384615,
    1.9692307692307691,
    2.1869230769230765,
    2.404615384615384,
    2.6223076923076922,
    2.84,
    3.0576923076923075,
    3.275384615384615,
    3.4930769230769227,
    3.7107692307692304,
    3.928461538461538,
    4.146153846153846,
    4.363846153846153,
    4.581538461538461,
    4.7992307692307685,
    5.016923076923076,
    5.234615384615385,
    5.452307692307692,
    5.67,
    5.887692307692308,
    6.105384615384615,
    6.323076923076923,
    6.5407692307692304,
    6.758461538461538,
    6.976153846153846,
    7.193846153846153,
    7.411538461538461,
    7.629230769230769,
    7.846923076923076,
    8.064615384615385,
    8.282307692307691,
    8.5
  ],
  "times": [
    37.64223837852478,
    37.00690245628357,
    37.13167452812195,
    37.158997774124146,
    36.91217613220215,
    36.707377195358276,
    36.58460068702698,
    36.54599070549011,
    36.44036364555359,
    36.41403245925903,
    36.026784896850586,
    36.00170707702637,
    35.689101696014404,
    35.56796956062317,
    35.079572677612305,
    35.09436821937561,
    34.910667419433594,
    34.571709394454956,
    34.33385992050171,
    34.232526779174805,
    33.77322793006897,
    33.88607120513916,
    33.27871060371399,
    33.06538200378418,
    32.765260457992554,
    32.5982301235199,
    32.320735931396484,
    32.079166650772095,
    31.90541911125183,
    31.637761116027832,
    31.299951553344727,
    31.121946334838867,
    30.936928510665894,
    30.928823709487915,
    30.627476453781128,
    30.452752351760864,
    30.19550371170044,
    29.964681386947632,
    29.908700227737427,
    29.845911026000977
  ]
}