{
  "target_distribution": "IIDGamma",
  "proposal_distribution": "Normal",
  "dimension": 5,
  "num_iterations": 100000,
  "seed": 20,
  "total_time": 852.7603409290314,
  "max_esjd": 11.475690841674805,
  "max_acceptance_rate": 0.25214,
  "max_scale_param": 8.081538461538461,
  "expected_squared_jump_distances": [
    9.976369619835168e-05,
    0.14610369503498077,
    0.5316487550735474,
    1.1066405773162842,
    1.8259543180465698,
    2.6542415618896484,
    3.52842116355896,
    4.442026138305664,
    5.302284240722656,
    6.1742706298828125,
    6.946860313415527,
    7.73408842086792,
    8.4103364944458,
    9.000567436218262,
    9.589539527893066,
    10.060969352722168,
    10.439783096313477,
    10.805078506469727,
    10.964200973510742,
    11.175463676452637,
    11.338109970092773,
    11.475690841674805,
    11.300897598266602,
    11.367414474487305,
    11.396036148071289,
    11.360984802246094,
    11.012476921081543,
    10.96153450012207,
    10.82599925994873,
    10.60881233215332,
    10.335803985595703,
    10.190579414367676,
    9.991966247558594,
    9.56829833984375,
    9.284335136413574,
    9.000116348266602,
    8.45976448059082,
    8.403870582580566,
    8.083388328552246,
    7.743854999542236
  ],
  "acceptance_rates": [
    0.99955,
    0.95132,
    0.89892,
    0.85031,
    0.80266,
    0.75808,
    0.71225,
    0.67009,
    0.62464,
    0.58417,
    0.54375,
    0.5087,
    0.4738,
    0.4428,
    0.41249,
    0.38404,
    0.35762,
    0.33489,
    0.30932,
    0.289,
    0.26859,
    0.25214,
    0.23168,
    0.21722,
    0.20124,
    0.18882,
    0.17505,
    0.16388,
    0.15284,
    0.14224,
    0.13198,
    0.12414,
    0.11601,
    0.10788,
    0.10024,
    0.09425,
    0.08609,
    0.08161,
    0.07623,
    0.07063
  ],
  "scale_param_range": [
    0.01,
    0.3943589743589744,
    0.7787179487179487,
    1.1630769230769231,
    1.5474358974358975,
    1.9317948717948719,
    2.316153846153846,
    2.70051282051282,
    3.0848717948717947,
    3.4692307692307693,
    3.8535897435897435,
    4.237948717948718,
    4.622307692307692,
    5.006666666666667,
    5.3910256410256405,
    5.775384615384615,
    6.15974358974359,
    6.544102564102564,
    6.928461538461539,
    7.312820512820513,
    7.697179487179487,
    8.081538461538461,
    8.465897435897435,
    8.85025641025641,
    9.234615384615385,
    9.61897435897436,
    10.003333333333334,
    10.387692307692308,
    10.772051282051281,
    11.156410256410256,
    11.54076923076923,
    11.925128205128205,
    12.30948717948718,
    12.693846153846154,
    13.078205128205129,
    13.462564102564103,
    13.846923076923078,
    14.23128205128205,
    14.615641025641025,
    15.0
  ],
  "times": [
    23.597166776657104,
    23.403973817825317,
    23.236032485961914,
    23.09400987625122,
    23.126704216003418,
    22.91316294670105,
    22.96898579597473,
    23.451119661331177,
    22.7550311088562,
    22.71251106262207,
    22.238901138305664,
    22.22048282623291,
    21.924243211746216,
    21.89256978034973,
    21.811574697494507,
    21.566479921340942,
    21.447280883789062,
    21.386433362960815,
    21.196173191070557,
    21.07717251777649,
    21.027003288269043,
    20.918641567230225,
    20.79190731048584,
    20.79254460334778,
    20.563241481781006,
    20.525572061538696,
    20.416839122772217,
    20.31879758834839,
    20.25754427909851,
    20.238080501556396,
    20.11391854286194,
    20.013463973999023,
    20.004379987716675,
    19.815200805664062,
    19.81145739555359,
    19.756637573242188,
    19.663857460021973,
    19.752605199813843,
    20.315000295639038,
    19.607908725738525
  ]
}