{
  "target_distribution": "IIDGamma",
  "proposal_distribution": "Normal",
  "dimension": 50,
  "num_iterations": 200000,
  "seed": 12,
  "total_time": 2790.861744403839,
  "max_esjd": 6.612637996673584,
  "max_acceptance_rate": 0.22373,
  "max_scale_param": 5.542307692307692,
  "expected_squared_jump_distances": [
    9.996566222980618e-05,
    0.05517890304327011,
    0.20199377834796906,
    0.4267449378967285,
    0.7162160873413086,
    1.0570706129074097,
    1.4349706172943115,
    1.8412690162658691,
    2.272897958755493,
    2.7110393047332764,
    3.143886089324951,
    3.57802152633667,
    3.9814321994781494,
    4.345373153686523,
    4.743022918701172,
    5.0913238525390625,
    5.369613170623779,
    5.569168567657471,
    5.909162521362305,
    6.078431606292725,
    6.250418663024902,
    6.349623680114746,
    6.491786003112793,
    6.584691047668457,
    6.612637996673584,
    6.497238636016846,
    6.491782188415527,
    6.4361653327941895,
    6.3868865966796875,
    6.399461269378662,
    6.191764831542969,
    6.0011677742004395,
    5.82115364074707,
    5.605142593383789,
    5.458117961883545,
    5.449558734893799,
    5.006928443908691,
    4.79913854598999,
    4.864739418029785,
    4.588764190673828
  ],
  "acceptance_rates": [
    0.9995,
    0.954565,
    0.912,
    0.86961,
    0.82777,
    0.78614,
    0.744255,
    0.704065,
    0.667225,
    0.63055,
    0.593535,
    0.55954,
    0.524515,
    0.48917,
    0.46102,
    0.43229,
    0.401235,
    0.369665,
    0.3507,
    0.32455,
    0.30179,
    0.27867,
    0.26,
    0.2419,
    0.22373,
    0.203165,
    0.18813,
    0.173155,
    0.16004,
    0.14986,
    0.135995,
    0.123935,
    0.11271,
    0.10254,
    0.09433,
    0.08929,
    0.077805,
    0.07053,
    0.06803,
    0.061145
  ],
  "scale_param_range": [
    0.01,
    0.24051282051282052,
    0.47102564102564104,
    0.7015384615384616,
    0.9320512820512821,
    1.1625641025641025,
    1.393076923076923,
    1.6235897435897437,
    1.8541025641025641,
    2.0846153846153843,
    2.3151282051282047,
    2.5456410256410256,
    2.776153846153846,
    3.0066666666666664,
    3.2371794871794872,
    3.4676923076923076,
    3.698205128205128,
    3.9287179487179484,
    4.159230769230769,
    4.389743589743589,
    4.62025641025641,
    4.850769230769231,
    5.081282051282051,
    5.311794871794872,
    5.542307692307692,
    5.772820512820513,
    6.003333333333333,
    6.233846153846153,
    6.464358974358975,
    6.694871794871795,
    6.9253846153846155,
    7.155897435897436,
    7.386410256410256,
    7.616923076923077,
    7.847435897435897,
    8.077948717948718,
    8.308461538461538,
    8.53897435897436,
    8.769487179487179,
    9.0
  ],
  "times": [
    76.76488399505615,
    77.17760944366455,
    76.66025686264038,
    76.68400263786316,
    76.79634356498718,
    76.72694849967957,
    75.90212297439575,
    75.89506530761719,
    75.57295417785645,
    75.61234998703003,
    74.81092810630798,
    74.08874487876892,
    73.73344874382019,
    73.15798282623291,
    73.10262107849121,
    72.90774893760681,
    71.98036623001099,
    70.59025049209595,
    70.97448372840881,
    70.3239848613739,
    70.12557196617126,
    69.24059176445007,
    68.7167067527771,
    67.86006474494934,
    67.62630271911621,
    67.71516346931458,
    66.40742206573486,
    65.61304807662964,
    65.23799419403076,
    64.81093072891235,
    64.59872150421143,
    65.61493849754333,
    62.630125999450684,
    62.94677925109863,
    62.908297300338745,
    62.43479895591736,
    61.889365434646606,
    62.19491696357727,
    61.50725078582764,
    61.233519315719604
  ]
}