{
  "target_distribution": "IIDGamma",
  "proposal_distribution": "Normal",
  "dimension": 100,
  "num_iterations": 200000,
  "seed": 2,
  "total_time": 2076.5190954208374,
  "max_esjd": 5.62693977355957,
  "max_acceptance_rate": 0.256695,
  "max_scale_param": 4.722051282051282,
  "expected_squared_jump_distances": [
    9.99802359729074e-05,
    0.044083476066589355,
    0.16102175414562225,
    0.3389841616153717,
    0.5706124901771545,
    0.8414978981018066,
    1.1453639268875122,
    1.4792604446411133,
    1.8264421224594116,
    2.1818740367889404,
    2.5399391651153564,
    2.890773296356201,
    3.2270824909210205,
    3.5460429191589355,
    3.862783670425415,
    4.130364418029785,
    4.403713226318359,
    4.6199421882629395,
    4.834873199462891,
    5.016026496887207,
    5.178430080413818,
    5.24296236038208,
    5.344691753387451,
    5.62693977355957,
    5.469812870025635,
    5.4870123863220215,
    5.461251258850098,
    5.5225749015808105,
    5.4825053215026855,
    5.343316555023193,
    5.267084121704102,
    5.142843723297119,
    5.001005172729492,
    4.829823017120361,
    4.73757791519165,
    4.663459300994873,
    4.227097511291504,
    4.110809326171875,
    4.19868803024292,
    3.831641435623169
  ],
  "acceptance_rates": [
    0.999495,
    0.954985,
    0.914515,
    0.869995,
    0.830755,
    0.78832,
    0.748015,
    0.711895,
    0.67438,
    0.637945,
    0.60248,
    0.56756,
    0.53331,
    0.499865,
    0.47021,
    0.438655,
    0.41172,
    0.383015,
    0.35791,
    0.333765,
    0.311355,
    0.286265,
    0.266405,
    0.256695,
    0.229565,
    0.2125,
    0.195935,
    0.18385,
    0.16983,
    0.15453,
    0.142655,
    0.13057,
    0.11915,
    0.108475,
    0.1003,
    0.09336,
    0.08001,
    0.07384,
    0.07163,
    0.06213
  ],
  "scale_param_range": [
    0.01,
    0.2148717948717949,
    0.4197435897435898,
    0.6246153846153847,
    0.8294871794871795,
    1.0343589743589745,
    1.2392307692307694,
    1.4441025641025642,
    1.648974358974359,
    1.853846153846154,
    2.0587179487179488,
    2.2635897435897436,
    2.4684615384615385,
    2.6733333333333333,
    2.878205128205128,
    3.083076923076923,
    3.287948717948718,
    3.4928205128205128,
    3.6976923076923076,
    3.9025641025641025,
    4.107435897435898,
    4.312307692307693,
    4.5171794871794875,
    4.722051282051282,
    4.926923076923077,
    5.131794871794872,
    5.336666666666667,
    5.541538461538462,
    5.746410256410257,
    5.9512820512820515,
    6.156153846153846,
    6.361025641025641,
    6.565897435897436,
    6.770769230769231,
    6.975641025641026,
    7.180512820512821,
    7.385384615384615,
    7.59025641025641,
    7.795128205128205,
    8.0
  ],
  "times": [
    55.14197015762329,
    55.71401500701904,
    55.741339445114136,
    55.8640239238739,
    55.82331681251526,
    56.09120512008667,
    55.660892963409424,
    55.48001289367676,
    54.94067978858948,
    55.084837198257446,
    54.86327409744263,
    54.7064950466156,
    54.08186960220337,
    54.63075637817383,
    54.69187617301941,
    53.90287494659424,
    52.959583044052124,
    53.04716348648071,
    52.75074791908264,
    52.512808322906494,
    51.96474289894104,
    52.130791425704956,
    51.38594675064087,
    51.071919202804565,
    50.65520453453064,
    50.594056606292725,
    49.86261487007141,
    49.98989391326904,
    49.511040687561035,
    48.99933624267578,
    49.06687140464783,
    48.73584961891174,
    48.21929168701172,
    48.30315947532654,
    47.66919684410095,
    47.52147364616394,
    47.17632031440735,
    46.97572994232178,
    46.39022922515869,
    46.54210352897644
  ]
}