{
  "target_distribution": "IIDGamma",
  "proposal_distribution": "Normal",
  "dimension": 10,
  "num_iterations": 100000,
  "seed": 5,
  "total_time": 853.8743050098419,
  "max_esjd": 10.055315971374512,
  "max_acceptance_rate": 0.20795,
  "max_scale_param": 7.670769230769231,
  "expected_squared_jump_distances": [
    9.990963735617697e-05,
    0.1113048866391182,
    0.4069731831550598,
    0.8537291884422302,
    1.4169012308120728,
    2.0654170513153076,
    2.7710773944854736,
    3.51090669631958,
    4.264646053314209,
    5.024048805236816,
    5.7468390464782715,
    6.460727214813232,
    7.051364898681641,
    7.624101638793945,
    8.084074974060059,
    8.646413803100586,
    8.991308212280273,
    9.291293144226074,
    9.644597053527832,
    9.846758842468262,
    9.832508087158203,
    9.884170532226562,
    10.03471565246582,
    10.055315971374512,
    9.858726501464844,
    9.865735054016113,
    9.77309513092041,
    9.662196159362793,
    9.331188201904297,
    9.175559997558594,
    9.155759811401367,
    8.522662162780762,
    8.537353515625,
    8.274984359741211,
    7.956541538238525,
    7.6811203956604,
    7.340611457824707,
    6.762484073638916,
    7.0287275314331055,
    6.816502094268799
  ],
  "acceptance_rates": [
    0.9994,
    0.95119,
    0.90103,
    0.85339,
    0.80556,
    0.7593,
    0.71429,
    0.67014,
    0.6296,
    0.59085,
    0.55224,
    0.51734,
    0.47933,
    0.44547,
    0.41197,
    0.3875,
    0.35733,
    0.33071,
    0.30872,
    0.28596,
    0.26113,
    0.24061,
    0.22453,
    0.20795,
    0.19022,
    0.17661,
    0.16334,
    0.1521,
    0.13914,
    0.12873,
    0.12047,
    0.10662,
    0.1006,
    0.09269,
    0.08573,
    0.07876,
    0.0722,
    0.06382,
    0.06297,
    0.05852
  ],
  "scale_param_range": [
    0.01,
    0.3430769230769231,
    0.6761538461538462,
    1.0092307692307694,
    1.3423076923076924,
    1.6753846153846155,
    2.0084615384615385,
    2.3415384615384616,
    2.6746153846153846,
    3.0076923076923077,
    3.3407692307692307,
    3.6738461538461538,
    4.006923076923077,
    4.34,
    4.673076923076923,
    5.006153846153846,
    5.3392307692307694,
    5.672307692307693,
    6.0053846153846155,
    6.338461538461539,
    6.671538461538462,
    7.004615384615385,
    7.337692307692308,
    7.670769230769231,
    8.003846153846155,
    8.336923076923078,
    8.67,
    9.003076923076923,
    9.336153846153847,
    9.66923076923077,
    10.002307692307692,
    10.335384615384616,
    10.668461538461539,
    11.001538461538463,
    11.334615384615386,
    11.667692307692308,
    12.000769230769231,
    12.333846153846155,
    12.666923076923078,
    13.0
  ],
  "times": [
    23.754760026931763,
    23.326518535614014,
    23.223189115524292,
    23.36125946044922,
    23.14943218231201,
    23.193196773529053,
    23.04742741584778,
    23.448594331741333,
    23.6694757938385,
    22.74668002128601,
    22.51608920097351,
    22.42660641670227,
    22.20188283920288,
    22.11615562438965,
    21.859777688980103,
    21.814270734786987,
    21.63893747329712,
    21.5544650554657,
    21.30103850364685,
    21.155052185058594,
    21.06486487388611,
    21.352314472198486,
    21.340575695037842,
    21.192704677581787,
    20.470911026000977,
    20.55134105682373,
    20.34686851501465,
    20.240209102630615,
    20.075892210006714,
    20.050352811813354,
    19.88878345489502,
    19.737746000289917,
    19.725660800933838,
    19.642295122146606,
    19.50803542137146,
    19.51448369026184,
    19.293489456176758,
    19.230932235717773,
    19.285830974578857,
    19.81434464454651
  ]
}