{
  "target_distribution": "IIDGamma",
  "proposal_distribution": "Normal",
  "dimension": 50,
  "num_iterations": 100000,
  "seed": 16,
  "total_time": 1118.2121016979218,
  "max_esjd": 6.643393516540527,
  "max_acceptance_rate": 0.18298,
  "max_scale_param": 6.156153846153846,
  "expected_squared_jump_distances": [
    0.00010004183423006907,
    0.04439891502261162,
    0.16211926937103271,
    0.34421294927597046,
    0.579572856426239,
    0.8576993346214294,
    1.1803988218307495,
    1.5174760818481445,
    1.886334776878357,
    2.2719740867614746,
    2.643437385559082,
    3.0407474040985107,
    3.4129462242126465,
    3.7674033641815186,
    4.16438102722168,
    4.437032222747803,
    4.810770034790039,
    5.074069976806641,
    5.362099647521973,
    5.521231651306152,
    5.873805046081543,
    6.0829949378967285,
    6.112072467803955,
    6.290431022644043,
    6.411071300506592,
    6.533769607543945,
    6.492650985717773,
    6.229004859924316,
    6.567379951477051,
    6.423945426940918,
    6.643393516540527,
    6.417108535766602,
    6.3732123374938965,
    6.257505893707275,
    6.2467241287231445,
    6.03425407409668,
    5.744778633117676,
    5.866580009460449,
    5.617990016937256,
    5.869203567504883
  ],
  "acceptance_rates": [
    0.99946,
    0.96139,
    0.92067,
    0.88362,
    0.84458,
    0.80468,
    0.77214,
    0.7316,
    0.69855,
    0.66643,
    0.62968,
    0.59937,
    0.56702,
    0.53434,
    0.51037,
    0.47505,
    0.45349,
    0.42466,
    0.40072,
    0.37077,
    0.35718,
    0.33582,
    0.30814,
    0.29094,
    0.27238,
    0.25676,
    0.23604,
    0.21128,
    0.20703,
    0.18917,
    0.18298,
    0.16632,
    0.15553,
    0.14355,
    0.13529,
    0.12337,
    0.11091,
    0.10805,
    0.09798,
    0.09721
  ],
  "scale_param_range": [
    0.01,
    0.2148717948717949,
    0.4197435897435898,
    0.6246153846153847,
    0.8294871794871795,
    1.0343589743589745,
    1.2392307692307694,
    1.4441025641025642,
    1.648974358974359,
    1.853846153846154,
    2.0587179487179488,
    2.2635897435897436,
    2.4684615384615385,
    2.6733333333333333,
    2.878205128205128,
    3.083076923076923,
    3.287948717948718,
    3.4928205128205128,
    3.6976923076923076,
    3.9025641025641025,
    4.107435897435898,
    4.312307692307693,
    4.5171794871794875,
    4.722051282051282,
    4.926923076923077,
    5.131794871794872,
    5.336666666666667,
    5.541538461538462,
    5.746410256410257,
    5.9512820512820515,
    6.156153846153846,
    6.361025641025641,
    6.565897435897436,
    6.770769230769231,
    6.975641025641026,
    7.180512820512821,
    7.385384615384615,
    7.59025641025641,
    7.795128205128205,
    8.0
  ],
  "times": [
    33.97658395767212,
    34.028903007507324,
    34.00007081031799,
    33.79763746261597,
    33.16072940826416,
    33.05324935913086,
    33.063862323760986,
    32.99224877357483,
    32.689887046813965,
    32.64405298233032,
    29.42307758331299,
    31.992814779281616,
    32.07446837425232,
    32.37361216545105,
    31.935862064361572,
    31.843689918518066,
    31.509766340255737,
    31.54195284843445,
    31.321895360946655,
    31.138747930526733,
    30.827537536621094,
    30.798234701156616,
    30.545491695404053,
    30.79402732849121,
    27.948167324066162,
    22.246978521347046,
    22.11683464050293,
    21.914575338363647,
    21.859132766723633,
    21.586437940597534,
    21.3939266204834,
    21.281264066696167,
    21.083752155303955,
    21.16457509994507,
    20.9443998336792,
    20.780317783355713,
    20.67120933532715,
    20.602582693099976,
    20.60249400138855,
    20.439476251602173
  ]
}