{
  "target_distribution": "IIDGamma",
  "proposal_distribution": "Normal",
  "dimension": 100,
  "num_iterations": 200000,
  "seed": 8,
  "total_time": 2137.8911781311035,
  "max_esjd": 5.566306114196777,
  "max_acceptance_rate": 0.233605,
  "max_scale_param": 4.926923076923077,
  "expected_squared_jump_distances": [
    9.998078894568607e-05,
    0.044080700725317,
    0.16103626787662506,
    0.33967018127441406,
    0.5700557231903076,
    0.841679036617279,
    1.15031898021698,
    1.476582407951355,
    1.8195714950561523,
    2.1785881519317627,
    2.542769193649292,
    2.8753345012664795,
    3.2104814052581787,
    3.5535454750061035,
    3.830277919769287,
    4.130133628845215,
    4.419650077819824,
    4.621211051940918,
    4.8302741050720215,
    5.037993431091309,
    5.230286121368408,
    5.369133472442627,
    5.378175258636475,
    5.552404880523682,
    5.566306114196777,
    5.4703569412231445,
    5.532576560974121,
    5.45485782623291,
    5.4804534912109375,
    5.372968673706055,
    5.103176593780518,
    5.1258392333984375,
    5.061818599700928,
    4.913748741149902,
    4.545403480529785,
    4.6655731201171875,
    4.387956619262695,
    4.269169807434082,
    4.068878650665283,
    4.045177936553955
  ],
  "acceptance_rates": [
    0.9995,
    0.95488,
    0.9145,
    0.871595,
    0.82983,
    0.78834,
    0.751255,
    0.710455,
    0.672025,
    0.636855,
    0.6031,
    0.56461,
    0.53079,
    0.5011,
    0.46632,
    0.43871,
    0.41293,
    0.383275,
    0.35751,
    0.33505,
    0.31465,
    0.29298,
    0.268165,
    0.25336,
    0.233605,
    0.211745,
    0.1983,
    0.18133,
    0.169915,
    0.155475,
    0.138245,
    0.130195,
    0.120785,
    0.11053,
    0.096375,
    0.09326,
    0.08309,
    0.076615,
    0.069395,
    0.06554
  ],
  "scale_param_range": [
    0.01,
    0.2148717948717949,
    0.4197435897435898,
    0.6246153846153847,
    0.8294871794871795,
    1.0343589743589745,
    1.2392307692307694,
    1.4441025641025642,
    1.648974358974359,
    1.853846153846154,
    2.0587179487179488,
    2.2635897435897436,
    2.4684615384615385,
    2.6733333333333333,
    2.878205128205128,
    3.083076923076923,
    3.287948717948718,
    3.4928205128205128,
    3.6976923076923076,
    3.9025641025641025,
    4.107435897435898,
    4.312307692307693,
    4.5171794871794875,
    4.722051282051282,
    4.926923076923077,
    5.131794871794872,
    5.336666666666667,
    5.541538461538462,
    5.746410256410257,
    5.9512820512820515,
    6.156153846153846,
    6.361025641025641,
    6.565897435897436,
    6.770769230769231,
    6.975641025641026,
    7.180512820512821,
    7.385384615384615,
    7.59025641025641,
    7.795128205128205,
    8.0
  ],
  "times": [
    57.47555923461914,
    57.8984317779541,
    57.282315731048584,
    58.3461127281189,
    57.61748695373535,
    57.853007316589355,
    56.97675848007202,
    57.101600646972656,
    57.29174876213074,
    56.8717577457428,
    57.21682953834534,
    56.249430894851685,
    56.13510322570801,
    55.51611924171448,
    55.784472942352295,
    55.05488991737366,
    54.449946641922,
    54.802751541137695,
    54.05393743515015,
    53.6741201877594,
    53.06312012672424,
    53.811102867126465,
    52.96617102622986,
    52.663129568099976,
    52.29787850379944,
    51.96339535713196,
    51.33199214935303,
    51.239081621170044,
    51.00485920906067,
    50.79012060165405,
    50.4288055896759,
    49.499473571777344,
    49.421144247055054,
    49.734747886657715,
    49.06979179382324,
    48.53499722480774,
    48.41687226295471,
    47.817965030670166,
    47.84625506401062,
    48.26808524131775
  ]
}