{
  "target_distribution": "IIDGamma",
  "proposal_distribution": "Normal",
  "dimension": 30,
  "num_iterations": 200000,
  "seed": 17,
  "total_time": 2766.495066165924,
  "max_esjd": 7.534987449645996,
  "max_acceptance_rate": 0.230245,
  "max_scale_param": 5.901538461538462,
  "expected_squared_jump_distances": [
    9.99478725134395e-05,
    0.0672910064458847,
    0.2469252645969391,
    0.5205979347229004,
    0.8716955184936523,
    1.2820696830749512,
    1.7399086952209473,
    2.228677749633789,
    2.732489824295044,
    3.246469497680664,
    3.7383105754852295,
    4.218352794647217,
    4.717713832855225,
    5.149569034576416,
    5.548083782196045,
    5.923747539520264,
    6.251361846923828,
    6.549324989318848,
    6.800621032714844,
    7.0683722496032715,
    7.230245590209961,
    7.355426788330078,
    7.369885444641113,
    7.534987449645996,
    7.4873270988464355,
    7.5267415046691895,
    7.490555286407471,
    7.464345455169678,
    7.347959995269775,
    7.109172344207764,
    7.030777454376221,
    6.677729606628418,
    6.632445335388184,
    6.4606404304504395,
    6.35227108001709,
    6.046123027801514,
    5.990642547607422,
    5.660931587219238,
    5.27339506149292,
    5.239747047424316
  ],
  "acceptance_rates": [
    0.999455,
    0.951475,
    0.90807,
    0.86315,
    0.81989,
    0.776705,
    0.73525,
    0.694885,
    0.6548,
    0.617305,
    0.57764,
    0.540725,
    0.5098,
    0.47543,
    0.44352,
    0.41353,
    0.38551,
    0.358545,
    0.33351,
    0.31167,
    0.2892,
    0.267825,
    0.245495,
    0.230245,
    0.211095,
    0.196155,
    0.181035,
    0.16794,
    0.15479,
    0.139905,
    0.12979,
    0.11635,
    0.1086,
    0.10008,
    0.09271,
    0.083515,
    0.07848,
    0.07073,
    0.06251,
    0.05943
  ],
  "scale_param_range": [
    0.01,
    0.2661538461538462,
    0.5223076923076924,
    0.7784615384615385,
    1.0346153846153847,
    1.290769230769231,
    1.546923076923077,
    1.8030769230769232,
    2.059230769230769,
    2.315384615384615,
    2.5715384615384616,
    2.827692307692308,
    3.083846153846154,
    3.34,
    3.5961538461538463,
    3.8523076923076927,
    4.108461538461539,
    4.364615384615385,
    4.6207692307692305,
    4.876923076923077,
    5.133076923076923,
    5.389230769230769,
    5.645384615384616,
    5.901538461538462,
    6.157692307692308,
    6.413846153846154,
    6.67,
    6.926153846153847,
    7.182307692307693,
    7.438461538461539,
    7.6946153846153855,
    7.9507692307692315,
    8.206923076923077,
    8.463076923076924,
    8.71923076923077,
    8.975384615384616,
    9.231538461538461,
    9.487692307692308,
    9.743846153846155,
    10.0
  ],
  "times": [
    76.80278539657593,
    77.28895974159241,
    76.76400709152222,
    77.04308319091797,
    76.5645260810852,
    76.29110598564148,
    75.71758103370667,
    75.44889187812805,
    75.11048126220703,
    74.99424433708191,
    74.28781795501709,
    74.148597240448,
    73.06996488571167,
    73.04902386665344,
    71.91764879226685,
    72.04773044586182,
    71.15594959259033,
    70.58625602722168,
    70.34176206588745,
    69.66896414756775,
    69.2080237865448,
    68.05507183074951,
    67.61303400993347,
    67.01998090744019,
    66.8539662361145,
    66.2738630771637,
    65.46434497833252,
    65.11244416236877,
    64.82184100151062,
    64.26002526283264,
    63.44495511054993,
    63.21723747253418,
    62.56465244293213,
    62.61842179298401,
    61.852513551712036,
    61.876283168792725,
    61.32741045951843,
    61.319090127944946,
    60.680126428604126,
    60.56191277503967
  ]
}