{
  "target_distribution": "IIDGamma",
  "proposal_distribution": "Normal",
  "dimension": 100,
  "num_iterations": 200000,
  "seed": 5,
  "total_time": 2108.9587786197662,
  "max_esjd": 5.5653815269470215,
  "max_acceptance_rate": 0.233555,
  "max_scale_param": 4.926923076923077,
  "expected_squared_jump_distances": [
    9.998078894568607e-05,
    0.044117048382759094,
    0.160755917429924,
    0.3397299647331238,
    0.5695229172706604,
    0.8425584435462952,
    1.148916244506836,
    1.474373459815979,
    1.8304443359375,
    2.1757776737213135,
    2.531402349472046,
    2.8793752193450928,
    3.2270305156707764,
    3.525080919265747,
    3.858548641204834,
    4.081495761871338,
    4.4392194747924805,
    4.621860980987549,
    4.825429439544678,
    4.998823165893555,
    5.131710052490234,
    5.28916072845459,
    5.295132160186768,
    5.469076156616211,
    5.5653815269470215,
    5.478819847106934,
    5.548347473144531,
    5.408668041229248,
    5.2843241691589355,
    5.236154556274414,
    5.200883388519287,
    5.007153511047363,
    4.951831340789795,
    4.942619323730469,
    4.751269817352295,
    4.428895950317383,
    4.564427852630615,
    4.226922035217285,
    4.1463212966918945,
    3.7682485580444336
  ],
  "acceptance_rates": [
    0.9995,
    0.95572,
    0.912905,
    0.87172,
    0.829215,
    0.789315,
    0.75011,
    0.7095,
    0.67583,
    0.63615,
    0.600625,
    0.565395,
    0.533315,
    0.49713,
    0.46966,
    0.433565,
    0.41506,
    0.383015,
    0.35746,
    0.33271,
    0.30831,
    0.288645,
    0.263945,
    0.249385,
    0.233555,
    0.212165,
    0.19898,
    0.18001,
    0.16378,
    0.151465,
    0.14068,
    0.127015,
    0.11819,
    0.1109,
    0.10053,
    0.08885,
    0.08638,
    0.075955,
    0.07081,
    0.06115
  ],
  "scale_param_range": [
    0.01,
    0.2148717948717949,
    0.4197435897435898,
    0.6246153846153847,
    0.8294871794871795,
    1.0343589743589745,
    1.2392307692307694,
    1.4441025641025642,
    1.648974358974359,
    1.853846153846154,
    2.0587179487179488,
    2.2635897435897436,
    2.4684615384615385,
    2.6733333333333333,
    2.878205128205128,
    3.083076923076923,
    3.287948717948718,
    3.4928205128205128,
    3.6976923076923076,
    3.9025641025641025,
    4.107435897435898,
    4.312307692307693,
    4.5171794871794875,
    4.722051282051282,
    4.926923076923077,
    5.131794871794872,
    5.336666666666667,
    5.541538461538462,
    5.746410256410257,
    5.9512820512820515,
    6.156153846153846,
    6.361025641025641,
    6.565897435897436,
    6.770769230769231,
    6.975641025641026,
    7.180512820512821,
    7.385384615384615,
    7.59025641025641,
    7.795128205128205,
    8.0
  ],
  "times": [
    56.735065937042236,
    57.551981687545776,
    57.21389651298523,
    56.85778045654297,
    56.67943048477173,
    57.124372482299805,
    56.20099425315857,
    56.676979064941406,
    55.95850419998169,
    56.42278337478638,
    55.903353452682495,
    56.09539604187012,
    55.26608872413635,
    54.64176297187805,
    54.913639307022095,
    54.20000910758972,
    53.90939974784851,
    54.15110492706299,
    53.599419355392456,
    53.06212568283081,
    52.60107660293579,
    52.30039167404175,
    51.91412281990051,
    51.59929704666138,
    51.20752739906311,
    50.97527480125427,
    50.76635718345642,
    50.4637246131897,
    50.262974977493286,
    50.192394495010376,
    49.165865659713745,
    49.10935997962952,
    49.12425446510315,
    49.169745683670044,
    48.57485890388489,
    48.2894241809845,
    47.63015270233154,
    47.85906147956848,
    47.18955135345459,
    47.32963705062866
  ]
}