{
  "target_distribution": "IIDGamma",
  "proposal_distribution": "Normal",
  "dimension": 50,
  "num_iterations": 200000,
  "seed": 5,
  "total_time": 1751.2854390144348,
  "max_esjd": 6.579611778259277,
  "max_acceptance_rate": 0.222555,
  "max_scale_param": 5.542307692307692,
  "expected_squared_jump_distances": [
    9.998717723647133e-05,
    0.055147685110569,
    0.20166487991809845,
    0.425819993019104,
    0.7148551344871521,
    1.0545977354049683,
    1.436043381690979,
    1.8394112586975098,
    2.2648873329162598,
    2.699738025665283,
    3.1384758949279785,
    3.544552803039551,
    3.9646732807159424,
    4.362668037414551,
    4.727402210235596,
    5.042890548706055,
    5.360072135925293,
    5.674792289733887,
    5.83615255355835,
    6.063742160797119,
    6.225049018859863,
    6.409213542938232,
    6.423229217529297,
    6.57592248916626,
    6.579611778259277,
    6.548733711242676,
    6.435116767883301,
    6.554086208343506,
    6.388766288757324,
    6.218999862670898,
    6.216582298278809,
    6.002601623535156,
    5.836781024932861,
    5.7637104988098145,
    5.683812141418457,
    5.39638614654541,
    5.059130668640137,
    5.0439887046813965,
    4.730560302734375,
    4.586860656738281
  ],
  "acceptance_rates": [
    0.999415,
    0.95393,
    0.91035,
    0.86758,
    0.8261,
    0.784265,
    0.744825,
    0.703255,
    0.665065,
    0.62791,
    0.59258,
    0.554315,
    0.522185,
    0.490535,
    0.459525,
    0.42825,
    0.400625,
    0.376235,
    0.34643,
    0.323535,
    0.30036,
    0.28115,
    0.257395,
    0.24164,
    0.222555,
    0.204615,
    0.186335,
    0.17628,
    0.1605,
    0.14583,
    0.13646,
    0.123865,
    0.11361,
    0.105235,
    0.098245,
    0.088385,
    0.078345,
    0.074055,
    0.06608,
    0.06099
  ],
  "scale_param_range": [
    0.01,
    0.24051282051282052,
    0.47102564102564104,
    0.7015384615384616,
    0.9320512820512821,
    1.1625641025641025,
    1.393076923076923,
    1.6235897435897437,
    1.8541025641025641,
    2.0846153846153843,
    2.3151282051282047,
    2.5456410256410256,
    2.776153846153846,
    3.0066666666666664,
    3.2371794871794872,
    3.4676923076923076,
    3.698205128205128,
    3.9287179487179484,
    4.159230769230769,
    4.389743589743589,
    4.62025641025641,
    4.850769230769231,
    5.081282051282051,
    5.311794871794872,
    5.542307692307692,
    5.772820512820513,
    6.003333333333333,
    6.233846153846153,
    6.464358974358975,
    6.694871794871795,
    6.9253846153846155,
    7.155897435897436,
    7.386410256410256,
    7.616923076923077,
    7.847435897435897,
    8.077948717948718,
    8.308461538461538,
    8.53897435897436,
    8.769487179487179,
    9.0
  ],
  "times": [
    47.68946623802185,
    47.687429904937744,
    47.7600679397583,
    47.784119606018066,
    47.507063150405884,
    47.29560089111328,
    47.16647529602051,
    47.267828702926636,
    46.8044273853302,
    46.79596281051636,
    46.46824407577515,
    46.263386726379395,
    46.00612139701843,
    45.87655210494995,
    45.44503426551819,
    45.10098099708557,
    44.82087421417236,
    44.65026617050171,
    44.50804829597473,
    44.413331747055054,
    44.00543141365051,
    43.60517406463623,
    43.17642045021057,
    42.92956471443176,
    42.617557764053345,
    42.203901290893555,
    42.043007373809814,
    41.73974299430847,
    41.318684339523315,
    41.10948610305786,
    40.97122406959534,
    40.761345624923706,
    40.23232340812683,
    40.26607871055603,
    39.99539661407471,
    39.69674324989319,
    39.47748613357544,
    39.32957124710083,
    39.258164405822754,
    39.181668519973755
  ]
}