{
  "target_distribution": "IIDGamma",
  "proposal_distribution": "Normal",
  "dimension": 10,
  "num_iterations": 200000,
  "seed": 17,
  "total_time": 1232.55992603302,
  "max_esjd": 10.153619766235352,
  "max_acceptance_rate": 0.19962,
  "max_scale_param": 7.901794871794872,
  "expected_squared_jump_distances": [
    9.991577826440334e-05,
    0.12824460864067078,
    0.4680742919445038,
    0.9772636294364929,
    1.6118468046188354,
    2.341667652130127,
    3.1206068992614746,
    3.915879964828491,
    4.727057933807373,
    5.542679786682129,
    6.259919166564941,
    6.9602508544921875,
    7.613092422485352,
    8.105208396911621,
    8.578048706054688,
    9.055718421936035,
    9.410233497619629,
    9.654670715332031,
    9.775330543518066,
    9.949431419372559,
    10.106154441833496,
    10.055648803710938,
    10.153619766235352,
    9.89219856262207,
    9.75485897064209,
    9.628562927246094,
    9.35932731628418,
    9.262192726135254,
    9.087711334228516,
    8.613807678222656,
    8.306475639343262,
    8.113685607910156,
    7.7195305824279785,
    7.537158489227295,
    7.09381103515625,
    6.831886291503906,
    6.712162494659424,
    6.512436866760254,
    5.869636058807373,
    5.7364888191223145
  ],
  "acceptance_rates": [
    0.999425,
    0.94893,
    0.89507,
    0.843885,
    0.792095,
    0.744015,
    0.69517,
    0.64748,
    0.60388,
    0.565025,
    0.52256,
    0.48464,
    0.450565,
    0.413225,
    0.381835,
    0.354185,
    0.327615,
    0.30087,
    0.27613,
    0.25381,
    0.235395,
    0.215155,
    0.19962,
    0.18101,
    0.165395,
    0.15253,
    0.138825,
    0.1286,
    0.119105,
    0.106605,
    0.09694,
    0.09013,
    0.0815,
    0.075815,
    0.068465,
    0.06258,
    0.058885,
    0.05394,
    0.047425,
    0.04438
  ],
  "scale_param_range": [
    0.01,
    0.3687179487179487,
    0.7274358974358974,
    1.0861538461538462,
    1.4448717948717948,
    1.8035897435897434,
    2.1623076923076923,
    2.521025641025641,
    2.8797435897435895,
    3.238461538461538,
    3.5971794871794867,
    3.9558974358974357,
    4.314615384615385,
    4.673333333333333,
    5.032051282051282,
    5.39076923076923,
    5.749487179487179,
    6.108205128205128,
    6.466923076923076,
    6.825641025641025,
    7.1843589743589735,
    7.543076923076923,
    7.901794871794872,
    8.26051282051282,
    8.61923076923077,
    8.977948717948717,
    9.336666666666666,
    9.695384615384615,
    10.054102564102564,
    10.412820512820513,
    10.77153846153846,
    11.13025641025641,
    11.488974358974358,
    11.847692307692308,
    12.206410256410257,
    12.565128205128204,
    12.923846153846153,
    13.282564102564102,
    13.641282051282051,
    14.0
  ],
  "times": [
    34.51446747779846,
    34.28752374649048,
    34.16913628578186,
    34.15434670448303,
    34.055041790008545,
    33.84991717338562,
    33.616122245788574,
    33.47561168670654,
    33.28840160369873,
    33.09962773323059,
    32.71759104728699,
    32.594024658203125,
    32.40046143531799,
    32.04641103744507,
    31.707648277282715,
    31.51630735397339,
    31.297667026519775,
    31.27639079093933,
    30.814541578292847,
    30.661235809326172,
    30.37002205848694,
    30.23611068725586,
    29.973005533218384,
    29.88066530227661,
    29.51608157157898,
    29.538224458694458,
    29.086963176727295,
    29.24445939064026,
    29.01510977745056,
    28.875751495361328,
    28.648107528686523,
    28.62111186981201,
    28.280641317367554,
    28.336830139160156,
    28.011716604232788,
    28.029014825820923,
    27.942573308944702,
    27.940922021865845,
    27.716476440429688,
    27.72502636909485
  ]
}