{
  "target_distribution": "IIDGamma",
  "proposal_distribution": "Normal",
  "dimension": 5,
  "num_iterations": 200000,
  "seed": 10,
  "total_time": 1285.0147562026978,
  "max_esjd": 11.307754516601562,
  "max_acceptance_rate": 0.23687,
  "max_scale_param": 8.313076923076922,
  "expected_squared_jump_distances": [
    9.992636478273198e-05,
    0.2059493511915207,
    0.7425726652145386,
    1.5244364738464355,
    2.475177526473999,
    3.509282350540161,
    4.582001209259033,
    5.629191875457764,
    6.651785850524902,
    7.565169334411621,
    8.363128662109375,
    9.0723295211792,
    9.72716236114502,
    10.262660026550293,
    10.560023307800293,
    10.847002029418945,
    11.067895889282227,
    11.22860336303711,
    11.307754516601562,
    11.1062593460083,
    11.070289611816406,
    10.963143348693848,
    10.74028205871582,
    10.539406776428223,
    10.215624809265137,
    9.95154094696045,
    9.720170974731445,
    9.163040161132812,
    9.003592491149902,
    8.697893142700195,
    8.28254508972168,
    8.004547119140625,
    7.606004238128662,
    7.38976526260376,
    6.97025728225708,
    6.647212982177734,
    6.488187789916992,
    6.187950611114502,
    6.152776718139648,
    5.636743068695068
  ],
  "acceptance_rates": [
    0.99942,
    0.93973,
    0.8781,
    0.819325,
    0.7636,
    0.707,
    0.65446,
    0.602995,
    0.557865,
    0.512595,
    0.47076,
    0.43226,
    0.397765,
    0.36651,
    0.333515,
    0.305235,
    0.281525,
    0.258795,
    0.23687,
    0.215495,
    0.19811,
    0.18253,
    0.16709,
    0.154085,
    0.140285,
    0.129285,
    0.118825,
    0.10759,
    0.100505,
    0.092915,
    0.08452,
    0.078265,
    0.07167,
    0.066515,
    0.061495,
    0.05621,
    0.052845,
    0.04892,
    0.046325,
    0.04176
  ],
  "scale_param_range": [
    0.01,
    0.47128205128205125,
    0.9325641025641025,
    1.3938461538461537,
    1.855128205128205,
    2.316410256410256,
    2.7776923076923072,
    3.2389743589743585,
    3.7002564102564097,
    4.161538461538461,
    4.622820512820512,
    5.0841025641025634,
    5.545384615384615,
    6.006666666666666,
    6.467948717948717,
    6.929230769230768,
    7.39051282051282,
    7.851794871794871,
    8.313076923076922,
    8.774358974358973,
    9.235641025641025,
    9.696923076923076,
    10.158205128205127,
    10.619487179487178,
    11.08076923076923,
    11.54205128205128,
    12.003333333333332,
    12.464615384615383,
    12.925897435897435,
    13.387179487179486,
    13.848461538461537,
    14.309743589743588,
    14.77102564102564,
    15.23230769230769,
    15.693589743589742,
    16.154871794871795,
    16.616153846153846,
    17.077435897435898,
    17.53871794871795,
    18.0
  ],
  "times": [
    36.059531688690186,
    35.732765913009644,
    35.51589274406433,
    35.49806261062622,
    35.21092343330383,
    35.087989807128906,
    34.78658986091614,
    34.60471796989441,
    34.259923458099365,
    34.10953140258789,
    33.7617244720459,
    33.54969644546509,
    33.284664154052734,
    33.05099630355835,
    32.77568173408508,
    32.56837439537048,
    32.2917320728302,
    32.25791311264038,
    31.974602699279785,
    31.792597770690918,
    31.477946519851685,
    31.527912139892578,
    31.21112298965454,
    31.08664083480835,
    30.850937128067017,
    30.791543006896973,
    30.642852544784546,
    30.528002500534058,
    30.346538305282593,
    30.342405080795288,
    30.1823673248291,
    30.01286816596985,
    29.985403060913086,
    29.911205291748047,
    29.738651275634766,
    29.730135679244995,
    29.670008897781372,
    29.613929271697998,
    29.49954605102539,
    29.654717445373535
  ]
}