{
  "target_distribution": "IIDGamma",
  "proposal_distribution": "Normal",
  "dimension": 5,
  "num_iterations": 100000,
  "seed": 12,
  "total_time": 449.3777537345886,
  "max_esjd": 11.391307830810547,
  "max_acceptance_rate": 0.25009,
  "max_scale_param": 8.081538461538461,
  "expected_squared_jump_distances": [
    0.0001002495555439964,
    0.14637872576713562,
    0.5338816046714783,
    1.1084693670272827,
    1.8251872062683105,
    2.6368725299835205,
    3.5064032077789307,
    4.410556793212891,
    5.279544353485107,
    6.174997329711914,
    6.9607038497924805,
    7.708521842956543,
    8.451656341552734,
    9.093674659729004,
    9.673922538757324,
    10.01735782623291,
    10.373534202575684,
    10.75819206237793,
    11.131467819213867,
    11.054253578186035,
    11.20784854888916,
    11.391307830810547,
    11.092073440551758,
    11.344362258911133,
    10.95518970489502,
    11.0305814743042,
    10.706748962402344,
    10.641510963439941,
    10.338882446289062,
    10.00940227508545,
    9.959240913391113,
    9.655417442321777,
    9.469572067260742,
    8.99589729309082,
    9.050129890441895,
    8.497633934020996,
    8.574531555175781,
    8.190839767456055,
    7.85956335067749,
    7.301417350769043
  ],
  "acceptance_rates": [
    0.99956,
    0.94875,
    0.89765,
    0.84651,
    0.79836,
    0.7511,
    0.70499,
    0.66281,
    0.61852,
    0.58065,
    0.54141,
    0.50515,
    0.47169,
    0.44136,
    0.4128,
    0.38094,
    0.3549,
    0.33119,
    0.31164,
    0.28473,
    0.26643,
    0.25009,
    0.22816,
    0.21609,
    0.19778,
    0.18723,
    0.17136,
    0.1601,
    0.14833,
    0.1372,
    0.12906,
    0.11969,
    0.11368,
    0.10367,
    0.09863,
    0.08961,
    0.08649,
    0.08033,
    0.07445,
    0.06881
  ],
  "scale_param_range": [
    0.01,
    0.3943589743589744,
    0.7787179487179487,
    1.1630769230769231,
    1.5474358974358975,
    1.9317948717948719,
    2.316153846153846,
    2.70051282051282,
    3.0848717948717947,
    3.4692307692307693,
    3.8535897435897435,
    4.237948717948718,
    4.622307692307692,
    5.006666666666667,
    5.3910256410256405,
    5.775384615384615,
    6.15974358974359,
    6.544102564102564,
    6.928461538461539,
    7.312820512820513,
    7.697179487179487,
    8.081538461538461,
    8.465897435897435,
    8.85025641025641,
    9.234615384615385,
    9.61897435897436,
    10.003333333333334,
    10.387692307692308,
    10.772051282051281,
    11.156410256410256,
    11.54076923076923,
    11.925128205128205,
    12.30948717948718,
    12.693846153846154,
    13.078205128205129,
    13.462564102564103,
    13.846923076923078,
    14.23128205128205,
    14.615641025641025,
    15.0
  ],
  "times": [
    11.77760624885559,
    11.9087393283844,
    12.156283378601074,
    12.20184326171875,
    12.106444597244263,
    12.086355924606323,
    11.995070457458496,
    11.686155796051025,
    11.971608877182007,
    12.305600881576538,
    12.967750072479248,
    12.315057277679443,
    11.897751092910767,
    12.239611148834229,
    11.082364559173584,
    10.971205711364746,
    10.922938585281372,
    10.854797840118408,
    10.866887092590332,
    10.785856246948242,
    10.848026037216187,
    10.985650062561035,
    10.797115564346313,
    10.815192461013794,
    10.80400800704956,
    10.702271699905396,
    10.720582246780396,
    10.653469324111938,
    10.61475944519043,
    10.553043603897095,
    10.552606344223022,
    10.496034622192383,
    10.460627794265747,
    10.44137191772461,
    10.411974668502808,
    10.440523147583008,
    10.461766719818115,
    10.531534194946289,
    10.414976358413696,
    10.438454389572144
  ]
}