{
  "target_distribution": "IIDGamma",
  "proposal_distribution": "Normal",
  "dimension": 2,
  "num_iterations": 200000,
  "seed": 3,
  "total_time": 669.7998547554016,
  "max_esjd": 11.093485832214355,
  "max_acceptance_rate": 0.296085,
  "max_scale_param": 9.339999999999998,
  "expected_squared_jump_distances": [
    9.963072079699486e-05,
    0.46349117159843445,
    1.5841095447540283,
    3.051084280014038,
    4.626938819885254,
    6.115109920501709,
    7.468470096588135,
    8.607878684997559,
    9.490074157714844,
    10.209059715270996,
    10.65681266784668,
    10.890482902526855,
    11.049912452697754,
    11.093485832214355,
    10.998109817504883,
    10.860057830810547,
    10.691073417663574,
    10.4036283493042,
    10.035155296325684,
    9.867277145385742,
    9.626786231994629,
    9.425325393676758,
    8.91799259185791,
    8.58974552154541,
    8.330436706542969,
    8.034469604492188,
    7.816437721252441,
    7.270301818847656,
    7.176449298858643,
    6.948494911193848,
    6.540651321411133,
    6.22613000869751,
    6.116287708282471,
    5.807273864746094,
    5.484338283538818,
    5.295476913452148,
    5.216607093811035,
    4.907989501953125,
    4.792849063873291,
    4.650401592254639
  ],
  "acceptance_rates": [
    0.999295,
    0.919025,
    0.83895,
    0.76486,
    0.695695,
    0.630075,
    0.57194,
    0.519335,
    0.470435,
    0.427785,
    0.388865,
    0.35409,
    0.32224,
    0.296085,
    0.271475,
    0.250275,
    0.23071,
    0.213105,
    0.196055,
    0.18285,
    0.17034,
    0.15964,
    0.146405,
    0.137615,
    0.127965,
    0.12116,
    0.113885,
    0.10566,
    0.10102,
    0.094455,
    0.09002,
    0.08518,
    0.08083,
    0.076535,
    0.072125,
    0.068735,
    0.066335,
    0.06308,
    0.059745,
    0.05753
  ],
  "scale_param_range": [
    0.01,
    0.7276923076923076,
    1.4453846153846153,
    2.1630769230769227,
    2.8807692307692303,
    3.598461538461538,
    4.316153846153846,
    5.033846153846153,
    5.751538461538461,
    6.4692307692307685,
    7.186923076923076,
    7.904615384615384,
    8.622307692307691,
    9.339999999999998,
    10.057692307692307,
    10.775384615384615,
    11.493076923076922,
    12.210769230769229,
    12.928461538461537,
    13.646153846153846,
    14.363846153846152,
    15.08153846153846,
    15.799230769230768,
    16.516923076923078,
    17.234615384615385,
    17.95230769230769,
    18.669999999999998,
    19.38769230769231,
    20.105384615384615,
    20.823076923076922,
    21.540769230769232,
    22.25846153846154,
    22.976153846153846,
    23.693846153846152,
    24.41153846153846,
    25.12923076923077,
    25.846923076923076,
    26.564615384615383,
    27.282307692307693,
    28.0
  ],
  "times": [
    18.198569774627686,
    18.12819814682007,
    18.081942558288574,
    17.99798607826233,
    17.968546152114868,
    17.72967839241028,
    17.58647322654724,
    17.48512887954712,
    17.466531991958618,
    17.306312084197998,
    17.290454149246216,
    17.155584812164307,
    17.01250720024109,
    16.939436435699463,
    16.781644821166992,
    16.676748275756836,
    16.629944801330566,
    16.527714490890503,
    16.561089038848877,
    16.514652013778687,
    16.475712537765503,
    16.441405057907104,
    16.33669924736023,
    16.3403742313385,
    16.243826150894165,
    16.236746788024902,
    16.219727993011475,
    16.21147918701172,
    16.225592613220215,
    16.141201972961426,
    16.148739099502563,
    16.118340730667114,
    16.101518392562866,
    16.126532077789307,
    16.059332370758057,
    16.016934156417847,
    16.03743886947632,
    16.004621028900146,
    15.98070240020752,
    15.933488607406616
  ]
}