{
  "target_distribution": "IIDGamma",
  "proposal_distribution": "Normal",
  "dimension": 30,
  "num_iterations": 100000,
  "seed": 6,
  "total_time": 831.0739443302155,
  "max_esjd": 7.591928482055664,
  "max_acceptance_rate": 0.21448,
  "max_scale_param": 6.157692307692308,
  "expected_squared_jump_distances": [
    9.99851617962122e-05,
    0.067465640604496,
    0.24732260406017303,
    0.5224398970603943,
    0.8734418749809265,
    1.2843531370162964,
    1.7484174966812134,
    2.2405481338500977,
    2.733226776123047,
    3.2419018745422363,
    3.7752068042755127,
    4.2434563636779785,
    4.744248867034912,
    5.121816635131836,
    5.615702152252197,
    6.0265421867370605,
    6.308292388916016,
    6.63852596282959,
    6.820302963256836,
    7.1656084060668945,
    7.318759918212891,
    7.352973461151123,
    7.382561683654785,
    7.345957279205322,
    7.591928482055664,
    7.360984802246094,
    7.531810283660889,
    7.362769603729248,
    7.335279941558838,
    7.138916015625,
    7.116289138793945,
    6.958611011505127,
    6.640348434448242,
    6.533716678619385,
    6.0477728843688965,
    6.100534439086914,
    5.935102462768555,
    5.612063407897949,
    5.625494003295898,
    5.338937282562256
  ],
  "acceptance_rates": [
    0.99952,
    0.95391,
    0.90958,
    0.86677,
    0.82214,
    0.77834,
    0.73905,
    0.69858,
    0.65485,
    0.61647,
    0.58329,
    0.5446,
    0.51271,
    0.47364,
    0.4488,
    0.42104,
    0.38913,
    0.36381,
    0.33477,
    0.31608,
    0.2927,
    0.26697,
    0.24612,
    0.22487,
    0.21448,
    0.19209,
    0.1825,
    0.1659,
    0.154,
    0.1407,
    0.13177,
    0.12092,
    0.10856,
    0.10076,
    0.08858,
    0.08436,
    0.07836,
    0.07017,
    0.06682,
    0.06023
  ],
  "scale_param_range": [
    0.01,
    0.2661538461538462,
    0.5223076923076924,
    0.7784615384615385,
    1.0346153846153847,
    1.290769230769231,
    1.546923076923077,
    1.8030769230769232,
    2.059230769230769,
    2.315384615384615,
    2.5715384615384616,
    2.827692307692308,
    3.083846153846154,
    3.34,
    3.5961538461538463,
    3.8523076923076927,
    4.108461538461539,
    4.364615384615385,
    4.6207692307692305,
    4.876923076923077,
    5.133076923076923,
    5.389230769230769,
    5.645384615384616,
    5.901538461538462,
    6.157692307692308,
    6.413846153846154,
    6.67,
    6.926153846153847,
    7.182307692307693,
    7.438461538461539,
    7.6946153846153855,
    7.9507692307692315,
    8.206923076923077,
    8.463076923076924,
    8.71923076923077,
    8.975384615384616,
    9.231538461538461,
    9.487692307692308,
    9.743846153846155,
    10.0
  ],
  "times": [
    22.548590660095215,
    22.56914258003235,
    22.472104787826538,
    22.62756323814392,
    22.40654945373535,
    22.32428789138794,
    22.192407608032227,
    22.19036102294922,
    21.931761264801025,
    21.983113765716553,
    21.80653142929077,
    21.73403787612915,
    21.56150245666504,
    21.466878652572632,
    21.308823347091675,
    21.193308115005493,
    20.94828701019287,
    20.927929401397705,
    20.699734926223755,
    20.622848987579346,
    20.979515552520752,
    21.015192985534668,
    20.694770336151123,
    20.487197160720825,
    20.429304838180542,
    20.282556772232056,
    20.116525650024414,
    20.012122631072998,
    19.808140516281128,
    19.817033052444458,
    19.649760484695435,
    19.57577419281006,
    19.412273406982422,
    19.3542058467865,
    19.183537483215332,
    19.084656476974487,
    19.02063798904419,
    18.92259645462036,
    18.87022042274475,
    18.80384850502014
  ]
}