{
  "target_distribution": "IIDGamma",
  "proposal_distribution": "Normal",
  "dimension": 30,
  "num_iterations": 200000,
  "seed": 6,
  "total_time": 1298.0637040138245,
  "max_esjd": 7.558435916900635,
  "max_acceptance_rate": 0.229395,
  "max_scale_param": 5.927692307692308,
  "expected_squared_jump_distances": [
    9.99478725134395e-05,
    0.08046438544988632,
    0.29492902755737305,
    0.6190205216407776,
    1.0308916568756104,
    1.5093834400177002,
    2.031303644180298,
    2.574647903442383,
    3.1296770572662354,
    3.696885108947754,
    4.246815204620361,
    4.741694927215576,
    5.236682891845703,
    5.709316253662109,
    6.071366786956787,
    6.453379154205322,
    6.774233341217041,
    6.949575901031494,
    7.226977825164795,
    7.394411087036133,
    7.537577152252197,
    7.558435916900635,
    7.536802768707275,
    7.468520641326904,
    7.444890022277832,
    7.355536460876465,
    7.297533988952637,
    6.999537467956543,
    6.841320037841797,
    6.5940260887146,
    6.295421123504639,
    6.231679916381836,
    5.949529647827148,
    5.820981025695801,
    5.614904403686523,
    5.459392547607422,
    5.119492053985596,
    4.537124156951904,
    4.361690998077393,
    4.372254848480225
  ],
  "acceptance_rates": [
    0.999455,
    0.946745,
    0.899475,
    0.85074,
    0.803305,
    0.757485,
    0.711275,
    0.66556,
    0.62108,
    0.58221,
    0.544355,
    0.504085,
    0.46905,
    0.43783,
    0.402935,
    0.374375,
    0.346975,
    0.316455,
    0.29455,
    0.2717,
    0.25075,
    0.229395,
    0.20914,
    0.190225,
    0.17515,
    0.159985,
    0.1474,
    0.13187,
    0.12019,
    0.108345,
    0.097295,
    0.09031,
    0.08159,
    0.07535,
    0.068785,
    0.06322,
    0.056505,
    0.04759,
    0.04361,
    0.041505
  ],
  "scale_param_range": [
    0.01,
    0.2917948717948718,
    0.5735897435897436,
    0.8553846153846154,
    1.1371794871794871,
    1.4189743589743589,
    1.7007692307692308,
    1.9825641025641025,
    2.264358974358974,
    2.546153846153846,
    2.8279487179487175,
    3.1097435897435894,
    3.3915384615384614,
    3.673333333333333,
    3.955128205128205,
    4.236923076923077,
    4.518717948717948,
    4.80051282051282,
    5.082307692307692,
    5.364102564102564,
    5.645897435897435,
    5.927692307692308,
    6.209487179487179,
    6.491282051282051,
    6.773076923076923,
    7.0548717948717945,
    7.336666666666666,
    7.6184615384615375,
    7.90025641025641,
    8.182051282051281,
    8.463846153846154,
    8.745641025641024,
    9.027435897435897,
    9.30923076923077,
    9.59102564102564,
    9.872820512820512,
    10.154615384615385,
    10.436410256410255,
    10.718205128205128,
    11.0
  ],
  "times": [
    36.918845891952515,
    36.68327856063843,
    36.62877869606018,
    36.633172273635864,
    36.536266565322876,
    36.265336990356445,
    36.11503219604492,
    35.95342826843262,
    35.736175537109375,
    35.51079344749451,
    35.19418430328369,
    34.95075869560242,
    34.538432359695435,
    34.43217635154724,
    34.038729190826416,
    33.7048921585083,
    33.4292688369751,
    33.09457492828369,
    32.927252531051636,
    32.461520195007324,
    32.256093978881836,
    32.02755808830261,
    31.65967607498169,
    31.19148349761963,
    31.1131911277771,
    30.774298667907715,
    30.495219707489014,
    30.117774724960327,
    30.00905132293701,
    29.766856908798218,
    29.538251161575317,
    29.209113359451294,
    29.12441110610962,
    29.07296133041382,
    28.793617725372314,
    28.466814279556274,
    28.40693974494934,
    28.22027611732483,
    28.136323928833008,
    27.892463207244873
  ]
}