{
  "target_distribution": "IIDGamma",
  "proposal_distribution": "Normal",
  "dimension": 5,
  "num_iterations": 200000,
  "seed": 18,
  "total_time": 676.7327330112457,
  "max_esjd": 11.424365997314453,
  "max_acceptance_rate": 0.26185,
  "max_scale_param": 7.851794871794871,
  "expected_squared_jump_distances": [
    0.00010008874960476533,
    0.20627814531326294,
    0.7466021776199341,
    1.5301098823547363,
    2.4762744903564453,
    3.512113094329834,
    4.590269088745117,
    5.640111923217773,
    6.653542518615723,
    7.6057963371276855,
    8.42069149017334,
    9.158129692077637,
    9.745863914489746,
    10.268969535827637,
    10.692244529724121,
    11.015572547912598,
    11.183819770812988,
    11.424365997314453,
    11.288455963134766,
    11.376270294189453,
    11.224757194519043,
    11.077095031738281,
    11.04462718963623,
    10.846940994262695,
    10.587386131286621,
    10.137411117553711,
    9.636395454406738,
    9.441165924072266,
    9.36619758605957,
    8.986024856567383,
    8.720076560974121,
    8.107577323913574,
    7.786916255950928,
    7.594332695007324,
    7.138257026672363,
    6.833541393280029,
    6.496448040008545,
    6.029781818389893,
    6.120090007781982,
    5.822115421295166
  ],
  "acceptance_rates": [
    0.99941,
    0.939385,
    0.880225,
    0.821395,
    0.76352,
    0.70784,
    0.65498,
    0.60557,
    0.55838,
    0.515335,
    0.4735,
    0.435015,
    0.398615,
    0.36681,
    0.336525,
    0.309345,
    0.28271,
    0.26185,
    0.2374,
    0.21927,
    0.200325,
    0.184095,
    0.170685,
    0.156695,
    0.14407,
    0.13152,
    0.11871,
    0.110285,
    0.103475,
    0.094595,
    0.0882,
    0.079585,
    0.07289,
    0.068795,
    0.062195,
    0.058025,
    0.05318,
    0.04847,
    0.046795,
    0.042665
  ],
  "scale_param_range": [
    0.01,
    0.47128205128205125,
    0.9325641025641025,
    1.3938461538461537,
    1.855128205128205,
    2.316410256410256,
    2.7776923076923072,
    3.2389743589743585,
    3.7002564102564097,
    4.161538461538461,
    4.622820512820512,
    5.0841025641025634,
    5.545384615384615,
    6.006666666666666,
    6.467948717948717,
    6.929230769230768,
    7.39051282051282,
    7.851794871794871,
    8.313076923076922,
    8.774358974358973,
    9.235641025641025,
    9.696923076923076,
    10.158205128205127,
    10.619487179487178,
    11.08076923076923,
    11.54205128205128,
    12.003333333333332,
    12.464615384615383,
    12.925897435897435,
    13.387179487179486,
    13.848461538461537,
    14.309743589743588,
    14.77102564102564,
    15.23230769230769,
    15.693589743589742,
    16.154871794871795,
    16.616153846153846,
    17.077435897435898,
    17.53871794871795,
    18.0
  ],
  "times": [
    18.364457368850708,
    18.297771692276,
    18.289196014404297,
    18.31539225578308,
    18.34789490699768,
    18.128735065460205,
    18.03714394569397,
    18.123876571655273,
    17.82051181793213,
    17.768293142318726,
    17.593914270401,
    17.494297742843628,
    17.309271335601807,
    17.27134680747986,
    17.323429584503174,
    17.119499921798706,
    17.11681890487671,
    17.019938468933105,
    16.782423496246338,
    16.610021829605103,
    16.66770577430725,
    16.542014122009277,
    16.4218852519989,
    16.339693307876587,
    16.24107789993286,
    16.347437381744385,
    16.17191195487976,
    16.078784942626953,
    16.013673305511475,
    15.988025188446045,
    15.977941751480103,
    15.904437065124512,
    16.302814722061157,
    16.560216426849365,
    16.147300243377686,
    15.730170249938965,
    15.631619930267334,
    15.639583349227905,
    15.595635414123535,
    15.579345703125
  ]
}