{
  "target_distribution": "IIDGamma",
  "proposal_distribution": "Normal",
  "dimension": 10,
  "num_iterations": 200000,
  "seed": 2,
  "total_time": 761.821925163269,
  "max_esjd": 10.125723838806152,
  "max_acceptance_rate": 0.1995,
  "max_scale_param": 7.901794871794872,
  "expected_squared_jump_distances": [
    9.990567923523486e-05,
    0.12833647429943085,
    0.46956315636634827,
    0.9797608256340027,
    1.6185351610183716,
    2.342905044555664,
    3.133993625640869,
    3.9342920780181885,
    4.747110366821289,
    5.535510063171387,
    6.2839035987854,
    6.978564739227295,
    7.65748929977417,
    8.185279846191406,
    8.623149871826172,
    9.123746871948242,
    9.421381950378418,
    9.675000190734863,
    9.93862247467041,
    10.014142036437988,
    10.10079574584961,
    10.061121940612793,
    10.125723838806152,
    10.047585487365723,
    9.656608581542969,
    9.642287254333496,
    9.501824378967285,
    9.144795417785645,
    8.867829322814941,
    8.586774826049805,
    8.221219062805176,
    7.993478775024414,
    7.823418617248535,
    7.4932475090026855,
    7.215373516082764,
    6.89098596572876,
    6.464968681335449,
    6.05791711807251,
    5.766908645629883,
    5.656944751739502
  ],
  "acceptance_rates": [
    0.999065,
    0.949025,
    0.897135,
    0.84566,
    0.79511,
    0.74487,
    0.697845,
    0.6508,
    0.60666,
    0.56471,
    0.524445,
    0.486065,
    0.45212,
    0.417575,
    0.383475,
    0.35703,
    0.32745,
    0.301585,
    0.279355,
    0.255525,
    0.235265,
    0.214915,
    0.1995,
    0.183735,
    0.164685,
    0.15316,
    0.141055,
    0.12764,
    0.11678,
    0.10628,
    0.09666,
    0.089135,
    0.08236,
    0.07542,
    0.06931,
    0.063165,
    0.05696,
    0.05101,
    0.046795,
    0.044095
  ],
  "scale_param_range": [
    0.01,
    0.3687179487179487,
    0.7274358974358974,
    1.0861538461538462,
    1.4448717948717948,
    1.8035897435897434,
    2.1623076923076923,
    2.521025641025641,
    2.8797435897435895,
    3.238461538461538,
    3.5971794871794867,
    3.9558974358974357,
    4.314615384615385,
    4.673333333333333,
    5.032051282051282,
    5.39076923076923,
    5.749487179487179,
    6.108205128205128,
    6.466923076923076,
    6.825641025641025,
    7.1843589743589735,
    7.543076923076923,
    7.901794871794872,
    8.26051282051282,
    8.61923076923077,
    8.977948717948717,
    9.336666666666666,
    9.695384615384615,
    10.054102564102564,
    10.412820512820513,
    10.77153846153846,
    11.13025641025641,
    11.488974358974358,
    11.847692307692308,
    12.206410256410257,
    12.565128205128204,
    12.923846153846153,
    13.282564102564102,
    13.641282051282051,
    14.0
  ],
  "times": [
    21.25808310508728,
    21.14251136779785,
    21.01945734024048,
    21.10913372039795,
    20.966615200042725,
    20.843388080596924,
    20.665217638015747,
    20.53452467918396,
    20.39411473274231,
    20.331134796142578,
    20.1388738155365,
    20.005528450012207,
    19.888087272644043,
    19.641777515411377,
    19.5427668094635,
    19.45346999168396,
    19.312159061431885,
    19.214227437973022,
    19.064398288726807,
    18.904704332351685,
    18.81145453453064,
    18.71110486984253,
    18.542087078094482,
    18.481730222702026,
    18.334289073944092,
    18.29525113105774,
    18.08268451690674,
    18.107151746749878,
    17.963457822799683,
    17.921688079833984,
    17.74233055114746,
    17.76821517944336,
    17.634591817855835,
    17.55206799507141,
    17.50890350341797,
    17.469472885131836,
    17.414970874786377,
    17.34561038017273,
    17.312989711761475,
    17.350642204284668
  ]
}