{
  "target_distribution": "IIDGamma",
  "proposal_distribution": "Normal",
  "dimension": 30,
  "num_iterations": 200000,
  "seed": 11,
  "total_time": 1735.460753917694,
  "max_esjd": 7.571972370147705,
  "max_acceptance_rate": 0.2134,
  "max_scale_param": 6.157692307692308,
  "expected_squared_jump_distances": [
    9.998158930102363e-05,
    0.06744135171175003,
    0.24713134765625,
    0.5215287208557129,
    0.8723019957542419,
    1.2846097946166992,
    1.7448283433914185,
    2.235868453979492,
    2.738175868988037,
    3.2571074962615967,
    3.7486324310302734,
    4.254724502563477,
    4.714030742645264,
    5.171928405761719,
    5.56998872756958,
    5.960088729858398,
    6.315980434417725,
    6.6132121086120605,
    6.843326091766357,
    7.088070869445801,
    7.186942100524902,
    7.308297157287598,
    7.489315032958984,
    7.50877046585083,
    7.571972370147705,
    7.515997409820557,
    7.462689399719238,
    7.428869724273682,
    7.294292449951172,
    7.2281718254089355,
    6.871211051940918,
    6.875308513641357,
    6.673744201660156,
    6.557194709777832,
    6.461763381958008,
    6.162753582000732,
    6.052018642425537,
    5.62860107421875,
    5.382339954376221,
    5.039254665374756
  ],
  "acceptance_rates": [
    0.999425,
    0.95329,
    0.90854,
    0.86455,
    0.82036,
    0.777965,
    0.737295,
    0.69695,
    0.655935,
    0.619255,
    0.57904,
    0.54485,
    0.509475,
    0.477165,
    0.445385,
    0.416015,
    0.38872,
    0.362175,
    0.3356,
    0.31288,
    0.28776,
    0.26599,
    0.2492,
    0.22955,
    0.2134,
    0.19579,
    0.18058,
    0.16711,
    0.15337,
    0.14279,
    0.12722,
    0.119425,
    0.10937,
    0.101395,
    0.0944,
    0.085345,
    0.07945,
    0.07043,
    0.06405,
    0.05713
  ],
  "scale_param_range": [
    0.01,
    0.2661538461538462,
    0.5223076923076924,
    0.7784615384615385,
    1.0346153846153847,
    1.290769230769231,
    1.546923076923077,
    1.8030769230769232,
    2.059230769230769,
    2.315384615384615,
    2.5715384615384616,
    2.827692307692308,
    3.083846153846154,
    3.34,
    3.5961538461538463,
    3.8523076923076927,
    4.108461538461539,
    4.364615384615385,
    4.6207692307692305,
    4.876923076923077,
    5.133076923076923,
    5.389230769230769,
    5.645384615384616,
    5.901538461538462,
    6.157692307692308,
    6.413846153846154,
    6.67,
    6.926153846153847,
    7.182307692307693,
    7.438461538461539,
    7.6946153846153855,
    7.9507692307692315,
    8.206923076923077,
    8.463076923076924,
    8.71923076923077,
    8.975384615384616,
    9.231538461538461,
    9.487692307692308,
    9.743846153846155,
    10.0
  ],
  "times": [
    47.71037197113037,
    47.51421332359314,
    47.48525643348694,
    47.574623346328735,
    47.411338090896606,
    47.21209788322449,
    46.91634654998779,
    46.90341067314148,
    46.64370083808899,
    46.61509919166565,
    46.077794790267944,
    45.98259520530701,
    45.65743923187256,
    45.35806632041931,
    44.97724938392639,
    44.67134714126587,
    44.39631962776184,
    44.30554413795471,
    43.88990330696106,
    43.76188802719116,
    43.541321754455566,
    43.20319151878357,
    42.467085123062134,
    42.223814487457275,
    42.089773654937744,
    41.763848543167114,
    41.41760993003845,
    41.25556993484497,
    40.77298545837402,
    40.75898289680481,
    40.28422427177429,
    40.22898197174072,
    39.95670437812805,
    39.97937798500061,
    39.53814506530762,
    39.375895738601685,
    39.192994117736816,
    39.01296305656433,
    38.61168932914734,
    38.67528986930847
  ]
}