{
  "target_distribution": "IIDGamma",
  "proposal_distribution": "Normal",
  "dimension": 30,
  "num_iterations": 200000,
  "seed": 10,
  "total_time": 1266.1645982265472,
  "max_esjd": 7.600694179534912,
  "max_acceptance_rate": 0.21069,
  "max_scale_param": 6.209487179487179,
  "expected_squared_jump_distances": [
    9.998158930102363e-05,
    0.08066942542791367,
    0.2953455448150635,
    0.6187921166419983,
    1.0301710367202759,
    1.510393738746643,
    2.0349926948547363,
    2.587071418762207,
    3.1489694118499756,
    3.7154417037963867,
    4.260672569274902,
    4.767701148986816,
    5.2773966789245605,
    5.696243762969971,
    6.1114277839660645,
    6.4195966720581055,
    6.729624271392822,
    7.032364845275879,
    7.294747352600098,
    7.3640522956848145,
    7.4686760902404785,
    7.563116073608398,
    7.600694179534912,
    7.4145050048828125,
    7.46196985244751,
    7.363144874572754,
    7.107199668884277,
    7.0124311447143555,
    6.812166690826416,
    6.586259365081787,
    6.478831768035889,
    6.297088623046875,
    6.013193130493164,
    5.674211025238037,
    5.654500484466553,
    5.283646106719971,
    5.310107231140137,
    4.656442165374756,
    4.686333179473877,
    4.289276123046875
  ],
  "acceptance_rates": [
    0.999425,
    0.948815,
    0.90061,
    0.850145,
    0.802825,
    0.75751,
    0.71249,
    0.668305,
    0.62558,
    0.58514,
    0.54586,
    0.506355,
    0.472735,
    0.436555,
    0.40529,
    0.37233,
    0.344335,
    0.319905,
    0.29684,
    0.270015,
    0.24844,
    0.22941,
    0.21069,
    0.188995,
    0.17544,
    0.16021,
    0.14367,
    0.13199,
    0.119675,
    0.10822,
    0.100105,
    0.09123,
    0.082385,
    0.073365,
    0.06879,
    0.0614,
    0.058435,
    0.04904,
    0.046685,
    0.040985
  ],
  "scale_param_range": [
    0.01,
    0.2917948717948718,
    0.5735897435897436,
    0.8553846153846154,
    1.1371794871794871,
    1.4189743589743589,
    1.7007692307692308,
    1.9825641025641025,
    2.264358974358974,
    2.546153846153846,
    2.8279487179487175,
    3.1097435897435894,
    3.3915384615384614,
    3.673333333333333,
    3.955128205128205,
    4.236923076923077,
    4.518717948717948,
    4.80051282051282,
    5.082307692307692,
    5.364102564102564,
    5.645897435897435,
    5.927692307692308,
    6.209487179487179,
    6.491282051282051,
    6.773076923076923,
    7.0548717948717945,
    7.336666666666666,
    7.6184615384615375,
    7.90025641025641,
    8.182051282051281,
    8.463846153846154,
    8.745641025641024,
    9.027435897435897,
    9.30923076923077,
    9.59102564102564,
    9.872820512820512,
    10.154615384615385,
    10.436410256410255,
    10.718205128205128,
    11.0
  ],
  "times": [
    34.8334436416626,
    34.837376832962036,
    34.77150321006775,
    34.84896993637085,
    34.75145077705383,
    34.672884702682495,
    34.52820825576782,
    34.459892988204956,
    34.096709966659546,
    34.05611801147461,
    33.80079627037048,
    33.67191171646118,
    33.38321852684021,
    33.07075619697571,
    32.91047644615173,
    32.71960425376892,
    32.33017086982727,
    32.15305233001709,
    31.81034564971924,
    31.773606300354004,
    31.486369609832764,
    31.38929581642151,
    30.972757577896118,
    30.83116841316223,
    30.572314739227295,
    30.376368522644043,
    30.03808617591858,
    30.025343894958496,
    29.666940927505493,
    29.52270221710205,
    29.447290658950806,
    29.30743169784546,
    29.071962356567383,
    29.024563789367676,
    28.820434093475342,
    28.672924995422363,
    28.61822009086609,
    28.42611837387085,
    28.17911410331726,
    28.197373390197754
  ]
}