{
  "target_distribution": "IIDGamma",
  "proposal_distribution": "Normal",
  "dimension": 2,
  "num_iterations": 200000,
  "seed": 5,
  "total_time": 1160.121190071106,
  "max_esjd": 11.157937049865723,
  "max_acceptance_rate": 0.324615,
  "max_scale_param": 8.622307692307691,
  "expected_squared_jump_distances": [
    9.997139568440616e-05,
    0.46584561467170715,
    1.5958263874053955,
    3.0801334381103516,
    4.667811393737793,
    6.181307792663574,
    7.5375752449035645,
    8.636341094970703,
    9.523686408996582,
    10.193140029907227,
    10.630021095275879,
    10.901923179626465,
    11.157937049865723,
    11.02636432647705,
    10.90526008605957,
    10.87598991394043,
    10.625520706176758,
    10.37300968170166,
    10.067867279052734,
    9.707013130187988,
    9.556221961975098,
    9.18317699432373,
    8.8778657913208,
    8.438258171081543,
    8.145856857299805,
    8.036287307739258,
    7.64642333984375,
    7.290247440338135,
    7.111827850341797,
    6.7302985191345215,
    6.4947896003723145,
    6.292566299438477,
    6.086154937744141,
    5.821805000305176,
    5.677102565765381,
    5.54863977432251,
    5.195545673370361,
    5.035101890563965,
    4.9723076820373535,
    4.795978546142578
  ],
  "acceptance_rates": [
    0.999265,
    0.92,
    0.84148,
    0.767605,
    0.69754,
    0.631655,
    0.57217,
    0.518085,
    0.470615,
    0.42715,
    0.38754,
    0.35308,
    0.324615,
    0.294735,
    0.270895,
    0.250365,
    0.22915,
    0.21195,
    0.19639,
    0.182085,
    0.169795,
    0.157525,
    0.147635,
    0.13709,
    0.12752,
    0.121125,
    0.113155,
    0.106005,
    0.10029,
    0.09408,
    0.089295,
    0.084685,
    0.07969,
    0.075505,
    0.072035,
    0.06938,
    0.0646,
    0.06173,
    0.059975,
    0.05708
  ],
  "scale_param_range": [
    0.01,
    0.7276923076923076,
    1.4453846153846153,
    2.1630769230769227,
    2.8807692307692303,
    3.598461538461538,
    4.316153846153846,
    5.033846153846153,
    5.751538461538461,
    6.4692307692307685,
    7.186923076923076,
    7.904615384615384,
    8.622307692307691,
    9.339999999999998,
    10.057692307692307,
    10.775384615384615,
    11.493076923076922,
    12.210769230769229,
    12.928461538461537,
    13.646153846153846,
    14.363846153846152,
    15.08153846153846,
    15.799230769230768,
    16.516923076923078,
    17.234615384615385,
    17.95230769230769,
    18.669999999999998,
    19.38769230769231,
    20.105384615384615,
    20.823076923076922,
    21.540769230769232,
    22.25846153846154,
    22.976153846153846,
    23.693846153846152,
    24.41153846153846,
    25.12923076923077,
    25.846923076923076,
    26.564615384615383,
    27.282307692307693,
    28.0
  ],
  "times": [
    33.26111626625061,
    31.919822931289673,
    32.34247374534607,
    32.45532774925232,
    31.814002990722656,
    31.217002153396606,
    30.00606608390808,
    30.330296754837036,
    30.439090490341187,
    30.354308366775513,
    30.23098111152649,
    29.496548652648926,
    29.489521265029907,
    29.074732303619385,
    29.07315158843994,
    29.15616726875305,
    28.78897500038147,
    29.00143814086914,
    28.69964051246643,
    27.89587664604187,
    27.990647554397583,
    28.49807596206665,
    28.02263903617859,
    28.325605869293213,
    28.56570792198181,
    28.05159020423889,
    27.657962799072266,
    27.39938187599182,
    28.54002094268799,
    28.80682396888733,
    28.31822657585144,
    27.402740478515625,
    27.58151149749756,
    27.935514450073242,
    26.865559577941895,
    27.107606649398804,
    27.411126613616943,
    27.428561210632324,
    26.571860551834106,
    26.55709433555603
  ]
}