{
  "target_distribution": "IIDGamma",
  "proposal_distribution": "Normal",
  "dimension": 10,
  "num_iterations": 100000,
  "seed": 8,
  "total_time": 849.3131392002106,
  "max_esjd": 10.158526420593262,
  "max_acceptance_rate": 0.19556,
  "max_scale_param": 8.003846153846155,
  "expected_squared_jump_distances": [
    9.990963735617697e-05,
    0.11134283244609833,
    0.40735599398612976,
    0.8530203104019165,
    1.4189512729644775,
    2.0674309730529785,
    2.7724008560180664,
    3.5330302715301514,
    4.275345325469971,
    5.0122857093811035,
    5.752321243286133,
    6.4264750480651855,
    7.115489959716797,
    7.702829837799072,
    8.143210411071777,
    8.604562759399414,
    9.072298049926758,
    9.30500316619873,
    9.714805603027344,
    9.74963092803955,
    9.874021530151367,
    10.130105018615723,
    10.018939971923828,
    10.094475746154785,
    10.158526420593262,
    9.821451187133789,
    9.663006782531738,
    9.571566581726074,
    9.253495216369629,
    9.30898380279541,
    8.926384925842285,
    8.386858940124512,
    8.57895278930664,
    8.130997657775879,
    7.74501371383667,
    7.410820007324219,
    7.195375919342041,
    6.960763454437256,
    7.046579837799072,
    6.611289978027344
  ],
  "acceptance_rates": [
    0.9994,
    0.95143,
    0.90165,
    0.85255,
    0.80629,
    0.75925,
    0.71415,
    0.67392,
    0.63047,
    0.58926,
    0.55271,
    0.51614,
    0.48285,
    0.44882,
    0.41446,
    0.38583,
    0.36067,
    0.33079,
    0.31062,
    0.28341,
    0.26185,
    0.24582,
    0.22571,
    0.20866,
    0.19556,
    0.17633,
    0.16247,
    0.15093,
    0.13695,
    0.12924,
    0.11825,
    0.1057,
    0.10128,
    0.09193,
    0.08343,
    0.07681,
    0.07119,
    0.06516,
    0.06326,
    0.05755
  ],
  "scale_param_range": [
    0.01,
    0.3430769230769231,
    0.6761538461538462,
    1.0092307692307694,
    1.3423076923076924,
    1.6753846153846155,
    2.0084615384615385,
    2.3415384615384616,
    2.6746153846153846,
    3.0076923076923077,
    3.3407692307692307,
    3.6738461538461538,
    4.006923076923077,
    4.34,
    4.673076923076923,
    5.006153846153846,
    5.3392307692307694,
    5.672307692307693,
    6.0053846153846155,
    6.338461538461539,
    6.671538461538462,
    7.004615384615385,
    7.337692307692308,
    7.670769230769231,
    8.003846153846155,
    8.336923076923078,
    8.67,
    9.003076923076923,
    9.336153846153847,
    9.66923076923077,
    10.002307692307692,
    10.335384615384616,
    10.668461538461539,
    11.001538461538463,
    11.334615384615386,
    11.667692307692308,
    12.000769230769231,
    12.333846153846155,
    12.666923076923078,
    13.0
  ],
  "times": [
    23.43266201019287,
    23.084604501724243,
    23.286717653274536,
    23.350377798080444,
    23.149773120880127,
    24.2457754611969,
    23.74699378013611,
    22.825480461120605,
    22.637047290802002,
    22.485839128494263,
    22.27095866203308,
    22.12360143661499,
    21.932601928710938,
    21.80432891845703,
    21.592240571975708,
    21.411069631576538,
    21.211628437042236,
    21.03336453437805,
    22.25265121459961,
    22.395299911499023,
    22.190578937530518,
    21.083831310272217,
    20.382238626480103,
    20.38299036026001,
    20.250525951385498,
    20.085679054260254,
    20.06380033493042,
    20.032894134521484,
    19.843910932540894,
    19.766892910003662,
    19.563413619995117,
    19.494301080703735,
    19.309551239013672,
    19.32713770866394,
    19.139728546142578,
    19.680918216705322,
    20.32644295692444,
    19.833211421966553,
    19.106570720672607,
    19.132468700408936
  ]
}