{
  "target_distribution": "IIDGamma",
  "proposal_distribution": "Normal",
  "dimension": 10,
  "num_iterations": 200000,
  "seed": 5,
  "total_time": 1676.6294629573822,
  "max_esjd": 10.038772583007812,
  "max_acceptance_rate": 0.244945,
  "max_scale_param": 7.004615384615385,
  "expected_squared_jump_distances": [
    9.993078128900379e-05,
    0.11108952015638351,
    0.40681326389312744,
    0.8533995151519775,
    1.4170758724212646,
    2.063765048980713,
    2.7762649059295654,
    3.5145111083984375,
    4.2505316734313965,
    4.988633155822754,
    5.6894073486328125,
    6.379713535308838,
    7.02426290512085,
    7.624234676361084,
    8.070348739624023,
    8.59282398223877,
    8.982741355895996,
    9.295028686523438,
    9.556437492370605,
    9.745926856994629,
    9.867481231689453,
    10.038772583007812,
    9.968031883239746,
    9.989871978759766,
    9.96636962890625,
    9.8435640335083,
    9.753111839294434,
    9.383143424987793,
    9.38054084777832,
    9.109697341918945,
    8.837434768676758,
    8.490105628967285,
    8.330574989318848,
    8.20014762878418,
    7.7024149894714355,
    7.72977352142334,
    7.464858531951904,
    7.182025909423828,
    6.934298515319824,
    6.477333068847656
  ],
  "acceptance_rates": [
    0.99945,
    0.949185,
    0.899865,
    0.85262,
    0.805465,
    0.758625,
    0.715085,
    0.670905,
    0.62768,
    0.587325,
    0.54863,
    0.512665,
    0.47854,
    0.44697,
    0.411885,
    0.386105,
    0.35885,
    0.33154,
    0.307085,
    0.284605,
    0.263125,
    0.244945,
    0.22419,
    0.20829,
    0.192195,
    0.177035,
    0.164165,
    0.14869,
    0.13894,
    0.127825,
    0.11739,
    0.107305,
    0.09936,
    0.092965,
    0.08326,
    0.079375,
    0.07357,
    0.06725,
    0.062215,
    0.05637
  ],
  "scale_param_range": [
    0.01,
    0.3430769230769231,
    0.6761538461538462,
    1.0092307692307694,
    1.3423076923076924,
    1.6753846153846155,
    2.0084615384615385,
    2.3415384615384616,
    2.6746153846153846,
    3.0076923076923077,
    3.3407692307692307,
    3.6738461538461538,
    4.006923076923077,
    4.34,
    4.673076923076923,
    5.006153846153846,
    5.3392307692307694,
    5.672307692307693,
    6.0053846153846155,
    6.338461538461539,
    6.671538461538462,
    7.004615384615385,
    7.337692307692308,
    7.670769230769231,
    8.003846153846155,
    8.336923076923078,
    8.67,
    9.003076923076923,
    9.336153846153847,
    9.66923076923077,
    10.002307692307692,
    10.335384615384616,
    10.668461538461539,
    11.001538461538463,
    11.334615384615386,
    11.667692307692308,
    12.000769230769231,
    12.333846153846155,
    12.666923076923078,
    13.0
  ],
  "times": [
    46.398770809173584,
    46.34049391746521,
    46.101473331451416,
    46.16199707984924,
    45.84658432006836,
    46.04245924949646,
    45.42578101158142,
    45.35471749305725,
    45.09734034538269,
    44.80241823196411,
    44.51957869529724,
    44.17108345031738,
    43.726187229156494,
    43.682353258132935,
    43.1094434261322,
    42.91243076324463,
    42.562124490737915,
    42.367761850357056,
    41.901013135910034,
    41.864909648895264,
    41.3302321434021,
    41.38953614234924,
    40.78817939758301,
    40.724079847335815,
    40.35368299484253,
    40.275958776474,
    40.07681107521057,
    39.82127046585083,
    39.497498750686646,
    39.44959568977356,
    39.016528606414795,
    38.97235083580017,
    38.73634457588196,
    38.70152282714844,
    38.46757173538208,
    38.41005825996399,
    38.114206314086914,
    37.924352169036865,
    38.037936210632324,
    38.121129274368286
  ]
}