{
  "target_distribution": "IIDGamma",
  "proposal_distribution": "Normal",
  "dimension": 2,
  "num_iterations": 200000,
  "seed": 14,
  "total_time": 1262.9965393543243,
  "max_esjd": 11.212932586669922,
  "max_acceptance_rate": 0.297285,
  "max_scale_param": 9.339999999999998,
  "expected_squared_jump_distances": [
    9.990252874558792e-05,
    0.46586355566978455,
    1.5986106395721436,
    3.075408697128296,
    4.651806354522705,
    6.176755905151367,
    7.548283100128174,
    8.693438529968262,
    9.62164306640625,
    10.252103805541992,
    10.643763542175293,
    10.981725692749023,
    11.041596412658691,
    11.212932586669922,
    11.01605224609375,
    10.888506889343262,
    10.657858848571777,
    10.591201782226562,
    10.064704895019531,
    9.999397277832031,
    9.499385833740234,
    9.370375633239746,
    8.825127601623535,
    8.645912170410156,
    8.306551933288574,
    8.087743759155273,
    7.657088756561279,
    7.563187122344971,
    7.325554370880127,
    7.117940902709961,
    6.769950866699219,
    6.59193229675293,
    6.335967540740967,
    6.128249645233154,
    5.740619659423828,
    5.486024379730225,
    5.431522369384766,
    5.267992973327637,
    4.865283966064453,
    4.849894046783447
  ],
  "acceptance_rates": [
    0.99939,
    0.919735,
    0.841715,
    0.76655,
    0.6967,
    0.63181,
    0.57327,
    0.52015,
    0.472675,
    0.42793,
    0.38935,
    0.35499,
    0.322705,
    0.297285,
    0.27215,
    0.25066,
    0.230345,
    0.21501,
    0.196155,
    0.18454,
    0.16942,
    0.158885,
    0.147255,
    0.13776,
    0.12959,
    0.12206,
    0.11351,
    0.10835,
    0.101985,
    0.09678,
    0.0906,
    0.085965,
    0.08246,
    0.078235,
    0.07353,
    0.06922,
    0.066595,
    0.063915,
    0.06039,
    0.05771
  ],
  "scale_param_range": [
    0.01,
    0.7276923076923076,
    1.4453846153846153,
    2.1630769230769227,
    2.8807692307692303,
    3.598461538461538,
    4.316153846153846,
    5.033846153846153,
    5.751538461538461,
    6.4692307692307685,
    7.186923076923076,
    7.904615384615384,
    8.622307692307691,
    9.339999999999998,
    10.057692307692307,
    10.775384615384615,
    11.493076923076922,
    12.210769230769229,
    12.928461538461537,
    13.646153846153846,
    14.363846153846152,
    15.08153846153846,
    15.799230769230768,
    16.516923076923078,
    17.234615384615385,
    17.95230769230769,
    18.669999999999998,
    19.38769230769231,
    20.105384615384615,
    20.823076923076922,
    21.540769230769232,
    22.25846153846154,
    22.976153846153846,
    23.693846153846152,
    24.41153846153846,
    25.12923076923077,
    25.846923076923076,
    26.564615384615383,
    27.282307692307693,
    28.0
  ],
  "times": [
    36.56744027137756,
    35.79736137390137,
    35.74504256248474,
    35.039809226989746,
    35.02871108055115,
    35.068931102752686,
    35.01175355911255,
    34.611427545547485,
    33.799296140670776,
    33.8226420879364,
    33.99157905578613,
    33.18448543548584,
    31.978697538375854,
    32.0202796459198,
    31.166122674942017,
    30.83515691757202,
    31.340012788772583,
    31.337172508239746,
    30.947246074676514,
    31.465789318084717,
    31.14484143257141,
    31.377135276794434,
    31.271201133728027,
    30.78698992729187,
    30.54494547843933,
    29.972253561019897,
    29.829221487045288,
    30.27753496170044,
    29.981361150741577,
    30.237272024154663,
    30.039708375930786,
    29.803425312042236,
    28.52278423309326,
    28.92001986503601,
    28.595430374145508,
    28.976205587387085,
    27.945645809173584,
    28.799355268478394,
    28.77488684654236,
    28.402517080307007
  ]
}