{
  "target_distribution": "IIDGamma",
  "proposal_distribution": "Normal",
  "dimension": 30,
  "num_iterations": 100000,
  "seed": 1,
  "total_time": 870.0100355148315,
  "max_esjd": 7.575711727142334,
  "max_acceptance_rate": 0.2523,
  "max_scale_param": 5.645384615384616,
  "expected_squared_jump_distances": [
    9.99851617962122e-05,
    0.06751518696546555,
    0.24716711044311523,
    0.5223734378814697,
    0.8735326528549194,
    1.291824460029602,
    1.7504264116287231,
    2.239427089691162,
    2.7522945404052734,
    3.253441095352173,
    3.75016188621521,
    4.261843681335449,
    4.73720121383667,
    5.18135929107666,
    5.514689922332764,
    5.92264461517334,
    6.199408531188965,
    6.6061248779296875,
    6.883912563323975,
    7.107137203216553,
    7.300607204437256,
    7.374919891357422,
    7.575711727142334,
    7.335600852966309,
    7.5666608810424805,
    7.500370979309082,
    7.258748531341553,
    7.27850866317749,
    7.247152328491211,
    7.140482425689697,
    6.985743999481201,
    6.826071739196777,
    6.577118396759033,
    6.426815986633301,
    6.360989093780518,
    6.173693656921387,
    5.684128761291504,
    5.750457286834717,
    5.49192476272583,
    5.0526442527771
  ],
  "acceptance_rates": [
    0.99952,
    0.95455,
    0.90905,
    0.86647,
    0.8219,
    0.78268,
    0.73985,
    0.69861,
    0.65998,
    0.61854,
    0.57981,
    0.54594,
    0.51226,
    0.47899,
    0.44122,
    0.41367,
    0.38252,
    0.36205,
    0.33771,
    0.31403,
    0.29161,
    0.26862,
    0.2523,
    0.22457,
    0.21362,
    0.19594,
    0.17598,
    0.16436,
    0.15221,
    0.14096,
    0.12908,
    0.11869,
    0.10758,
    0.09943,
    0.09266,
    0.08562,
    0.07489,
    0.07176,
    0.06538,
    0.05751
  ],
  "scale_param_range": [
    0.01,
    0.2661538461538462,
    0.5223076923076924,
    0.7784615384615385,
    1.0346153846153847,
    1.290769230769231,
    1.546923076923077,
    1.8030769230769232,
    2.059230769230769,
    2.315384615384615,
    2.5715384615384616,
    2.827692307692308,
    3.083846153846154,
    3.34,
    3.5961538461538463,
    3.8523076923076927,
    4.108461538461539,
    4.364615384615385,
    4.6207692307692305,
    4.876923076923077,
    5.133076923076923,
    5.389230769230769,
    5.645384615384616,
    5.901538461538462,
    6.157692307692308,
    6.413846153846154,
    6.67,
    6.926153846153847,
    7.182307692307693,
    7.438461538461539,
    7.6946153846153855,
    7.9507692307692315,
    8.206923076923077,
    8.463076923076924,
    8.71923076923077,
    8.975384615384616,
    9.231538461538461,
    9.487692307692308,
    9.743846153846155,
    10.0
  ],
  "times": [
    24.153743028640747,
    23.896183252334595,
    23.48636746406555,
    24.485939264297485,
    23.849327087402344,
    23.391223430633545,
    23.158782958984375,
    23.34946036338806,
    23.063486576080322,
    23.107365131378174,
    22.906503200531006,
    23.0547456741333,
    22.755671501159668,
    22.596420288085938,
    22.4539794921875,
    22.54273533821106,
    22.246031761169434,
    22.291776657104492,
    22.122457027435303,
    21.77497673034668,
    21.541256427764893,
    21.516600847244263,
    21.34988021850586,
    21.048768520355225,
    20.9638831615448,
    20.8687105178833,
    20.5885272026062,
    20.623961448669434,
    20.562476634979248,
    20.31752061843872,
    20.179558038711548,
    20.114711046218872,
    20.331003427505493,
    20.69099521636963,
    20.072632312774658,
    19.95214867591858,
    19.515706300735474,
    19.309366941452026,
    19.43330669403076,
    19.38064408302307
  ]
}