{
  "target_distribution": "IIDGamma",
  "proposal_distribution": "Normal",
  "dimension": 30,
  "num_iterations": 200000,
  "seed": 4,
  "total_time": 1211.155250787735,
  "max_esjd": 7.528985023498535,
  "max_acceptance_rate": 0.228245,
  "max_scale_param": 5.927692307692308,
  "expected_squared_jump_distances": [
    9.998231689678505e-05,
    0.08066248148679733,
    0.29504257440567017,
    0.6186302900314331,
    1.0307016372680664,
    1.5093811750411987,
    2.03436279296875,
    2.5837018489837646,
    3.1546664237976074,
    3.7153007984161377,
    4.255462169647217,
    4.766404151916504,
    5.274913787841797,
    5.695608615875244,
    6.084929943084717,
    6.4410786628723145,
    6.729030609130859,
    7.029019832611084,
    7.260959625244141,
    7.33120059967041,
    7.481081485748291,
    7.528985023498535,
    7.522599697113037,
    7.424113750457764,
    7.423048973083496,
    7.36939001083374,
    7.089544773101807,
    7.0926408767700195,
    6.662791728973389,
    6.6819610595703125,
    6.467243671417236,
    6.2601728439331055,
    5.768004417419434,
    6.020179748535156,
    5.587703704833984,
    5.201271057128906,
    5.043025016784668,
    4.813881874084473,
    4.586749076843262,
    4.552919387817383
  ],
  "acceptance_rates": [
    0.99943,
    0.94865,
    0.89976,
    0.850015,
    0.803125,
    0.75726,
    0.712105,
    0.66701,
    0.62673,
    0.585025,
    0.544985,
    0.506345,
    0.472765,
    0.43656,
    0.403945,
    0.373205,
    0.34424,
    0.31987,
    0.295505,
    0.268915,
    0.249155,
    0.228245,
    0.20835,
    0.189445,
    0.17453,
    0.16037,
    0.143205,
    0.133345,
    0.117205,
    0.109925,
    0.10018,
    0.09088,
    0.079255,
    0.077505,
    0.06845,
    0.06055,
    0.05564,
    0.050485,
    0.045935,
    0.043335
  ],
  "scale_param_range": [
    0.01,
    0.2917948717948718,
    0.5735897435897436,
    0.8553846153846154,
    1.1371794871794871,
    1.4189743589743589,
    1.7007692307692308,
    1.9825641025641025,
    2.264358974358974,
    2.546153846153846,
    2.8279487179487175,
    3.1097435897435894,
    3.3915384615384614,
    3.673333333333333,
    3.955128205128205,
    4.236923076923077,
    4.518717948717948,
    4.80051282051282,
    5.082307692307692,
    5.364102564102564,
    5.645897435897435,
    5.927692307692308,
    6.209487179487179,
    6.491282051282051,
    6.773076923076923,
    7.0548717948717945,
    7.336666666666666,
    7.6184615384615375,
    7.90025641025641,
    8.182051282051281,
    8.463846153846154,
    8.745641025641024,
    9.027435897435897,
    9.30923076923077,
    9.59102564102564,
    9.872820512820512,
    10.154615384615385,
    10.436410256410255,
    10.718205128205128,
    11.0
  ],
  "times": [
    34.65283751487732,
    33.314345836639404,
    33.2143452167511,
    33.17049312591553,
    33.06442928314209,
    33.04706573486328,
    32.85318422317505,
    32.84070658683777,
    32.64734673500061,
    32.608370780944824,
    32.424444913864136,
    32.209548473358154,
    32.08307218551636,
    31.807958126068115,
    31.496751070022583,
    31.20164203643799,
    30.910897970199585,
    30.730785846710205,
    30.564841985702515,
    30.291714906692505,
    29.985929489135742,
    29.929823398590088,
    29.59524178504944,
    29.380080223083496,
    29.19062066078186,
    29.034862518310547,
    28.736850261688232,
    28.654321908950806,
    28.33375883102417,
    28.298222064971924,
    28.208337545394897,
    28.037715196609497,
    27.83243227005005,
    27.665120363235474,
    27.540550231933594,
    27.379066228866577,
    27.137199878692627,
    27.16368794441223,
    27.0250461101532,
    26.853679895401
  ]
}