{
  "target_distribution": "IIDGamma",
  "proposal_distribution": "Normal",
  "dimension": 50,
  "num_iterations": 100000,
  "seed": 4,
  "total_time": 892.996631860733,
  "max_esjd": 6.63958740234375,
  "max_acceptance_rate": 0.18275,
  "max_scale_param": 6.156153846153846,
  "expected_squared_jump_distances": [
    0.00010004183423006907,
    0.04440061002969742,
    0.16200490295886993,
    0.34417659044265747,
    0.5799278616905212,
    0.8600519895553589,
    1.1728019714355469,
    1.5233346223831177,
    1.8850630521774292,
    2.274099111557007,
    2.6453893184661865,
    3.0419423580169678,
    3.4185030460357666,
    3.7725746631622314,
    4.117447853088379,
    4.479036331176758,
    4.791135311126709,
    5.10959005355835,
    5.382778167724609,
    5.614005088806152,
    5.750202178955078,
    5.955318450927734,
    6.147942543029785,
    6.242838382720947,
    6.500026226043701,
    6.48086404800415,
    6.618857383728027,
    6.516937732696533,
    6.458218574523926,
    6.37510347366333,
    6.63958740234375,
    6.57673978805542,
    6.351506233215332,
    6.068711280822754,
    6.015267848968506,
    6.207486629486084,
    6.048130035400391,
    5.3936285972595215,
    5.82043981552124,
    5.382969856262207
  ],
  "acceptance_rates": [
    0.99946,
    0.96144,
    0.92003,
    0.88356,
    0.84499,
    0.80667,
    0.76715,
    0.73486,
    0.69808,
    0.66735,
    0.63036,
    0.59991,
    0.5681,
    0.53519,
    0.50481,
    0.47955,
    0.4516,
    0.42741,
    0.40198,
    0.37726,
    0.34943,
    0.32904,
    0.30935,
    0.2886,
    0.27668,
    0.25432,
    0.24075,
    0.22031,
    0.2037,
    0.18755,
    0.18275,
    0.17032,
    0.15425,
    0.13908,
    0.13023,
    0.12681,
    0.11731,
    0.09935,
    0.1018,
    0.08953
  ],
  "scale_param_range": [
    0.01,
    0.2148717948717949,
    0.4197435897435898,
    0.6246153846153847,
    0.8294871794871795,
    1.0343589743589745,
    1.2392307692307694,
    1.4441025641025642,
    1.648974358974359,
    1.853846153846154,
    2.0587179487179488,
    2.2635897435897436,
    2.4684615384615385,
    2.6733333333333333,
    2.878205128205128,
    3.083076923076923,
    3.287948717948718,
    3.4928205128205128,
    3.6976923076923076,
    3.9025641025641025,
    4.107435897435898,
    4.312307692307693,
    4.5171794871794875,
    4.722051282051282,
    4.926923076923077,
    5.131794871794872,
    5.336666666666667,
    5.541538461538462,
    5.746410256410257,
    5.9512820512820515,
    6.156153846153846,
    6.361025641025641,
    6.565897435897436,
    6.770769230769231,
    6.975641025641026,
    7.180512820512821,
    7.385384615384615,
    7.59025641025641,
    7.795128205128205,
    8.0
  ],
  "times": [
    23.988181352615356,
    23.901290893554688,
    23.81062650680542,
    23.788666248321533,
    23.71894121170044,
    23.522337675094604,
    23.517900943756104,
    23.713383674621582,
    24.41000986099243,
    24.670464515686035,
    24.18089532852173,
    23.243589639663696,
    23.15156388282776,
    23.042867183685303,
    22.8429958820343,
    22.846975564956665,
    22.686761140823364,
    22.70773959159851,
    22.431679487228394,
    22.415648698806763,
    22.05384612083435,
    22.030894994735718,
    21.712454557418823,
    22.421464204788208,
    22.92899441719055,
    21.725388050079346,
    21.407055139541626,
    21.306927919387817,
    21.08284831047058,
    21.02046823501587,
    20.85801911354065,
    20.909145832061768,
    20.764039039611816,
    20.590386152267456,
    20.434797048568726,
    20.381134748458862,
    20.238781929016113,
    20.499518871307373,
    21.219959497451782,
    20.770925045013428
  ]
}