{
  "target_distribution": "IIDGamma",
  "proposal_distribution": "Normal",
  "dimension": 50,
  "num_iterations": 200000,
  "seed": 6,
  "total_time": 1240.3579432964325,
  "max_esjd": 6.6406097412109375,
  "max_acceptance_rate": 0.21668,
  "max_scale_param": 5.645384615384616,
  "expected_squared_jump_distances": [
    9.996523294830695e-05,
    0.06721516698598862,
    0.245660662651062,
    0.5166805386543274,
    0.8633159399032593,
    1.2637939453125,
    1.7088443040847778,
    2.1652004718780518,
    2.6570749282836914,
    3.141000747680664,
    3.6204044818878174,
    4.065655708312988,
    4.504911422729492,
    4.836928367614746,
    5.256941795349121,
    5.568953514099121,
    5.866138458251953,
    6.085808753967285,
    6.252691745758057,
    6.4264235496521,
    6.43894624710083,
    6.59128475189209,
    6.6406097412109375,
    6.6067423820495605,
    6.4278059005737305,
    6.442223072052002,
    6.210669994354248,
    6.2177605628967285,
    5.942470550537109,
    5.812560081481934,
    5.732397556304932,
    5.5467143058776855,
    5.336366653442383,
    4.9884843826293945,
    4.753367900848389,
    4.624566555023193,
    4.31100606918335,
    4.168829441070557,
    3.9546236991882324,
    4.002026557922363
  ],
  "acceptance_rates": [
    0.999495,
    0.949585,
    0.90223,
    0.855285,
    0.809925,
    0.763015,
    0.719425,
    0.672015,
    0.633075,
    0.59313,
    0.554865,
    0.516215,
    0.48217,
    0.442145,
    0.415035,
    0.384045,
    0.35661,
    0.32861,
    0.301785,
    0.278995,
    0.253325,
    0.23574,
    0.21668,
    0.19768,
    0.17722,
    0.164085,
    0.146765,
    0.136445,
    0.1217,
    0.111325,
    0.10273,
    0.09347,
    0.084555,
    0.074715,
    0.06708,
    0.061765,
    0.054505,
    0.0502,
    0.04532,
    0.043485
  ],
  "scale_param_range": [
    0.01,
    0.2661538461538462,
    0.5223076923076924,
    0.7784615384615385,
    1.0346153846153847,
    1.290769230769231,
    1.546923076923077,
    1.8030769230769232,
    2.059230769230769,
    2.315384615384615,
    2.5715384615384616,
    2.827692307692308,
    3.083846153846154,
    3.34,
    3.5961538461538463,
    3.8523076923076927,
    4.108461538461539,
    4.364615384615385,
    4.6207692307692305,
    4.876923076923077,
    5.133076923076923,
    5.389230769230769,
    5.645384615384616,
    5.901538461538462,
    6.157692307692308,
    6.413846153846154,
    6.67,
    6.926153846153847,
    7.182307692307693,
    7.438461538461539,
    7.6946153846153855,
    7.9507692307692315,
    8.206923076923077,
    8.463076923076924,
    8.71923076923077,
    8.975384615384616,
    9.231538461538461,
    9.487692307692308,
    9.743846153846155,
    10.0
  ],
  "times": [
    34.44478511810303,
    34.08571481704712,
    34.032514810562134,
    34.14690899848938,
    33.94822859764099,
    33.897204875946045,
    33.72440695762634,
    33.62177920341492,
    33.54371500015259,
    33.42888283729553,
    33.103713512420654,
    33.05287265777588,
    32.72576069831848,
    32.506399393081665,
    32.32167458534241,
    32.07824420928955,
    31.793617486953735,
    31.659337520599365,
    31.36743187904358,
    31.116657257080078,
    30.788609743118286,
    30.911496877670288,
    30.65109157562256,
    30.39006543159485,
    29.91223955154419,
    29.867756843566895,
    29.49209475517273,
    29.35729694366455,
    29.06887412071228,
    28.920100212097168,
    28.7172589302063,
    28.62150549888611,
    28.474623203277588,
    28.328370332717896,
    27.922281742095947,
    27.988592863082886,
    27.770108938217163,
    27.60014820098877,
    27.47657346725464,
    27.45984435081482
  ]
}