{
  "target_distribution": "IIDGamma",
  "proposal_distribution": "Normal",
  "dimension": 50,
  "num_iterations": 200000,
  "seed": 4,
  "total_time": 693.0345265865326,
  "max_esjd": 6.5178422927856445,
  "max_acceptance_rate": 0.16576,
  "max_scale_param": 6.413846153846154,
  "expected_squared_jump_distances": [
    9.987506928155199e-05,
    0.06689820438623428,
    0.24410361051559448,
    0.513380765914917,
    0.8545100092887878,
    1.2531334161758423,
    1.6943585872650146,
    2.157811164855957,
    2.6244499683380127,
    3.101219892501831,
    3.577199935913086,
    4.021421909332275,
    4.446234226226807,
    4.819901943206787,
    5.1549224853515625,
    5.476641654968262,
    5.745200157165527,
    5.98976993560791,
    6.148019313812256,
    6.370482444763184,
    6.47349739074707,
    6.385707378387451,
    6.510069370269775,
    6.453208923339844,
    6.389606475830078,
    6.5178422927856445,
    6.203213691711426,
    6.237823963165283,
    5.984756946563721,
    5.953981876373291,
    5.628894805908203,
    5.3694329261779785,
    5.373417377471924,
    5.062414646148682,
    4.846406936645508,
    4.866886615753174,
    4.49766731262207,
    4.19367790222168,
    3.9488837718963623,
    3.6409335136413574
  ],
  "acceptance_rates": [
    0.99947,
    0.94631,
    0.8977,
    0.850735,
    0.80272,
    0.757295,
    0.713815,
    0.670205,
    0.6263,
    0.58608,
    0.54914,
    0.51129,
    0.47618,
    0.44099,
    0.40775,
    0.378185,
    0.349595,
    0.323895,
    0.29696,
    0.276565,
    0.25454,
    0.228135,
    0.21265,
    0.19321,
    0.176535,
    0.16576,
    0.146385,
    0.136945,
    0.122555,
    0.11371,
    0.100955,
    0.090755,
    0.085155,
    0.075575,
    0.068275,
    0.06496,
    0.0569,
    0.05055,
    0.04528,
    0.039555
  ],
  "scale_param_range": [
    0.01,
    0.2661538461538462,
    0.5223076923076924,
    0.7784615384615385,
    1.0346153846153847,
    1.290769230769231,
    1.546923076923077,
    1.8030769230769232,
    2.059230769230769,
    2.315384615384615,
    2.5715384615384616,
    2.827692307692308,
    3.083846153846154,
    3.34,
    3.5961538461538463,
    3.8523076923076927,
    4.108461538461539,
    4.364615384615385,
    4.6207692307692305,
    4.876923076923077,
    5.133076923076923,
    5.389230769230769,
    5.645384615384616,
    5.901538461538462,
    6.157692307692308,
    6.413846153846154,
    6.67,
    6.926153846153847,
    7.182307692307693,
    7.438461538461539,
    7.6946153846153855,
    7.9507692307692315,
    8.206923076923077,
    8.463076923076924,
    8.71923076923077,
    8.975384615384616,
    9.231538461538461,
    9.487692307692308,
    9.743846153846155,
    10.0
  ],
  "times": [
    18.701390981674194,
    20.171518087387085,
    18.688831567764282,
    18.687236070632935,
    18.637659311294556,
    18.68157935142517,
    18.44815492630005,
    18.56901240348816,
    18.358717918395996,
    18.454819679260254,
    18.296266794204712,
    18.129571437835693,
    18.1549289226532,
    17.928573846817017,
    17.945245265960693,
    17.700076818466187,
    17.72004461288452,
    17.49099040031433,
    17.41141438484192,
    17.39214587211609,
    17.147943258285522,
    17.173553466796875,
    17.062098503112793,
    16.844550371170044,
    16.77124571800232,
    16.738189935684204,
    16.685927867889404,
    16.475674152374268,
    16.42502188682556,
    16.281115293502808,
    16.190951585769653,
    16.133780002593994,
    16.116495847702026,
    16.02846932411194,
    15.917698860168457,
    15.820905208587646,
    15.846553564071655,
    15.586273670196533,
    15.591030359268188,
    15.549144506454468
  ]
}