{
  "target_distribution": "IIDGamma",
  "proposal_distribution": "Normal",
  "dimension": 5,
  "num_iterations": 200000,
  "seed": 8,
  "total_time": 1222.279866695404,
  "max_esjd": 11.173431396484375,
  "max_acceptance_rate": 0.23597,
  "max_scale_param": 8.313076923076922,
  "expected_squared_jump_distances": [
    9.99263720586896e-05,
    0.20592132210731506,
    0.7436297535896301,
    1.5251396894454956,
    2.472756862640381,
    3.5145230293273926,
    4.58535099029541,
    5.6288604736328125,
    6.630537986755371,
    7.564354419708252,
    8.402233123779297,
    9.090058326721191,
    9.684951782226562,
    10.265657424926758,
    10.552033424377441,
    10.881221771240234,
    11.021567344665527,
    11.107114791870117,
    11.173431396484375,
    11.157244682312012,
    11.085908889770508,
    10.918709754943848,
    10.738687515258789,
    10.502937316894531,
    10.25374984741211,
    10.123028755187988,
    9.607808113098145,
    9.267882347106934,
    8.968849182128906,
    8.72452449798584,
    8.432985305786133,
    8.039116859436035,
    7.607176780700684,
    7.457733631134033,
    6.820609092712402,
    6.580434799194336,
    6.316318511962891,
    5.9047441482543945,
    5.990196228027344,
    5.504631042480469
  ],
  "acceptance_rates": [
    0.99942,
    0.939325,
    0.879105,
    0.819875,
    0.76313,
    0.707935,
    0.654835,
    0.60367,
    0.55669,
    0.51239,
    0.472065,
    0.432085,
    0.396645,
    0.366225,
    0.33346,
    0.30574,
    0.27968,
    0.25573,
    0.23597,
    0.216235,
    0.198665,
    0.182325,
    0.16714,
    0.153015,
    0.141285,
    0.13095,
    0.11873,
    0.10902,
    0.09975,
    0.09255,
    0.0855,
    0.07894,
    0.07155,
    0.0666,
    0.060275,
    0.05597,
    0.05199,
    0.047125,
    0.046115,
    0.04108
  ],
  "scale_param_range": [
    0.01,
    0.47128205128205125,
    0.9325641025641025,
    1.3938461538461537,
    1.855128205128205,
    2.316410256410256,
    2.7776923076923072,
    3.2389743589743585,
    3.7002564102564097,
    4.161538461538461,
    4.622820512820512,
    5.0841025641025634,
    5.545384615384615,
    6.006666666666666,
    6.467948717948717,
    6.929230769230768,
    7.39051282051282,
    7.851794871794871,
    8.313076923076922,
    8.774358974358973,
    9.235641025641025,
    9.696923076923076,
    10.158205128205127,
    10.619487179487178,
    11.08076923076923,
    11.54205128205128,
    12.003333333333332,
    12.464615384615383,
    12.925897435897435,
    13.387179487179486,
    13.848461538461537,
    14.309743589743588,
    14.77102564102564,
    15.23230769230769,
    15.693589743589742,
    16.154871794871795,
    16.616153846153846,
    17.077435897435898,
    17.53871794871795,
    18.0
  ],
  "times": [
    33.17976665496826,
    32.88482213020325,
    33.19645953178406,
    33.719292640686035,
    33.66017389297485,
    33.461111545562744,
    33.26164937019348,
    33.07205629348755,
    32.739996910095215,
    32.55401158332825,
    32.21066212654114,
    32.00908637046814,
    31.61879849433899,
    31.581103086471558,
    31.227404832839966,
    31.14120101928711,
    30.761767387390137,
    30.73655366897583,
    30.45781946182251,
    30.249675273895264,
    30.049423694610596,
    30.048308610916138,
    29.719802856445312,
    29.692299365997314,
    29.460578680038452,
    29.398852348327637,
    29.215578079223633,
    29.136017322540283,
    28.960055351257324,
    28.93243980407715,
    28.76381230354309,
    28.70431876182556,
    28.50108051300049,
    28.542314052581787,
    28.37807035446167,
    28.32828688621521,
    28.254458904266357,
    28.2530198097229,
    28.084046125411987,
    28.097451210021973
  ]
}