{
  "target_distribution": "IIDGamma",
  "proposal_distribution": "Normal",
  "dimension": 30,
  "num_iterations": 100000,
  "seed": 5,
  "total_time": 865.60919713974,
  "max_esjd": 7.6210761070251465,
  "max_acceptance_rate": 0.19838,
  "max_scale_param": 6.413846153846154,
  "expected_squared_jump_distances": [
    9.99851617962122e-05,
    0.06754836440086365,
    0.2471839040517807,
    0.5232791304588318,
    0.8744502663612366,
    1.2866692543029785,
    1.7453396320343018,
    2.2380309104919434,
    2.750501871109009,
    3.24542236328125,
    3.7626326084136963,
    4.2334513664245605,
    4.715690612792969,
    5.122870445251465,
    5.556025505065918,
    5.913680076599121,
    6.315252304077148,
    6.647288799285889,
    6.979244709014893,
    7.091578006744385,
    7.243991851806641,
    7.3501410484313965,
    7.482792377471924,
    7.452848434448242,
    7.551237106323242,
    7.6210761070251465,
    7.4820098876953125,
    7.256486892700195,
    7.266722202301025,
    7.141246795654297,
    6.980303764343262,
    6.8421783447265625,
    6.457132816314697,
    6.428635597229004,
    6.446815013885498,
    6.11876106262207,
    5.9668073654174805,
    5.718817234039307,
    5.4222636222839355,
    5.15270471572876
  ],
  "acceptance_rates": [
    0.99952,
    0.95504,
    0.90927,
    0.86795,
    0.82294,
    0.77937,
    0.73798,
    0.69801,
    0.65963,
    0.61723,
    0.58169,
    0.54246,
    0.50996,
    0.47383,
    0.4447,
    0.41362,
    0.3893,
    0.36391,
    0.34213,
    0.31341,
    0.29042,
    0.26757,
    0.24966,
    0.22795,
    0.21297,
    0.19838,
    0.18162,
    0.16334,
    0.15271,
    0.14066,
    0.12899,
    0.11856,
    0.1057,
    0.09972,
    0.09413,
    0.0846,
    0.07872,
    0.07118,
    0.06445,
    0.05852
  ],
  "scale_param_range": [
    0.01,
    0.2661538461538462,
    0.5223076923076924,
    0.7784615384615385,
    1.0346153846153847,
    1.290769230769231,
    1.546923076923077,
    1.8030769230769232,
    2.059230769230769,
    2.315384615384615,
    2.5715384615384616,
    2.827692307692308,
    3.083846153846154,
    3.34,
    3.5961538461538463,
    3.8523076923076927,
    4.108461538461539,
    4.364615384615385,
    4.6207692307692305,
    4.876923076923077,
    5.133076923076923,
    5.389230769230769,
    5.645384615384616,
    5.901538461538462,
    6.157692307692308,
    6.413846153846154,
    6.67,
    6.926153846153847,
    7.182307692307693,
    7.438461538461539,
    7.6946153846153855,
    7.9507692307692315,
    8.206923076923077,
    8.463076923076924,
    8.71923076923077,
    8.975384615384616,
    9.231538461538461,
    9.487692307692308,
    9.743846153846155,
    10.0
  ],
  "times": [
    23.907886743545532,
    23.787795066833496,
    23.576359748840332,
    23.737459659576416,
    23.546421766281128,
    23.560038089752197,
    23.29856538772583,
    23.473397254943848,
    23.093647241592407,
    23.35224199295044,
    22.96249294281006,
    22.881279230117798,
    22.732072114944458,
    22.594648838043213,
    22.393418312072754,
    22.230035305023193,
    22.143133878707886,
    22.072463512420654,
    21.88098430633545,
    21.728675365447998,
    21.50477123260498,
    21.505795001983643,
    21.1742103099823,
    21.146488904953003,
    20.927194118499756,
    20.92812991142273,
    20.711701154708862,
    20.6157009601593,
    20.424196481704712,
    20.41515827178955,
    20.202183961868286,
    20.14760160446167,
    19.856080055236816,
    19.853739738464355,
    19.70822501182556,
    19.72506332397461,
    19.571446895599365,
    19.526228427886963,
    19.319218397140503,
    19.361573219299316
  ]
}