{
  "target_distribution": "IIDGamma",
  "proposal_distribution": "Normal",
  "dimension": 100,
  "num_iterations": 200000,
  "seed": 3,
  "total_time": 2139.4859466552734,
  "max_esjd": 5.475919723510742,
  "max_acceptance_rate": 0.212125,
  "max_scale_param": 5.131794871794872,
  "expected_squared_jump_distances": [
    9.998078894568607e-05,
    0.0440828800201416,
    0.16083168983459473,
    0.3393450677394867,
    0.5703207850456238,
    0.8417720794677734,
    1.1473684310913086,
    1.47709059715271,
    1.8217849731445312,
    2.1720333099365234,
    2.5369369983673096,
    2.8979692459106445,
    3.226801872253418,
    3.526862621307373,
    3.843179941177368,
    4.125913143157959,
    4.3904194831848145,
    4.611576080322266,
    4.815442085266113,
    4.979016304016113,
    5.194151878356934,
    5.293198585510254,
    5.453272342681885,
    5.35153865814209,
    5.464973449707031,
    5.475919723510742,
    5.396167755126953,
    5.417476177215576,
    5.340254306793213,
    5.369648456573486,
    5.142645835876465,
    5.0790510177612305,
    5.0199198722839355,
    4.847769737243652,
    4.647104740142822,
    4.6128058433532715,
    4.468991756439209,
    4.032872676849365,
    4.035048007965088,
    3.9205024242401123
  ],
  "acceptance_rates": [
    0.9995,
    0.95496,
    0.9134,
    0.870765,
    0.830245,
    0.78855,
    0.74919,
    0.710675,
    0.67287,
    0.635185,
    0.60165,
    0.569195,
    0.533125,
    0.4974,
    0.46803,
    0.43834,
    0.410375,
    0.38207,
    0.35675,
    0.33108,
    0.31222,
    0.289,
    0.2716,
    0.244105,
    0.22924,
    0.212125,
    0.193445,
    0.180405,
    0.16551,
    0.155235,
    0.13915,
    0.12893,
    0.11955,
    0.109,
    0.098595,
    0.092345,
    0.084705,
    0.07257,
    0.068985,
    0.0636
  ],
  "scale_param_range": [
    0.01,
    0.2148717948717949,
    0.4197435897435898,
    0.6246153846153847,
    0.8294871794871795,
    1.0343589743589745,
    1.2392307692307694,
    1.4441025641025642,
    1.648974358974359,
    1.853846153846154,
    2.0587179487179488,
    2.2635897435897436,
    2.4684615384615385,
    2.6733333333333333,
    2.878205128205128,
    3.083076923076923,
    3.287948717948718,
    3.4928205128205128,
    3.6976923076923076,
    3.9025641025641025,
    4.107435897435898,
    4.312307692307693,
    4.5171794871794875,
    4.722051282051282,
    4.926923076923077,
    5.131794871794872,
    5.336666666666667,
    5.541538461538462,
    5.746410256410257,
    5.9512820512820515,
    6.156153846153846,
    6.361025641025641,
    6.565897435897436,
    6.770769230769231,
    6.975641025641026,
    7.180512820512821,
    7.385384615384615,
    7.59025641025641,
    7.795128205128205,
    8.0
  ],
  "times": [
    56.87494349479675,
    57.63004446029663,
    57.75305652618408,
    58.239908933639526,
    57.39416313171387,
    57.28439497947693,
    57.53887391090393,
    56.91075921058655,
    57.05475044250488,
    56.544689416885376,
    56.55829644203186,
    55.930030822753906,
    56.36368250846863,
    55.79514408111572,
    55.629859924316406,
    54.92357087135315,
    55.20589733123779,
    54.67127299308777,
    53.941102743148804,
    53.41555738449097,
    54.461931228637695,
    53.944313049316406,
    52.886218547821045,
    52.42976522445679,
    52.10947012901306,
    51.82131099700928,
    51.47407627105713,
    51.21212935447693,
    50.91780161857605,
    50.78057909011841,
    50.39705681800842,
    50.3551983833313,
    49.3079833984375,
    49.63069224357605,
    49.29820775985718,
    49.88041067123413,
    48.66095852851868,
    48.39183235168457,
    47.762309551239014,
    48.03353500366211
  ]
}