{
  "target_distribution": "IIDGamma",
  "proposal_distribution": "Normal",
  "dimension": 30,
  "num_iterations": 200000,
  "seed": 10,
  "total_time": 1720.4998469352722,
  "max_esjd": 7.514257907867432,
  "max_acceptance_rate": 0.18225,
  "max_scale_param": 6.67,
  "expected_squared_jump_distances": [
    9.998197492677718e-05,
    0.0674453005194664,
    0.2471640557050705,
    0.5207862257957458,
    0.8718795776367188,
    1.2834378480911255,
    1.7452188730239868,
    2.237351417541504,
    2.7494091987609863,
    3.2529730796813965,
    3.7503082752227783,
    4.259776592254639,
    4.726359844207764,
    5.169601917266846,
    5.593626022338867,
    5.934194087982178,
    6.2784037590026855,
    6.537955284118652,
    6.817464351654053,
    7.138354301452637,
    7.342259883880615,
    7.407041549682617,
    7.354053497314453,
    7.452126502990723,
    7.513966083526611,
    7.4885759353637695,
    7.514257907867432,
    7.297633171081543,
    7.336678981781006,
    7.191908359527588,
    7.054784297943115,
    6.6750946044921875,
    6.679629802703857,
    6.491954803466797,
    6.392009735107422,
    6.225976943969727,
    6.061537265777588,
    5.792937755584717,
    5.249868392944336,
    5.206705570220947
  ],
  "acceptance_rates": [
    0.99943,
    0.953345,
    0.908615,
    0.863535,
    0.81991,
    0.777075,
    0.737365,
    0.69755,
    0.658685,
    0.617905,
    0.579285,
    0.545455,
    0.51054,
    0.47766,
    0.44704,
    0.414635,
    0.38708,
    0.3582,
    0.334025,
    0.3147,
    0.293495,
    0.26925,
    0.24501,
    0.22817,
    0.211825,
    0.19539,
    0.18225,
    0.16465,
    0.15416,
    0.14161,
    0.130135,
    0.11614,
    0.10917,
    0.10007,
    0.09333,
    0.086005,
    0.07975,
    0.07213,
    0.06278,
    0.05919
  ],
  "scale_param_range": [
    0.01,
    0.2661538461538462,
    0.5223076923076924,
    0.7784615384615385,
    1.0346153846153847,
    1.290769230769231,
    1.546923076923077,
    1.8030769230769232,
    2.059230769230769,
    2.315384615384615,
    2.5715384615384616,
    2.827692307692308,
    3.083846153846154,
    3.34,
    3.5961538461538463,
    3.8523076923076927,
    4.108461538461539,
    4.364615384615385,
    4.6207692307692305,
    4.876923076923077,
    5.133076923076923,
    5.389230769230769,
    5.645384615384616,
    5.901538461538462,
    6.157692307692308,
    6.413846153846154,
    6.67,
    6.926153846153847,
    7.182307692307693,
    7.438461538461539,
    7.6946153846153855,
    7.9507692307692315,
    8.206923076923077,
    8.463076923076924,
    8.71923076923077,
    8.975384615384616,
    9.231538461538461,
    9.487692307692308,
    9.743846153846155,
    10.0
  ],
  "times": [
    47.12351083755493,
    46.89414048194885,
    46.894962549209595,
    46.8840548992157,
    46.85778617858887,
    46.799044370651245,
    46.487682580947876,
    46.400975942611694,
    46.004706144332886,
    46.09563112258911,
    45.63691687583923,
    45.574941635131836,
    45.08564615249634,
    44.86507058143616,
    44.5188410282135,
    44.35012149810791,
    43.963927268981934,
    43.853896141052246,
    43.29559016227722,
    43.28806400299072,
    42.88149690628052,
    42.77623963356018,
    42.18914461135864,
    41.992433071136475,
    41.63486289978027,
    41.52051115036011,
    41.21600389480591,
    41.0393807888031,
    40.67043972015381,
    40.49214053153992,
    40.1186797618866,
    39.97762966156006,
    39.70613169670105,
    39.648372173309326,
    39.340728759765625,
    39.39042401313782,
    38.98977971076965,
    38.883275747299194,
    38.536612033843994,
    38.57716083526611
  ]
}