{
  "target_distribution": "IIDGamma",
  "proposal_distribution": "Normal",
  "dimension": 100,
  "num_iterations": 100000,
  "seed": 5,
  "total_time": 940.0578603744507,
  "max_esjd": 5.608548641204834,
  "max_acceptance_rate": 0.21708,
  "max_scale_param": 5.131794871794872,
  "expected_squared_jump_distances": [
    9.999331086874008e-05,
    0.04419291019439697,
    0.16094870865345,
    0.34103894233703613,
    0.5732889175415039,
    0.8501430749893188,
    1.1532782316207886,
    1.4787741899490356,
    1.8244905471801758,
    2.1655683517456055,
    2.5290651321411133,
    2.8872036933898926,
    3.2187561988830566,
    3.538931131362915,
    3.8288331031799316,
    4.139105319976807,
    4.463286876678467,
    4.605081081390381,
    4.857250690460205,
    5.14547061920166,
    5.169961452484131,
    5.307441234588623,
    5.434313774108887,
    5.50123405456543,
    5.457472324371338,
    5.608548641204834,
    5.5199079513549805,
    5.489945411682129,
    5.424755096435547,
    5.369349956512451,
    5.219579696655273,
    5.1237359046936035,
    5.080929279327393,
    4.93574857711792,
    4.692878723144531,
    4.5232696533203125,
    4.435708999633789,
    4.1124162673950195,
    4.070308685302734,
    3.691389799118042
  ],
  "acceptance_rates": [
    0.99941,
    0.95718,
    0.91385,
    0.87492,
    0.83426,
    0.79594,
    0.75258,
    0.71114,
    0.67341,
    0.63284,
    0.59993,
    0.56676,
    0.53173,
    0.49894,
    0.46646,
    0.43975,
    0.417,
    0.38169,
    0.35961,
    0.34239,
    0.31088,
    0.28977,
    0.27064,
    0.25111,
    0.22892,
    0.21708,
    0.19795,
    0.18261,
    0.168,
    0.15517,
    0.14133,
    0.13028,
    0.12106,
    0.11096,
    0.09944,
    0.0905,
    0.08382,
    0.074,
    0.06938,
    0.05986
  ],
  "scale_param_range": [
    0.01,
    0.2148717948717949,
    0.4197435897435898,
    0.6246153846153847,
    0.8294871794871795,
    1.0343589743589745,
    1.2392307692307694,
    1.4441025641025642,
    1.648974358974359,
    1.853846153846154,
    2.0587179487179488,
    2.2635897435897436,
    2.4684615384615385,
    2.6733333333333333,
    2.878205128205128,
    3.083076923076923,
    3.287948717948718,
    3.4928205128205128,
    3.6976923076923076,
    3.9025641025641025,
    4.107435897435898,
    4.312307692307693,
    4.5171794871794875,
    4.722051282051282,
    4.926923076923077,
    5.131794871794872,
    5.336666666666667,
    5.541538461538462,
    5.746410256410257,
    5.9512820512820515,
    6.156153846153846,
    6.361025641025641,
    6.565897435897436,
    6.770769230769231,
    6.975641025641026,
    7.180512820512821,
    7.385384615384615,
    7.59025641025641,
    7.795128205128205,
    8.0
  ],
  "times": [
    25.06238555908203,
    24.840835332870483,
    24.8426730632782,
    25.409791469573975,
    24.29999542236328,
    25.497778177261353,
    24.8026762008667,
    24.79976797103882,
    25.06025791168213,
    25.220179557800293,
    25.30271053314209,
    25.272193908691406,
    24.96212649345398,
    24.308411121368408,
    24.37135124206543,
    24.59860873222351,
    24.721511363983154,
    24.21237301826477,
    23.69570755958557,
    23.75427770614624,
    23.075663089752197,
    23.87328839302063,
    23.455899238586426,
    23.88114023208618,
    23.431742191314697,
    23.034475564956665,
    23.04991364479065,
    22.745479345321655,
    22.154497861862183,
    22.243995904922485,
    22.032991409301758,
    22.24018383026123,
    21.048434495925903,
    21.86095094680786,
    21.16000771522522,
    21.37465810775757,
    21.24069619178772,
    21.01398253440857,
    20.904326677322388,
    21.141496896743774
  ]
}