{
  "target_distribution": "IIDGamma",
  "proposal_distribution": "Normal",
  "dimension": 100,
  "num_iterations": 200000,
  "seed": 18,
  "total_time": 1231.2098078727722,
  "max_esjd": 5.603826522827148,
  "max_acceptance_rate": 0.208565,
  "max_scale_param": 5.234615384615385,
  "expected_squared_jump_distances": [
    9.998078894568607e-05,
    0.049389373511075974,
    0.18022456765174866,
    0.3793647885322571,
    0.6350802779197693,
    0.9375481605529785,
    1.2681888341903687,
    1.6244770288467407,
    2.0049517154693604,
    2.377063035964966,
    2.7544803619384766,
    3.1050174236297607,
    3.4655096530914307,
    3.791280508041382,
    4.132603168487549,
    4.404896259307861,
    4.660518646240234,
    4.84620475769043,
    5.026778697967529,
    5.172120094299316,
    5.201813220977783,
    5.452603816986084,
    5.4334540367126465,
    5.425443649291992,
    5.603826522827148,
    5.4900078773498535,
    5.38472843170166,
    5.322848796844482,
    5.274397373199463,
    5.218960285186768,
    5.129072189331055,
    4.8079609870910645,
    4.785548210144043,
    4.71166467666626,
    4.293784141540527,
    4.270899772644043,
    4.019642353057861,
    3.8249781131744385,
    3.579070806503296,
    3.5575692653656006
  ],
  "acceptance_rates": [
    0.9995,
    0.95282,
    0.909095,
    0.86393,
    0.8201,
    0.77895,
    0.7343,
    0.693275,
    0.65629,
    0.61615,
    0.57926,
    0.540545,
    0.507655,
    0.47413,
    0.44619,
    0.414715,
    0.386355,
    0.35635,
    0.329885,
    0.305245,
    0.27739,
    0.263975,
    0.239855,
    0.21955,
    0.208565,
    0.18863,
    0.171335,
    0.157275,
    0.144845,
    0.13409,
    0.1232,
    0.10843,
    0.101205,
    0.093785,
    0.08083,
    0.075935,
    0.06759,
    0.061065,
    0.054235,
    0.051245
  ],
  "scale_param_range": [
    0.01,
    0.2276923076923077,
    0.4453846153846154,
    0.6630769230769231,
    0.8807692307692307,
    1.0984615384615384,
    1.3161538461538462,
    1.5338461538461539,
    1.7515384615384615,
    1.9692307692307691,
    2.1869230769230765,
    2.404615384615384,
    2.6223076923076922,
    2.84,
    3.0576923076923075,
    3.275384615384615,
    3.4930769230769227,
    3.7107692307692304,
    3.928461538461538,
    4.146153846153846,
    4.363846153846153,
    4.581538461538461,
    4.7992307692307685,
    5.016923076923076,
    5.234615384615385,
    5.452307692307692,
    5.67,
    5.887692307692308,
    6.105384615384615,
    6.323076923076923,
    6.5407692307692304,
    6.758461538461538,
    6.976153846153846,
    7.193846153846153,
    7.411538461538461,
    7.629230769230769,
    7.846923076923076,
    8.064615384615385,
    8.282307692307691,
    8.5
  ],
  "times": [
    35.604562520980835,
    33.444384813308716,
    33.44014549255371,
    33.4844446182251,
    33.48682403564453,
    33.16710329055786,
    33.46640753746033,
    32.7628710269928,
    33.34679985046387,
    32.61791276931763,
    31.99204993247986,
    32.77596163749695,
    32.50603270530701,
    31.70469379425049,
    31.965837955474854,
    31.62242317199707,
    31.323667287826538,
    31.090656280517578,
    30.567932605743408,
    30.76905107498169,
    30.291256189346313,
    30.2717547416687,
    30.714126110076904,
    30.4595468044281,
    30.498918294906616,
    30.33466076850891,
    30.24521541595459,
    29.33229947090149,
    28.9846408367157,
    29.72427988052368,
    29.489362001419067,
    29.271963357925415,
    28.832367658615112,
    28.126954078674316,
    27.528414964675903,
    27.60357642173767,
    27.143183708190918,
    27.205653190612793,
    26.803974151611328,
    27.136122703552246
  ]
}