{
  "target_distribution": "IIDGamma",
  "proposal_distribution": "Normal",
  "dimension": 5,
  "num_iterations": 200000,
  "seed": 2,
  "total_time": 1272.572297334671,
  "max_esjd": 11.311615943908691,
  "max_acceptance_rate": 0.25976,
  "max_scale_param": 7.851794871794871,
  "expected_squared_jump_distances": [
    9.99089315882884e-05,
    0.2061096876859665,
    0.7442023158073425,
    1.5271587371826172,
    2.475391387939453,
    3.513134241104126,
    4.5840678215026855,
    5.67266321182251,
    6.65903902053833,
    7.590826511383057,
    8.436910629272461,
    9.138922691345215,
    9.768037796020508,
    10.289559364318848,
    10.698399543762207,
    10.989509582519531,
    11.08818244934082,
    11.311615943908691,
    11.286568641662598,
    11.213103294372559,
    11.137937545776367,
    11.143160820007324,
    10.738524436950684,
    10.742534637451172,
    10.456880569458008,
    10.032313346862793,
    9.795062065124512,
    9.666080474853516,
    9.316923141479492,
    8.996809959411621,
    8.535497665405273,
    8.344305038452148,
    8.077664375305176,
    7.558667182922363,
    7.2657647132873535,
    6.933774948120117,
    6.693958759307861,
    6.17687463760376,
    6.005160331726074,
    5.556009769439697
  ],
  "acceptance_rates": [
    0.99941,
    0.94002,
    0.879385,
    0.8209,
    0.76409,
    0.708095,
    0.655165,
    0.607215,
    0.558875,
    0.51445,
    0.473785,
    0.434865,
    0.3992,
    0.3677,
    0.33676,
    0.309395,
    0.2812,
    0.25976,
    0.238535,
    0.21767,
    0.19941,
    0.185395,
    0.167885,
    0.156035,
    0.142395,
    0.13011,
    0.12016,
    0.11213,
    0.10288,
    0.095205,
    0.085895,
    0.08139,
    0.07579,
    0.06834,
    0.06368,
    0.058445,
    0.05404,
    0.04899,
    0.04533,
    0.04161
  ],
  "scale_param_range": [
    0.01,
    0.47128205128205125,
    0.9325641025641025,
    1.3938461538461537,
    1.855128205128205,
    2.316410256410256,
    2.7776923076923072,
    3.2389743589743585,
    3.7002564102564097,
    4.161538461538461,
    4.622820512820512,
    5.0841025641025634,
    5.545384615384615,
    6.006666666666666,
    6.467948717948717,
    6.929230769230768,
    7.39051282051282,
    7.851794871794871,
    8.313076923076922,
    8.774358974358973,
    9.235641025641025,
    9.696923076923076,
    10.158205128205127,
    10.619487179487178,
    11.08076923076923,
    11.54205128205128,
    12.003333333333332,
    12.464615384615383,
    12.925897435897435,
    13.387179487179486,
    13.848461538461537,
    14.309743589743588,
    14.77102564102564,
    15.23230769230769,
    15.693589743589742,
    16.154871794871795,
    16.616153846153846,
    17.077435897435898,
    17.53871794871795,
    18.0
  ],
  "times": [
    36.642831563949585,
    36.32558298110962,
    36.01316452026367,
    35.93080997467041,
    35.674827098846436,
    35.453880071640015,
    35.12858438491821,
    34.81696939468384,
    34.53322672843933,
    34.307124376297,
    33.83648705482483,
    33.600884437561035,
    33.18045926094055,
    32.950167655944824,
    32.49419403076172,
    32.424007177352905,
    32.0942120552063,
    31.899449825286865,
    31.423324823379517,
    31.331345796585083,
    31.1751070022583,
    31.050365924835205,
    30.55984139442444,
    30.55312752723694,
    30.346535205841064,
    30.2005352973938,
    29.988903999328613,
    29.908971548080444,
    29.687482357025146,
    29.61398696899414,
    29.34510350227356,
    29.442524433135986,
    29.18197989463806,
    29.150217294692993,
    28.789860248565674,
    28.89957094192505,
    28.769514322280884,
    28.723581075668335,
    28.5165057182312,
    28.573097229003906
  ]
}