{
  "target_distribution": "IIDGamma",
  "proposal_distribution": "Normal",
  "dimension": 2,
  "num_iterations": 200000,
  "seed": 15,
  "total_time": 1300.9787831306458,
  "max_esjd": 10.943587303161621,
  "max_acceptance_rate": 0.294135,
  "max_scale_param": 9.339999999999998,
  "expected_squared_jump_distances": [
    9.975787543226033e-05,
    0.4658689796924591,
    1.595577359199524,
    3.0797886848449707,
    4.660094261169434,
    6.175953388214111,
    7.496245861053467,
    8.629035949707031,
    9.484610557556152,
    10.17648696899414,
    10.586882591247559,
    10.807110786437988,
    10.92735767364502,
    10.943587303161621,
    10.866690635681152,
    10.778584480285645,
    10.614959716796875,
    10.376062393188477,
    10.166556358337402,
    9.934978485107422,
    9.606319427490234,
    9.371789932250977,
    9.104092597961426,
    8.518949508666992,
    8.41242790222168,
    8.090636253356934,
    7.689073085784912,
    7.473172187805176,
    7.122957229614258,
    6.779244422912598,
    6.632284641265869,
    6.428281307220459,
    6.261587142944336,
    5.93060302734375,
    5.705706596374512,
    5.395913124084473,
    5.500097274780273,
    5.375608444213867,
    4.973466396331787,
    4.856324195861816
  ],
  "acceptance_rates": [
    0.999245,
    0.920845,
    0.84155,
    0.76756,
    0.697215,
    0.63271,
    0.571565,
    0.51849,
    0.469285,
    0.42695,
    0.387715,
    0.35266,
    0.321105,
    0.294135,
    0.270025,
    0.248405,
    0.229715,
    0.211845,
    0.197065,
    0.182645,
    0.169935,
    0.1588,
    0.14888,
    0.136915,
    0.1296,
    0.12192,
    0.11325,
    0.10771,
    0.100915,
    0.095355,
    0.090265,
    0.08527,
    0.081725,
    0.07652,
    0.07199,
    0.068335,
    0.06687,
    0.06386,
    0.060045,
    0.05787
  ],
  "scale_param_range": [
    0.01,
    0.7276923076923076,
    1.4453846153846153,
    2.1630769230769227,
    2.8807692307692303,
    3.598461538461538,
    4.316153846153846,
    5.033846153846153,
    5.751538461538461,
    6.4692307692307685,
    7.186923076923076,
    7.904615384615384,
    8.622307692307691,
    9.339999999999998,
    10.057692307692307,
    10.775384615384615,
    11.493076923076922,
    12.210769230769229,
    12.928461538461537,
    13.646153846153846,
    14.363846153846152,
    15.08153846153846,
    15.799230769230768,
    16.516923076923078,
    17.234615384615385,
    17.95230769230769,
    18.669999999999998,
    19.38769230769231,
    20.105384615384615,
    20.823076923076922,
    21.540769230769232,
    22.25846153846154,
    22.976153846153846,
    23.693846153846152,
    24.41153846153846,
    25.12923076923077,
    25.846923076923076,
    26.564615384615383,
    27.282307692307693,
    28.0
  ],
  "times": [
    36.01441192626953,
    35.68899059295654,
    35.58648324012756,
    35.23091697692871,
    34.974687576293945,
    34.75560903549194,
    34.32014584541321,
    34.216694593429565,
    33.83281850814819,
    33.656941652297974,
    33.36723232269287,
    33.21674823760986,
    32.95272159576416,
    32.84512186050415,
    32.65885305404663,
    32.56836247444153,
    32.403459310531616,
    32.345609188079834,
    32.08530330657959,
    32.135807275772095,
    31.920535802841187,
    31.96104407310486,
    31.734726190567017,
    31.660125970840454,
    31.56915831565857,
    31.51035451889038,
    31.447776556015015,
    31.421238899230957,
    31.31429171562195,
    31.29353356361389,
    31.088927745819092,
    31.21884274482727,
    31.01225256919861,
    31.19121551513672,
    31.00886583328247,
    31.019379377365112,
    30.965612411499023,
    30.971550464630127,
    30.861762046813965,
    30.917677402496338
  ]
}