{
  "target_distribution": "IIDGamma",
  "proposal_distribution": "Normal",
  "dimension": 30,
  "num_iterations": 200000,
  "seed": 8,
  "total_time": 1301.6954622268677,
  "max_esjd": 7.566363334655762,
  "max_acceptance_rate": 0.229075,
  "max_scale_param": 5.927692307692308,
  "expected_squared_jump_distances": [
    9.99478725134395e-05,
    0.08047430962324142,
    0.2947976887226105,
    0.6194104552268982,
    1.0309098958969116,
    1.509523868560791,
    2.0288925170898438,
    2.5857229232788086,
    3.1429009437561035,
    3.708082437515259,
    4.226027965545654,
    4.746162414550781,
    5.2313337326049805,
    5.717281341552734,
    6.055702209472656,
    6.454627990722656,
    6.697135925292969,
    7.0038323402404785,
    7.104973793029785,
    7.256267547607422,
    7.32216739654541,
    7.566363334655762,
    7.450597763061523,
    7.473263740539551,
    7.425717353820801,
    7.3885602951049805,
    7.11451530456543,
    7.134784698486328,
    6.933452129364014,
    6.841183662414551,
    6.486421585083008,
    6.235644817352295,
    5.906843185424805,
    5.771996021270752,
    5.280500888824463,
    5.390892505645752,
    5.011477470397949,
    4.933818340301514,
    4.377444744110107,
    4.20546817779541
  ],
  "acceptance_rates": [
    0.999455,
    0.94694,
    0.89912,
    0.851165,
    0.803485,
    0.75741,
    0.710495,
    0.667905,
    0.624305,
    0.584175,
    0.54105,
    0.50449,
    0.46933,
    0.43821,
    0.402035,
    0.374385,
    0.34307,
    0.31908,
    0.290155,
    0.26694,
    0.24344,
    0.229075,
    0.206475,
    0.190325,
    0.174535,
    0.16074,
    0.14352,
    0.13403,
    0.1218,
    0.112445,
    0.10028,
    0.09069,
    0.080675,
    0.07485,
    0.064855,
    0.062535,
    0.0554,
    0.051805,
    0.043865,
    0.03998
  ],
  "scale_param_range": [
    0.01,
    0.2917948717948718,
    0.5735897435897436,
    0.8553846153846154,
    1.1371794871794871,
    1.4189743589743589,
    1.7007692307692308,
    1.9825641025641025,
    2.264358974358974,
    2.546153846153846,
    2.8279487179487175,
    3.1097435897435894,
    3.3915384615384614,
    3.673333333333333,
    3.955128205128205,
    4.236923076923077,
    4.518717948717948,
    4.80051282051282,
    5.082307692307692,
    5.364102564102564,
    5.645897435897435,
    5.927692307692308,
    6.209487179487179,
    6.491282051282051,
    6.773076923076923,
    7.0548717948717945,
    7.336666666666666,
    7.6184615384615375,
    7.90025641025641,
    8.182051282051281,
    8.463846153846154,
    8.745641025641024,
    9.027435897435897,
    9.30923076923077,
    9.59102564102564,
    9.872820512820512,
    10.154615384615385,
    10.436410256410255,
    10.718205128205128,
    11.0
  ],
  "times": [
    36.822301149368286,
    36.6424446105957,
    36.77522087097168,
    36.56936454772949,
    36.477975845336914,
    36.39387655258179,
    36.07141852378845,
    35.959834575653076,
    35.61494278907776,
    35.61309742927551,
    35.25069189071655,
    34.910664558410645,
    34.775799036026,
    34.6449294090271,
    34.236063718795776,
    33.73872232437134,
    33.50595951080322,
    33.376259326934814,
    32.88854122161865,
    32.6320276260376,
    32.24434781074524,
    32.2099666595459,
    31.58489966392517,
    31.469396352767944,
    31.0954532623291,
    30.98007893562317,
    30.458693742752075,
    30.35851526260376,
    30.20765471458435,
    29.944025993347168,
    29.579368114471436,
    29.44808268547058,
    29.098551988601685,
    29.22482657432556,
    28.760646104812622,
    28.814838886260986,
    28.533288955688477,
    28.47283673286438,
    28.122586727142334,
    28.142695426940918
  ]
}