{
  "target_distribution": "IIDGamma",
  "proposal_distribution": "Normal",
  "dimension": 2,
  "num_iterations": 100000,
  "seed": 16,
  "total_time": 879.1760601997375,
  "max_esjd": 11.265424728393555,
  "max_acceptance_rate": 0.32097,
  "max_scale_param": 8.723589743589743,
  "expected_squared_jump_distances": [
    9.97083043330349e-05,
    0.24954546988010406,
    0.8863497972488403,
    1.7896393537521362,
    2.843346118927002,
    3.963564157485962,
    5.097137451171875,
    6.144731044769287,
    7.109744071960449,
    7.953359127044678,
    8.770455360412598,
    9.358458518981934,
    9.965587615966797,
    10.404391288757324,
    10.692416191101074,
    10.8001070022583,
    10.94273567199707,
    11.265424728393555,
    11.101914405822754,
    11.112007141113281,
    11.033483505249023,
    10.930557250976562,
    10.60561466217041,
    10.569557189941406,
    10.508787155151367,
    10.312612533569336,
    9.758505821228027,
    9.853022575378418,
    9.657374382019043,
    9.381837844848633,
    9.262303352355957,
    8.955594062805176,
    8.634540557861328,
    8.622976303100586,
    8.459193229675293,
    8.00769329071045,
    7.966512203216553,
    7.704943656921387,
    7.781571865081787,
    7.3008198738098145
  ],
  "acceptance_rates": [
    0.99947,
    0.94284,
    0.88614,
    0.83041,
    0.77638,
    0.72594,
    0.67892,
    0.63021,
    0.58745,
    0.54546,
    0.51203,
    0.47611,
    0.44683,
    0.4174,
    0.39088,
    0.36357,
    0.34053,
    0.32097,
    0.29915,
    0.28255,
    0.2656,
    0.25064,
    0.23639,
    0.22213,
    0.211,
    0.20041,
    0.18697,
    0.18034,
    0.17112,
    0.16153,
    0.15502,
    0.14581,
    0.13877,
    0.13313,
    0.12776,
    0.12128,
    0.11681,
    0.11148,
    0.1083,
    0.10227
  ],
  "scale_param_range": [
    0.01,
    0.5225641025641026,
    1.0351282051282051,
    1.5476923076923077,
    2.06025641025641,
    2.5728205128205124,
    3.085384615384615,
    3.597948717948718,
    4.11051282051282,
    4.623076923076923,
    5.135641025641025,
    5.648205128205128,
    6.1607692307692306,
    6.673333333333333,
    7.185897435897436,
    7.6984615384615385,
    8.21102564102564,
    8.723589743589743,
    9.236153846153845,
    9.748717948717948,
    10.26128205128205,
    10.773846153846154,
    11.286410256410257,
    11.798974358974359,
    12.311538461538461,
    12.824102564102564,
    13.336666666666666,
    13.849230769230768,
    14.361794871794872,
    14.874358974358975,
    15.386923076923077,
    15.89948717948718,
    16.412051282051284,
    16.924615384615386,
    17.43717948717949,
    17.94974358974359,
    18.462307692307693,
    18.974871794871795,
    19.487435897435898,
    20.0
  ],
  "times": [
    24.50881338119507,
    25.108973264694214,
    24.96747851371765,
    24.078474283218384,
    23.26741623878479,
    23.137007236480713,
    22.938151836395264,
    22.848843336105347,
    22.676607370376587,
    22.58001160621643,
    22.40532088279724,
    22.29570770263672,
    22.166506052017212,
    22.01376748085022,
    22.149555683135986,
    22.921615839004517,
    22.371493339538574,
    21.64994239807129,
    21.517469882965088,
    21.41184425354004,
    21.31056308746338,
    21.243106365203857,
    21.19905948638916,
    21.146095037460327,
    21.163276433944702,
    21.007880449295044,
    20.932337999343872,
    20.967743396759033,
    20.977193593978882,
    21.494737148284912,
    22.05797290802002,
    22.248625993728638,
    21.792596101760864,
    20.800023555755615,
    20.690882444381714,
    20.72668719291687,
    20.630922079086304,
    20.616636037826538,
    20.61479377746582,
    20.508776426315308
  ]
}