{
  "target_distribution": "MultivariateNormal",
  "proposal_distribution": "Laplace",
  "dimension": 2,
  "num_iterations": 200000,
  "seed": 1,
  "total_time": 1695.1040933132172,
  "max_esjd": 0.8118372559547424,
  "max_acceptance_rate": 0.386285,
  "max_scale_param": 2.67,
  "expected_squared_jump_distances": [
    9.970577229978517e-05,
    0.011728279292583466,
    0.03961481899023056,
    0.07980962842702866,
    0.12897488474845886,
    0.18349486589431763,
    0.24083764851093292,
    0.2983313202857971,
    0.3556939661502838,
    0.4101812541484833,
    0.46288830041885376,
    0.5142533183097839,
    0.5568563342094421,
    0.597489058971405,
    0.6318197250366211,
    0.66367107629776,
    0.6941218376159668,
    0.7204200029373169,
    0.7385340332984924,
    0.7620570063591003,
    0.7752555012702942,
    0.7794114351272583,
    0.7943374514579773,
    0.7975199818611145,
    0.8050917983055115,
    0.8033084869384766,
    0.8118372559547424,
    0.8101934790611267,
    0.8050647974014282,
    0.8072812557220459,
    0.8003701567649841,
    0.7944728136062622,
    0.7881096601486206,
    0.7837184071540833,
    0.7716255784034729,
    0.7658757567405701,
    0.7714343667030334,
    0.7629658579826355,
    0.7575472593307495,
    0.7404166460037231
  ],
  "acceptance_rates": [
    0.997735,
    0.96463,
    0.93024,
    0.897825,
    0.865935,
    0.8345,
    0.80343,
    0.77364,
    0.745665,
    0.71739,
    0.691,
    0.665805,
    0.640205,
    0.616045,
    0.592705,
    0.570245,
    0.550705,
    0.530805,
    0.510555,
    0.493195,
    0.47585,
    0.457585,
    0.442825,
    0.426835,
    0.413625,
    0.39936,
    0.386285,
    0.374145,
    0.361995,
    0.350615,
    0.33863,
    0.32783,
    0.318315,
    0.309755,
    0.299495,
    0.289935,
    0.283055,
    0.27525,
    0.267105,
    0.25911
  ],
  "scale_param_range": [
    0.01,
    0.1123076923076923,
    0.21461538461538462,
    0.3169230769230769,
    0.41923076923076924,
    0.5215384615384615,
    0.6238461538461538,
    0.7261538461538461,
    0.8284615384615385,
    0.9307692307692308,
    1.033076923076923,
    1.1353846153846154,
    1.2376923076923076,
    1.34,
    1.4423076923076923,
    1.5446153846153847,
    1.646923076923077,
    1.7492307692307691,
    1.8515384615384616,
    1.9538461538461538,
    2.0561538461538458,
    2.1584615384615384,
    2.2607692307692306,
    2.363076923076923,
    2.465384615384615,
    2.5676923076923073,
    2.67,
    2.772307692307692,
    2.8746153846153844,
    2.9769230769230766,
    3.079230769230769,
    3.1815384615384614,
    3.2838461538461536,
    3.386153846153846,
    3.488461538461538,
    3.5907692307692307,
    3.693076923076923,
    3.795384615384615,
    3.8976923076923073,
    4.0
  ],
  "times": [
    42.668667793273926,
    42.6487979888916,
    42.43444347381592,
    42.53749704360962,
    42.58573651313782,
    42.400978803634644,
    42.302313566207886,
    42.49551320075989,
    42.25780510902405,
    42.38880252838135,
    42.259037733078,
    42.403761863708496,
    42.23938274383545,
    42.44802975654602,
    42.36493492126465,
    42.42638421058655,
    42.337002992630005,
    42.435601472854614,
    42.250688552856445,
    42.4069139957428,
    42.2512993812561,
    42.445213079452515,
    42.27903866767883,
    42.461076736450195,
    42.239147424697876,
    42.506669998168945,
    42.25992012023926,
    42.43458271026611,
    42.253432512283325,
    42.53060507774353,
    42.244333267211914,
    42.46553301811218,
    42.27411937713623,
    42.4652214050293,
    42.301897048950195,
    42.34666299819946,
    42.15786099433899,
    42.361364126205444,
    42.16165018081665,
    42.333409786224365
  ]
}