{
  "target_distribution": "MultivariateNormal",
  "proposal_distribution": "UniformRadius",
  "dimension": 50,
  "num_iterations": 200000,
  "seed": 4,
  "total_time": 1134.0172004699707,
  "max_esjd": 1.3138288259506226,
  "max_acceptance_rate": 0.24505,
  "max_scale_param": 2.363076923076923,
  "expected_squared_jump_distances": [
    9.601465717423707e-05,
    0.011593920178711414,
    0.0405496321618557,
    0.08463042974472046,
    0.14139443635940552,
    0.20841804146766663,
    0.28391045331954956,
    0.3655897080898285,
    0.4514351785182953,
    0.5387930274009705,
    0.6272307634353638,
    0.7149455547332764,
    0.7997275590896606,
    0.8798539042472839,
    0.9553881287574768,
    1.028009057044983,
    1.0859224796295166,
    1.1450564861297607,
    1.1980819702148438,
    1.2425016164779663,
    1.266703724861145,
    1.2912172079086304,
    1.3083430528640747,
    1.3138288259506226,
    1.3116291761398315,
    1.3105192184448242,
    1.3061281442642212,
    1.2765461206436157,
    1.258615493774414,
    1.234915018081665,
    1.1786525249481201,
    1.1430169343948364,
    1.121685266494751,
    1.0580880641937256,
    1.0274513959884644,
    0.947854220867157,
    0.8954229950904846,
    0.8671430945396423,
    0.8154171109199524,
    0.7393946051597595
  ],
  "acceptance_rates": [
    0.998565,
    0.95597,
    0.91561,
    0.876355,
    0.83683,
    0.79702,
    0.758845,
    0.72124,
    0.684305,
    0.64707,
    0.61146,
    0.57709,
    0.543185,
    0.509845,
    0.47797,
    0.448455,
    0.41673,
    0.389555,
    0.36379,
    0.338865,
    0.31199,
    0.28861,
    0.266585,
    0.24505,
    0.22481,
    0.207055,
    0.19086,
    0.1731,
    0.158755,
    0.145285,
    0.12955,
    0.117755,
    0.10844,
    0.096245,
    0.08806,
    0.07668,
    0.068515,
    0.06283,
    0.05602,
    0.048275
  ],
  "scale_param_range": [
    0.01,
    0.1123076923076923,
    0.21461538461538462,
    0.3169230769230769,
    0.41923076923076924,
    0.5215384615384615,
    0.6238461538461538,
    0.7261538461538461,
    0.8284615384615385,
    0.9307692307692308,
    1.033076923076923,
    1.1353846153846154,
    1.2376923076923076,
    1.34,
    1.4423076923076923,
    1.5446153846153847,
    1.646923076923077,
    1.7492307692307691,
    1.8515384615384616,
    1.9538461538461538,
    2.0561538461538458,
    2.1584615384615384,
    2.2607692307692306,
    2.363076923076923,
    2.465384615384615,
    2.5676923076923073,
    2.67,
    2.772307692307692,
    2.8746153846153844,
    2.9769230769230766,
    3.079230769230769,
    3.1815384615384614,
    3.2838461538461536,
    3.386153846153846,
    3.488461538461538,
    3.5907692307692307,
    3.693076923076923,
    3.795384615384615,
    3.8976923076923073,
    4.0
  ],
  "times": [
    28.35536551475525,
    28.50039267539978,
    28.429063081741333,
    28.385835886001587,
    28.403154611587524,
    28.441282749176025,
    28.255136728286743,
    28.30929207801819,
    28.162328720092773,
    28.48765540122986,
    28.311441659927368,
    28.344502210617065,
    28.180368900299072,
    28.35039782524109,
    28.253881692886353,
    28.30263614654541,
    28.265434980392456,
    28.38371706008911,
    28.264768600463867,
    28.401275157928467,
    28.541815757751465,
    28.477694034576416,
    28.31244206428528,
    28.400659799575806,
    28.295522689819336,
    28.391260385513306,
    28.338496446609497,
    28.354750394821167,
    28.28393292427063,
    28.42734694480896,
    28.33303689956665,
    28.429330110549927,
    28.28665566444397,
    28.543039560317993,
    28.256038427352905,
    28.34757947921753,
    28.247703790664673,
    28.36101460456848,
    28.19777798652649,
    28.361177444458008
  ]
}