{
  "target_distribution": "MultivariateNormal",
  "dimension": 10,
  "num_iterations": 500000,
  "seed": 8,
  "total_time": 7958.152926445007,
  "max_esjd": 0.015332834477431626,
  "max_actual_acceptance_rate": 0.2413,
  "max_constr_acceptance_rate": 0.2634482758620689,
  "expected_squared_jump_distances": [
    0.0026952229318548903,
    0.004300210321220061,
    0.00702506022919459,
    0.00854113716613946,
    0.009718649926946857,
    0.009398765236937785,
    0.010584935490031408,
    0.011699474565297905,
    0.013049242569894764,
    0.013483900674016246,
    0.012365905718671116,
    0.013042709777491151,
    0.013261386577659785,
    0.014416727394778419,
    0.014850658005672404,
    0.015332834477431626,
    0.013661414486522583,
    0.014037899626997388,
    0.014342738054270592,
    0.014538185840878544,
    0.014670785048881608,
    0.012956975670309047,
    0.013161503890373927,
    0.013316739032595972,
    0.013326115837178609,
    0.011967508273177867,
    0.01213835220033313,
    0.012139821937018038,
    0.012041389075533772,
    0.010802688944938828
  ],
  "acceptance_rates": [
    0.04240848169633927,
    0.23006150307515374,
    0.13439031709512853,
    0.0972340319111689,
    0.08415049029417651,
    0.23672,
    0.19824,
    0.17609408752700215,
    0.1642531402512201,
    0.16145291623329866,
    0.2798,
    0.2581333333333333,
    0.24826666666666666,
    0.2424,
    0.2427,
    0.2413,
    0.32434285714285715,
    0.3174376410754593,
    0.31820909168833394,
    0.31646618474813565,
    0.32040915454727276,
    0.3767938396919846,
    0.37556877843892195,
    0.38189773721715214,
    0.38546927346367316,
    0.4298033114790532,
    0.43533045913151697,
    0.438231960710238,
    0.4458765750350008,
    0.48202964059281184
  ],
  "swap_acceptance_rates_range": [
    0.01,
    0.026896551724137928,
    0.04379310344827586,
    0.060689655172413794,
    0.07758620689655171,
    0.09448275862068964,
    0.11137931034482758,
    0.12827586206896552,
    0.14517241379310344,
    0.16206896551724137,
    0.1789655172413793,
    0.19586206896551722,
    0.21275862068965518,
    0.2296551724137931,
    0.24655172413793103,
    0.2634482758620689,
    0.2803448275862069,
    0.29724137931034483,
    0.31413793103448273,
    0.3310344827586207,
    0.3479310344827586,
    0.36482758620689654,
    0.38172413793103444,
    0.3986206896551724,
    0.41551724137931034,
    0.43241379310344824,
    0.4493103448275862,
    0.4662068965517241,
    0.48310344827586205,
    0.5
  ],
  "times": [
    175.16135501861572,
    199.83699750900269,
    198.86590671539307,
    197.5106976032257,
    197.53919100761414,
    232.8445839881897,
    233.12532353401184,
    233.40416479110718,
    233.34085202217102,
    233.15888142585754,
    257.89451599121094,
    257.39555525779724,
    257.9947156906128,
    257.4827370643616,
    257.7016251087189,
    257.40072226524353,
    281.1028151512146,
    280.19047832489014,
    279.7432744503021,
    280.07192039489746,
    279.8354527950287,
    303.96686482429504,
    304.01926016807556,
    304.1884021759033,
    304.43568658828735,
    327.92933535575867,
    327.3248438835144,
    326.3723497390747,
    327.2688183784485,
    351.0128290653229
  ]
}