{
  "target_distribution": "MultivariateNormal",
  "proposal_distribution": "UniformRadius",
  "dimension": 5,
  "num_iterations": 200000,
  "seed": 20,
  "total_time": 1688.1490225791931,
  "max_esjd": 1.2640069723129272,
  "max_acceptance_rate": 0.25687,
  "max_scale_param": 2.772307692307692,
  "expected_squared_jump_distances": [
    7.125107367755845e-05,
    0.008679359219968319,
    0.030513368546962738,
    0.06398088485002518,
    0.10753582417964935,
    0.15948015451431274,
    0.21884053945541382,
    0.2838940918445587,
    0.3526827394962311,
    0.42460599541664124,
    0.4980113208293915,
    0.5721057057380676,
    0.6457379460334778,
    0.7182154655456543,
    0.7874429225921631,
    0.8549799919128418,
    0.9198480844497681,
    0.9754257798194885,
    1.0289287567138672,
    1.0788707733154297,
    1.1185166835784912,
    1.1551892757415771,
    1.1920076608657837,
    1.2159810066223145,
    1.23308527469635,
    1.2413380146026611,
    1.251415491104126,
    1.2640069723129272,
    1.2550047636032104,
    1.255141258239746,
    1.254351258277893,
    1.2428025007247925,
    1.2110724449157715,
    1.1853549480438232,
    1.1764248609542847,
    1.1484037637710571,
    1.0981134176254272,
    1.086530327796936,
    1.056061029434204,
    1.0158518552780151
  ],
  "acceptance_rates": [
    0.99771,
    0.965175,
    0.931025,
    0.89706,
    0.863425,
    0.829245,
    0.79733,
    0.76546,
    0.73262,
    0.7009,
    0.669355,
    0.638845,
    0.60867,
    0.579905,
    0.550855,
    0.523535,
    0.49748,
    0.469855,
    0.444195,
    0.420465,
    0.39566,
    0.37294,
    0.352755,
    0.33113,
    0.31054,
    0.29055,
    0.27244,
    0.25687,
    0.239155,
    0.2248,
    0.211105,
    0.197715,
    0.18236,
    0.16951,
    0.159955,
    0.149315,
    0.136545,
    0.128545,
    0.120015,
    0.110605
  ],
  "scale_param_range": [
    0.01,
    0.1123076923076923,
    0.21461538461538462,
    0.3169230769230769,
    0.41923076923076924,
    0.5215384615384615,
    0.6238461538461538,
    0.7261538461538461,
    0.8284615384615385,
    0.9307692307692308,
    1.033076923076923,
    1.1353846153846154,
    1.2376923076923076,
    1.34,
    1.4423076923076923,
    1.5446153846153847,
    1.646923076923077,
    1.7492307692307691,
    1.8515384615384616,
    1.9538461538461538,
    2.0561538461538458,
    2.1584615384615384,
    2.2607692307692306,
    2.363076923076923,
    2.465384615384615,
    2.5676923076923073,
    2.67,
    2.772307692307692,
    2.8746153846153844,
    2.9769230769230766,
    3.079230769230769,
    3.1815384615384614,
    3.2838461538461536,
    3.386153846153846,
    3.488461538461538,
    3.5907692307692307,
    3.693076923076923,
    3.795384615384615,
    3.8976923076923073,
    4.0
  ],
  "times": [
    42.64384484291077,
    42.471548557281494,
    42.289424657821655,
    42.319993019104004,
    42.300012826919556,
    42.3296263217926,
    42.13346600532532,
    42.329567432403564,
    42.13821744918823,
    42.35196805000305,
    42.10786414146423,
    42.481393575668335,
    42.21022963523865,
    42.30021810531616,
    42.11442041397095,
    42.26258182525635,
    42.007439613342285,
    42.294604539871216,
    42.07362723350525,
    42.252009868621826,
    41.98342442512512,
    42.24701762199402,
    42.049034118652344,
    42.19168043136597,
    42.008864641189575,
    42.244802474975586,
    42.02654194831848,
    42.19615840911865,
    41.99932789802551,
    42.19351816177368,
    42.07303261756897,
    42.22189211845398,
    41.97855877876282,
    42.20231604576111,
    42.004380226135254,
    42.200218200683594,
    42.120790004730225,
    42.25486135482788,
    42.17082691192627,
    42.32870888710022
  ]
}