{
  "target_distribution": "MultivariateNormal",
  "proposal_distribution": "Laplace",
  "dimension": 2,
  "num_iterations": 200000,
  "seed": 17,
  "total_time": 1378.0161364078522,
  "max_esjd": 0.8186215162277222,
  "max_acceptance_rate": 0.383415,
  "max_scale_param": 2.6984615384615385,
  "expected_squared_jump_distances": [
    9.893356764223427e-05,
    0.03126618638634682,
    0.1033644825220108,
    0.197445809841156,
    0.2996150553226471,
    0.3961305022239685,
    0.48647162318229675,
    0.5653318762779236,
    0.6317734122276306,
    0.6882362365722656,
    0.7309809327125549,
    0.7663670778274536,
    0.7888745665550232,
    0.8014358282089233,
    0.8002752661705017,
    0.8186215162277222,
    0.8140533566474915,
    0.8104626536369324,
    0.7956563234329224,
    0.7842312455177307,
    0.7780144214630127,
    0.7726153135299683,
    0.7538883686065674,
    0.7435244917869568,
    0.727205753326416,
    0.7122336030006409,
    0.695183277130127,
    0.6719114184379578,
    0.6574846506118774,
    0.6540698409080505,
    0.6332921981811523,
    0.6050713062286377,
    0.6058438420295715,
    0.5913513898849487,
    0.5621379613876343,
    0.5453256368637085,
    0.5395193696022034,
    0.5298131108283997,
    0.5087803602218628,
    0.4977712631225586
  ],
  "acceptance_rates": [
    0.99707,
    0.94028,
    0.88317,
    0.827795,
    0.775755,
    0.724755,
    0.67819,
    0.63413,
    0.594045,
    0.555235,
    0.520875,
    0.4892,
    0.45912,
    0.43252,
    0.406135,
    0.383415,
    0.36277,
    0.342805,
    0.324705,
    0.30699,
    0.291175,
    0.277375,
    0.264145,
    0.252095,
    0.24005,
    0.228545,
    0.21867,
    0.20824,
    0.200465,
    0.191425,
    0.183585,
    0.175115,
    0.169595,
    0.16288,
    0.15516,
    0.14917,
    0.143845,
    0.1388,
    0.133335,
    0.12931
  ],
  "scale_param_range": [
    0.01,
    0.18923076923076926,
    0.3684615384615385,
    0.5476923076923077,
    0.726923076923077,
    0.9061538461538463,
    1.0853846153846154,
    1.2646153846153847,
    1.443846153846154,
    1.6230769230769233,
    1.8023076923076926,
    1.9815384615384617,
    2.1607692307692306,
    2.34,
    2.519230769230769,
    2.6984615384615385,
    2.8776923076923078,
    3.056923076923077,
    3.2361538461538464,
    3.4153846153846157,
    3.594615384615385,
    3.773846153846154,
    3.953076923076923,
    4.132307692307693,
    4.311538461538461,
    4.490769230769231,
    4.67,
    4.849230769230769,
    5.0284615384615385,
    5.207692307692308,
    5.386923076923077,
    5.5661538461538465,
    5.745384615384616,
    5.924615384615385,
    6.103846153846154,
    6.283076923076924,
    6.462307692307693,
    6.641538461538462,
    6.820769230769232,
    7.0
  ],
  "times": [
    34.92800259590149,
    34.591036319732666,
    34.423715114593506,
    34.57954406738281,
    34.88529872894287,
    34.85915946960449,
    34.86615252494812,
    34.85876536369324,
    34.65464544296265,
    34.65465784072876,
    34.261245012283325,
    34.48223304748535,
    34.20524835586548,
    34.47660422325134,
    34.29220652580261,
    34.47559309005737,
    34.384870767593384,
    34.65853548049927,
    34.338088274002075,
    34.45775580406189,
    34.26059293746948,
    34.45080018043518,
    34.167556047439575,
    34.294448375701904,
    34.19123649597168,
    34.43903470039368,
    34.1843204498291,
    34.353904247283936,
    34.419283866882324,
    34.75436067581177,
    34.182666063308716,
    34.40848231315613,
    34.434916734695435,
    34.423370361328125,
    34.22104454040527,
    34.341387033462524,
    34.208460330963135,
    34.293524503707886,
    34.378241777420044,
    34.242053508758545
  ]
}