{
  "target_distribution": "MultivariateNormal",
  "dimension": 20,
  "num_iterations": 200000,
  "seed": 9,
  "total_time": 4990.129484653473,
  "max_esjd": 0.008164840755114583,
  "max_actual_acceptance_rate": 0.22688918057378585,
  "max_constr_acceptance_rate": 0.2634482758620689,
  "expected_squared_jump_distances": [
    0.0018223381250669951,
    0.0028999693702177784,
    0.0031738555271914872,
    0.0032394424132044923,
    0.0049673542029697,
    0.0050648232917474695,
    0.0059612019388542384,
    0.006023785064767969,
    0.006041211856376182,
    0.006861891946722752,
    0.007555339330555119,
    0.006955283611039066,
    0.007398512678794705,
    0.007494101519308416,
    0.008039990089879377,
    0.008164840755114583,
    0.007418737528566923,
    0.007757110530801308,
    0.007923375168699821,
    0.007378947430115974,
    0.007479871627626819,
    0.007555522961270092,
    0.007491385402830212,
    0.007067640577857434,
    0.006819270792899931,
    0.006939879189782723,
    0.006251656311656513,
    0.006497100640980272,
    0.005899302735398353,
    0.005837116784145219
  ],
  "acceptance_rates": [
    0.1562,
    0.0589,
    0.048107890499194846,
    0.16066666666666668,
    0.11658333333333333,
    0.09109092424368698,
    0.09293401184616668,
    0.1672857142857143,
    0.15387912558936992,
    0.15095013573367624,
    0.15409344192027433,
    0.2133125,
    0.2089766831280865,
    0.2092921460730365,
    0.21773386693346675,
    0.22688918057378585,
    0.26407022612367353,
    0.2733788964827471,
    0.2841742609468771,
    0.3223161158057903,
    0.32256612830641535,
    0.32991649582479127,
    0.3408170408520426,
    0.3715623437428974,
    0.3738806309377699,
    0.3888813127869449,
    0.41234320956786263,
    0.4264044007334556,
    0.45153846153846156,
    0.46351502096395736
  ],
  "swap_acceptance_rates_range": [
    0.01,
    0.026896551724137928,
    0.04379310344827586,
    0.060689655172413794,
    0.07758620689655171,
    0.09448275862068964,
    0.11137931034482758,
    0.12827586206896552,
    0.14517241379310344,
    0.16206896551724137,
    0.1789655172413793,
    0.19586206896551722,
    0.21275862068965518,
    0.2296551724137931,
    0.24655172413793103,
    0.2634482758620689,
    0.2803448275862069,
    0.29724137931034483,
    0.31413793103448273,
    0.3310344827586207,
    0.3479310344827586,
    0.36482758620689654,
    0.38172413793103444,
    0.3986206896551724,
    0.41551724137931034,
    0.43241379310344824,
    0.4493103448275862,
    0.4662068965517241,
    0.48310344827586205,
    0.5
  ],
  "times": [
    117.09553647041321,
    116.85593056678772,
    117.06019616127014,
    130.31633877754211,
    130.81158828735352,
    130.24701142311096,
    130.2237513065338,
    148.24860906600952,
    148.11104106903076,
    148.2433261871338,
    148.31027269363403,
    159.72619819641113,
    159.9102222919464,
    160.00341486930847,
    161.2209656238556,
    161.38475108146667,
    172.277850151062,
    173.76137900352478,
    173.18955659866333,
    184.504088640213,
    184.4877028465271,
    184.1549928188324,
    184.46124124526978,
    196.73349714279175,
    199.33587551116943,
    199.33049511909485,
    211.1576783657074,
    211.53980994224548,
    223.87439823150635,
    223.53236150741577
  ]
}