{
  "target_distribution": "MultivariateNormal",
  "proposal_distribution": "Laplace",
  "dimension": 20,
  "num_iterations": 200000,
  "seed": 19,
  "total_time": 1862.0570747852325,
  "max_esjd": 1.2232896089553833,
  "max_acceptance_rate": 0.25058,
  "max_scale_param": 2.465384615384615,
  "expected_squared_jump_distances": [
    9.983780910260975e-05,
    0.012041199952363968,
    0.04198277369141579,
    0.08705396205186844,
    0.1448305994272232,
    0.21258677542209625,
    0.28753164410591125,
    0.36724457144737244,
    0.45048239827156067,
    0.5348470211029053,
    0.6175419092178345,
    0.7001463770866394,
    0.77727210521698,
    0.8518866896629333,
    0.9167946577072144,
    0.9812793731689453,
    1.0347594022750854,
    1.0820729732513428,
    1.1225738525390625,
    1.1532584428787231,
    1.1808191537857056,
    1.2002140283584595,
    1.2179245948791504,
    1.2211161851882935,
    1.2232896089553833,
    1.2157443761825562,
    1.2047603130340576,
    1.1825329065322876,
    1.1550315618515015,
    1.1453617811203003,
    1.122482419013977,
    1.0864403247833252,
    1.0547468662261963,
    1.0352296829223633,
    0.987582266330719,
    0.9499639868736267,
    0.9356224536895752,
    0.8586212396621704,
    0.8201098442077637,
    0.7911837100982666
  ],
  "acceptance_rates": [
    0.99769,
    0.95837,
    0.919845,
    0.880055,
    0.842325,
    0.80387,
    0.76536,
    0.727345,
    0.690735,
    0.654895,
    0.619185,
    0.58646,
    0.552695,
    0.521965,
    0.49034,
    0.46154,
    0.433315,
    0.405855,
    0.38028,
    0.35535,
    0.331865,
    0.309805,
    0.28928,
    0.26941,
    0.25058,
    0.232405,
    0.215995,
    0.199105,
    0.18371,
    0.17153,
    0.159215,
    0.146385,
    0.1351,
    0.12569,
    0.115495,
    0.10623,
    0.10021,
    0.08869,
    0.08147,
    0.075465
  ],
  "scale_param_range": [
    0.01,
    0.1123076923076923,
    0.21461538461538462,
    0.3169230769230769,
    0.41923076923076924,
    0.5215384615384615,
    0.6238461538461538,
    0.7261538461538461,
    0.8284615384615385,
    0.9307692307692308,
    1.033076923076923,
    1.1353846153846154,
    1.2376923076923076,
    1.34,
    1.4423076923076923,
    1.5446153846153847,
    1.646923076923077,
    1.7492307692307691,
    1.8515384615384616,
    1.9538461538461538,
    2.0561538461538458,
    2.1584615384615384,
    2.2607692307692306,
    2.363076923076923,
    2.465384615384615,
    2.5676923076923073,
    2.67,
    2.772307692307692,
    2.8746153846153844,
    2.9769230769230766,
    3.079230769230769,
    3.1815384615384614,
    3.2838461538461536,
    3.386153846153846,
    3.488461538461538,
    3.5907692307692307,
    3.693076923076923,
    3.795384615384615,
    3.8976923076923073,
    4.0
  ],
  "times": [
    48.51667380332947,
    46.95443844795227,
    46.55818319320679,
    46.64342188835144,
    46.53616213798523,
    46.713605642318726,
    46.56101322174072,
    46.79608988761902,
    46.356486558914185,
    46.70137667655945,
    46.14925980567932,
    46.5954372882843,
    46.28119969367981,
    46.62112641334534,
    46.39963960647583,
    46.66515326499939,
    46.20905685424805,
    46.62160134315491,
    46.26079201698303,
    46.73866629600525,
    46.2386360168457,
    46.66188287734985,
    46.25325655937195,
    46.70088219642639,
    46.29627990722656,
    46.623743295669556,
    46.27681016921997,
    46.68740439414978,
    46.287286043167114,
    46.592103004455566,
    46.35063600540161,
    46.716617822647095,
    46.208006620407104,
    46.67111253738403,
    46.264078855514526,
    46.658642530441284,
    46.2884464263916,
    46.604007720947266,
    46.27866077423096,
    46.47085118293762
  ]
}