{
  "target_distribution": "MultivariateNormal",
  "proposal_distribution": "UniformRadius",
  "dimension": 10,
  "num_iterations": 200000,
  "seed": 12,
  "total_time": 2274.7732558250427,
  "max_esjd": 1.3073146343231201,
  "max_acceptance_rate": 0.22796,
  "max_scale_param": 2.67,
  "expected_squared_jump_distances": [
    8.318763866554946e-05,
    0.010097688063979149,
    0.03541504964232445,
    0.07407348603010178,
    0.12414076924324036,
    0.18378464877605438,
    0.25077566504478455,
    0.3239331841468811,
    0.4007713198661804,
    0.48196250200271606,
    0.5633510947227478,
    0.6447768807411194,
    0.7257938981056213,
    0.80454021692276,
    0.8771073818206787,
    0.9479870796203613,
    1.0131500959396362,
    1.0720158815383911,
    1.1264801025390625,
    1.1673074960708618,
    1.207987904548645,
    1.2408716678619385,
    1.2754318714141846,
    1.283843994140625,
    1.297361969947815,
    1.2986384630203247,
    1.3073146343231201,
    1.2911219596862793,
    1.2719264030456543,
    1.2549740076065063,
    1.2309517860412598,
    1.2184017896652222,
    1.1707624197006226,
    1.1558843851089478,
    1.136670708656311,
    1.0757215023040771,
    1.0207797288894653,
    0.9743850827217102,
    0.9465276598930359,
    0.8974601626396179
  ],
  "acceptance_rates": [
    0.99809,
    0.96112,
    0.92379,
    0.886685,
    0.849865,
    0.813535,
    0.77647,
    0.740755,
    0.70488,
    0.67206,
    0.638385,
    0.60553,
    0.574225,
    0.543685,
    0.51251,
    0.483745,
    0.455145,
    0.42765,
    0.40193,
    0.37462,
    0.350265,
    0.327635,
    0.30722,
    0.284035,
    0.26386,
    0.244335,
    0.22796,
    0.20934,
    0.19226,
    0.17741,
    0.16334,
    0.15159,
    0.137015,
    0.12772,
    0.11855,
    0.10649,
    0.096105,
    0.08729,
    0.08043,
    0.07281
  ],
  "scale_param_range": [
    0.01,
    0.1123076923076923,
    0.21461538461538462,
    0.3169230769230769,
    0.41923076923076924,
    0.5215384615384615,
    0.6238461538461538,
    0.7261538461538461,
    0.8284615384615385,
    0.9307692307692308,
    1.033076923076923,
    1.1353846153846154,
    1.2376923076923076,
    1.34,
    1.4423076923076923,
    1.5446153846153847,
    1.646923076923077,
    1.7492307692307691,
    1.8515384615384616,
    1.9538461538461538,
    2.0561538461538458,
    2.1584615384615384,
    2.2607692307692306,
    2.363076923076923,
    2.465384615384615,
    2.5676923076923073,
    2.67,
    2.772307692307692,
    2.8746153846153844,
    2.9769230769230766,
    3.079230769230769,
    3.1815384615384614,
    3.2838461538461536,
    3.386153846153846,
    3.488461538461538,
    3.5907692307692307,
    3.693076923076923,
    3.795384615384615,
    3.8976923076923073,
    4.0
  ],
  "times": [
    56.98992037773132,
    57.07510209083557,
    56.79858756065369,
    56.926894187927246,
    56.92018008232117,
    57.091800689697266,
    56.76106309890747,
    56.88371706008911,
    56.541070222854614,
    57.02288365364075,
    56.66987752914429,
    56.91980791091919,
    56.76952147483826,
    57.02966070175171,
    56.624223947525024,
    56.85557436943054,
    56.71761608123779,
    56.90011382102966,
    56.66784381866455,
    56.96631121635437,
    56.700029134750366,
    56.92360734939575,
    56.71024751663208,
    56.85176062583923,
    56.848920583724976,
    56.98032355308533,
    56.74992275238037,
    56.87644004821777,
    56.71747446060181,
    56.979639291763306,
    56.803093910217285,
    57.080157995224,
    56.92284917831421,
    57.12486934661865,
    56.859039545059204,
    57.08345890045166,
    56.72302269935608,
    56.94510102272034,
    56.74742031097412,
    56.95252084732056
  ]
}