{
  "target_distribution": "MultivariateNormal",
  "proposal_distribution": "Laplace",
  "dimension": 2,
  "num_iterations": 200000,
  "seed": 6,
  "total_time": 1672.0274276733398,
  "max_esjd": 0.8103164434432983,
  "max_acceptance_rate": 0.38316,
  "max_scale_param": 2.6984615384615385,
  "expected_squared_jump_distances": [
    9.970577229978517e-05,
    0.03139673173427582,
    0.10358157753944397,
    0.19766280055046082,
    0.2991502583026886,
    0.39732667803764343,
    0.48689982295036316,
    0.568249523639679,
    0.631898045539856,
    0.6875607371330261,
    0.7254223227500916,
    0.7591856122016907,
    0.7832310199737549,
    0.7948729395866394,
    0.8098805546760559,
    0.8103164434432983,
    0.8071544170379639,
    0.8042032122612,
    0.7943984270095825,
    0.7910216450691223,
    0.7745587229728699,
    0.7626970410346985,
    0.7493723034858704,
    0.7377738356590271,
    0.7163251638412476,
    0.7010745406150818,
    0.6902171969413757,
    0.671949028968811,
    0.6653271913528442,
    0.6347928643226624,
    0.62912917137146,
    0.6072621941566467,
    0.6007130146026611,
    0.57757967710495,
    0.5675424337387085,
    0.5451281070709229,
    0.5319318771362305,
    0.5217496752738953,
    0.5118028521537781,
    0.49900561571121216
  ],
  "acceptance_rates": [
    0.997735,
    0.93844,
    0.881525,
    0.826315,
    0.77398,
    0.72364,
    0.676695,
    0.63455,
    0.5926,
    0.55543,
    0.5196,
    0.48801,
    0.458105,
    0.43024,
    0.40606,
    0.38316,
    0.36199,
    0.341605,
    0.32278,
    0.307965,
    0.29079,
    0.27647,
    0.263335,
    0.251335,
    0.23785,
    0.22742,
    0.2172,
    0.20762,
    0.19959,
    0.18906,
    0.1821,
    0.174095,
    0.1686,
    0.1606,
    0.15571,
    0.148515,
    0.14223,
    0.13803,
    0.13314,
    0.128835
  ],
  "scale_param_range": [
    0.01,
    0.18923076923076926,
    0.3684615384615385,
    0.5476923076923077,
    0.726923076923077,
    0.9061538461538463,
    1.0853846153846154,
    1.2646153846153847,
    1.443846153846154,
    1.6230769230769233,
    1.8023076923076926,
    1.9815384615384617,
    2.1607692307692306,
    2.34,
    2.519230769230769,
    2.6984615384615385,
    2.8776923076923078,
    3.056923076923077,
    3.2361538461538464,
    3.4153846153846157,
    3.594615384615385,
    3.773846153846154,
    3.953076923076923,
    4.132307692307693,
    4.311538461538461,
    4.490769230769231,
    4.67,
    4.849230769230769,
    5.0284615384615385,
    5.207692307692308,
    5.386923076923077,
    5.5661538461538465,
    5.745384615384616,
    5.924615384615385,
    6.103846153846154,
    6.283076923076924,
    6.462307692307693,
    6.641538461538462,
    6.820769230769232,
    7.0
  ],
  "times": [
    42.10949969291687,
    42.063859939575195,
    41.88052701950073,
    41.92564654350281,
    41.97199320793152,
    41.91344857215881,
    41.79439902305603,
    41.81513738632202,
    41.637574911117554,
    41.96837639808655,
    41.659485816955566,
    41.812639236450195,
    41.622374057769775,
    41.79097509384155,
    41.62704658508301,
    41.804041624069214,
    41.68335795402527,
    41.847617626190186,
    41.61902856826782,
    41.90245032310486,
    41.67434048652649,
    41.82793593406677,
    41.812599182128906,
    41.938480615615845,
    41.7422513961792,
    42.068641901016235,
    41.62504720687866,
    41.81956171989441,
    41.64134931564331,
    41.83051037788391,
    41.66684079170227,
    41.88298177719116,
    41.666699171066284,
    41.77429819107056,
    41.668298959732056,
    41.80606436729431,
    41.596919298172,
    41.84298372268677,
    41.73071885108948,
    41.921003341674805
  ]
}