{
  "target_distribution": "MultivariateNormal",
  "proposal_distribution": "UniformRadius",
  "dimension": 100,
  "num_iterations": 100000,
  "seed": 9,
  "total_time": 812.4379560947418,
  "max_esjd": 1.318922519683838,
  "max_acceptance_rate": 0.22146,
  "max_scale_param": 2.465384615384615,
  "expected_squared_jump_distances": [
    9.795607184059918e-05,
    0.01183532178401947,
    0.04134012758731842,
    0.08629404008388519,
    0.14404115080833435,
    0.21240687370300293,
    0.2892443835735321,
    0.37225663661956787,
    0.4588886499404907,
    0.5482672452926636,
    0.6388490200042725,
    0.7268576622009277,
    0.8110554218292236,
    0.8935527801513672,
    0.9709513783454895,
    1.0403486490249634,
    1.1077311038970947,
    1.162431240081787,
    1.2013405561447144,
    1.247816562652588,
    1.2765417098999023,
    1.2992877960205078,
    1.3072490692138672,
    1.3159838914871216,
    1.318922519683838,
    1.2977478504180908,
    1.2937102317810059,
    1.276381492614746,
    1.243770956993103,
    1.202571153640747,
    1.1839476823806763,
    1.1555057764053345,
    1.063402771949768,
    1.0317355394363403,
    1.0098868608474731,
    0.9126251339912415,
    0.8936806917190552,
    0.8462706804275513,
    0.7525174617767334,
    0.7231838703155518
  ],
  "acceptance_rates": [
    0.99921,
    0.95717,
    0.91556,
    0.87643,
    0.83604,
    0.79663,
    0.75819,
    0.72018,
    0.68208,
    0.64564,
    0.61069,
    0.57523,
    0.54012,
    0.50769,
    0.47618,
    0.44486,
    0.41667,
    0.38761,
    0.35755,
    0.33351,
    0.30807,
    0.28458,
    0.26099,
    0.24049,
    0.22146,
    0.20088,
    0.18518,
    0.16951,
    0.15362,
    0.13849,
    0.12744,
    0.1165,
    0.10068,
    0.09185,
    0.08472,
    0.07226,
    0.06687,
    0.05997,
    0.05056,
    0.04614
  ],
  "scale_param_range": [
    0.01,
    0.1123076923076923,
    0.21461538461538462,
    0.3169230769230769,
    0.41923076923076924,
    0.5215384615384615,
    0.6238461538461538,
    0.7261538461538461,
    0.8284615384615385,
    0.9307692307692308,
    1.033076923076923,
    1.1353846153846154,
    1.2376923076923076,
    1.34,
    1.4423076923076923,
    1.5446153846153847,
    1.646923076923077,
    1.7492307692307691,
    1.8515384615384616,
    1.9538461538461538,
    2.0561538461538458,
    2.1584615384615384,
    2.2607692307692306,
    2.363076923076923,
    2.465384615384615,
    2.5676923076923073,
    2.67,
    2.772307692307692,
    2.8746153846153844,
    2.9769230769230766,
    3.079230769230769,
    3.1815384615384614,
    3.2838461538461536,
    3.386153846153846,
    3.488461538461538,
    3.5907692307692307,
    3.693076923076923,
    3.795384615384615,
    3.8976923076923073,
    4.0
  ],
  "times": [
    20.384783029556274,
    20.269970417022705,
    20.16921639442444,
    20.404298305511475,
    20.449583768844604,
    20.667256116867065,
    19.866265058517456,
    20.003140926361084,
    20.368133783340454,
    20.209129095077515,
    20.22389245033264,
    19.76476764678955,
    20.345523834228516,
    20.27595281600952,
    20.352059841156006,
    20.495127201080322,
    20.45789122581482,
    20.518577337265015,
    20.433201551437378,
    20.13017964363098,
    20.116860389709473,
    20.308542728424072,
    20.25756311416626,
    20.43264627456665,
    20.233464241027832,
    20.117124557495117,
    20.261992692947388,
    20.52069354057312,
    20.468287706375122,
    20.385692834854126,
    20.332151651382446,
    20.462674140930176,
    20.4011013507843,
    20.607330322265625,
    20.248815059661865,
    20.285097360610962,
    20.165181636810303,
    20.319414854049683,
    20.323843479156494,
    20.34231948852539
  ]
}