{"expected_squared_jump_distances": [0.7309860902246826, 0.7757721466129098, 0.8202626748241744, 0.8625136746538494, 0.9094047363307357, 0.9492240243715164, 0.9940909154989841, 1.0312490494808755, 1.0718942535931941, 1.1074905622789322, 1.141790439965681, 1.1700835857315155, 1.2058533751899507, 1.2310422918744557, 1.2507155940479677, 1.264545017026709, 1.2816212838302417, 1.2863553442916975, 1.293079662676176, 1.3059036264999468, 1.3044836438521028, 1.2883287722492325, 1.289240304862352, 1.270068554488599, 1.2575485175028507, 1.2390493211179634, 1.2234104587783512, 1.182307302534916, 1.1497034086292954, 1.1087048576524, 1.0928002436286348, 1.0459418171566714, 0.9978379188855308, 0.9377444950264356, 0.8981050337767397, 0.8501391241800139, 0.8160764288719644, 0.7667697025526778, 0.7170959370239367, 0.674908875785166], "acceptance_rates": [0.5710009566571, 0.5534211324553421, 0.5356179771535619, 0.5166148338516615, 0.5003116635500312, 0.4804385289480439, 0.46419869134641983, 0.44470221964447026, 0.42774238924277425, 0.4094225724409422, 0.391619417139162, 0.37319960133731994, 0.358109752235811, 0.340359929734036, 0.3227767722322777, 0.3050169498305017, 0.2892537741289254, 0.27193728062719374, 0.2567307660256731, 0.24319423472431945, 0.2285877141228588, 0.2119978800211998, 0.2000979990200098, 0.1859981400185998, 0.17365493011736552, 0.16179504871617953, 0.1510451562151045, 0.1382552841138255, 0.12743539231274353, 0.11660883391166088, 0.10906557601090655, 0.09944567220994456, 0.08972576940897259, 0.08042919570804291, 0.07358926410735893, 0.06616267170661627, 0.060572727606057274, 0.054549454505454946, 0.048719512804871946, 0.043732896004373294], "var_value_range": [4.2, 4.297435897435897, 4.394871794871795, 4.492307692307692, 4.58974358974359, 4.687179487179487, 4.7846153846153845, 4.8820512820512825, 4.97948717948718, 5.076923076923077, 5.174358974358975, 5.271794871794872, 5.36923076923077, 5.466666666666667, 5.564102564102564, 5.661538461538462, 5.758974358974359, 5.856410256410257, 5.953846153846154, 6.051282051282051, 6.148717948717949, 6.246153846153846, 6.343589743589744, 6.441025641025641, 6.538461538461538, 6.635897435897436, 6.733333333333333, 6.830769230769231, 6.9282051282051285, 7.0256410256410255, 7.123076923076923, 7.220512820512821, 7.317948717948719, 7.415384615384616, 7.512820512820513, 7.61025641025641, 7.707692307692308, 7.805128205128206, 7.902564102564103, 8.0]}