{
  "target_distribution": "MultivariateNormal",
  "proposal_distribution": "Laplace",
  "dimension": 5,
  "num_iterations": 200000,
  "seed": 3,
  "total_time": 1657.722728252411,
  "max_esjd": 1.0302557945251465,
  "max_acceptance_rate": 0.28976,
  "max_scale_param": 2.67,
  "expected_squared_jump_distances": [
    9.957181464415044e-05,
    0.011895280331373215,
    0.041009385138750076,
    0.08416926860809326,
    0.13835974037647247,
    0.20048022270202637,
    0.267661988735199,
    0.33784210681915283,
    0.40853452682495117,
    0.4800267815589905,
    0.5477626323699951,
    0.6139935255050659,
    0.677676260471344,
    0.7328562140464783,
    0.7850810885429382,
    0.8286560773849487,
    0.8718493580818176,
    0.9073495864868164,
    0.9390278458595276,
    0.9650840163230896,
    0.9830993413925171,
    1.0017188787460327,
    1.0148310661315918,
    1.0263538360595703,
    1.0170994997024536,
    1.0247037410736084,
    1.0302557945251465,
    1.0177544355392456,
    1.0162556171417236,
    0.9940447211265564,
    0.9989548921585083,
    0.9681193232536316,
    0.9548009037971497,
    0.9415932297706604,
    0.935011088848114,
    0.9192212224006653,
    0.8954845666885376,
    0.887015700340271,
    0.8515827655792236,
    0.8423383235931396
  ],
  "acceptance_rates": [
    0.99774,
    0.96149,
    0.92439,
    0.887965,
    0.851865,
    0.815595,
    0.780255,
    0.746025,
    0.712145,
    0.679255,
    0.647615,
    0.61738,
    0.589575,
    0.56032,
    0.53325,
    0.506525,
    0.48138,
    0.458355,
    0.435375,
    0.41394,
    0.392705,
    0.373345,
    0.35444,
    0.33753,
    0.318635,
    0.303725,
    0.28976,
    0.27421,
    0.26056,
    0.24703,
    0.23649,
    0.223095,
    0.211185,
    0.20219,
    0.193205,
    0.183995,
    0.174645,
    0.167195,
    0.157665,
    0.151
  ],
  "scale_param_range": [
    0.01,
    0.1123076923076923,
    0.21461538461538462,
    0.3169230769230769,
    0.41923076923076924,
    0.5215384615384615,
    0.6238461538461538,
    0.7261538461538461,
    0.8284615384615385,
    0.9307692307692308,
    1.033076923076923,
    1.1353846153846154,
    1.2376923076923076,
    1.34,
    1.4423076923076923,
    1.5446153846153847,
    1.646923076923077,
    1.7492307692307691,
    1.8515384615384616,
    1.9538461538461538,
    2.0561538461538458,
    2.1584615384615384,
    2.2607692307692306,
    2.363076923076923,
    2.465384615384615,
    2.5676923076923073,
    2.67,
    2.772307692307692,
    2.8746153846153844,
    2.9769230769230766,
    3.079230769230769,
    3.1815384615384614,
    3.2838461538461536,
    3.386153846153846,
    3.488461538461538,
    3.5907692307692307,
    3.693076923076923,
    3.795384615384615,
    3.8976923076923073,
    4.0
  ],
  "times": [
    41.7018780708313,
    41.69356036186218,
    41.43449544906616,
    41.578171491622925,
    41.53166627883911,
    41.665748596191406,
    41.36142539978027,
    41.552939653396606,
    41.32047963142395,
    41.55146813392639,
    41.31275653839111,
    41.52619957923889,
    41.28240370750427,
    41.50368881225586,
    41.24566960334778,
    41.53039479255676,
    41.34170317649841,
    41.50936150550842,
    41.284103870391846,
    41.5771267414093,
    41.40979766845703,
    41.56027841567993,
    41.381836891174316,
    41.565131425857544,
    41.31768560409546,
    41.5028760433197,
    41.2383553981781,
    41.43417739868164,
    41.286014795303345,
    41.56943368911743,
    41.31292486190796,
    41.43463373184204,
    41.23644661903381,
    41.59256935119629,
    41.281346559524536,
    41.50115942955017,
    41.25234627723694,
    41.544302463531494,
    41.27511167526245,
    41.48263883590698
  ]
}