{
  "target_distribution": "MultivariateNormal",
  "proposal_distribution": "Laplace",
  "dimension": 50,
  "num_iterations": 200000,
  "seed": 15,
  "total_time": 943.3891651630402,
  "max_esjd": 1.2766754627227783,
  "max_acceptance_rate": 0.23118,
  "max_scale_param": 2.465384615384615,
  "expected_squared_jump_distances": [
    9.983345080399886e-05,
    0.012032773345708847,
    0.04204459860920906,
    0.08744843304157257,
    0.14573419094085693,
    0.21440114080905914,
    0.2912088930606842,
    0.37358254194259644,
    0.45917341113090515,
    0.5484150052070618,
    0.6353510618209839,
    0.7215762138366699,
    0.8035162091255188,
    0.8812089562416077,
    0.9548342823982239,
    1.0233972072601318,
    1.07990562915802,
    1.1367474794387817,
    1.17930006980896,
    1.2109366655349731,
    1.237188458442688,
    1.2637397050857544,
    1.2706937789916992,
    1.2720943689346313,
    1.2766754627227783,
    1.2709203958511353,
    1.2582449913024902,
    1.235931634902954,
    1.2185218334197998,
    1.1844271421432495,
    1.1437108516693115,
    1.105961799621582,
    1.0745735168457031,
    1.0542232990264893,
    0.9982260465621948,
    0.9606707692146301,
    0.8928319811820984,
    0.8714234232902527,
    0.8138585090637207,
    0.7682070732116699
  ],
  "acceptance_rates": [
    0.998465,
    0.95627,
    0.916975,
    0.876655,
    0.836965,
    0.79786,
    0.759615,
    0.721065,
    0.68395,
    0.648865,
    0.61233,
    0.57804,
    0.54357,
    0.51124,
    0.480245,
    0.45029,
    0.42058,
    0.39366,
    0.366425,
    0.339965,
    0.31523,
    0.29384,
    0.270875,
    0.25007,
    0.23118,
    0.21368,
    0.196765,
    0.180275,
    0.166515,
    0.15203,
    0.13849,
    0.12589,
    0.11575,
    0.107035,
    0.096565,
    0.087895,
    0.078495,
    0.07242,
    0.06493,
    0.058665
  ],
  "scale_param_range": [
    0.01,
    0.1123076923076923,
    0.21461538461538462,
    0.3169230769230769,
    0.41923076923076924,
    0.5215384615384615,
    0.6238461538461538,
    0.7261538461538461,
    0.8284615384615385,
    0.9307692307692308,
    1.033076923076923,
    1.1353846153846154,
    1.2376923076923076,
    1.34,
    1.4423076923076923,
    1.5446153846153847,
    1.646923076923077,
    1.7492307692307691,
    1.8515384615384616,
    1.9538461538461538,
    2.0561538461538458,
    2.1584615384615384,
    2.2607692307692306,
    2.363076923076923,
    2.465384615384615,
    2.5676923076923073,
    2.67,
    2.772307692307692,
    2.8746153846153844,
    2.9769230769230766,
    3.079230769230769,
    3.1815384615384614,
    3.2838461538461536,
    3.386153846153846,
    3.488461538461538,
    3.5907692307692307,
    3.693076923076923,
    3.795384615384615,
    3.8976923076923073,
    4.0
  ],
  "times": [
    23.72594141960144,
    23.36159658432007,
    23.390719413757324,
    23.475577116012573,
    23.430651903152466,
    23.343051195144653,
    23.446743726730347,
    23.311931133270264,
    23.30663561820984,
    23.794093132019043,
    23.558687448501587,
    23.63743829727173,
    23.505802869796753,
    23.681970596313477,
    23.470784664154053,
    23.467565059661865,
    23.37718677520752,
    23.480945348739624,
    23.786532640457153,
    23.771381855010986,
    23.55800724029541,
    23.830086708068848,
    23.558701992034912,
    23.584059953689575,
    23.695767402648926,
    23.723138093948364,
    23.74193239212036,
    23.569626808166504,
    23.52796506881714,
    23.718175888061523,
    23.450010061264038,
    23.64472484588623,
    23.76286292076111,
    23.733357667922974,
    23.5318820476532,
    23.559386014938354,
    23.456435918807983,
    23.76456642150879,
    23.45850944519043,
    24.147035121917725
  ]
}