{
  "target_distribution": "MultivariateNormal",
  "dimension": 20,
  "num_iterations": 100000,
  "seed": 2,
  "total_time": 767.5294926166534,
  "max_esjd": 1.2751072645187378,
  "max_acceptance_rate": 0.23968,
  "max_variance_value": 2.4233846153846152,
  "expected_squared_jump_distances": [
    1.000287397801003e-06,
    0.007909934967756271,
    0.03011663816869259,
    0.06484157592058182,
    0.11034903675317764,
    0.16483405232429504,
    0.22663328051567078,
    0.29453492164611816,
    0.36672165989875793,
    0.4417111575603485,
    0.5170648097991943,
    0.5954869985580444,
    0.6698367595672607,
    0.7440162301063538,
    0.8150418400764465,
    0.8834466934204102,
    0.9487509727478027,
    1.004109501838684,
    1.0597872734069824,
    1.1098347902297974,
    1.1558644771575928,
    1.1887526512145996,
    1.2194610834121704,
    1.2387573719024658,
    1.251421332359314,
    1.2659183740615845,
    1.271509051322937,
    1.2751072645187378,
    1.2722965478897095,
    1.2574191093444824,
    1.2489593029022217,
    1.2300074100494385,
    1.21458899974823,
    1.1693190336227417,
    1.148473858833313,
    1.102940559387207,
    1.0896259546279907,
    1.069173812866211,
    1.015156865119934,
    0.9723935127258301
  ],
  "acceptance_rates": [
    0.99998,
    0.96302,
    0.92799,
    0.89366,
    0.85908,
    0.82431,
    0.78976,
    0.75621,
    0.72341,
    0.6908,
    0.65727,
    0.62745,
    0.5956,
    0.56552,
    0.53627,
    0.50831,
    0.48149,
    0.45339,
    0.42911,
    0.4047,
    0.38227,
    0.35768,
    0.33669,
    0.31459,
    0.29258,
    0.27475,
    0.25631,
    0.23968,
    0.22381,
    0.2069,
    0.19331,
    0.17895,
    0.16731,
    0.15261,
    0.14199,
    0.12958,
    0.12159,
    0.114,
    0.10342,
    0.09469
  ],
  "var_value_range": [
    0.001,
    0.09071794871794872,
    0.18043589743589744,
    0.2701538461538462,
    0.3598717948717949,
    0.4495897435897436,
    0.5393076923076924,
    0.6290256410256411,
    0.7187435897435898,
    0.8084615384615385,
    0.8981794871794871,
    0.987897435897436,
    1.0776153846153846,
    1.1673333333333333,
    1.257051282051282,
    1.3467692307692307,
    1.4364871794871794,
    1.526205128205128,
    1.6159230769230768,
    1.7056410256410255,
    1.7953589743589742,
    1.885076923076923,
    1.9747948717948718,
    2.0645128205128205,
    2.1542307692307694,
    2.243948717948718,
    2.333666666666667,
    2.4233846153846152,
    2.513102564102564,
    2.6028205128205126,
    2.6925384615384615,
    2.78225641025641,
    2.871974358974359,
    2.961692307692308,
    3.0514102564102563,
    3.1411282051282052,
    3.2308461538461537,
    3.3205641025641026,
    3.410282051282051,
    3.5
  ],
  "times": [
    19.249382972717285,
    19.224684476852417,
    19.211888074874878,
    19.22287154197693,
    19.169055938720703,
    19.189870834350586,
    19.164010763168335,
    19.219788551330566,
    19.134040355682373,
    19.223489999771118,
    19.12157392501831,
    19.229466438293457,
    19.143190622329712,
    19.203867197036743,
    19.19209098815918,
    19.194997787475586,
    19.148005962371826,
    19.23682975769043,
    19.15910792350769,
    19.239778757095337,
    19.185627698898315,
    19.223687410354614,
    19.157422304153442,
    19.19578766822815,
    19.14054536819458,
    19.230742931365967,
    19.140895128250122,
    19.150547981262207,
    19.20285964012146,
    19.219026565551758,
    19.203001737594604,
    19.213693857192993,
    19.125892162322998,
    19.259095191955566,
    19.119788885116577,
    19.21506357192993,
    19.15274429321289,
    19.206518173217773,
    19.13282060623169,
    19.15467119216919
  ]
}