{
  "target_distribution": "MultivariateNormal",
  "dimension": 10,
  "num_iterations": 500000,
  "seed": 16,
  "total_time": 7619.863598585129,
  "max_esjd": 0.015307323082357544,
  "max_actual_acceptance_rate": 0.24382438243824384,
  "max_constr_acceptance_rate": 0.2634482758620689,
  "expected_squared_jump_distances": [
    0.002361958470109369,
    0.004105988964379349,
    0.006839617566233022,
    0.00866625218805555,
    0.009475553926219845,
    0.009333902419446984,
    0.010690189732187948,
    0.011715258560051182,
    0.013182427582829791,
    0.013466155285316441,
    0.012050084329782614,
    0.01261487543511488,
    0.013859130738145086,
    0.014414031422298069,
    0.01445977382171968,
    0.015307323082357544,
    0.013397003931422173,
    0.014406956889288688,
    0.01458335958300329,
    0.014451228908271595,
    0.015021962137560631,
    0.013176234407546636,
    0.01322672827597792,
    0.0132443777536033,
    0.013400664440592795,
    0.011848696044144003,
    0.011981251607824607,
    0.011935566991145362,
    0.011981451623673351,
    0.010844604307067336
  ],
  "acceptance_rates": [
    0.041121495327102804,
    0.23035,
    0.13365,
    0.09538815526210484,
    0.08218218218218218,
    0.23264,
    0.19876,
    0.174982993877796,
    0.1672468291121514,
    0.1616929354348348,
    0.28236666666666665,
    0.26043472462995065,
    0.25372537253725375,
    0.24044808961792358,
    0.2422322976396853,
    0.24382438243824384,
    0.32006628760821737,
    0.3164571428571429,
    0.31325025723105066,
    0.3132929477654589,
    0.32159899419950283,
    0.3801,
    0.37945,
    0.378925,
    0.38610965274131853,
    0.4292888888888889,
    0.43407631280695125,
    0.4367111111111111,
    0.4439752877905685,
    0.48117849427954235
  ],
  "swap_acceptance_rates_range": [
    0.01,
    0.026896551724137928,
    0.04379310344827586,
    0.060689655172413794,
    0.07758620689655171,
    0.09448275862068964,
    0.11137931034482758,
    0.12827586206896552,
    0.14517241379310344,
    0.16206896551724137,
    0.1789655172413793,
    0.19586206896551722,
    0.21275862068965518,
    0.2296551724137931,
    0.24655172413793103,
    0.2634482758620689,
    0.2803448275862069,
    0.29724137931034483,
    0.31413793103448273,
    0.3310344827586207,
    0.3479310344827586,
    0.36482758620689654,
    0.38172413793103444,
    0.3986206896551724,
    0.41551724137931034,
    0.43241379310344824,
    0.4493103448275862,
    0.4662068965517241,
    0.48310344827586205,
    0.5
  ],
  "times": [
    169.9778470993042,
    192.22214269638062,
    191.92575764656067,
    191.01790714263916,
    191.44203066825867,
    224.95466303825378,
    224.85175108909607,
    225.09557604789734,
    224.75515365600586,
    224.74939465522766,
    246.726487159729,
    246.43751740455627,
    246.8128800392151,
    246.06833457946777,
    246.73013424873352,
    246.07309579849243,
    268.79788279533386,
    268.8669545650482,
    268.2116982936859,
    267.64230370521545,
    268.436714887619,
    289.58225178718567,
    290.01389169692993,
    289.6975929737091,
    290.1842420101166,
    311.29441690444946,
    311.372273683548,
    311.3780851364136,
    311.45240926742554,
    333.0504734516144
  ]
}