{
  "target_distribution": "MultivariateNormal",
  "dimension": 20,
  "num_iterations": 500000,
  "seed": 4,
  "total_time": 9534.87612771988,
  "max_esjd": 0.007974283331675991,
  "max_actual_acceptance_rate": 0.15954285714285715,
  "max_constr_acceptance_rate": 0.1789655172413793,
  "expected_squared_jump_distances": [
    0.0012928186445119868,
    0.0025692566089423534,
    0.0038290967840111756,
    0.004314643449961295,
    0.005043882145309826,
    0.005679116305462266,
    0.006634346537728434,
    0.005999970676353117,
    0.006545755539084819,
    0.007180585674982861,
    0.007974283331675991,
    0.007015641726875083,
    0.007427175626187642,
    0.0075470198568477745,
    0.007746566430140012,
    0.00726611504228446,
    0.007510024470083963,
    0.007744768633480084,
    0.007876874065244874,
    0.007025643000036105,
    0.007220265436628852,
    0.007241097247861159,
    0.006888633202841917,
    0.0068535318843666515,
    0.006813247999582805,
    0.0063740761255670466,
    0.006358828398413167,
    0.006373960660532813,
    0.005869578081555804,
    0.005799592365080544
  ],
  "acceptance_rates": [
    0.014466546112115732,
    0.07089013632718524,
    0.045780143263035734,
    0.1372,
    0.10221022102210221,
    0.09473333333333334,
    0.09765208110992529,
    0.159,
    0.14877142857142858,
    0.15281746485312608,
    0.15954285714285715,
    0.20835,
    0.20777077707770777,
    0.21292129212921293,
    0.2169455072898692,
    0.26163966486654666,
    0.2657006978087915,
    0.2740404915883281,
    0.2838504623044097,
    0.31365881952917174,
    0.32295937756265375,
    0.3323999439966398,
    0.3624743167809153,
    0.3706862067711553,
    0.3800320011636787,
    0.40664066406640664,
    0.4180069667827797,
    0.4283976132537751,
    0.45050769230769233,
    0.46332194836764207
  ],
  "swap_acceptance_rates_range": [
    0.01,
    0.026896551724137928,
    0.04379310344827586,
    0.060689655172413794,
    0.07758620689655171,
    0.09448275862068964,
    0.11137931034482758,
    0.12827586206896552,
    0.14517241379310344,
    0.16206896551724137,
    0.1789655172413793,
    0.19586206896551722,
    0.21275862068965518,
    0.2296551724137931,
    0.24655172413793103,
    0.2634482758620689,
    0.2803448275862069,
    0.29724137931034483,
    0.31413793103448273,
    0.3310344827586207,
    0.3479310344827586,
    0.36482758620689654,
    0.38172413793103444,
    0.3986206896551724,
    0.41551724137931034,
    0.43241379310344824,
    0.4493103448275862,
    0.4662068965517241,
    0.48310344827586205,
    0.5
  ],
  "times": [
    196.0119390487671,
    220.88189339637756,
    219.6510078907013,
    257.99812364578247,
    258.8859124183655,
    251.19258546829224,
    253.502534866333,
    282.05992436408997,
    277.85921239852905,
    276.4476578235626,
    278.57023000717163,
    308.5531198978424,
    304.33679842948914,
    305.3076140880585,
    306.8693034648895,
    330.56525683403015,
    330.31411576271057,
    330.3361110687256,
    328.2902398109436,
    349.29905366897583,
    349.53363609313965,
    351.77514600753784,
    378.3788089752197,
    372.9592809677124,
    373.99723196029663,
    400.2670669555664,
    398.4606840610504,
    400.16214895248413,
    419.0543222427368,
    423.3137822151184
  ]
}