{
  "target_distribution": "MultivariateNormal",
  "proposal_distribution": "UniformRadius",
  "dimension": 2,
  "num_iterations": 200000,
  "seed": 18,
  "total_time": 1656.0689957141876,
  "max_esjd": 1.112645149230957,
  "max_acceptance_rate": 0.308165,
  "max_scale_param": 3.2838461538461536,
  "expected_squared_jump_distances": [
    4.9967868108069524e-05,
    0.006097517441958189,
    0.021529491990804672,
    0.04531488195061684,
    0.07641719281673431,
    0.11386177688837051,
    0.1566595733165741,
    0.2039504200220108,
    0.254392147064209,
    0.3077836334705353,
    0.3636312484741211,
    0.4198404550552368,
    0.47688812017440796,
    0.5338773131370544,
    0.5899848937988281,
    0.6450048089027405,
    0.6982854604721069,
    0.7486071586608887,
    0.7972682118415833,
    0.8403149843215942,
    0.8855432868003845,
    0.9228429198265076,
    0.9533270597457886,
    0.9858836531639099,
    1.0132280588150024,
    1.0378320217132568,
    1.05475914478302,
    1.0740729570388794,
    1.0902425050735474,
    1.1008621454238892,
    1.1048458814620972,
    1.0980440378189087,
    1.112645149230957,
    1.1095633506774902,
    1.0980606079101562,
    1.093861699104309,
    1.0871546268463135,
    1.0686677694320679,
    1.0633662939071655,
    1.0309854745864868
  ],
  "acceptance_rates": [
    0.99795,
    0.971015,
    0.944465,
    0.917115,
    0.890165,
    0.862755,
    0.8362,
    0.81005,
    0.78301,
    0.757425,
    0.732685,
    0.707055,
    0.682955,
    0.65918,
    0.63534,
    0.612545,
    0.590015,
    0.56767,
    0.54717,
    0.525225,
    0.50642,
    0.48606,
    0.46477,
    0.44718,
    0.429155,
    0.41206,
    0.39495,
    0.37909,
    0.36409,
    0.34993,
    0.334835,
    0.319225,
    0.308165,
    0.295385,
    0.282855,
    0.27119,
    0.261015,
    0.24922,
    0.240155,
    0.22871
  ],
  "scale_param_range": [
    0.01,
    0.1123076923076923,
    0.21461538461538462,
    0.3169230769230769,
    0.41923076923076924,
    0.5215384615384615,
    0.6238461538461538,
    0.7261538461538461,
    0.8284615384615385,
    0.9307692307692308,
    1.033076923076923,
    1.1353846153846154,
    1.2376923076923076,
    1.34,
    1.4423076923076923,
    1.5446153846153847,
    1.646923076923077,
    1.7492307692307691,
    1.8515384615384616,
    1.9538461538461538,
    2.0561538461538458,
    2.1584615384615384,
    2.2607692307692306,
    2.363076923076923,
    2.465384615384615,
    2.5676923076923073,
    2.67,
    2.772307692307692,
    2.8746153846153844,
    2.9769230769230766,
    3.079230769230769,
    3.1815384615384614,
    3.2838461538461536,
    3.386153846153846,
    3.488461538461538,
    3.5907692307692307,
    3.693076923076923,
    3.795384615384615,
    3.8976923076923073,
    4.0
  ],
  "times": [
    41.705302476882935,
    41.62302589416504,
    41.472875356674194,
    41.420857429504395,
    41.408631801605225,
    41.34960699081421,
    41.266098737716675,
    41.39129686355591,
    41.37482786178589,
    41.51423740386963,
    41.29609155654907,
    41.43885278701782,
    41.31438708305359,
    41.47559070587158,
    41.356948137283325,
    41.372963428497314,
    41.174864530563354,
    41.409428119659424,
    41.39312791824341,
    41.48993420600891,
    41.22188878059387,
    41.46276521682739,
    41.207170248031616,
    41.454736948013306,
    41.202451944351196,
    41.456100940704346,
    41.240254402160645,
    41.39585614204407,
    41.24077773094177,
    41.4273567199707,
    41.29137301445007,
    41.46773648262024,
    41.27874040603638,
    41.45638132095337,
    41.33742380142212,
    41.522127866744995,
    41.40168023109436,
    41.983859062194824,
    41.3053674697876,
    41.42530679702759
  ]
}