{
  "target_distribution": "MultivariateNormal",
  "proposal_distribution": "Laplace",
  "dimension": 5,
  "num_iterations": 200000,
  "seed": 8,
  "total_time": 1654.573308467865,
  "max_esjd": 1.0331023931503296,
  "max_acceptance_rate": 0.304585,
  "max_scale_param": 2.5676923076923073,
  "expected_squared_jump_distances": [
    9.957202564692125e-05,
    0.011896736919879913,
    0.041015300899744034,
    0.08415526896715164,
    0.13844022154808044,
    0.20049479603767395,
    0.2680822014808655,
    0.3382450342178345,
    0.4086184799671173,
    0.4796670973300934,
    0.5484548211097717,
    0.6149317026138306,
    0.6769894361495972,
    0.7319415211677551,
    0.7850954532623291,
    0.8326941728591919,
    0.8734909892082214,
    0.9077898263931274,
    0.938909649848938,
    0.961301326751709,
    0.9895759224891663,
    1.004231572151184,
    1.0175564289093018,
    1.0185116529464722,
    1.015588402748108,
    1.0331023931503296,
    1.0292268991470337,
    1.0157487392425537,
    1.0065884590148926,
    1.0155563354492188,
    0.9813722968101501,
    0.9800587296485901,
    0.9693514108657837,
    0.937325656414032,
    0.9318340420722961,
    0.9162800312042236,
    0.8972317576408386,
    0.8761450052261353,
    0.8556623458862305,
    0.8212899565696716
  ],
  "acceptance_rates": [
    0.99774,
    0.961515,
    0.924415,
    0.887935,
    0.852125,
    0.81574,
    0.78041,
    0.746205,
    0.712095,
    0.679965,
    0.648265,
    0.618215,
    0.58858,
    0.559875,
    0.53297,
    0.506705,
    0.48168,
    0.457885,
    0.435625,
    0.41336,
    0.39445,
    0.373225,
    0.35494,
    0.336595,
    0.318545,
    0.304585,
    0.28907,
    0.27382,
    0.259735,
    0.24974,
    0.23484,
    0.224095,
    0.213045,
    0.20155,
    0.192475,
    0.18366,
    0.174955,
    0.166615,
    0.157735,
    0.14908
  ],
  "scale_param_range": [
    0.01,
    0.1123076923076923,
    0.21461538461538462,
    0.3169230769230769,
    0.41923076923076924,
    0.5215384615384615,
    0.6238461538461538,
    0.7261538461538461,
    0.8284615384615385,
    0.9307692307692308,
    1.033076923076923,
    1.1353846153846154,
    1.2376923076923076,
    1.34,
    1.4423076923076923,
    1.5446153846153847,
    1.646923076923077,
    1.7492307692307691,
    1.8515384615384616,
    1.9538461538461538,
    2.0561538461538458,
    2.1584615384615384,
    2.2607692307692306,
    2.363076923076923,
    2.465384615384615,
    2.5676923076923073,
    2.67,
    2.772307692307692,
    2.8746153846153844,
    2.9769230769230766,
    3.079230769230769,
    3.1815384615384614,
    3.2838461538461536,
    3.386153846153846,
    3.488461538461538,
    3.5907692307692307,
    3.693076923076923,
    3.795384615384615,
    3.8976923076923073,
    4.0
  ],
  "times": [
    41.686407804489136,
    41.469682455062866,
    41.268571615219116,
    41.36573648452759,
    41.56300187110901,
    41.60951566696167,
    41.350951194763184,
    41.49191999435425,
    41.196950912475586,
    41.51359272003174,
    41.22522592544556,
    41.49225616455078,
    41.30993986129761,
    41.50042796134949,
    41.16429114341736,
    41.53058457374573,
    41.20371222496033,
    41.46591854095459,
    41.217644453048706,
    41.40787672996521,
    41.26793384552002,
    41.46537661552429,
    41.160351037979126,
    41.47503328323364,
    41.19098401069641,
    41.41641163825989,
    41.20873975753784,
    41.41529083251953,
    41.18356132507324,
    41.43275427818298,
    41.19722294807434,
    41.41775035858154,
    41.14614295959473,
    41.447224140167236,
    41.222755432128906,
    41.448458194732666,
    41.24170899391174,
    41.483227014541626,
    41.22828984260559,
    41.447139739990234
  ]
}