{
  "target_distribution": "MultivariateNormal",
  "proposal_distribution": "Laplace",
  "dimension": 5,
  "num_iterations": 200000,
  "seed": 2,
  "total_time": 1434.016960144043,
  "max_esjd": 1.0339319705963135,
  "max_acceptance_rate": 0.31027,
  "max_scale_param": 2.542820512820513,
  "expected_squared_jump_distances": [
    9.90680928225629e-05,
    0.01459118165075779,
    0.05042291060090065,
    0.10290556401014328,
    0.16808705031871796,
    0.24145351350307465,
    0.3208554983139038,
    0.40075695514678955,
    0.47830796241760254,
    0.5566712617874146,
    0.6308943033218384,
    0.6993998885154724,
    0.7573375105857849,
    0.8128068447113037,
    0.8612656593322754,
    0.907011866569519,
    0.9442319869995117,
    0.9684873223304749,
    0.9912578463554382,
    1.0019118785858154,
    1.0124390125274658,
    1.0167278051376343,
    1.0339319705963135,
    1.0284088850021362,
    1.0122815370559692,
    1.0057270526885986,
    0.9871636629104614,
    0.9904471039772034,
    0.9721785187721252,
    0.9489837884902954,
    0.929492175579071,
    0.906643271446228,
    0.8821662068367004,
    0.8707913160324097,
    0.847815990447998,
    0.8221049904823303,
    0.7904754281044006,
    0.785086989402771,
    0.7641754746437073,
    0.7255801558494568
  ],
  "acceptance_rates": [
    0.996395,
    0.95571,
    0.91412,
    0.873545,
    0.83344,
    0.794455,
    0.75584,
    0.71706,
    0.67938,
    0.64449,
    0.61082,
    0.578995,
    0.546695,
    0.517,
    0.488955,
    0.462665,
    0.43702,
    0.41219,
    0.38861,
    0.366025,
    0.345395,
    0.326485,
    0.31027,
    0.29178,
    0.27438,
    0.25881,
    0.24346,
    0.232385,
    0.21907,
    0.205845,
    0.19495,
    0.183745,
    0.173365,
    0.16544,
    0.15562,
    0.14759,
    0.139025,
    0.133155,
    0.126505,
    0.11813
  ],
  "scale_param_range": [
    0.01,
    0.12512820512820513,
    0.24025641025641029,
    0.3553846153846154,
    0.47051282051282056,
    0.5856410256410257,
    0.7007692307692308,
    0.815897435897436,
    0.9310256410256411,
    1.0461538461538462,
    1.1612820512820514,
    1.2764102564102566,
    1.3915384615384616,
    1.5066666666666668,
    1.621794871794872,
    1.736923076923077,
    1.8520512820512822,
    1.9671794871794874,
    2.082307692307692,
    2.1974358974358976,
    2.3125641025641026,
    2.4276923076923076,
    2.542820512820513,
    2.657948717948718,
    2.773076923076923,
    2.8882051282051284,
    3.0033333333333334,
    3.1184615384615384,
    3.233589743589744,
    3.348717948717949,
    3.463846153846154,
    3.5789743589743592,
    3.694102564102564,
    3.809230769230769,
    3.9243589743589746,
    4.03948717948718,
    4.154615384615385,
    4.26974358974359,
    4.3848717948717955,
    4.5
  ],
  "times": [
    38.632869720458984,
    36.53190994262695,
    36.095773696899414,
    36.07960748672485,
    36.12591814994812,
    35.951987981796265,
    35.49845600128174,
    35.60446286201477,
    35.325876235961914,
    35.431795597076416,
    35.330113649368286,
    35.560025453567505,
    36.13270282745361,
    37.263633012771606,
    37.74646186828613,
    36.831671714782715,
    37.197739601135254,
    37.08076620101929,
    36.706140995025635,
    36.908965826034546,
    37.30755615234375,
    37.59295725822449,
    35.57825970649719,
    35.367865562438965,
    35.7991840839386,
    36.726234674453735,
    36.4126558303833,
    35.62059211730957,
    35.30071401596069,
    34.643227100372314,
    34.46072721481323,
    34.70996046066284,
    34.43528938293457,
    34.6306836605072,
    34.54440140724182,
    34.54258584976196,
    34.497772455215454,
    34.58512282371521,
    34.49421286582947,
    34.66078758239746
  ]
}