{
  "target_distribution": "MultivariateNormal",
  "proposal_distribution": "Laplace",
  "dimension": 10,
  "num_iterations": 200000,
  "seed": 13,
  "total_time": 1729.138407945633,
  "max_esjd": 1.1491761207580566,
  "max_acceptance_rate": 0.29657,
  "max_scale_param": 2.363076923076923,
  "expected_squared_jump_distances": [
    9.952945401892066e-05,
    0.0119568957015872,
    0.04147667810320854,
    0.08574358373880386,
    0.14181162416934967,
    0.20717522501945496,
    0.27930259704589844,
    0.35553014278411865,
    0.43340736627578735,
    0.5123119354248047,
    0.5901650786399841,
    0.6658037900924683,
    0.7352218627929688,
    0.8026222586631775,
    0.8639293313026428,
    0.9212990403175354,
    0.9686824679374695,
    1.0131136178970337,
    1.0525867938995361,
    1.0765317678451538,
    1.105496883392334,
    1.1224175691604614,
    1.1300584077835083,
    1.1491761207580566,
    1.1364028453826904,
    1.147166132926941,
    1.123759388923645,
    1.1201438903808594,
    1.109250783920288,
    1.0806680917739868,
    1.0692003965377808,
    1.044482946395874,
    1.0107178688049316,
    0.9963777661323547,
    0.9631494283676147,
    0.9300348162651062,
    0.9135914444923401,
    0.8842540979385376,
    0.840851366519928,
    0.8217034339904785
  ],
  "acceptance_rates": [
    0.997415,
    0.95895,
    0.92061,
    0.88224,
    0.84366,
    0.80609,
    0.76981,
    0.73413,
    0.697745,
    0.66327,
    0.629875,
    0.597045,
    0.5657,
    0.53549,
    0.50602,
    0.47915,
    0.45168,
    0.425335,
    0.40138,
    0.37722,
    0.3558,
    0.33502,
    0.313465,
    0.29657,
    0.27556,
    0.26086,
    0.242825,
    0.228675,
    0.213455,
    0.199515,
    0.18819,
    0.17547,
    0.16354,
    0.154085,
    0.143455,
    0.133775,
    0.12605,
    0.118,
    0.10916,
    0.102695
  ],
  "scale_param_range": [
    0.01,
    0.1123076923076923,
    0.21461538461538462,
    0.3169230769230769,
    0.41923076923076924,
    0.5215384615384615,
    0.6238461538461538,
    0.7261538461538461,
    0.8284615384615385,
    0.9307692307692308,
    1.033076923076923,
    1.1353846153846154,
    1.2376923076923076,
    1.34,
    1.4423076923076923,
    1.5446153846153847,
    1.646923076923077,
    1.7492307692307691,
    1.8515384615384616,
    1.9538461538461538,
    2.0561538461538458,
    2.1584615384615384,
    2.2607692307692306,
    2.363076923076923,
    2.465384615384615,
    2.5676923076923073,
    2.67,
    2.772307692307692,
    2.8746153846153844,
    2.9769230769230766,
    3.079230769230769,
    3.1815384615384614,
    3.2838461538461536,
    3.386153846153846,
    3.488461538461538,
    3.5907692307692307,
    3.693076923076923,
    3.795384615384615,
    3.8976923076923073,
    4.0
  ],
  "times": [
    43.49041676521301,
    43.52908778190613,
    43.402334451675415,
    43.24847960472107,
    43.25653052330017,
    43.29924750328064,
    43.13651490211487,
    43.34057068824768,
    43.11623692512512,
    43.292322874069214,
    43.35446882247925,
    43.28265166282654,
    43.22101426124573,
    43.294734716415405,
    43.16931462287903,
    43.22942495346069,
    43.213443756103516,
    43.58922290802002,
    42.973060131073,
    43.214255809783936,
    43.108073234558105,
    43.23421859741211,
    43.05967450141907,
    43.20417523384094,
    43.03660345077515,
    43.23347020149231,
    43.09038019180298,
    43.224695444107056,
    43.11356568336487,
    43.24034571647644,
    43.14211869239807,
    43.26628756523132,
    43.087884187698364,
    43.28686213493347,
    43.062408208847046,
    43.25183129310608,
    43.18754053115845,
    43.241477727890015,
    43.092416524887085,
    43.273820638656616
  ]
}