{
  "target_distribution": "MultivariateNormal",
  "proposal_distribution": "Laplace",
  "dimension": 100,
  "num_iterations": 100000,
  "seed": 5,
  "total_time": 864.8555288314819,
  "max_esjd": 1.3034777641296387,
  "max_acceptance_rate": 0.26639,
  "max_scale_param": 2.2607692307692306,
  "expected_squared_jump_distances": [
    9.988454257836565e-05,
    0.012071953155100346,
    0.0420735627412796,
    0.0875520259141922,
    0.14598232507705688,
    0.21507182717323303,
    0.292217493057251,
    0.37555378675460815,
    0.46292808651924133,
    0.5525860786437988,
    0.6410177946090698,
    0.7288764119148254,
    0.8118748068809509,
    0.8905401825904846,
    0.9664331078529358,
    1.0335692167282104,
    1.0980173349380493,
    1.1509246826171875,
    1.20145845413208,
    1.2363662719726562,
    1.2605595588684082,
    1.2875765562057495,
    1.3034777641296387,
    1.3001084327697754,
    1.2979565858840942,
    1.290360450744629,
    1.2813549041748047,
    1.2380775213241577,
    1.2103923559188843,
    1.188982605934143,
    1.1480233669281006,
    1.1158450841903687,
    1.0779244899749756,
    1.0170146226882935,
    0.9764589071273804,
    0.9511251449584961,
    0.8840882778167725,
    0.8226267695426941,
    0.7992865443229675,
    0.740121066570282
  ],
  "acceptance_rates": [
    0.99909,
    0.95837,
    0.91563,
    0.87485,
    0.83445,
    0.79542,
    0.75641,
    0.7187,
    0.68147,
    0.64576,
    0.60907,
    0.5739,
    0.53947,
    0.5059,
    0.47519,
    0.44434,
    0.41597,
    0.3873,
    0.36175,
    0.33543,
    0.30961,
    0.28788,
    0.26639,
    0.24373,
    0.2248,
    0.20602,
    0.19008,
    0.17129,
    0.15602,
    0.14342,
    0.12999,
    0.11835,
    0.10816,
    0.09618,
    0.08746,
    0.08093,
    0.071,
    0.06312,
    0.05846,
    0.05146
  ],
  "scale_param_range": [
    0.01,
    0.1123076923076923,
    0.21461538461538462,
    0.3169230769230769,
    0.41923076923076924,
    0.5215384615384615,
    0.6238461538461538,
    0.7261538461538461,
    0.8284615384615385,
    0.9307692307692308,
    1.033076923076923,
    1.1353846153846154,
    1.2376923076923076,
    1.34,
    1.4423076923076923,
    1.5446153846153847,
    1.646923076923077,
    1.7492307692307691,
    1.8515384615384616,
    1.9538461538461538,
    2.0561538461538458,
    2.1584615384615384,
    2.2607692307692306,
    2.363076923076923,
    2.465384615384615,
    2.5676923076923073,
    2.67,
    2.772307692307692,
    2.8746153846153844,
    2.9769230769230766,
    3.079230769230769,
    3.1815384615384614,
    3.2838461538461536,
    3.386153846153846,
    3.488461538461538,
    3.5907692307692307,
    3.693076923076923,
    3.795384615384615,
    3.8976923076923073,
    4.0
  ],
  "times": [
    21.401691198349,
    21.835062265396118,
    21.41168236732483,
    21.59782099723816,
    21.57060694694519,
    21.883307218551636,
    21.370059967041016,
    21.80264902114868,
    21.47167682647705,
    21.931416511535645,
    21.480162620544434,
    21.524245500564575,
    21.631725072860718,
    21.615479707717896,
    21.642821550369263,
    21.686742782592773,
    21.409080266952515,
    21.832887649536133,
    21.539860248565674,
    21.566980123519897,
    21.64205050468445,
    21.757705688476562,
    21.725704669952393,
    21.68209958076477,
    21.39240527153015,
    21.756950616836548,
    21.529890060424805,
    21.52980613708496,
    21.618343114852905,
    21.635854482650757,
    21.700121641159058,
    21.68487548828125,
    21.40151309967041,
    21.9468092918396,
    21.441603183746338,
    21.519455432891846,
    21.561118364334106,
    21.670048713684082,
    21.769301891326904,
    21.640991687774658
  ]
}