{
  "target_distribution": "MultivariateNormal",
  "proposal_distribution": "UniformRadius",
  "dimension": 2,
  "num_iterations": 200000,
  "seed": 3,
  "total_time": 1650.1081802845001,
  "max_esjd": 1.1065603494644165,
  "max_acceptance_rate": 0.31382,
  "max_scale_param": 3.2361538461538464,
  "expected_squared_jump_distances": [
    4.996830830350518e-05,
    0.01687995158135891,
    0.060126107186079025,
    0.12437261641025543,
    0.20413927733898163,
    0.2944861948490143,
    0.39196914434432983,
    0.49129417538642883,
    0.5914967656135559,
    0.6868528127670288,
    0.7740267515182495,
    0.8531662821769714,
    0.9215431213378906,
    0.9789981245994568,
    1.0262500047683716,
    1.068522334098816,
    1.091883659362793,
    1.102464199066162,
    1.1065603494644165,
    1.1007903814315796,
    1.0895726680755615,
    1.0840950012207031,
    1.050671100616455,
    1.0185792446136475,
    0.9954565167427063,
    0.9424296617507935,
    0.9125497341156006,
    0.8716006278991699,
    0.8393538594245911,
    0.8021947741508484,
    0.7533237934112549,
    0.7273159027099609,
    0.6909621953964233,
    0.6554045081138611,
    0.6279006004333496,
    0.5962468385696411,
    0.571596622467041,
    0.5297792553901672,
    0.5199353694915771,
    0.48570412397384644
  ],
  "acceptance_rates": [
    0.99796,
    0.95116,
    0.903455,
    0.856215,
    0.80937,
    0.76317,
    0.71931,
    0.67605,
    0.63556,
    0.59535,
    0.5567,
    0.519885,
    0.48451,
    0.451185,
    0.420265,
    0.392185,
    0.364445,
    0.337925,
    0.31382,
    0.291415,
    0.27129,
    0.252795,
    0.234865,
    0.217775,
    0.204005,
    0.1879,
    0.176255,
    0.164935,
    0.15467,
    0.14499,
    0.134835,
    0.127775,
    0.12009,
    0.11291,
    0.10761,
    0.10116,
    0.096155,
    0.0904,
    0.086375,
    0.080895
  ],
  "scale_param_range": [
    0.01,
    0.18923076923076926,
    0.3684615384615385,
    0.5476923076923077,
    0.726923076923077,
    0.9061538461538463,
    1.0853846153846154,
    1.2646153846153847,
    1.443846153846154,
    1.6230769230769233,
    1.8023076923076926,
    1.9815384615384617,
    2.1607692307692306,
    2.34,
    2.519230769230769,
    2.6984615384615385,
    2.8776923076923078,
    3.056923076923077,
    3.2361538461538464,
    3.4153846153846157,
    3.594615384615385,
    3.773846153846154,
    3.953076923076923,
    4.132307692307693,
    4.311538461538461,
    4.490769230769231,
    4.67,
    4.849230769230769,
    5.0284615384615385,
    5.207692307692308,
    5.386923076923077,
    5.5661538461538465,
    5.745384615384616,
    5.924615384615385,
    6.103846153846154,
    6.283076923076924,
    6.462307692307693,
    6.641538461538462,
    6.820769230769232,
    7.0
  ],
  "times": [
    41.52128553390503,
    41.51899194717407,
    41.27144742012024,
    41.42686104774475,
    41.42751359939575,
    41.3267982006073,
    41.1911883354187,
    41.390581130981445,
    41.152292013168335,
    41.330341815948486,
    41.14305543899536,
    41.28565764427185,
    41.16395950317383,
    41.36467719078064,
    41.11812162399292,
    41.3686249256134,
    41.23413038253784,
    41.3937246799469,
    41.20581936836243,
    41.3458251953125,
    41.11055946350098,
    41.32352113723755,
    41.12771701812744,
    41.30349016189575,
    41.156816244125366,
    41.27141857147217,
    41.08903694152832,
    41.28685212135315,
    41.07953977584839,
    41.33871388435364,
    41.23852562904358,
    41.34940767288208,
    41.049715757369995,
    41.26882314682007,
    41.03100323677063,
    41.25073528289795,
    41.00395631790161,
    41.236361503601074,
    41.07377290725708,
    41.293991565704346
  ]
}