{
  "target_distribution": "MultivariateNormal",
  "proposal_distribution": "UniformRadius",
  "dimension": 20,
  "num_iterations": 200000,
  "seed": 5,
  "total_time": 614.0205998420715,
  "max_esjd": 1.3228933811187744,
  "max_acceptance_rate": 0.241515,
  "max_scale_param": 2.465384615384615,
  "expected_squared_jump_distances": [
    9.064731420949101e-05,
    0.010978358797729015,
    0.038476888090372086,
    0.08037783205509186,
    0.13450907170772552,
    0.19866348803043365,
    0.270835280418396,
    0.34959304332733154,
    0.4325324594974518,
    0.5164945125579834,
    0.602520763874054,
    0.6869159936904907,
    0.7714378833770752,
    0.8513994216918945,
    0.9285090565681458,
    1.000913381576538,
    1.0684994459152222,
    1.1266837120056152,
    1.1781059503555298,
    1.2148263454437256,
    1.255298376083374,
    1.2810548543930054,
    1.3041313886642456,
    1.3179844617843628,
    1.3228933811187744,
    1.315806269645691,
    1.3067007064819336,
    1.3041350841522217,
    1.263576865196228,
    1.2541354894638062,
    1.2191263437271118,
    1.205307126045227,
    1.145247459411621,
    1.1103849411010742,
    1.0594950914382935,
    1.007506012916565,
    0.9756924510002136,
    0.9261723756790161,
    0.8624898791313171,
    0.8217658400535583
  ],
  "acceptance_rates": [
    0.99706,
    0.95752,
    0.919195,
    0.88076,
    0.84251,
    0.80413,
    0.766375,
    0.730325,
    0.69444,
    0.657165,
    0.622545,
    0.58787,
    0.55565,
    0.52337,
    0.492865,
    0.463365,
    0.4353,
    0.40701,
    0.38003,
    0.352055,
    0.328695,
    0.304665,
    0.28273,
    0.26188,
    0.241515,
    0.221675,
    0.20364,
    0.188795,
    0.170325,
    0.15764,
    0.143335,
    0.132945,
    0.118515,
    0.10828,
    0.09743,
    0.08752,
    0.080085,
    0.07206,
    0.06379,
    0.057745
  ],
  "scale_param_range": [
    0.01,
    0.1123076923076923,
    0.21461538461538462,
    0.3169230769230769,
    0.41923076923076924,
    0.5215384615384615,
    0.6238461538461538,
    0.7261538461538461,
    0.8284615384615385,
    0.9307692307692308,
    1.033076923076923,
    1.1353846153846154,
    1.2376923076923076,
    1.34,
    1.4423076923076923,
    1.5446153846153847,
    1.646923076923077,
    1.7492307692307691,
    1.8515384615384616,
    1.9538461538461538,
    2.0561538461538458,
    2.1584615384615384,
    2.2607692307692306,
    2.363076923076923,
    2.465384615384615,
    2.5676923076923073,
    2.67,
    2.772307692307692,
    2.8746153846153844,
    2.9769230769230766,
    3.079230769230769,
    3.1815384615384614,
    3.2838461538461536,
    3.386153846153846,
    3.488461538461538,
    3.5907692307692307,
    3.693076923076923,
    3.795384615384615,
    3.8976923076923073,
    4.0
  ],
  "times": [
    15.513880968093872,
    15.411465883255005,
    15.32767128944397,
    15.321112871170044,
    15.255332708358765,
    15.469907760620117,
    15.429161787033081,
    15.46518588066101,
    15.234134197235107,
    15.349733352661133,
    15.369872808456421,
    15.41873812675476,
    15.352697610855103,
    15.391537427902222,
    15.349867820739746,
    15.415853261947632,
    15.339629888534546,
    15.449225187301636,
    15.265863418579102,
    15.546939134597778,
    15.34162163734436,
    15.381447076797485,
    15.467103242874146,
    15.39769983291626,
    15.242991209030151,
    15.263039112091064,
    15.247403860092163,
    15.297372579574585,
    15.251242876052856,
    15.413980722427368,
    15.435163021087646,
    15.267565965652466,
    15.272364854812622,
    15.356839418411255,
    15.128037452697754,
    15.250104188919067,
    15.267151355743408,
    15.24098801612854,
    15.34206223487854,
    15.430797100067139
  ]
}