{
  "target_distribution": "MultivariateNormal",
  "proposal_distribution": "Laplace",
  "dimension": 50,
  "num_iterations": 200000,
  "seed": 9,
  "total_time": 1054.8355660438538,
  "max_esjd": 1.2785234451293945,
  "max_acceptance_rate": 0.231915,
  "max_scale_param": 2.465384615384615,
  "expected_squared_jump_distances": [
    9.981277253245935e-05,
    0.012028483673930168,
    0.04200766608119011,
    0.08734841644763947,
    0.14555084705352783,
    0.21434801816940308,
    0.2910395562648773,
    0.3732932209968567,
    0.4591688811779022,
    0.5473721623420715,
    0.6338976621627808,
    0.720321536064148,
    0.8026793599128723,
    0.8818902373313904,
    0.9531371593475342,
    1.0189887285232544,
    1.0784744024276733,
    1.1294662952423096,
    1.1749194860458374,
    1.2109355926513672,
    1.240165114402771,
    1.2617039680480957,
    1.2747336626052856,
    1.2759394645690918,
    1.2785234451293945,
    1.2720005512237549,
    1.2538976669311523,
    1.2346781492233276,
    1.2138562202453613,
    1.178972601890564,
    1.1470446586608887,
    1.1043213605880737,
    1.0873615741729736,
    1.0414022207260132,
    0.9935845136642456,
    0.9524673223495483,
    0.9219915270805359,
    0.8609918355941772,
    0.8244904279708862,
    0.7713598012924194
  ],
  "acceptance_rates": [
    0.998355,
    0.955805,
    0.91627,
    0.87585,
    0.83605,
    0.797555,
    0.759265,
    0.720845,
    0.683395,
    0.64782,
    0.61122,
    0.576575,
    0.543105,
    0.51094,
    0.478835,
    0.44823,
    0.4197,
    0.39142,
    0.36527,
    0.33974,
    0.31586,
    0.292925,
    0.271225,
    0.250115,
    0.231915,
    0.213785,
    0.196005,
    0.180585,
    0.165905,
    0.15117,
    0.138445,
    0.125915,
    0.1166,
    0.10607,
    0.09598,
    0.08763,
    0.08034,
    0.072045,
    0.065845,
    0.058725
  ],
  "scale_param_range": [
    0.01,
    0.1123076923076923,
    0.21461538461538462,
    0.3169230769230769,
    0.41923076923076924,
    0.5215384615384615,
    0.6238461538461538,
    0.7261538461538461,
    0.8284615384615385,
    0.9307692307692308,
    1.033076923076923,
    1.1353846153846154,
    1.2376923076923076,
    1.34,
    1.4423076923076923,
    1.5446153846153847,
    1.646923076923077,
    1.7492307692307691,
    1.8515384615384616,
    1.9538461538461538,
    2.0561538461538458,
    2.1584615384615384,
    2.2607692307692306,
    2.363076923076923,
    2.465384615384615,
    2.5676923076923073,
    2.67,
    2.772307692307692,
    2.8746153846153844,
    2.9769230769230766,
    3.079230769230769,
    3.1815384615384614,
    3.2838461538461536,
    3.386153846153846,
    3.488461538461538,
    3.5907692307692307,
    3.693076923076923,
    3.795384615384615,
    3.8976923076923073,
    4.0
  ],
  "times": [
    26.553946256637573,
    26.623154401779175,
    26.414767026901245,
    26.53282856941223,
    26.517452716827393,
    26.359464406967163,
    26.274843454360962,
    26.461888551712036,
    26.309380054473877,
    26.636754751205444,
    26.31720733642578,
    26.383116483688354,
    26.359935760498047,
    26.527467727661133,
    26.36567974090576,
    26.408701419830322,
    26.22212314605713,
    26.406359910964966,
    26.1722571849823,
    26.450008869171143,
    26.110524654388428,
    26.490221977233887,
    26.194931030273438,
    26.371766567230225,
    26.240209341049194,
    26.440627813339233,
    26.173125505447388,
    26.4638774394989,
    26.318135738372803,
    26.37695598602295,
    26.304930448532104,
    26.460983276367188,
    26.48357582092285,
    26.464870929718018,
    26.091938734054565,
    26.494464635849,
    26.15890669822693,
    26.33838200569153,
    26.050984859466553,
    26.458176612854004
  ]
}