{
  "target_distribution": "MultivariateNormal",
  "dimension": 20,
  "num_iterations": 100000,
  "seed": 6,
  "total_time": 720.7866230010986,
  "max_esjd": 1.2789840698242188,
  "max_acceptance_rate": 0.25754,
  "max_variance_value": 2.333666666666667,
  "expected_squared_jump_distances": [
    1.0016442502092104e-06,
    0.007942594587802887,
    0.030202947556972504,
    0.06502982974052429,
    0.11057452857494354,
    0.16520704329013824,
    0.22724269330501556,
    0.2952720820903778,
    0.36727237701416016,
    0.4423481822013855,
    0.5196057558059692,
    0.5960833430290222,
    0.6713714003562927,
    0.7460213899612427,
    0.8186426162719727,
    0.8841984868049622,
    0.9490118622779846,
    1.0110574960708618,
    1.062734603881836,
    1.1149117946624756,
    1.1461776494979858,
    1.1863569021224976,
    1.2301734685897827,
    1.2312572002410889,
    1.2565804719924927,
    1.2601007223129272,
    1.2789840698242188,
    1.2781867980957031,
    1.2672185897827148,
    1.268578290939331,
    1.248481273651123,
    1.2394609451293945,
    1.2000982761383057,
    1.182847499847412,
    1.162583827972412,
    1.1098694801330566,
    1.0720490217208862,
    1.0748604536056519,
    1.0046072006225586,
    0.9599499106407166
  ],
  "acceptance_rates": [
    0.99996,
    0.9654,
    0.92974,
    0.89487,
    0.85944,
    0.82469,
    0.79059,
    0.75635,
    0.72301,
    0.6903,
    0.65877,
    0.62689,
    0.59602,
    0.56647,
    0.53778,
    0.5085,
    0.48113,
    0.45591,
    0.42903,
    0.40569,
    0.37895,
    0.35693,
    0.33898,
    0.31207,
    0.29434,
    0.2736,
    0.25754,
    0.24008,
    0.22298,
    0.20897,
    0.19314,
    0.18036,
    0.16522,
    0.15423,
    0.14358,
    0.13,
    0.11994,
    0.11438,
    0.10233,
    0.09359
  ],
  "var_value_range": [
    0.001,
    0.09071794871794872,
    0.18043589743589744,
    0.2701538461538462,
    0.3598717948717949,
    0.4495897435897436,
    0.5393076923076924,
    0.6290256410256411,
    0.7187435897435898,
    0.8084615384615385,
    0.8981794871794871,
    0.987897435897436,
    1.0776153846153846,
    1.1673333333333333,
    1.257051282051282,
    1.3467692307692307,
    1.4364871794871794,
    1.526205128205128,
    1.6159230769230768,
    1.7056410256410255,
    1.7953589743589742,
    1.885076923076923,
    1.9747948717948718,
    2.0645128205128205,
    2.1542307692307694,
    2.243948717948718,
    2.333666666666667,
    2.4233846153846152,
    2.513102564102564,
    2.6028205128205126,
    2.6925384615384615,
    2.78225641025641,
    2.871974358974359,
    2.961692307692308,
    3.0514102564102563,
    3.1411282051282052,
    3.2308461538461537,
    3.3205641025641026,
    3.410282051282051,
    3.5
  ],
  "times": [
    17.987443208694458,
    17.927290678024292,
    17.918777227401733,
    17.927340745925903,
    17.998146772384644,
    18.019010543823242,
    18.246623992919922,
    18.05333375930786,
    17.958181858062744,
    17.993335247039795,
    18.010101556777954,
    18.048113584518433,
    17.99079155921936,
    18.0510573387146,
    17.99355697631836,
    18.038557767868042,
    17.961806297302246,
    18.06865930557251,
    18.013776302337646,
    18.06177806854248,
    18.00602626800537,
    18.030179262161255,
    18.02536654472351,
    18.021888971328735,
    18.007695198059082,
    18.1099956035614,
    18.01437520980835,
    18.052922248840332,
    18.00397777557373,
    18.077473640441895,
    18.04695439338684,
    18.024986028671265,
    18.052448511123657,
    18.02051329612732,
    18.027632236480713,
    18.01489281654358,
    18.002219200134277,
    18.02061176300049,
    17.993032217025757,
    17.943185567855835
  ]
}