{
  "target_distribution": "MultivariateNormal",
  "dimension": 30,
  "num_iterations": 200000,
  "seed": 3,
  "total_time": 3517.9686584472656,
  "max_esjd": 0.0008072270329762655,
  "max_actual_acceptance_rate": 0.01816357250376317,
  "max_constr_acceptance_rate": 0.026896551724137928,
  "expected_squared_jump_distances": [
    0.0007065055921296552,
    0.0008072270329762655,
    0.0008072270329762655,
    0.0008072270329762655,
    0.0008072270329762655,
    0.0008072270329762655,
    0.0008072270329762655,
    0.0008072270329762655,
    0.0008072270329762655,
    0.0008072270329762655,
    0.0008072270329762655,
    0.0008072270329762655,
    0.0008072270329762655,
    0.0008072270329762655,
    0.0008072270329762655,
    0.0008072270329762655,
    0.0008072270329762655,
    0.0008072270329762655,
    0.0008072270329762655,
    0.0008072270329762655,
    0.0008072270329762655,
    0.0008072270329762655,
    0.0008072270329762655,
    0.0008072270329762655,
    0.0008072270329762655,
    0.0008072270329762655,
    0.0008072270329762655,
    0.0008072270329762655,
    0.0008072270329762655,
    0.0008072270329762655
  ],
  "acceptance_rates": [
    0.01724997507229036,
    0.01816357250376317,
    0.01816357250376317,
    0.01816357250376317,
    0.01816357250376317,
    0.01816357250376317,
    0.01816357250376317,
    0.01816357250376317,
    0.01816357250376317,
    0.01816357250376317,
    0.01816357250376317,
    0.01816357250376317,
    0.01816357250376317,
    0.01816357250376317,
    0.01816357250376317,
    0.01816357250376317,
    0.01816357250376317,
    0.01816357250376317,
    0.01816357250376317,
    0.01816357250376317,
    0.01816357250376317,
    0.01816357250376317,
    0.01816357250376317,
    0.01816357250376317,
    0.01816357250376317,
    0.01816357250376317,
    0.01816357250376317,
    0.01816357250376317,
    0.01816357250376317,
    0.01816357250376317
  ],
  "swap_acceptance_rates_range": [
    0.01,
    0.026896551724137928,
    0.04379310344827586,
    0.060689655172413794,
    0.07758620689655171,
    0.09448275862068964,
    0.11137931034482758,
    0.12827586206896552,
    0.14517241379310344,
    0.16206896551724137,
    0.1789655172413793,
    0.19586206896551722,
    0.21275862068965518,
    0.2296551724137931,
    0.24655172413793103,
    0.2634482758620689,
    0.2803448275862069,
    0.29724137931034483,
    0.31413793103448273,
    0.3310344827586207,
    0.3479310344827586,
    0.36482758620689654,
    0.38172413793103444,
    0.3986206896551724,
    0.41551724137931034,
    0.43241379310344824,
    0.4493103448275862,
    0.4662068965517241,
    0.48310344827586205,
    0.5
  ],
  "times": [
    117.2038083076477,
    117.07730007171631,
    117.63266253471375,
    117.16378283500671,
    117.36348009109497,
    116.96792721748352,
    117.16328454017639,
    116.9721827507019,
    116.96373534202576,
    117.3237361907959,
    117.38303875923157,
    117.00545048713684,
    117.66710567474365,
    117.14602470397949,
    117.35228514671326,
    117.41648292541504,
    117.4887011051178,
    117.28668880462646,
    117.30302143096924,
    117.0679497718811,
    116.97514986991882,
    116.55954170227051,
    117.74656963348389,
    117.38905763626099,
    116.60878443717957,
    117.23047947883606,
    116.82206964492798,
    118.89694809913635,
    117.39441871643066,
    117.38154792785645
  ],
  "beta_ladder": [
    1.0,
    0.3775406687981454,
    0.14253695659655094,
    0.05381349792191407,
    0.020316783995807046,
    0.01
  ]
}