{
  "target_distribution": "MultivariateNormal",
  "proposal_distribution": "Laplace",
  "dimension": 5,
  "num_iterations": 200000,
  "seed": 11,
  "total_time": 1672.3891789913177,
  "max_esjd": 1.0336992740631104,
  "max_acceptance_rate": 0.32139,
  "max_scale_param": 2.465384615384615,
  "expected_squared_jump_distances": [
    9.957278962247074e-05,
    0.01189468801021576,
    0.041017934679985046,
    0.08425400406122208,
    0.13835389912128448,
    0.2003953605890274,
    0.2674587368965149,
    0.3380460739135742,
    0.4093392491340637,
    0.48035648465156555,
    0.548336386680603,
    0.6141380071640015,
    0.6737348437309265,
    0.7315351366996765,
    0.7841307520866394,
    0.8334149718284607,
    0.8764244914054871,
    0.9105344414710999,
    0.9415690898895264,
    0.965660572052002,
    0.9866814017295837,
    1.0048058032989502,
    1.0134236812591553,
    1.022667646408081,
    1.0336992740631104,
    1.029831886291504,
    1.0289267301559448,
    1.024516224861145,
    1.0157912969589233,
    1.0015653371810913,
    0.9859580993652344,
    0.9768894910812378,
    0.9481678605079651,
    0.9468710422515869,
    0.9348230957984924,
    0.9110952019691467,
    0.8795026540756226,
    0.8861038684844971,
    0.8476248383522034,
    0.829862654209137
  ],
  "acceptance_rates": [
    0.99775,
    0.96148,
    0.924405,
    0.88821,
    0.851995,
    0.815935,
    0.780165,
    0.74544,
    0.712385,
    0.68015,
    0.64776,
    0.61831,
    0.587365,
    0.5597,
    0.53247,
    0.508005,
    0.48291,
    0.457985,
    0.435855,
    0.414225,
    0.392765,
    0.37362,
    0.3552,
    0.33676,
    0.32139,
    0.304635,
    0.289215,
    0.27546,
    0.26187,
    0.247665,
    0.23505,
    0.223745,
    0.21116,
    0.202285,
    0.1925,
    0.183705,
    0.17288,
    0.1669,
    0.157235,
    0.149915
  ],
  "scale_param_range": [
    0.01,
    0.1123076923076923,
    0.21461538461538462,
    0.3169230769230769,
    0.41923076923076924,
    0.5215384615384615,
    0.6238461538461538,
    0.7261538461538461,
    0.8284615384615385,
    0.9307692307692308,
    1.033076923076923,
    1.1353846153846154,
    1.2376923076923076,
    1.34,
    1.4423076923076923,
    1.5446153846153847,
    1.646923076923077,
    1.7492307692307691,
    1.8515384615384616,
    1.9538461538461538,
    2.0561538461538458,
    2.1584615384615384,
    2.2607692307692306,
    2.363076923076923,
    2.465384615384615,
    2.5676923076923073,
    2.67,
    2.772307692307692,
    2.8746153846153844,
    2.9769230769230766,
    3.079230769230769,
    3.1815384615384614,
    3.2838461538461536,
    3.386153846153846,
    3.488461538461538,
    3.5907692307692307,
    3.693076923076923,
    3.795384615384615,
    3.8976923076923073,
    4.0
  ],
  "times": [
    42.12991166114807,
    42.03961253166199,
    41.87031865119934,
    41.92955136299133,
    41.9394257068634,
    42.03911280632019,
    41.779759883880615,
    41.86098527908325,
    41.709453105926514,
    41.8769257068634,
    41.68581414222717,
    41.88508987426758,
    41.67674493789673,
    41.93250107765198,
    41.66525173187256,
    41.915863037109375,
    41.69009590148926,
    41.864662170410156,
    41.614630699157715,
    41.92226314544678,
    41.65164875984192,
    41.940736293792725,
    41.65215873718262,
    41.84285831451416,
    41.65327858924866,
    41.912893295288086,
    41.66023850440979,
    41.83130407333374,
    41.62824106216431,
    41.86623215675354,
    41.668359994888306,
    41.913646936416626,
    41.60644841194153,
    41.92059254646301,
    41.54914999008179,
    41.8711051940918,
    41.60268831253052,
    41.97092890739441,
    41.64509296417236,
    41.92514252662659
  ]
}