{
  "target_distribution": "MultivariateNormal",
  "proposal_distribution": "Laplace",
  "dimension": 50,
  "num_iterations": 200000,
  "seed": 1,
  "total_time": 1888.203685760498,
  "max_esjd": 1.2840949296951294,
  "max_acceptance_rate": 0.232625,
  "max_scale_param": 2.465384615384615,
  "expected_squared_jump_distances": [
    9.977296576835215e-05,
    0.012020070105791092,
    0.04198604077100754,
    0.08736947178840637,
    0.1458541750907898,
    0.21439412236213684,
    0.2912270128726959,
    0.3741764426231384,
    0.4602871835231781,
    0.5484476685523987,
    0.6352516412734985,
    0.7221350073814392,
    0.8048362135887146,
    0.8800095915794373,
    0.956134021282196,
    1.026213526725769,
    1.0844601392745972,
    1.1339198350906372,
    1.1740083694458008,
    1.2166718244552612,
    1.2416518926620483,
    1.2669150829315186,
    1.2787059545516968,
    1.2727735042572021,
    1.2840949296951294,
    1.260865330696106,
    1.2629245519638062,
    1.2332640886306763,
    1.2060892581939697,
    1.1880466938018799,
    1.1513121128082275,
    1.11287260055542,
    1.0796202421188354,
    1.0460494756698608,
    1.0029937028884888,
    0.9326313734054565,
    0.9171109199523926,
    0.8544929623603821,
    0.814786434173584,
    0.7681987285614014
  ],
  "acceptance_rates": [
    0.99839,
    0.95571,
    0.915975,
    0.87628,
    0.837985,
    0.79824,
    0.759775,
    0.72246,
    0.685105,
    0.648725,
    0.611965,
    0.57832,
    0.54472,
    0.510045,
    0.4806,
    0.451695,
    0.4218,
    0.392905,
    0.36511,
    0.341255,
    0.316415,
    0.294575,
    0.27238,
    0.25015,
    0.232625,
    0.21224,
    0.197625,
    0.180355,
    0.165015,
    0.1524,
    0.13941,
    0.1267,
    0.116,
    0.10671,
    0.09714,
    0.085895,
    0.08021,
    0.07143,
    0.065115,
    0.05876
  ],
  "scale_param_range": [
    0.01,
    0.1123076923076923,
    0.21461538461538462,
    0.3169230769230769,
    0.41923076923076924,
    0.5215384615384615,
    0.6238461538461538,
    0.7261538461538461,
    0.8284615384615385,
    0.9307692307692308,
    1.033076923076923,
    1.1353846153846154,
    1.2376923076923076,
    1.34,
    1.4423076923076923,
    1.5446153846153847,
    1.646923076923077,
    1.7492307692307691,
    1.8515384615384616,
    1.9538461538461538,
    2.0561538461538458,
    2.1584615384615384,
    2.2607692307692306,
    2.363076923076923,
    2.465384615384615,
    2.5676923076923073,
    2.67,
    2.772307692307692,
    2.8746153846153844,
    2.9769230769230766,
    3.079230769230769,
    3.1815384615384614,
    3.2838461538461536,
    3.386153846153846,
    3.488461538461538,
    3.5907692307692307,
    3.693076923076923,
    3.795384615384615,
    3.8976923076923073,
    4.0
  ],
  "times": [
    47.84848165512085,
    47.042250633239746,
    46.927791357040405,
    46.80483365058899,
    47.014827489852905,
    47.28198957443237,
    46.7350697517395,
    47.17318916320801,
    47.07549715042114,
    47.53691911697388,
    46.957430601119995,
    47.353731870651245,
    47.04261827468872,
    47.39464521408081,
    47.144954204559326,
    47.50768828392029,
    47.15720725059509,
    47.39767289161682,
    47.11276364326477,
    47.199694871902466,
    47.220247983932495,
    47.12646985054016,
    46.8316388130188,
    47.208908557891846,
    46.83822417259216,
    47.34300994873047,
    47.08619499206543,
    47.360751152038574,
    47.00036263465881,
    47.35915732383728,
    47.10968780517578,
    47.497785329818726,
    47.22519516944885,
    47.41221261024475,
    47.280776023864746,
    47.47031235694885,
    47.10863900184631,
    47.46530270576477,
    47.07542324066162,
    47.40236020088196
  ]
}