{"expected_squared_jump_distances": [0.27353417818220754, 0.33441870228692766, 0.3974948046255656, 0.4657371022961758, 0.53822800462636, 0.6079254121067377, 0.6812061398717253, 0.7439464330332872, 0.805583370706704, 0.8637253507390427, 0.912667543341524, 0.9542749388183515, 0.9848734596520575, 1.0087900627861666, 1.009414346168773, 1.018785790201522, 1.0158741134213436, 0.9993709879221434, 0.9901541054571991, 0.9553086341737541, 0.9334733127055554, 0.8816372912974281, 0.8655354377471883, 0.8151057094614428, 0.7710007092197384, 0.7312867738754347, 0.6849505034106421, 0.6467536502220385, 0.6048429963831697, 0.553026528764911, 0.5252985440583265, 0.4799749961212863, 0.44375971784559454, 0.4176258604240474, 0.37852126059578367, 0.3733381864666412, 0.3092618593477507, 0.30281572314106714, 0.27672332132649635, 0.25393185991241657], "acceptance_rates": [0.7765089015776508, 0.747159195074716, 0.7164361689716436, 0.6848431515684844, 0.6540067932654007, 0.6213237867621324, 0.5892807738589281, 0.5536244637553625, 0.5215747842521575, 0.48862511374886247, 0.4568687646456868, 0.42559241074255927, 0.394749385839475, 0.36567300993656726, 0.335609977233561, 0.3096569034309657, 0.2832305010283231, 0.2590540761259054, 0.23809761902380977, 0.2151411819215141, 0.19626470401962648, 0.17694156391769414, 0.16224171091622416, 0.14598854011459886, 0.13196201371319619, 0.11904880951190489, 0.1067289327106729, 0.09673569930967357, 0.0873291267087329, 0.07668256650766826, 0.07014929850701493, 0.0628760379062876, 0.05606943930560695, 0.050809491905080946, 0.04505288280450529, 0.04180958190418096, 0.03526631400352663, 0.03277967220327797, 0.02934970650293497, 0.026123072102612305], "var_value_range": [1.0, 1.0666666666666667, 1.1333333333333333, 1.2, 1.2666666666666666, 1.3333333333333333, 1.4, 1.4666666666666668, 1.5333333333333332, 1.6, 1.6666666666666665, 1.7333333333333334, 1.8, 1.8666666666666667, 1.9333333333333333, 2.0, 2.0666666666666664, 2.1333333333333333, 2.2, 2.2666666666666666, 2.333333333333333, 2.4, 2.466666666666667, 2.533333333333333, 2.6, 2.666666666666667, 2.7333333333333334, 2.8, 2.8666666666666667, 2.9333333333333336, 3.0, 3.0666666666666664, 3.1333333333333333, 3.2, 3.2666666666666666, 3.3333333333333335, 3.4, 3.466666666666667, 3.533333333333333, 3.6]}