{
  "target_distribution": "MultivariateNormalScaled",
  "dimension": 10,
  "num_iterations": 200000,
  "seed": 14,
  "total_time": 1503.2304332256317,
  "max_esjd": 2.5278306007385254,
  "max_acceptance_rate": 0.223875,
  "max_variance_value": 3.693076923076923,
  "expected_squared_jump_distances": [
    9.969079837901518e-05,
    0.01214657910168171,
    0.042829714715480804,
    0.09017501771450043,
    0.15234233438968658,
    0.2268334925174713,
    0.3119707703590393,
    0.4062052369117737,
    0.5079588890075684,
    0.6138710975646973,
    0.7250733375549316,
    0.8382567763328552,
    0.9527395963668823,
    1.0670888423919678,
    1.1804882287979126,
    1.2931619882583618,
    1.4057387113571167,
    1.5117835998535156,
    1.6075246334075928,
    1.711687445640564,
    1.8029274940490723,
    1.8874092102050781,
    1.9704643487930298,
    2.0509402751922607,
    2.1119449138641357,
    2.180122137069702,
    2.2332303524017334,
    2.2916224002838135,
    2.3281965255737305,
    2.3810338973999023,
    2.406630516052246,
    2.43395733833313,
    2.465226888656616,
    2.4800429344177246,
    2.495100498199463,
    2.4827048778533936,
    2.5278306007385254,
    2.5260865688323975,
    2.525644063949585,
    2.520103693008423
  ],
  "acceptance_rates": [
    0.996895,
    0.96627,
    0.936275,
    0.90726,
    0.87854,
    0.848635,
    0.819045,
    0.790375,
    0.76225,
    0.73327,
    0.705905,
    0.678915,
    0.65278,
    0.626565,
    0.601615,
    0.57751,
    0.554945,
    0.53213,
    0.50854,
    0.488395,
    0.46762,
    0.44695,
    0.42817,
    0.40939,
    0.39016,
    0.373515,
    0.355745,
    0.340185,
    0.32457,
    0.31097,
    0.295745,
    0.28181,
    0.26981,
    0.25678,
    0.244745,
    0.2316,
    0.223875,
    0.213285,
    0.20272,
    0.19406
  ],
  "var_value_range": [
    0.01,
    0.1123076923076923,
    0.21461538461538462,
    0.3169230769230769,
    0.41923076923076924,
    0.5215384615384615,
    0.6238461538461538,
    0.7261538461538461,
    0.8284615384615385,
    0.9307692307692308,
    1.033076923076923,
    1.1353846153846154,
    1.2376923076923076,
    1.34,
    1.4423076923076923,
    1.5446153846153847,
    1.646923076923077,
    1.7492307692307691,
    1.8515384615384616,
    1.9538461538461538,
    2.0561538461538458,
    2.1584615384615384,
    2.2607692307692306,
    2.363076923076923,
    2.465384615384615,
    2.5676923076923073,
    2.67,
    2.772307692307692,
    2.8746153846153844,
    2.9769230769230766,
    3.079230769230769,
    3.1815384615384614,
    3.2838461538461536,
    3.386153846153846,
    3.488461538461538,
    3.5907692307692307,
    3.693076923076923,
    3.795384615384615,
    3.8976923076923073,
    4.0
  ],
  "times": [
    38.740368366241455,
    37.64601445198059,
    37.509854793548584,
    37.602742433547974,
    37.54474949836731,
    37.63677096366882,
    37.51019287109375,
    37.674055337905884,
    37.520991802215576,
    37.657963037490845,
    37.65481734275818,
    37.688530921936035,
    37.54414939880371,
    37.59335136413574,
    37.54160666465759,
    37.626314878463745,
    37.5198609828949,
    37.54344606399536,
    37.44134497642517,
    37.65122056007385,
    37.45178461074829,
    37.578306674957275,
    37.594348669052124,
    37.60747051239014,
    37.44993782043457,
    37.561131954193115,
    37.480483055114746,
    37.6024489402771,
    37.454166412353516,
    37.51814866065979,
    37.4292209148407,
    37.598440170288086,
    37.46066856384277,
    37.55602169036865,
    37.48948550224304,
    37.57259464263916,
    37.45436358451843,
    37.53575420379639,
    37.467947244644165,
    37.485268354415894
  ]
}