{
  "target_distribution": "MultivariateNormalScaled",
  "dimension": 10,
  "num_iterations": 200000,
  "seed": 3,
  "total_time": 1463.6079885959625,
  "max_esjd": 0.7987794280052185,
  "max_acceptance_rate": 0.2526,
  "max_variance_value": 1.9538461538461538,
  "expected_squared_jump_distances": [
    9.955451969290152e-05,
    0.011833812110126019,
    0.04068823158740997,
    0.0832793116569519,
    0.13652019202709198,
    0.19727401435375214,
    0.26286354660987854,
    0.33064454793930054,
    0.3981933891773224,
    0.4619898200035095,
    0.5241824388504028,
    0.5824363231658936,
    0.6332151889801025,
    0.6799440383911133,
    0.7123075723648071,
    0.7429229617118835,
    0.7721392512321472,
    0.7842065691947937,
    0.7879586815834045,
    0.7987794280052185,
    0.7939707636833191,
    0.779000997543335,
    0.7752899527549744,
    0.7552685737609863,
    0.7367279529571533,
    0.7133826613426208,
    0.693843424320221,
    0.6674569249153137,
    0.6461678147315979,
    0.6037663817405701,
    0.5817323327064514,
    0.554875910282135,
    0.5250729918479919,
    0.5051947236061096,
    0.47504451870918274,
    0.43862345814704895,
    0.4022016227245331,
    0.38394826650619507,
    0.3681263327598572,
    0.34644022583961487
  ],
  "acceptance_rates": [
    0.995735,
    0.94399,
    0.89374,
    0.843935,
    0.79602,
    0.7489,
    0.70256,
    0.658,
    0.61444,
    0.5706,
    0.53094,
    0.49319,
    0.45619,
    0.42291,
    0.387645,
    0.356485,
    0.329845,
    0.30046,
    0.2738,
    0.2526,
    0.22998,
    0.20824,
    0.19072,
    0.172945,
    0.15719,
    0.142985,
    0.129995,
    0.11714,
    0.107465,
    0.096005,
    0.087295,
    0.079415,
    0.07181,
    0.06562,
    0.058795,
    0.052585,
    0.04661,
    0.04263,
    0.039185,
    0.03555
  ],
  "var_value_range": [
    0.01,
    0.1123076923076923,
    0.21461538461538462,
    0.3169230769230769,
    0.41923076923076924,
    0.5215384615384615,
    0.6238461538461538,
    0.7261538461538461,
    0.8284615384615385,
    0.9307692307692308,
    1.033076923076923,
    1.1353846153846154,
    1.2376923076923076,
    1.34,
    1.4423076923076923,
    1.5446153846153847,
    1.646923076923077,
    1.7492307692307691,
    1.8515384615384616,
    1.9538461538461538,
    2.0561538461538458,
    2.1584615384615384,
    2.2607692307692306,
    2.363076923076923,
    2.465384615384615,
    2.5676923076923073,
    2.67,
    2.772307692307692,
    2.8746153846153844,
    2.9769230769230766,
    3.079230769230769,
    3.1815384615384614,
    3.2838461538461536,
    3.386153846153846,
    3.488461538461538,
    3.5907692307692307,
    3.693076923076923,
    3.795384615384615,
    3.8976923076923073,
    4.0
  ],
  "times": [
    37.76275372505188,
    36.59982132911682,
    36.485074520111084,
    36.58859825134277,
    36.499366998672485,
    36.528083086013794,
    36.51038837432861,
    36.55836057662964,
    36.490909576416016,
    36.50696635246277,
    36.41605806350708,
    36.445945501327515,
    36.4964382648468,
    36.59180474281311,
    36.52141857147217,
    36.62336540222168,
    36.635780811309814,
    36.60985207557678,
    36.51459455490112,
    36.54582381248474,
    36.488455295562744,
    36.875081300735474,
    36.619810342788696,
    36.5906548500061,
    36.60264539718628,
    36.672258138656616,
    36.561257123947144,
    36.525155782699585,
    36.5086624622345,
    36.626590728759766,
    36.54109454154968,
    36.56887197494507,
    36.5789520740509,
    36.596484899520874,
    36.59963417053223,
    36.57642865180969,
    36.467719316482544,
    36.57634711265564,
    36.46826457977295,
    36.604658126831055
  ]
}