{
  "target_distribution": "MultivariateNormal",
  "dimension": 30,
  "num_iterations": 500000,
  "seed": 19,
  "total_time": 10217.29227590561,
  "max_esjd": 0.005450051715702766,
  "max_actual_acceptance_rate": 0.24026961078443138,
  "max_constr_acceptance_rate": 0.2634482758620689,
  "expected_squared_jump_distances": [
    0.0008648806286277385,
    0.001591811459520047,
    0.002525795126360562,
    0.0029051292650369965,
    0.0034648185776583284,
    0.004014300148188818,
    0.003925022110608818,
    0.0042302455774986146,
    0.004514128595557527,
    0.004477968739641023,
    0.004727580129131446,
    0.005215522041884534,
    0.005218210322378635,
    0.004978560138991124,
    0.005197092752658311,
    0.005450051715702766,
    0.004978443477252589,
    0.005192252740628438,
    0.005252734804854105,
    0.004893209953029525,
    0.004939894386547884,
    0.004961392544245349,
    0.0046150934117113575,
    0.004691905052328706,
    0.00445960226181597,
    0.004475583717688072,
    0.004091528146872833,
    0.004103695072749025,
    0.0038553069575405197,
    0.0038266385354912254
  ],
  "acceptance_rates": [
    0.01844147531802544,
    0.05608162176580422,
    0.03897360605959491,
    0.08925714285714285,
    0.07736733760292772,
    0.08103704550651726,
    0.12237447489497899,
    0.12036805520828124,
    0.12763457259294447,
    0.16673333333333334,
    0.1671963551505723,
    0.17694256756756757,
    0.19025712825299465,
    0.2139085563422537,
    0.2262845256905138,
    0.24026961078443138,
    0.2633138784341533,
    0.2747654374863626,
    0.2873247631689001,
    0.3070153507675384,
    0.3195659782989149,
    0.3342444748158272,
    0.35258007938705804,
    0.36671897596849135,
    0.3881198302832898,
    0.40429148987842684,
    0.42192,
    0.43476,
    0.4545056813210165,
    0.46962424060601515
  ],
  "swap_acceptance_rates_range": [
    0.01,
    0.026896551724137928,
    0.04379310344827586,
    0.060689655172413794,
    0.07758620689655171,
    0.09448275862068964,
    0.11137931034482758,
    0.12827586206896552,
    0.14517241379310344,
    0.16206896551724137,
    0.1789655172413793,
    0.19586206896551722,
    0.21275862068965518,
    0.2296551724137931,
    0.24655172413793103,
    0.2634482758620689,
    0.2803448275862069,
    0.29724137931034483,
    0.31413793103448273,
    0.3310344827586207,
    0.3479310344827586,
    0.36482758620689654,
    0.38172413793103444,
    0.3986206896551724,
    0.41551724137931034,
    0.43241379310344824,
    0.4493103448275862,
    0.4662068965517241,
    0.48310344827586205,
    0.5
  ],
  "times": [
    210.62000584602356,
    237.34485244750977,
    236.3592460155487,
    269.9848823547363,
    270.04663157463074,
    268.9960079193115,
    290.64731454849243,
    290.2376935482025,
    289.94720816612244,
    311.9772539138794,
    311.3670711517334,
    311.18594574928284,
    311.14067339897156,
    332.8655209541321,
    331.9561369419098,
    332.22544169425964,
    353.9287266731262,
    352.93365716934204,
    353.3517715930939,
    373.9174220561981,
    375.098192691803,
    374.6153326034546,
    396.803395986557,
    395.4638159275055,
    417.3728229999542,
    417.33968448638916,
    439.1110837459564,
    438.5747585296631,
    461.14303183555603,
    460.69978499412537
  ]
}