{
  "target_distribution": "MultivariateNormal",
  "proposal_distribution": "UniformRadius",
  "dimension": 50,
  "num_iterations": 200000,
  "seed": 12,
  "total_time": 1084.3778171539307,
  "max_esjd": 1.329077124595642,
  "max_acceptance_rate": 0.24791,
  "max_scale_param": 2.363076923076923,
  "expected_squared_jump_distances": [
    9.599813347449526e-05,
    0.01160477101802826,
    0.04057232290506363,
    0.0846041589975357,
    0.14148791134357452,
    0.20863044261932373,
    0.2837672531604767,
    0.3654300272464752,
    0.4512292444705963,
    0.5391415953636169,
    0.6276260018348694,
    0.7151834964752197,
    0.7993856072425842,
    0.8788846731185913,
    0.9571402668952942,
    1.0275763273239136,
    1.093663215637207,
    1.1476885080337524,
    1.1947437524795532,
    1.2355080842971802,
    1.269102931022644,
    1.2983148097991943,
    1.3116272687911987,
    1.329077124595642,
    1.325808048248291,
    1.32133948802948,
    1.2890640497207642,
    1.2823013067245483,
    1.2572693824768066,
    1.2340425252914429,
    1.188847303390503,
    1.1719048023223877,
    1.117021083831787,
    1.0560873746871948,
    1.0097370147705078,
    0.9540252685546875,
    0.9242013096809387,
    0.8548095226287842,
    0.8031020164489746,
    0.7543900012969971
  ],
  "acceptance_rates": [
    0.99848,
    0.95697,
    0.916235,
    0.876175,
    0.837425,
    0.797915,
    0.758535,
    0.721025,
    0.684045,
    0.647585,
    0.61194,
    0.57733,
    0.543085,
    0.50941,
    0.47891,
    0.448305,
    0.419755,
    0.390515,
    0.36291,
    0.33704,
    0.31263,
    0.290295,
    0.267325,
    0.24791,
    0.22726,
    0.20881,
    0.188385,
    0.17387,
    0.158605,
    0.14516,
    0.13069,
    0.12079,
    0.10806,
    0.09609,
    0.08654,
    0.07721,
    0.07072,
    0.06195,
    0.055195,
    0.049225
  ],
  "scale_param_range": [
    0.01,
    0.1123076923076923,
    0.21461538461538462,
    0.3169230769230769,
    0.41923076923076924,
    0.5215384615384615,
    0.6238461538461538,
    0.7261538461538461,
    0.8284615384615385,
    0.9307692307692308,
    1.033076923076923,
    1.1353846153846154,
    1.2376923076923076,
    1.34,
    1.4423076923076923,
    1.5446153846153847,
    1.646923076923077,
    1.7492307692307691,
    1.8515384615384616,
    1.9538461538461538,
    2.0561538461538458,
    2.1584615384615384,
    2.2607692307692306,
    2.363076923076923,
    2.465384615384615,
    2.5676923076923073,
    2.67,
    2.772307692307692,
    2.8746153846153844,
    2.9769230769230766,
    3.079230769230769,
    3.1815384615384614,
    3.2838461538461536,
    3.386153846153846,
    3.488461538461538,
    3.5907692307692307,
    3.693076923076923,
    3.795384615384615,
    3.8976923076923073,
    4.0
  ],
  "times": [
    28.71568202972412,
    27.204623699188232,
    27.590339183807373,
    27.80616044998169,
    27.314173221588135,
    27.059268474578857,
    27.00510311126709,
    27.322319746017456,
    27.178749322891235,
    27.374828100204468,
    26.98526883125305,
    27.062052249908447,
    27.17087745666504,
    27.23785948753357,
    27.099605560302734,
    27.048906564712524,
    26.96724510192871,
    26.99502396583557,
    26.6698579788208,
    27.136879205703735,
    26.848087787628174,
    27.342987775802612,
    26.81774067878723,
    27.393231868743896,
    26.85317301750183,
    27.21276021003723,
    27.195754289627075,
    26.61890459060669,
    27.021454095840454,
    27.194843530654907,
    27.014371871948242,
    27.16573667526245,
    27.16112208366394,
    27.040928840637207,
    26.67902708053589,
    26.98517346382141,
    26.840541124343872,
    26.941603899002075,
    26.58477783203125,
    26.477261066436768
  ]
}