{
  "target_distribution": "MultivariateNormal",
  "proposal_distribution": "Laplace",
  "dimension": 2,
  "num_iterations": 200000,
  "seed": 20,
  "total_time": 1742.7395572662354,
  "max_esjd": 0.814874529838562,
  "max_acceptance_rate": 0.387025,
  "max_scale_param": 2.67,
  "expected_squared_jump_distances": [
    9.970577229978517e-05,
    0.01172634121030569,
    0.03958909213542938,
    0.0797739326953888,
    0.1286499798297882,
    0.18336020410060883,
    0.24092097580432892,
    0.29846295714378357,
    0.3570367395877838,
    0.40943703055381775,
    0.4636992812156677,
    0.5130625367164612,
    0.5560683608055115,
    0.5958578586578369,
    0.6316965222358704,
    0.6664305329322815,
    0.6898265480995178,
    0.7169286608695984,
    0.7361368536949158,
    0.7557802796363831,
    0.7711467146873474,
    0.7825456857681274,
    0.7924410700798035,
    0.7999340295791626,
    0.8102962374687195,
    0.8090317249298096,
    0.814874529838562,
    0.8086488842964172,
    0.8089370727539062,
    0.8053296804428101,
    0.7972515225410461,
    0.7974929213523865,
    0.7831418514251709,
    0.7804935574531555,
    0.7794426083564758,
    0.7678824663162231,
    0.7659391760826111,
    0.7496107816696167,
    0.746311366558075,
    0.7413690686225891
  ],
  "acceptance_rates": [
    0.997735,
    0.96451,
    0.93024,
    0.897565,
    0.8657,
    0.834415,
    0.803615,
    0.773635,
    0.74556,
    0.71733,
    0.690905,
    0.664875,
    0.63992,
    0.61581,
    0.592155,
    0.57098,
    0.54933,
    0.52993,
    0.51038,
    0.492385,
    0.474945,
    0.458115,
    0.442235,
    0.42744,
    0.413465,
    0.400065,
    0.387025,
    0.374,
    0.36169,
    0.35079,
    0.338985,
    0.32845,
    0.317875,
    0.30793,
    0.3002,
    0.290805,
    0.28297,
    0.273795,
    0.26526,
    0.259755
  ],
  "scale_param_range": [
    0.01,
    0.1123076923076923,
    0.21461538461538462,
    0.3169230769230769,
    0.41923076923076924,
    0.5215384615384615,
    0.6238461538461538,
    0.7261538461538461,
    0.8284615384615385,
    0.9307692307692308,
    1.033076923076923,
    1.1353846153846154,
    1.2376923076923076,
    1.34,
    1.4423076923076923,
    1.5446153846153847,
    1.646923076923077,
    1.7492307692307691,
    1.8515384615384616,
    1.9538461538461538,
    2.0561538461538458,
    2.1584615384615384,
    2.2607692307692306,
    2.363076923076923,
    2.465384615384615,
    2.5676923076923073,
    2.67,
    2.772307692307692,
    2.8746153846153844,
    2.9769230769230766,
    3.079230769230769,
    3.1815384615384614,
    3.2838461538461536,
    3.386153846153846,
    3.488461538461538,
    3.5907692307692307,
    3.693076923076923,
    3.795384615384615,
    3.8976923076923073,
    4.0
  ],
  "times": [
    42.89184522628784,
    43.99871253967285,
    43.73948550224304,
    43.739930629730225,
    43.72623610496521,
    43.729718923568726,
    43.53023433685303,
    43.708773612976074,
    43.57875394821167,
    43.69638156890869,
    43.48881506919861,
    43.636794328689575,
    43.57635498046875,
    43.61098074913025,
    43.47298550605774,
    43.66221046447754,
    43.55165123939514,
    43.68016576766968,
    43.51474857330322,
    43.62070941925049,
    43.45617866516113,
    43.70186901092529,
    43.442787408828735,
    43.58435797691345,
    43.441410541534424,
    43.516711711883545,
    43.51069617271423,
    43.55965828895569,
    43.43289232254028,
    43.503628969192505,
    43.441486835479736,
    43.603190183639526,
    43.4437038898468,
    43.630653381347656,
    43.512513160705566,
    43.64577794075012,
    43.46146297454834,
    43.60042405128479,
    43.39491033554077,
    43.64685916900635
  ]
}