{
  "target_distribution": "MultivariateNormal",
  "dimension": 30,
  "num_iterations": 200000,
  "seed": 7,
  "total_time": 4081.5657374858856,
  "max_esjd": 0.0008612237214240749,
  "max_actual_acceptance_rate": 0.02054862842892768,
  "max_constr_acceptance_rate": 0.01,
  "expected_squared_jump_distances": [
    0.0008612237214240749,
    0.0006791342131178274,
    0.0006791342131178274,
    0.0006791342131178274,
    0.0006791342131178274,
    0.0006791342131178274,
    0.0006791342131178274,
    0.0006791342131178274,
    0.0006791342131178274,
    0.0006791342131178274,
    0.0006791342131178274,
    0.0006791342131178274,
    0.0006791342131178274,
    0.0006791342131178274,
    0.0006791342131178274,
    0.0006791342131178274,
    0.0006791342131178274,
    0.0006791342131178274,
    0.0006791342131178274,
    0.0006791342131178274,
    0.0006791342131178274,
    0.0006791342131178274,
    0.0006791342131178274,
    0.0006791342131178274,
    0.0006791342131178274,
    0.0006791342131178274,
    0.0006791342131178274,
    0.0006791342131178274,
    0.0006791342131178274,
    0.0006791342131178274
  ],
  "acceptance_rates": [
    0.02054862842892768,
    0.01944943147815679,
    0.01944943147815679,
    0.01944943147815679,
    0.01944943147815679,
    0.01944943147815679,
    0.01944943147815679,
    0.01944943147815679,
    0.01944943147815679,
    0.01944943147815679,
    0.01944943147815679,
    0.01944943147815679,
    0.01944943147815679,
    0.01944943147815679,
    0.01944943147815679,
    0.01944943147815679,
    0.01944943147815679,
    0.01944943147815679,
    0.01944943147815679,
    0.01944943147815679,
    0.01944943147815679,
    0.01944943147815679,
    0.01944943147815679,
    0.01944943147815679,
    0.01944943147815679,
    0.01944943147815679,
    0.01944943147815679,
    0.01944943147815679,
    0.01944943147815679,
    0.01944943147815679
  ],
  "swap_acceptance_rates_range": [
    0.01,
    0.026896551724137928,
    0.04379310344827586,
    0.060689655172413794,
    0.07758620689655171,
    0.09448275862068964,
    0.11137931034482758,
    0.12827586206896552,
    0.14517241379310344,
    0.16206896551724137,
    0.1789655172413793,
    0.19586206896551722,
    0.21275862068965518,
    0.2296551724137931,
    0.24655172413793103,
    0.2634482758620689,
    0.2803448275862069,
    0.29724137931034483,
    0.31413793103448273,
    0.3310344827586207,
    0.3479310344827586,
    0.36482758620689654,
    0.38172413793103444,
    0.3986206896551724,
    0.41551724137931034,
    0.43241379310344824,
    0.4493103448275862,
    0.4662068965517241,
    0.48310344827586205,
    0.5
  ],
  "times": [
    136.9342384338379,
    136.22797918319702,
    136.32896733283997,
    136.07612800598145,
    136.09464311599731,
    135.90894651412964,
    136.12538623809814,
    136.14335799217224,
    136.17067074775696,
    136.08410787582397,
    136.13460111618042,
    135.97766733169556,
    136.44321393966675,
    136.02935075759888,
    136.00846934318542,
    135.94901943206787,
    136.05944061279297,
    136.25967359542847,
    135.94892477989197,
    135.97849678993225,
    135.86157989501953,
    135.7221302986145,
    136.35686540603638,
    135.76901531219482,
    135.8730010986328,
    135.852201461792,
    135.80118465423584,
    135.9111647605896,
    135.8838014602661,
    135.62983202934265
  ],
  "beta_ladder": [
    1.0,
    0.3775406687981454,
    0.14253695659655094,
    0.05381349792191407,
    0.020316783995807046,
    0.01
  ]
}