{
  "target_distribution": "MultivariateNormal",
  "proposal_distribution": "Laplace",
  "dimension": 100,
  "num_iterations": 200000,
  "seed": 9,
  "total_time": 1764.7050170898438,
  "max_esjd": 1.300815224647522,
  "max_acceptance_rate": 0.22509,
  "max_scale_param": 2.465384615384615,
  "expected_squared_jump_distances": [
    9.98943141894415e-05,
    0.012035640887916088,
    0.04200638458132744,
    0.08747298270463943,
    0.14592832326889038,
    0.21498873829841614,
    0.29226887226104736,
    0.37578338384628296,
    0.4625459909439087,
    0.5509544610977173,
    0.6407406330108643,
    0.7272980809211731,
    0.8090904355049133,
    0.8910062313079834,
    0.9648920297622681,
    1.0344051122665405,
    1.0951155424118042,
    1.1516982316970825,
    1.1934144496917725,
    1.2324994802474976,
    1.256430745124817,
    1.2790217399597168,
    1.298474669456482,
    1.2987096309661865,
    1.300815224647522,
    1.2822948694229126,
    1.2690802812576294,
    1.2542834281921387,
    1.2045356035232544,
    1.1838512420654297,
    1.1484063863754272,
    1.1194707155227661,
    1.0838353633880615,
    1.0323030948638916,
    0.9946651458740234,
    0.9391940236091614,
    0.9001656770706177,
    0.8555498719215393,
    0.7834615707397461,
    0.7440192103385925
  ],
  "acceptance_rates": [
    0.998855,
    0.95528,
    0.914005,
    0.873995,
    0.83426,
    0.79515,
    0.756685,
    0.719245,
    0.681325,
    0.644005,
    0.60929,
    0.57371,
    0.53808,
    0.506665,
    0.47485,
    0.44441,
    0.41518,
    0.387845,
    0.359605,
    0.334365,
    0.308765,
    0.28602,
    0.265755,
    0.24364,
    0.22509,
    0.20534,
    0.188375,
    0.17324,
    0.15545,
    0.14259,
    0.13026,
    0.1193,
    0.108695,
    0.09779,
    0.08889,
    0.079855,
    0.0723,
    0.06552,
    0.0572,
    0.05177
  ],
  "scale_param_range": [
    0.01,
    0.1123076923076923,
    0.21461538461538462,
    0.3169230769230769,
    0.41923076923076924,
    0.5215384615384615,
    0.6238461538461538,
    0.7261538461538461,
    0.8284615384615385,
    0.9307692307692308,
    1.033076923076923,
    1.1353846153846154,
    1.2376923076923076,
    1.34,
    1.4423076923076923,
    1.5446153846153847,
    1.646923076923077,
    1.7492307692307691,
    1.8515384615384616,
    1.9538461538461538,
    2.0561538461538458,
    2.1584615384615384,
    2.2607692307692306,
    2.363076923076923,
    2.465384615384615,
    2.5676923076923073,
    2.67,
    2.772307692307692,
    2.8746153846153844,
    2.9769230769230766,
    3.079230769230769,
    3.1815384615384614,
    3.2838461538461536,
    3.386153846153846,
    3.488461538461538,
    3.5907692307692307,
    3.693076923076923,
    3.795384615384615,
    3.8976923076923073,
    4.0
  ],
  "times": [
    43.24682021141052,
    44.55643105506897,
    44.21734642982483,
    44.08725953102112,
    44.40906643867493,
    44.083489179611206,
    44.05024814605713,
    44.230016469955444,
    43.93208360671997,
    44.44076895713806,
    43.93721389770508,
    44.00595259666443,
    44.02763390541077,
    43.88573503494263,
    44.14269304275513,
    44.06489157676697,
    43.94814872741699,
    44.46870231628418,
    44.330928802490234,
    44.07381820678711,
    44.04629611968994,
    44.59484601020813,
    44.38345432281494,
    44.06566834449768,
    44.11692261695862,
    44.1299250125885,
    43.80306696891785,
    44.209574937820435,
    44.02172899246216,
    43.96192026138306,
    44.01486849784851,
    44.06869864463806,
    44.150442361831665,
    44.39284420013428,
    43.947474002838135,
    44.22172427177429,
    43.971893548965454,
    44.2867968082428,
    44.059043645858765,
    44.054219007492065
  ]
}