{
  "max_esjd": 1.0289712131023407,
  "max_acceptance_rate": 0.30361325,
  "expected_squared_jump_distances": [
    9.927082573994994e-05,
    0.013512080954387783,
    0.04666467122733593,
    0.09545374847948551,
    0.15614789053797723,
    0.2251608870923519,
    0.2992628008127213,
    0.3753413736820221,
    0.45132666230201723,
    0.525938181579113,
    0.5970836997032165,
    0.6643880426883697,
    0.7257305771112442,
    0.7823329836130142,
    0.8317063093185425,
    0.8760492116212845,
    0.9128025442361831,
    0.9435019612312316,
    0.9691121906042099,
    0.9895455539226532,
    1.002647837996483,
    1.01525739133358,
    1.0199814319610596,
    1.0240036725997925,
    1.0198262810707093,
    1.015870749950409,
    1.0098440289497375,
    0.9991100251674652,
    0.9859715223312377,
    0.9699850618839264,
    0.9540428131818771,
    0.940543246269226,
    0.9188340246677399,
    0.899773919582367,
    0.8787835031747818,
    0.8603400439023972,
    0.835562577843666,
    0.8131322413682938,
    0.7950521588325501,
    0.7722149223089219
  ],
  "acceptance_rates": [
    0.9969377500000001,
    0.9579987499999998,
    0.9182454999999999,
    0.8795222500000002,
    0.84096575,
    0.8028109999999999,
    0.765388,
    0.72852875,
    0.6927287499999999,
    0.6585719999999999,
    0.6255985,
    0.5940292500000001,
    0.5633925,
    0.53463625,
    0.506634,
    0.48004499999999994,
    0.4543425000000001,
    0.43014824999999995,
    0.4073542499999999,
    0.38541174999999994,
    0.36475900000000006,
    0.3454565,
    0.32680124999999993,
    0.30961125,
    0.29278175,
    0.277169,
    0.26256225000000005,
    0.2487155,
    0.23542125000000005,
    0.22277650000000002,
    0.2112635,
    0.20062425000000003,
    0.18987525,
    0.18007199999999998,
    0.170713,
    0.16219225,
    0.1536535,
    0.14573350000000002,
    0.13873425,
    0.1315595
  ],
  "target_distribution": "MultivariateNormal",
  "dimension": 5,
  "num_iterations": 200000,
  "averaged_from_seeds": [
    15,
    9,
    19,
    11,
    5,
    2,
    3,
    7,
    13,
    8,
    20,
    17,
    16,
    4,
    12,
    18,
    10,
    14,
    1,
    6
  ],
  "num_files_averaged": 20,
  "source_files": [
    "MultivariateNormal_Laplace_RWM_GPU_dim5_200000iters_seed15.json",
    "MultivariateNormal_Laplace_RWM_GPU_dim5_200000iters_seed9.json",
    "MultivariateNormal_Laplace_RWM_GPU_dim5_200000iters_seed19.json",
    "MultivariateNormal_Laplace_RWM_GPU_dim5_200000iters_seed11.json",
    "MultivariateNormal_Laplace_RWM_GPU_dim5_200000iters_seed5.json",
    "MultivariateNormal_Laplace_RWM_GPU_dim5_200000iters_seed2.json",
    "MultivariateNormal_Laplace_RWM_GPU_dim5_200000iters_seed3.json",
    "MultivariateNormal_Laplace_RWM_GPU_dim5_200000iters_seed7.json",
    "MultivariateNormal_Laplace_RWM_GPU_dim5_200000iters_seed13.json",
    "MultivariateNormal_Laplace_RWM_GPU_dim5_200000iters_seed8.json",
    "MultivariateNormal_Laplace_RWM_GPU_dim5_200000iters_seed20.json",
    "MultivariateNormal_Laplace_RWM_GPU_dim5_200000iters_seed17.json",
    "MultivariateNormal_Laplace_RWM_GPU_dim5_200000iters_seed16.json",
    "MultivariateNormal_Laplace_RWM_GPU_dim5_200000iters_seed4.json",
    "MultivariateNormal_Laplace_RWM_GPU_dim5_200000iters_seed12.json",
    "MultivariateNormal_Laplace_RWM_GPU_dim5_200000iters_seed18.json",
    "MultivariateNormal_Laplace_RWM_GPU_dim5_200000iters_seed10.json",
    "MultivariateNormal_Laplace_RWM_GPU_dim5_200000iters_seed14.json",
    "MultivariateNormal_Laplace_RWM_GPU_dim5_200000iters_seed1.json",
    "MultivariateNormal_Laplace_RWM_GPU_dim5_200000iters_seed6.json"
  ]
}