{
  "target_distribution": "MultivariateNormal",
  "proposal_distribution": "UniformRadius",
  "dimension": 2,
  "num_iterations": 200000,
  "seed": 7,
  "total_time": 2275.501952648163,
  "max_esjd": 1.1157301664352417,
  "max_acceptance_rate": 0.339905,
  "max_scale_param": 3.056923076923077,
  "expected_squared_jump_distances": [
    4.9967879022005945e-05,
    0.016882067546248436,
    0.06010768562555313,
    0.12430474162101746,
    0.2041807919740677,
    0.2948950231075287,
    0.3919159173965454,
    0.4917035698890686,
    0.5900316834449768,
    0.6862542033195496,
    0.7724290490150452,
    0.8532873392105103,
    0.9202760457992554,
    0.9763427376747131,
    1.029900312423706,
    1.064204216003418,
    1.0855871438980103,
    1.1157301664352417,
    1.1111973524093628,
    1.096924901008606,
    1.095046043395996,
    1.0782175064086914,
    1.0493409633636475,
    1.0275591611862183,
    0.9898457527160645,
    0.9478782415390015,
    0.914821207523346,
    0.8635634183883667,
    0.8452986478805542,
    0.8061444163322449,
    0.7662969827651978,
    0.7341261506080627,
    0.6981150507926941,
    0.653451681137085,
    0.6298263669013977,
    0.5896461606025696,
    0.5674285888671875,
    0.5332805514335632,
    0.5229395627975464,
    0.49355944991111755
  ],
  "acceptance_rates": [
    0.997955,
    0.951245,
    0.903165,
    0.85565,
    0.80936,
    0.763805,
    0.7192,
    0.676295,
    0.63406,
    0.595405,
    0.55581,
    0.52041,
    0.48408,
    0.45152,
    0.42142,
    0.39098,
    0.36242,
    0.339905,
    0.314965,
    0.290075,
    0.271695,
    0.252775,
    0.234175,
    0.218265,
    0.203185,
    0.18846,
    0.17633,
    0.16363,
    0.15518,
    0.145375,
    0.135275,
    0.12894,
    0.120525,
    0.11229,
    0.10762,
    0.100605,
    0.09484,
    0.089225,
    0.086485,
    0.081505
  ],
  "scale_param_range": [
    0.01,
    0.18923076923076926,
    0.3684615384615385,
    0.5476923076923077,
    0.726923076923077,
    0.9061538461538463,
    1.0853846153846154,
    1.2646153846153847,
    1.443846153846154,
    1.6230769230769233,
    1.8023076923076926,
    1.9815384615384617,
    2.1607692307692306,
    2.34,
    2.519230769230769,
    2.6984615384615385,
    2.8776923076923078,
    3.056923076923077,
    3.2361538461538464,
    3.4153846153846157,
    3.594615384615385,
    3.773846153846154,
    3.953076923076923,
    4.132307692307693,
    4.311538461538461,
    4.490769230769231,
    4.67,
    4.849230769230769,
    5.0284615384615385,
    5.207692307692308,
    5.386923076923077,
    5.5661538461538465,
    5.745384615384616,
    5.924615384615385,
    6.103846153846154,
    6.283076923076924,
    6.462307692307693,
    6.641538461538462,
    6.820769230769232,
    7.0
  ],
  "times": [
    57.24362325668335,
    57.19850826263428,
    56.96467590332031,
    57.002110958099365,
    57.00075435638428,
    56.87059164047241,
    56.82709193229675,
    57.043768882751465,
    56.795982122421265,
    56.90598702430725,
    56.70067024230957,
    57.01823878288269,
    56.65410590171814,
    56.895227909088135,
    56.75578045845032,
    56.81183409690857,
    56.660069704055786,
    56.896265506744385,
    56.642353773117065,
    56.92750000953674,
    56.64936542510986,
    56.79266691207886,
    56.68662738800049,
    56.92167019844055,
    56.89637351036072,
    57.01966309547424,
    56.80441331863403,
    56.96793985366821,
    56.89621567726135,
    56.87074542045593,
    56.81583523750305,
    57.11039161682129,
    56.845651388168335,
    56.92152523994446,
    56.84944295883179,
    57.220144271850586,
    56.74917221069336,
    56.97325372695923,
    56.72302722930908,
    56.92650246620178
  ]
}