{
  "target_distribution": "MultivariateNormal",
  "dimension": 30,
  "num_iterations": 200000,
  "seed": 1,
  "total_time": 3456.2067680358887,
  "max_esjd": 0.0009518210889369437,
  "max_actual_acceptance_rate": 0.018813169218452917,
  "max_constr_acceptance_rate": 0.01,
  "expected_squared_jump_distances": [
    0.0009518210889369437,
    0.0009097353748367991,
    0.0009097353748367991,
    0.0009097353748367991,
    0.0009097353748367991,
    0.0009097353748367991,
    0.0009097353748367991,
    0.0009097353748367991,
    0.0009097353748367991,
    0.0009097353748367991,
    0.0009097353748367991,
    0.0009097353748367991,
    0.0009097353748367991,
    0.0009097353748367991,
    0.0009097353748367991,
    0.0009097353748367991,
    0.0009097353748367991,
    0.0009097353748367991,
    0.0009097353748367991,
    0.0009097353748367991,
    0.0009097353748367991,
    0.0009097353748367991,
    0.0009097353748367991,
    0.0009097353748367991,
    0.0009097353748367991,
    0.0009097353748367991,
    0.0009097353748367991,
    0.0009097353748367991,
    0.0009097353748367991,
    0.0009097353748367991
  ],
  "acceptance_rates": [
    0.018813169218452917,
    0.017046024265516897,
    0.017046024265516897,
    0.017046024265516897,
    0.017046024265516897,
    0.017046024265516897,
    0.017046024265516897,
    0.017046024265516897,
    0.017046024265516897,
    0.017046024265516897,
    0.017046024265516897,
    0.017046024265516897,
    0.017046024265516897,
    0.017046024265516897,
    0.017046024265516897,
    0.017046024265516897,
    0.017046024265516897,
    0.017046024265516897,
    0.017046024265516897,
    0.017046024265516897,
    0.017046024265516897,
    0.017046024265516897,
    0.017046024265516897,
    0.017046024265516897,
    0.017046024265516897,
    0.017046024265516897,
    0.017046024265516897,
    0.017046024265516897,
    0.017046024265516897,
    0.017046024265516897
  ],
  "swap_acceptance_rates_range": [
    0.01,
    0.026896551724137928,
    0.04379310344827586,
    0.060689655172413794,
    0.07758620689655171,
    0.09448275862068964,
    0.11137931034482758,
    0.12827586206896552,
    0.14517241379310344,
    0.16206896551724137,
    0.1789655172413793,
    0.19586206896551722,
    0.21275862068965518,
    0.2296551724137931,
    0.24655172413793103,
    0.2634482758620689,
    0.2803448275862069,
    0.29724137931034483,
    0.31413793103448273,
    0.3310344827586207,
    0.3479310344827586,
    0.36482758620689654,
    0.38172413793103444,
    0.3986206896551724,
    0.41551724137931034,
    0.43241379310344824,
    0.4493103448275862,
    0.4662068965517241,
    0.48310344827586205,
    0.5
  ],
  "times": [
    115.32650899887085,
    115.32912492752075,
    115.30896019935608,
    115.15155529975891,
    115.50824570655823,
    114.88657808303833,
    114.89530920982361,
    115.10956335067749,
    115.24889278411865,
    114.91866397857666,
    115.00851774215698,
    114.4641945362091,
    115.21809267997742,
    115.08851480484009,
    114.92396712303162,
    114.80686497688293,
    115.19217443466187,
    115.09076762199402,
    115.01928997039795,
    115.83070421218872,
    115.11168098449707,
    115.209716796875,
    115.88158392906189,
    115.16184091567993,
    116.14535069465637,
    115.2194151878357,
    115.22785949707031,
    115.01106452941895,
    115.62086868286133,
    115.27570867538452
  ],
  "beta_ladder": [
    1.0,
    0.3775406687981454,
    0.14253695659655094,
    0.05381349792191407,
    0.020316783995807046,
    0.01
  ]
}