{
  "target_distribution": "MultivariateNormal",
  "dimension": 30,
  "num_iterations": 500000,
  "seed": 18,
  "total_time": 10360.135834693909,
  "max_esjd": 0.005421880861031162,
  "max_actual_acceptance_rate": 0.19075774078107982,
  "max_constr_acceptance_rate": 0.21275862068965518,
  "expected_squared_jump_distances": [
    0.0007285168360002982,
    0.0017759931861687397,
    0.0026836501495947846,
    0.0029772903889673523,
    0.003377569619855325,
    0.004264647563533897,
    0.0038530531431560672,
    0.004592901629632639,
    0.004851729608731115,
    0.004377487597349056,
    0.004869958542336395,
    0.005126375044804008,
    0.005421880861031162,
    0.004879194104049895,
    0.005236145657280576,
    0.005363667997330405,
    0.00510126764610366,
    0.005168148737916705,
    0.005173901528537051,
    0.004955969583092199,
    0.004915587547576168,
    0.004974950983027828,
    0.004687197259749203,
    0.0048032899281763896,
    0.00446634594995883,
    0.004440854264163087,
    0.004140245641995404,
    0.0041963183884885956,
    0.0038669585285554817,
    0.00386094651114883
  ],
  "acceptance_rates": [
    0.018036072144288578,
    0.05727812229112489,
    0.03997328435465019,
    0.08884634069671077,
    0.07746156923252757,
    0.08535748985540378,
    0.12313423506763008,
    0.12640948071105332,
    0.13082289400645114,
    0.16776315789473684,
    0.16982977021200943,
    0.17971909862660562,
    0.19075774078107982,
    0.21526861074442977,
    0.22862914516580662,
    0.24074962998519941,
    0.26455026455026454,
    0.2768878302452861,
    0.2868701929196138,
    0.31056666666666666,
    0.3223989065573224,
    0.3350667533376669,
    0.3571131863567132,
    0.37222111109401684,
    0.3907912970185288,
    0.4021029472691687,
    0.4233789783863785,
    0.4390591874558327,
    0.4565671212670475,
    0.47287432185804645
  ],
  "swap_acceptance_rates_range": [
    0.01,
    0.026896551724137928,
    0.04379310344827586,
    0.060689655172413794,
    0.07758620689655171,
    0.09448275862068964,
    0.11137931034482758,
    0.12827586206896552,
    0.14517241379310344,
    0.16206896551724137,
    0.1789655172413793,
    0.19586206896551722,
    0.21275862068965518,
    0.2296551724137931,
    0.24655172413793103,
    0.2634482758620689,
    0.2803448275862069,
    0.29724137931034483,
    0.31413793103448273,
    0.3310344827586207,
    0.3479310344827586,
    0.36482758620689654,
    0.38172413793103444,
    0.3986206896551724,
    0.41551724137931034,
    0.43241379310344824,
    0.4493103448275862,
    0.4662068965517241,
    0.48310344827586205,
    0.5
  ],
  "times": [
    213.82438731193542,
    240.41136527061462,
    239.35493063926697,
    273.4737696647644,
    272.79573464393616,
    273.1853778362274,
    294.75709438323975,
    294.102725982666,
    294.08484411239624,
    315.91277384757996,
    317.65052247047424,
    314.8504891395569,
    316.12969422340393,
    337.2775480747223,
    337.71044516563416,
    336.8686444759369,
    359.4837112426758,
    357.6999418735504,
    358.59815192222595,
    379.27040553092957,
    381.364075422287,
    379.8663272857666,
    401.52511167526245,
    400.59728264808655,
    423.34318947792053,
    422.8283050060272,
    444.6111104488373,
    444.4908585548401,
    467.397766828537,
    466.62835907936096
  ]
}