{
  "max_esjd": 1.3258933007717133,
  "max_acceptance_rate": 0.2367775,
  "expected_squared_jump_distances": [
    9.068685685633681e-05,
    0.010981011297553777,
    0.038477422297000886,
    0.08040126673877239,
    0.1345498226583004,
    0.1988926611840725,
    0.27116634249687194,
    0.34950552582740785,
    0.4321443155407906,
    0.517329552769661,
    0.603275591135025,
    0.6888754665851593,
    0.7728430032730103,
    0.8533714056015015,
    0.9299294084310532,
    1.0008293330669402,
    1.065579319000244,
    1.12423015832901,
    1.175805401802063,
    1.2203283250331878,
    1.256925344467163,
    1.2843132257461547,
    1.3051242291927339,
    1.3192201614379884,
    1.3241860389709472,
    1.3209814488887788,
    1.3124577164649964,
    1.3007487058639526,
    1.2773011922836304,
    1.252967071533203,
    1.221506667137146,
    1.1907360792160033,
    1.1468012869358062,
    1.1062655746936798,
    1.0656324088573457,
    1.0192280858755112,
    0.9748731821775436,
    0.9258179098367691,
    0.8687881529331207,
    0.8222074776887893
  ],
  "acceptance_rates": [
    0.997682,
    0.9579564999999999,
    0.91936825,
    0.8811535000000001,
    0.842894,
    0.8052605000000002,
    0.76750575,
    0.7303342499999999,
    0.6939702499999998,
    0.658381,
    0.62344575,
    0.5895865,
    0.5568272499999999,
    0.52475125,
    0.4937597499999999,
    0.4635625,
    0.434284,
    0.40636825,
    0.37949449999999996,
    0.35390775,
    0.32929299999999995,
    0.3055005,
    0.28313350000000004,
    0.2620974999999999,
    0.24183699999999994,
    0.22258550000000005,
    0.20464949999999998,
    0.18828825,
    0.17208925,
    0.15752100000000002,
    0.1436305,
    0.13125199999999998,
    0.11876624999999999,
    0.10785750000000001,
    0.09796200000000001,
    0.08851075,
    0.08011075000000001,
    0.07211025000000001,
    0.06424875,
    0.05777600000000001
  ],
  "target_distribution": "MultivariateNormal",
  "dimension": 20,
  "num_iterations": 200000,
  "averaged_from_seeds": [
    13,
    20,
    16,
    1,
    14,
    3,
    9,
    15,
    2,
    19,
    8,
    17,
    18,
    7,
    12,
    4,
    6,
    5,
    10,
    11
  ],
  "num_files_averaged": 20,
  "source_files": [
    "MultivariateNormal_UniformRadius_RWM_GPU_dim20_200000iters_seed13.json",
    "MultivariateNormal_UniformRadius_RWM_GPU_dim20_200000iters_seed20.json",
    "MultivariateNormal_UniformRadius_RWM_GPU_dim20_200000iters_seed16.json",
    "MultivariateNormal_UniformRadius_RWM_GPU_dim20_200000iters_seed1.json",
    "MultivariateNormal_UniformRadius_RWM_GPU_dim20_200000iters_seed14.json",
    "MultivariateNormal_UniformRadius_RWM_GPU_dim20_200000iters_seed3.json",
    "MultivariateNormal_UniformRadius_RWM_GPU_dim20_200000iters_seed9.json",
    "MultivariateNormal_UniformRadius_RWM_GPU_dim20_200000iters_seed15.json",
    "MultivariateNormal_UniformRadius_RWM_GPU_dim20_200000iters_seed2.json",
    "MultivariateNormal_UniformRadius_RWM_GPU_dim20_200000iters_seed19.json",
    "MultivariateNormal_UniformRadius_RWM_GPU_dim20_200000iters_seed8.json",
    "MultivariateNormal_UniformRadius_RWM_GPU_dim20_200000iters_seed17.json",
    "MultivariateNormal_UniformRadius_RWM_GPU_dim20_200000iters_seed18.json",
    "MultivariateNormal_UniformRadius_RWM_GPU_dim20_200000iters_seed7.json",
    "MultivariateNormal_UniformRadius_RWM_GPU_dim20_200000iters_seed12.json",
    "MultivariateNormal_UniformRadius_RWM_GPU_dim20_200000iters_seed4.json",
    "MultivariateNormal_UniformRadius_RWM_GPU_dim20_200000iters_seed6.json",
    "MultivariateNormal_UniformRadius_RWM_GPU_dim20_200000iters_seed5.json",
    "MultivariateNormal_UniformRadius_RWM_GPU_dim20_200000iters_seed10.json",
    "MultivariateNormal_UniformRadius_RWM_GPU_dim20_200000iters_seed11.json"
  ]
}