{
  "target_distribution": "MultivariateNormal",
  "dimension": 30,
  "num_iterations": 500000,
  "seed": 4,
  "total_time": 10537.405125617981,
  "max_esjd": 0.005299670819639854,
  "max_actual_acceptance_rate": 0.23709422565353921,
  "max_constr_acceptance_rate": 0.2634482758620689,
  "expected_squared_jump_distances": [
    0.00091913858814708,
    0.0017565270916903096,
    0.002775664673843484,
    0.0029671314722469807,
    0.0035868013375659636,
    0.004154214456586725,
    0.004094381230485418,
    0.004321945360762564,
    0.004707746156030535,
    0.004542763533396595,
    0.004771135826703754,
    0.005149835369034433,
    0.005259691369567717,
    0.005054318462603231,
    0.005149545342514941,
    0.005299670819639854,
    0.005003798133526175,
    0.005041758964254116,
    0.005235614541855579,
    0.0050028861443733785,
    0.0050559576595896,
    0.005018650992633947,
    0.0046957672979314954,
    0.004772328515284772,
    0.0044257246915490045,
    0.004420287629919376,
    0.00416103502692434,
    0.004168003306354669,
    0.0039056997268400984,
    0.0038947746156145937
  ],
  "acceptance_rates": [
    0.018952598469367313,
    0.0578,
    0.041255336179295624,
    0.09011918712664704,
    0.0760307437355353,
    0.08439554158330952,
    0.1232,
    0.12020601030051503,
    0.1288314415720786,
    0.16707409218187474,
    0.169107678630959,
    0.17900960170697014,
    0.18725409562762577,
    0.2147528851731104,
    0.2249334960097606,
    0.23709422565353921,
    0.2630066738193523,
    0.27020146919775984,
    0.28616883943344423,
    0.31138852314205234,
    0.3205886764779413,
    0.3352778425947532,
    0.3569186744207514,
    0.3699959998769193,
    0.3876023258139635,
    0.40206008828949813,
    0.42264,
    0.43689915865544876,
    0.45726036301815093,
    0.4705433817922724
  ],
  "swap_acceptance_rates_range": [
    0.01,
    0.026896551724137928,
    0.04379310344827586,
    0.060689655172413794,
    0.07758620689655171,
    0.09448275862068964,
    0.11137931034482758,
    0.12827586206896552,
    0.14517241379310344,
    0.16206896551724137,
    0.1789655172413793,
    0.19586206896551722,
    0.21275862068965518,
    0.2296551724137931,
    0.24655172413793103,
    0.2634482758620689,
    0.2803448275862069,
    0.29724137931034483,
    0.31413793103448273,
    0.3310344827586207,
    0.3479310344827586,
    0.36482758620689654,
    0.38172413793103444,
    0.3986206896551724,
    0.41551724137931034,
    0.43241379310344824,
    0.4493103448275862,
    0.4662068965517241,
    0.48310344827586205,
    0.5
  ],
  "times": [
    215.28303050994873,
    242.7773995399475,
    243.99472951889038,
    278.91553378105164,
    278.28210282325745,
    277.9196209907532,
    299.2021062374115,
    298.2540817260742,
    298.7396311759949,
    320.972359418869,
    321.4760477542877,
    320.7175176143646,
    320.4423279762268,
    342.8918459415436,
    342.70201778411865,
    342.864976644516,
    364.8259723186493,
    364.58158254623413,
    364.6886374950409,
    386.3671360015869,
    387.24863266944885,
    386.69386553764343,
    409.3486604690552,
    408.68864607810974,
    430.80055260658264,
    430.8611578941345,
    452.83519434928894,
    452.63902282714844,
    476.19203901290894,
    476.1250479221344
  ]
}