{
  "target_distribution": "MultivariateNormal",
  "dimension": 30,
  "num_iterations": 200000,
  "seed": 16,
  "total_time": 6534.627190351486,
  "max_esjd": 0.005533320757921126,
  "max_actual_acceptance_rate": 0.23186159307965398,
  "max_constr_acceptance_rate": 0.2634482758620689,
  "expected_squared_jump_distances": [
    0.0009859323517028742,
    0.0012439690658541788,
    0.0018873168170830319,
    0.0027266752353539104,
    0.003360190770378845,
    0.004057730066158245,
    0.0038201145987499913,
    0.00404356570267939,
    0.004418417960489275,
    0.0045922408590329785,
    0.004630423859037179,
    0.005001353459910899,
    0.0052651047367512855,
    0.005054048587996452,
    0.005070406759180351,
    0.005533320757921126,
    0.005426967247428901,
    0.005031888445193279,
    0.00500558455177136,
    0.005371107021191771,
    0.004768807216490639,
    0.004899021415858984,
    0.004622703026841594,
    0.004651698366544609,
    0.004643157462640774,
    0.004402187964808797,
    0.004442569124343128,
    0.004120831927165593,
    0.0041648237915830185,
    0.0037929053410030874
  ],
  "acceptance_rates": [
    0.020060483870967743,
    0.09283333333333334,
    0.038413361169102295,
    0.11178571428571428,
    0.0775,
    0.08332142346720023,
    0.13172379284463348,
    0.12082551594746717,
    0.12253063265816454,
    0.1319869951231712,
    0.16486997110468993,
    0.1751500333407424,
    0.18515225605690153,
    0.21232123212321233,
    0.21953781512605042,
    0.23186159307965398,
    0.24283642546381956,
    0.26793344849531775,
    0.27757068824438585,
    0.29471147287526717,
    0.3135130630442935,
    0.32752729394116176,
    0.3460650819293792,
    0.3595276559735364,
    0.3753750288483729,
    0.39633558341369335,
    0.40947890996107006,
    0.4268284552303487,
    0.44316287752516836,
    0.46192068502140693
  ],
  "swap_acceptance_rates_range": [
    0.01,
    0.026896551724137928,
    0.04379310344827586,
    0.060689655172413794,
    0.07758620689655171,
    0.09448275862068964,
    0.11137931034482758,
    0.12827586206896552,
    0.14517241379310344,
    0.16206896551724137,
    0.1789655172413793,
    0.19586206896551722,
    0.21275862068965518,
    0.2296551724137931,
    0.24655172413793103,
    0.2634482758620689,
    0.2803448275862069,
    0.29724137931034483,
    0.31413793103448273,
    0.3310344827586207,
    0.3479310344827586,
    0.36482758620689654,
    0.38172413793103444,
    0.3986206896551724,
    0.41551724137931034,
    0.43241379310344824,
    0.4493103448275862,
    0.4662068965517241,
    0.48310344827586205,
    0.5
  ],
  "times": [
    135.22373223304749,
    149.99111986160278,
    150.14617347717285,
    171.39423823356628,
    171.24902081489563,
    170.84810948371887,
    185.35351872444153,
    187.8662350177765,
    188.38229084014893,
    190.02274465560913,
    203.66289162635803,
    203.81438326835632,
    203.70370984077454,
    217.71806263923645,
    218.2124741077423,
    218.20429182052612,
    217.5199384689331,
    228.89683079719543,
    227.77419710159302,
    226.06327939033508,
    240.46709275245667,
    240.68042516708374,
    253.6589343547821,
    254.81253838539124,
    257.27620673179626,
    271.30453395843506,
    271.62232208251953,
    287.50621008872986,
    288.52834010124207,
    302.7023892402649
  ]
}