{
  "target_distribution": "MultivariateNormal",
  "dimension": 20,
  "num_iterations": 200000,
  "seed": 18,
  "total_time": 3535.3252561092377,
  "max_esjd": 0.0015690971197804813,
  "max_actual_acceptance_rate": 0.16228855721393035,
  "max_constr_acceptance_rate": 0.01,
  "expected_squared_jump_distances": [
    0.0015690971197804813,
    0.001340115501773823,
    0.001340115501773823,
    0.001340115501773823,
    0.001340115501773823,
    0.001340115501773823,
    0.001340115501773823,
    0.001340115501773823,
    0.001340115501773823,
    0.001340115501773823,
    0.001340115501773823,
    0.001340115501773823,
    0.001340115501773823,
    0.001340115501773823,
    0.001340115501773823,
    0.001340115501773823,
    0.001340115501773823,
    0.001340115501773823,
    0.001340115501773823,
    0.001340115501773823,
    0.001340115501773823,
    0.001340115501773823,
    0.001340115501773823,
    0.001340115501773823,
    0.001340115501773823,
    0.001340115501773823,
    0.001340115501773823,
    0.001340115501773823,
    0.001340115501773823,
    0.001340115501773823
  ],
  "acceptance_rates": [
    0.16228855721393035,
    0.15850746268656715,
    0.15850746268656715,
    0.15850746268656715,
    0.15850746268656715,
    0.15850746268656715,
    0.15850746268656715,
    0.15850746268656715,
    0.15850746268656715,
    0.15850746268656715,
    0.15850746268656715,
    0.15850746268656715,
    0.15850746268656715,
    0.15850746268656715,
    0.15850746268656715,
    0.15850746268656715,
    0.15850746268656715,
    0.15850746268656715,
    0.15850746268656715,
    0.15850746268656715,
    0.15850746268656715,
    0.15850746268656715,
    0.15850746268656715,
    0.15850746268656715,
    0.15850746268656715,
    0.15850746268656715,
    0.15850746268656715,
    0.15850746268656715,
    0.15850746268656715,
    0.15850746268656715
  ],
  "swap_acceptance_rates_range": [
    0.01,
    0.026896551724137928,
    0.04379310344827586,
    0.060689655172413794,
    0.07758620689655171,
    0.09448275862068964,
    0.11137931034482758,
    0.12827586206896552,
    0.14517241379310344,
    0.16206896551724137,
    0.1789655172413793,
    0.19586206896551722,
    0.21275862068965518,
    0.2296551724137931,
    0.24655172413793103,
    0.2634482758620689,
    0.2803448275862069,
    0.29724137931034483,
    0.31413793103448273,
    0.3310344827586207,
    0.3479310344827586,
    0.36482758620689654,
    0.38172413793103444,
    0.3986206896551724,
    0.41551724137931034,
    0.43241379310344824,
    0.4493103448275862,
    0.4662068965517241,
    0.48310344827586205,
    0.5
  ],
  "times": [
    119.00007367134094,
    117.69990253448486,
    117.69368433952332,
    118.02923369407654,
    118.0451762676239,
    117.42424297332764,
    118.1657407283783,
    117.76487946510315,
    118.26573324203491,
    117.24884724617004,
    118.10430884361267,
    117.3019027709961,
    117.83784985542297,
    117.20875120162964,
    118.00930881500244,
    117.86880874633789,
    118.2797749042511,
    117.49000072479248,
    117.97027778625488,
    117.48268628120422,
    118.39229559898376,
    117.53566908836365,
    118.01668310165405,
    117.60208439826965,
    117.8951051235199,
    117.41342544555664,
    117.99334931373596,
    117.29924058914185,
    118.15122532844543,
    118.11876606941223
  ],
  "beta_ladder": [
    1.0,
    0.32523698000197226,
    0.10734339016118206,
    0.03555164375885605,
    0.011591633958279161,
    0.01
  ]
}