{
  "target_distribution": "MultivariateNormal",
  "proposal_distribution": "Laplace",
  "dimension": 5,
  "num_iterations": 200000,
  "seed": 20,
  "total_time": 1684.619400024414,
  "max_esjd": 1.0324054956436157,
  "max_acceptance_rate": 0.275495,
  "max_scale_param": 2.772307692307692,
  "expected_squared_jump_distances": [
    9.957177098840475e-05,
    0.011893868446350098,
    0.041032738983631134,
    0.08418454974889755,
    0.13829286396503448,
    0.20020614564418793,
    0.26815518736839294,
    0.3382147252559662,
    0.4093223214149475,
    0.48037654161453247,
    0.5481395721435547,
    0.6135445237159729,
    0.675996720790863,
    0.734366238117218,
    0.7856959104537964,
    0.8337396383285522,
    0.8708074688911438,
    0.9059702157974243,
    0.9391191005706787,
    0.9639804363250732,
    0.9850026369094849,
    1.0012224912643433,
    1.017615556716919,
    1.0175108909606934,
    1.0218751430511475,
    1.024733066558838,
    1.0263105630874634,
    1.0324054956436157,
    1.0161287784576416,
    0.9983287453651428,
    1.0011729001998901,
    0.9887303113937378,
    0.9610763788223267,
    0.9480301141738892,
    0.9394875764846802,
    0.9064328074455261,
    0.8927690386772156,
    0.8683874011039734,
    0.8629424571990967,
    0.8405759930610657
  ],
  "acceptance_rates": [
    0.997745,
    0.961535,
    0.924615,
    0.888005,
    0.85171,
    0.81538,
    0.780355,
    0.745695,
    0.71261,
    0.67955,
    0.64812,
    0.61743,
    0.587695,
    0.560695,
    0.53299,
    0.50721,
    0.480625,
    0.458,
    0.43633,
    0.41324,
    0.393195,
    0.373025,
    0.35495,
    0.337055,
    0.31908,
    0.302755,
    0.288295,
    0.275495,
    0.26061,
    0.246955,
    0.23725,
    0.22539,
    0.212795,
    0.202635,
    0.193305,
    0.18277,
    0.17395,
    0.164995,
    0.159055,
    0.150835
  ],
  "scale_param_range": [
    0.01,
    0.1123076923076923,
    0.21461538461538462,
    0.3169230769230769,
    0.41923076923076924,
    0.5215384615384615,
    0.6238461538461538,
    0.7261538461538461,
    0.8284615384615385,
    0.9307692307692308,
    1.033076923076923,
    1.1353846153846154,
    1.2376923076923076,
    1.34,
    1.4423076923076923,
    1.5446153846153847,
    1.646923076923077,
    1.7492307692307691,
    1.8515384615384616,
    1.9538461538461538,
    2.0561538461538458,
    2.1584615384615384,
    2.2607692307692306,
    2.363076923076923,
    2.465384615384615,
    2.5676923076923073,
    2.67,
    2.772307692307692,
    2.8746153846153844,
    2.9769230769230766,
    3.079230769230769,
    3.1815384615384614,
    3.2838461538461536,
    3.386153846153846,
    3.488461538461538,
    3.5907692307692307,
    3.693076923076923,
    3.795384615384615,
    3.8976923076923073,
    4.0
  ],
  "times": [
    42.24484920501709,
    42.26262974739075,
    42.16051959991455,
    42.27895450592041,
    42.16900968551636,
    42.35226225852966,
    42.03016400337219,
    42.1796350479126,
    42.000866651535034,
    42.2548143863678,
    42.00347113609314,
    42.18471670150757,
    41.98927402496338,
    42.27272176742554,
    42.03991079330444,
    42.2845561504364,
    42.054600954055786,
    42.26456046104431,
    42.07382011413574,
    42.31878972053528,
    42.095823764801025,
    42.256073236465454,
    42.03720188140869,
    42.25718712806702,
    41.93879961967468,
    42.21126651763916,
    42.02555298805237,
    42.19430327415466,
    41.9185254573822,
    42.15377855300903,
    41.917144536972046,
    42.1802134513855,
    41.97370004653931,
    42.262638568878174,
    42.006935834884644,
    42.057223081588745,
    41.795355558395386,
    41.99192786216736,
    41.798511028289795,
    42.08548045158386
  ]
}