{
  "target_distribution": "MultivariateNormal",
  "dimension": 10,
  "num_iterations": 500000,
  "seed": 12,
  "total_time": 8119.873085737228,
  "max_esjd": 0.015170318824182964,
  "max_actual_acceptance_rate": 0.24069875983464462,
  "max_constr_acceptance_rate": 0.2634482758620689,
  "expected_squared_jump_distances": [
    0.0025929704829653092,
    0.004382049934278684,
    0.00633550015927545,
    0.008694747672124787,
    0.011346474275840844,
    0.0097059144613338,
    0.010738883167599408,
    0.011987710193395184,
    0.013216380996278946,
    0.014118009994248183,
    0.012618902941899771,
    0.013212239617595682,
    0.013859198178092249,
    0.014487755008152583,
    0.015100867859544035,
    0.015170318824182964,
    0.013426618869591414,
    0.014145594847429607,
    0.014621721001129141,
    0.014694692205595161,
    0.014952324598846958,
    0.01296428336896537,
    0.013283455673837126,
    0.013406858014749959,
    0.01339981353284245,
    0.012193476832199152,
    0.01197139442562226,
    0.012211167974067436,
    0.01205245543010371,
    0.010687637020890893
  ],
  "acceptance_rates": [
    0.040216086434573826,
    0.23189637927585516,
    0.132126425285057,
    0.09628293758140467,
    0.08627509889339542,
    0.2345269053810762,
    0.19831139210115642,
    0.17655536872447755,
    0.1670201272458085,
    0.162619514341721,
    0.27865573114622927,
    0.2599506633775585,
    0.24909987998399788,
    0.2453736120836251,
    0.2397906457312398,
    0.24069875983464462,
    0.321037743935541,
    0.31649475699305696,
    0.3160661733192377,
    0.3146661333180948,
    0.3246949912854653,
    0.3796344908622716,
    0.37663441586039653,
    0.3811595289882247,
    0.3857096427410685,
    0.43646666666666667,
    0.4316,
    0.4384,
    0.44553333333333334,
    0.48273930957238287
  ],
  "swap_acceptance_rates_range": [
    0.01,
    0.026896551724137928,
    0.04379310344827586,
    0.060689655172413794,
    0.07758620689655171,
    0.09448275862068964,
    0.11137931034482758,
    0.12827586206896552,
    0.14517241379310344,
    0.16206896551724137,
    0.1789655172413793,
    0.19586206896551722,
    0.21275862068965518,
    0.2296551724137931,
    0.24655172413793103,
    0.2634482758620689,
    0.2803448275862069,
    0.29724137931034483,
    0.31413793103448273,
    0.3310344827586207,
    0.3479310344827586,
    0.36482758620689654,
    0.38172413793103444,
    0.3986206896551724,
    0.41551724137931034,
    0.43241379310344824,
    0.4493103448275862,
    0.4662068965517241,
    0.48310344827586205,
    0.5
  ],
  "times": [
    178.61247611045837,
    204.13791608810425,
    203.1318073272705,
    202.29499912261963,
    202.85721492767334,
    238.2009003162384,
    238.06070971488953,
    237.72328519821167,
    238.0573763847351,
    237.1907730102539,
    262.1859004497528,
    261.83099126815796,
    262.3775110244751,
    262.113650560379,
    262.1407678127289,
    262.0293278694153,
    286.4706928730011,
    286.12045645713806,
    286.01980566978455,
    285.90434098243713,
    286.3772873878479,
    310.095983505249,
    309.95365285873413,
    309.9949104785919,
    310.0553276538849,
    334.6240634918213,
    334.44112157821655,
    333.9199867248535,
    334.281786441803,
    358.63581013679504
  ]
}