{
  "target_distribution": "MultivariateNormal",
  "dimension": 30,
  "num_iterations": 200000,
  "seed": 7,
  "total_time": 5601.518791437149,
  "max_esjd": 0.005489931681242712,
  "max_actual_acceptance_rate": 0.24662466246624662,
  "max_constr_acceptance_rate": 0.2803448275862069,
  "expected_squared_jump_distances": [
    0.0009389343237900174,
    0.0016294950954100385,
    0.002385292629851306,
    0.0022421811678344553,
    0.0034645204221001808,
    0.0038677637653658677,
    0.003982416544702056,
    0.004302551611221031,
    0.004743007711223893,
    0.004917087907600013,
    0.004786328424278313,
    0.005083114082662872,
    0.005220150301098027,
    0.004777493507673292,
    0.0051059440976528505,
    0.005220107515138802,
    0.005489931681242712,
    0.005009385226733097,
    0.005328201189453931,
    0.004775517095229368,
    0.00516024213114409,
    0.004986668316636289,
    0.004602614017392272,
    0.004714189899083465,
    0.0047728381546351915,
    0.004455026445226967,
    0.004483883883968344,
    0.004241762259770402,
    0.004211575560929099,
    0.003891494744424971
  ],
  "acceptance_rates": [
    0.0193158953722334,
    0.09591666666666666,
    0.04121475054229935,
    0.10730104300614374,
    0.08579395152641739,
    0.08253537230241532,
    0.13125820363772736,
    0.12312312312312312,
    0.13000812550784424,
    0.13838364897806113,
    0.16720382307179374,
    0.17722222222222223,
    0.1877430825647294,
    0.21077107710771076,
    0.2225278847596659,
    0.23477347734773477,
    0.24662466246624662,
    0.2703759261784627,
    0.2871494158825401,
    0.3061632704088011,
    0.3217336945196916,
    0.3270969623734322,
    0.3490653127163628,
    0.3650805862214871,
    0.37800515444089705,
    0.40097860637879923,
    0.41340762170077505,
    0.43266217747849856,
    0.4523118978564523,
    0.46520203756367384
  ],
  "swap_acceptance_rates_range": [
    0.01,
    0.026896551724137928,
    0.04379310344827586,
    0.060689655172413794,
    0.07758620689655171,
    0.09448275862068964,
    0.11137931034482758,
    0.12827586206896552,
    0.14517241379310344,
    0.16206896551724137,
    0.1789655172413793,
    0.19586206896551722,
    0.21275862068965518,
    0.2296551724137931,
    0.24655172413793103,
    0.2634482758620689,
    0.2803448275862069,
    0.29724137931034483,
    0.31413793103448273,
    0.3310344827586207,
    0.3479310344827586,
    0.36482758620689654,
    0.38172413793103444,
    0.3986206896551724,
    0.41551724137931034,
    0.43241379310344824,
    0.4493103448275862,
    0.4662068965517241,
    0.48310344827586205,
    0.5
  ],
  "times": [
    117.8404848575592,
    130.87540483474731,
    131.51196265220642,
    149.56032752990723,
    148.01953983306885,
    146.93891620635986,
    159.16714239120483,
    158.75456309318542,
    158.5552840232849,
    158.6281018257141,
    172.3624403476715,
    173.71868348121643,
    173.82238578796387,
    185.2556278705597,
    182.20975160598755,
    182.43611669540405,
    183.72394180297852,
    194.59558272361755,
    194.65765500068665,
    207.46509861946106,
    207.68420481681824,
    207.99672389030457,
    220.3569040298462,
    220.8550727367401,
    220.63934922218323,
    232.88213443756104,
    233.05048370361328,
    245.05479669570923,
    245.87473726272583,
    257.0123052597046
  ]
}