{
  "target_distribution": "MultivariateNormal",
  "proposal_distribution": "Laplace",
  "dimension": 2,
  "num_iterations": 200000,
  "seed": 10,
  "total_time": 1700.557428598404,
  "max_esjd": 0.8160063624382019,
  "max_acceptance_rate": 0.399765,
  "max_scale_param": 2.5676923076923073,
  "expected_squared_jump_distances": [
    9.970513201551512e-05,
    0.011727811768651009,
    0.03958664834499359,
    0.07983165234327316,
    0.12883873283863068,
    0.1836569905281067,
    0.24068237841129303,
    0.2989968955516815,
    0.3560655415058136,
    0.410650372505188,
    0.4620867073535919,
    0.512309193611145,
    0.5562149882316589,
    0.5966847538948059,
    0.6319054365158081,
    0.6657053828239441,
    0.6987089514732361,
    0.7153971791267395,
    0.737358033657074,
    0.7513548731803894,
    0.7705644965171814,
    0.7859131097793579,
    0.7963337302207947,
    0.8049098253250122,
    0.806609570980072,
    0.8160063624382019,
    0.8099884986877441,
    0.8116772174835205,
    0.8071955442428589,
    0.8095083236694336,
    0.7968501448631287,
    0.802188515663147,
    0.7963430881500244,
    0.7877278923988342,
    0.7756205797195435,
    0.7801830768585205,
    0.7623555064201355,
    0.7548710703849792,
    0.743389368057251,
    0.7441895008087158
  ],
  "acceptance_rates": [
    0.99774,
    0.964615,
    0.9302,
    0.89805,
    0.865805,
    0.834585,
    0.803615,
    0.77376,
    0.74562,
    0.71724,
    0.69058,
    0.66526,
    0.639895,
    0.616,
    0.59274,
    0.571215,
    0.550735,
    0.529735,
    0.51045,
    0.49148,
    0.474715,
    0.458765,
    0.44262,
    0.427695,
    0.41318,
    0.399765,
    0.386175,
    0.374205,
    0.36176,
    0.350935,
    0.338225,
    0.3288,
    0.319085,
    0.310005,
    0.299585,
    0.292735,
    0.281965,
    0.274025,
    0.26574,
    0.25934
  ],
  "scale_param_range": [
    0.01,
    0.1123076923076923,
    0.21461538461538462,
    0.3169230769230769,
    0.41923076923076924,
    0.5215384615384615,
    0.6238461538461538,
    0.7261538461538461,
    0.8284615384615385,
    0.9307692307692308,
    1.033076923076923,
    1.1353846153846154,
    1.2376923076923076,
    1.34,
    1.4423076923076923,
    1.5446153846153847,
    1.646923076923077,
    1.7492307692307691,
    1.8515384615384616,
    1.9538461538461538,
    2.0561538461538458,
    2.1584615384615384,
    2.2607692307692306,
    2.363076923076923,
    2.465384615384615,
    2.5676923076923073,
    2.67,
    2.772307692307692,
    2.8746153846153844,
    2.9769230769230766,
    3.079230769230769,
    3.1815384615384614,
    3.2838461538461536,
    3.386153846153846,
    3.488461538461538,
    3.5907692307692307,
    3.693076923076923,
    3.795384615384615,
    3.8976923076923073,
    4.0
  ],
  "times": [
    42.82317280769348,
    42.6370005607605,
    42.60563659667969,
    42.626301288604736,
    42.630703926086426,
    42.53847622871399,
    42.49650025367737,
    42.58145618438721,
    42.4076771736145,
    42.63341927528381,
    42.35612607002258,
    42.64208221435547,
    42.36581587791443,
    42.58132815361023,
    42.484617471694946,
    42.65240526199341,
    42.41774344444275,
    42.53867745399475,
    42.47981023788452,
    42.56936430931091,
    42.378910541534424,
    42.63002848625183,
    42.376750469207764,
    42.6107964515686,
    42.40991020202637,
    42.533063888549805,
    42.400630235672,
    42.53254556655884,
    42.35999512672424,
    42.53055930137634,
    42.41427826881409,
    42.56644678115845,
    42.40591788291931,
    42.52490019798279,
    42.379526138305664,
    42.557751178741455,
    42.339144229888916,
    42.51493787765503,
    42.44423770904541,
    42.53613066673279
  ]
}