{
  "target_distribution": "MultivariateNormal",
  "proposal_distribution": "UniformRadius",
  "dimension": 100,
  "num_iterations": 100000,
  "seed": 11,
  "total_time": 793.6803901195526,
  "max_esjd": 1.322786569595337,
  "max_acceptance_rate": 0.24174,
  "max_scale_param": 2.363076923076923,
  "expected_squared_jump_distances": [
    9.79570540948771e-05,
    0.011835107579827309,
    0.04134337604045868,
    0.0862315222620964,
    0.14406605064868927,
    0.2124750018119812,
    0.28919827938079834,
    0.3720449209213257,
    0.4598034620285034,
    0.5485397577285767,
    0.6388014554977417,
    0.7263156175613403,
    0.8097999691963196,
    0.8936434388160706,
    0.9698985815048218,
    1.0409506559371948,
    1.1089693307876587,
    1.1585513353347778,
    1.1999818086624146,
    1.2524102926254272,
    1.2765483856201172,
    1.295823574066162,
    1.3028424978256226,
    1.322786569595337,
    1.310319185256958,
    1.2797234058380127,
    1.2972701787948608,
    1.258565068244934,
    1.238494634628296,
    1.2022541761398315,
    1.1873915195465088,
    1.125379204750061,
    1.0826700925827026,
    1.040818691253662,
    0.9682163596153259,
    0.9433753490447998,
    0.8805932402610779,
    0.8036800026893616,
    0.7369882464408875,
    0.7185382843017578
  ],
  "acceptance_rates": [
    0.99922,
    0.95715,
    0.91564,
    0.8758,
    0.8362,
    0.79687,
    0.75805,
    0.71977,
    0.68346,
    0.64598,
    0.61064,
    0.57478,
    0.53931,
    0.50776,
    0.47566,
    0.4451,
    0.41714,
    0.38631,
    0.35713,
    0.33475,
    0.30813,
    0.28378,
    0.26011,
    0.24174,
    0.21999,
    0.19805,
    0.18573,
    0.16713,
    0.15297,
    0.13844,
    0.12784,
    0.1135,
    0.10247,
    0.09266,
    0.08122,
    0.07469,
    0.0659,
    0.05697,
    0.04953,
    0.04585
  ],
  "scale_param_range": [
    0.01,
    0.1123076923076923,
    0.21461538461538462,
    0.3169230769230769,
    0.41923076923076924,
    0.5215384615384615,
    0.6238461538461538,
    0.7261538461538461,
    0.8284615384615385,
    0.9307692307692308,
    1.033076923076923,
    1.1353846153846154,
    1.2376923076923076,
    1.34,
    1.4423076923076923,
    1.5446153846153847,
    1.646923076923077,
    1.7492307692307691,
    1.8515384615384616,
    1.9538461538461538,
    2.0561538461538458,
    2.1584615384615384,
    2.2607692307692306,
    2.363076923076923,
    2.465384615384615,
    2.5676923076923073,
    2.67,
    2.772307692307692,
    2.8746153846153844,
    2.9769230769230766,
    3.079230769230769,
    3.1815384615384614,
    3.2838461538461536,
    3.386153846153846,
    3.488461538461538,
    3.5907692307692307,
    3.693076923076923,
    3.795384615384615,
    3.8976923076923073,
    4.0
  ],
  "times": [
    20.35872220993042,
    19.90706491470337,
    19.706955432891846,
    20.24651527404785,
    20.027185201644897,
    20.485860586166382,
    20.3760347366333,
    19.92969512939453,
    19.51039457321167,
    19.840413808822632,
    19.50151753425598,
    19.62403917312622,
    18.876460552215576,
    19.242002248764038,
    19.244673013687134,
    19.270775318145752,
    20.165622234344482,
    20.07092261314392,
    20.197415351867676,
    19.848921298980713,
    19.742753982543945,
    19.7999906539917,
    20.009040594100952,
    19.32111120223999,
    19.574628353118896,
    19.75917887687683,
    19.624086141586304,
    19.749937534332275,
    19.49288010597229,
    19.032951593399048,
    19.81269383430481,
    20.140140771865845,
    20.070852041244507,
    20.10279107093811,
    20.238737106323242,
    20.241051197052002,
    19.765777111053467,
    20.127915859222412,
    20.326584100723267,
    20.26362156867981
  ]
}