{
  "target_distribution": "MultivariateNormal",
  "dimension": 20,
  "num_iterations": 100000,
  "seed": 8,
  "total_time": 735.7416200637817,
  "max_esjd": 1.2844282388687134,
  "max_acceptance_rate": 0.25829,
  "max_variance_value": 2.333666666666667,
  "expected_squared_jump_distances": [
    1.0006522188632516e-06,
    0.007932279258966446,
    0.030144723132252693,
    0.06483142077922821,
    0.11026597023010254,
    0.16488116979599,
    0.2270873785018921,
    0.2952917218208313,
    0.3670639395713806,
    0.4426051080226898,
    0.5201324224472046,
    0.5963613390922546,
    0.672747015953064,
    0.7454499006271362,
    0.8162985444068909,
    0.8853054642677307,
    0.9477471709251404,
    0.9997323155403137,
    1.0566297769546509,
    1.102529525756836,
    1.149717926979065,
    1.1811460256576538,
    1.2087675333023071,
    1.2377362251281738,
    1.2443678379058838,
    1.2679381370544434,
    1.2844282388687134,
    1.2727153301239014,
    1.2717715501785278,
    1.2743035554885864,
    1.2397269010543823,
    1.2312657833099365,
    1.191244125366211,
    1.1750928163528442,
    1.1519477367401123,
    1.1355677843093872,
    1.0852149724960327,
    1.0602275133132935,
    0.9870837330818176,
    0.9857788681983948
  ],
  "acceptance_rates": [
    1.0,
    0.9652,
    0.92924,
    0.89324,
    0.85803,
    0.82386,
    0.79077,
    0.7578,
    0.72371,
    0.69156,
    0.66002,
    0.62722,
    0.59664,
    0.56544,
    0.53623,
    0.50821,
    0.48044,
    0.45119,
    0.42745,
    0.40178,
    0.3802,
    0.35588,
    0.33293,
    0.31338,
    0.29137,
    0.27462,
    0.25829,
    0.23884,
    0.22345,
    0.20956,
    0.19207,
    0.17974,
    0.16435,
    0.15323,
    0.14243,
    0.13342,
    0.12131,
    0.11312,
    0.10068,
    0.09628
  ],
  "var_value_range": [
    0.001,
    0.09071794871794872,
    0.18043589743589744,
    0.2701538461538462,
    0.3598717948717949,
    0.4495897435897436,
    0.5393076923076924,
    0.6290256410256411,
    0.7187435897435898,
    0.8084615384615385,
    0.8981794871794871,
    0.987897435897436,
    1.0776153846153846,
    1.1673333333333333,
    1.257051282051282,
    1.3467692307692307,
    1.4364871794871794,
    1.526205128205128,
    1.6159230769230768,
    1.7056410256410255,
    1.7953589743589742,
    1.885076923076923,
    1.9747948717948718,
    2.0645128205128205,
    2.1542307692307694,
    2.243948717948718,
    2.333666666666667,
    2.4233846153846152,
    2.513102564102564,
    2.6028205128205126,
    2.6925384615384615,
    2.78225641025641,
    2.871974358974359,
    2.961692307692308,
    3.0514102564102563,
    3.1411282051282052,
    3.2308461538461537,
    3.3205641025641026,
    3.410282051282051,
    3.5
  ],
  "times": [
    18.520543336868286,
    18.430901527404785,
    18.422806978225708,
    18.329254627227783,
    18.332417726516724,
    18.36296582221985,
    18.445727109909058,
    18.38266611099243,
    18.378471612930298,
    18.42134189605713,
    18.35984206199646,
    18.424559593200684,
    18.371981620788574,
    18.382368564605713,
    18.401718139648438,
    18.39306402206421,
    18.348703384399414,
    18.448083877563477,
    18.4202880859375,
    18.41712999343872,
    18.378573656082153,
    18.405174255371094,
    18.395023822784424,
    18.408023595809937,
    18.381951808929443,
    18.41072916984558,
    18.325584411621094,
    18.383461475372314,
    18.382184505462646,
    18.42207932472229,
    18.39384436607361,
    18.432571172714233,
    18.361860275268555,
    18.392120361328125,
    18.35295534133911,
    18.393473863601685,
    18.34269905090332,
    18.376430988311768,
    18.397100925445557,
    18.385822534561157
  ]
}