{
  "target_distribution": "MultivariateNormal",
  "dimension": 20,
  "num_iterations": 200000,
  "seed": 8,
  "total_time": 3512.028558731079,
  "max_esjd": 0.0019406535564240961,
  "max_actual_acceptance_rate": 0.1499502487562189,
  "max_constr_acceptance_rate": 0.01,
  "expected_squared_jump_distances": [
    0.0019406535564240961,
    0.0015807807831699566,
    0.0015807807831699566,
    0.0015807807831699566,
    0.0015807807831699566,
    0.0015807807831699566,
    0.0015807807831699566,
    0.0015807807831699566,
    0.0015807807831699566,
    0.0015807807831699566,
    0.0015807807831699566,
    0.0015807807831699566,
    0.0015807807831699566,
    0.0015807807831699566,
    0.0015807807831699566,
    0.0015807807831699566,
    0.0015807807831699566,
    0.0015807807831699566,
    0.0015807807831699566,
    0.0015807807831699566,
    0.0015807807831699566,
    0.0015807807831699566,
    0.0015807807831699566,
    0.0015807807831699566,
    0.0015807807831699566,
    0.0015807807831699566,
    0.0015807807831699566,
    0.0015807807831699566,
    0.0015807807831699566,
    0.0015807807831699566
  ],
  "acceptance_rates": [
    0.1499502487562189,
    0.14855721393034826,
    0.14855721393034826,
    0.14855721393034826,
    0.14855721393034826,
    0.14855721393034826,
    0.14855721393034826,
    0.14855721393034826,
    0.14855721393034826,
    0.14855721393034826,
    0.14855721393034826,
    0.14855721393034826,
    0.14855721393034826,
    0.14855721393034826,
    0.14855721393034826,
    0.14855721393034826,
    0.14855721393034826,
    0.14855721393034826,
    0.14855721393034826,
    0.14855721393034826,
    0.14855721393034826,
    0.14855721393034826,
    0.14855721393034826,
    0.14855721393034826,
    0.14855721393034826,
    0.14855721393034826,
    0.14855721393034826,
    0.14855721393034826,
    0.14855721393034826,
    0.14855721393034826
  ],
  "swap_acceptance_rates_range": [
    0.01,
    0.026896551724137928,
    0.04379310344827586,
    0.060689655172413794,
    0.07758620689655171,
    0.09448275862068964,
    0.11137931034482758,
    0.12827586206896552,
    0.14517241379310344,
    0.16206896551724137,
    0.1789655172413793,
    0.19586206896551722,
    0.21275862068965518,
    0.2296551724137931,
    0.24655172413793103,
    0.2634482758620689,
    0.2803448275862069,
    0.29724137931034483,
    0.31413793103448273,
    0.3310344827586207,
    0.3479310344827586,
    0.36482758620689654,
    0.38172413793103444,
    0.3986206896551724,
    0.41551724137931034,
    0.43241379310344824,
    0.4493103448275862,
    0.4662068965517241,
    0.48310344827586205,
    0.5
  ],
  "times": [
    117.93760085105896,
    117.20714783668518,
    116.88126420974731,
    116.70851564407349,
    117.38742446899414,
    116.76081085205078,
    117.02128529548645,
    116.56728053092957,
    117.26501274108887,
    116.82689833641052,
    117.87215852737427,
    116.8736743927002,
    117.23685765266418,
    116.87553000450134,
    117.17333388328552,
    116.95164108276367,
    117.46069645881653,
    116.85747718811035,
    117.59811544418335,
    116.90030598640442,
    117.2770369052887,
    116.62517476081848,
    117.2054169178009,
    116.8628294467926,
    117.36891651153564,
    116.715740442276,
    116.98157095909119,
    116.77827572822571,
    117.28929924964905,
    116.5451910495758
  ],
  "beta_ladder": [
    1.0,
    0.3326133712477552,
    0.11113630863144018,
    0.03639381382386993,
    0.012079248816480337,
    0.01
  ]
}