{
  "target_distribution": "MultivariateNormal",
  "proposal_distribution": "UniformRadius",
  "dimension": 100,
  "num_iterations": 200000,
  "seed": 16,
  "total_time": 2729.193279027939,
  "max_esjd": 1.3328324556350708,
  "max_acceptance_rate": 0.243545,
  "max_scale_param": 2.363076923076923,
  "expected_squared_jump_distances": [
    9.792712808120996e-05,
    0.0118286507204175,
    0.041389208287000656,
    0.08633150905370712,
    0.1440892219543457,
    0.2124740183353424,
    0.2890395224094391,
    0.3720318675041199,
    0.4589046835899353,
    0.547873854637146,
    0.6371105909347534,
    0.7269477248191833,
    0.8123703002929688,
    0.8918907642364502,
    0.9717074632644653,
    1.038674235343933,
    1.1036078929901123,
    1.1617696285247803,
    1.2112804651260376,
    1.2508596181869507,
    1.2797048091888428,
    1.3087100982666016,
    1.3210374116897583,
    1.3328324556350708,
    1.3272215127944946,
    1.3155826330184937,
    1.3090981245040894,
    1.2967193126678467,
    1.2523550987243652,
    1.220777988433838,
    1.1936291456222534,
    1.1466916799545288,
    1.0968515872955322,
    1.0451300144195557,
    1.0034880638122559,
    0.9481340646743774,
    0.9037241339683533,
    0.8642301559448242,
    0.7815407514572144,
    0.718847930431366
  ],
  "acceptance_rates": [
    0.99885,
    0.95657,
    0.916585,
    0.876735,
    0.83627,
    0.7968,
    0.757575,
    0.719705,
    0.682035,
    0.645125,
    0.608975,
    0.57528,
    0.540985,
    0.506725,
    0.476535,
    0.44413,
    0.4151,
    0.38737,
    0.36047,
    0.33429,
    0.308845,
    0.28663,
    0.26373,
    0.243545,
    0.222835,
    0.20363,
    0.1874,
    0.17218,
    0.15467,
    0.1406,
    0.128505,
    0.115625,
    0.103805,
    0.09301,
    0.084175,
    0.07505,
    0.06762,
    0.061245,
    0.052525,
    0.04588
  ],
  "scale_param_range": [
    0.01,
    0.1123076923076923,
    0.21461538461538462,
    0.3169230769230769,
    0.41923076923076924,
    0.5215384615384615,
    0.6238461538461538,
    0.7261538461538461,
    0.8284615384615385,
    0.9307692307692308,
    1.033076923076923,
    1.1353846153846154,
    1.2376923076923076,
    1.34,
    1.4423076923076923,
    1.5446153846153847,
    1.646923076923077,
    1.7492307692307691,
    1.8515384615384616,
    1.9538461538461538,
    2.0561538461538458,
    2.1584615384615384,
    2.2607692307692306,
    2.363076923076923,
    2.465384615384615,
    2.5676923076923073,
    2.67,
    2.772307692307692,
    2.8746153846153844,
    2.9769230769230766,
    3.079230769230769,
    3.1815384615384614,
    3.2838461538461536,
    3.386153846153846,
    3.488461538461538,
    3.5907692307692307,
    3.693076923076923,
    3.795384615384615,
    3.8976923076923073,
    4.0
  ],
  "times": [
    67.04684662818909,
    68.97151637077332,
    68.43103766441345,
    68.187819480896,
    68.60010623931885,
    68.36119747161865,
    67.99455857276917,
    68.44337558746338,
    68.0493700504303,
    68.91264271736145,
    68.14311575889587,
    68.2508499622345,
    68.14422655105591,
    68.43345904350281,
    67.89236283302307,
    68.0859923362732,
    68.15540409088135,
    68.29543590545654,
    67.93514275550842,
    68.04009652137756,
    68.12629580497742,
    68.96805596351624,
    67.9826922416687,
    68.18378925323486,
    68.15076494216919,
    68.37983798980713,
    68.18605518341064,
    68.60458660125732,
    68.02050709724426,
    68.19026064872742,
    68.20569014549255,
    68.32810974121094,
    67.99241828918457,
    68.78725957870483,
    67.98111915588379,
    68.24264025688171,
    67.85329508781433,
    68.3720862865448,
    67.98345947265625,
    68.21036028862
  ]
}