{
  "target_distribution": "MultivariateNormal",
  "proposal_distribution": "UniformRadius",
  "dimension": 20,
  "num_iterations": 200000,
  "seed": 15,
  "total_time": 1113.1390326023102,
  "max_esjd": 1.3278049230575562,
  "max_acceptance_rate": 0.242485,
  "max_scale_param": 2.465384615384615,
  "expected_squared_jump_distances": [
    9.072286047739908e-05,
    0.010973584838211536,
    0.03849096596240997,
    0.08045268058776855,
    0.13456560671329498,
    0.1987137794494629,
    0.2711797058582306,
    0.34981968998908997,
    0.4326222538948059,
    0.5189512968063354,
    0.6045873165130615,
    0.6904991269111633,
    0.7749227285385132,
    0.8540675044059753,
    0.9301937222480774,
    1.0016705989837646,
    1.0651227235794067,
    1.124798059463501,
    1.1805812120437622,
    1.223549246788025,
    1.2583680152893066,
    1.2896724939346313,
    1.307190179824829,
    1.3199620246887207,
    1.3278049230575562,
    1.326370120048523,
    1.323495864868164,
    1.312523603439331,
    1.2908408641815186,
    1.2577784061431885,
    1.2148793935775757,
    1.1961987018585205,
    1.150501012802124,
    1.1083629131317139,
    1.056118369102478,
    0.9950222373008728,
    0.9521980881690979,
    0.9245708584785461,
    0.8694496750831604,
    0.8269491195678711
  ],
  "acceptance_rates": [
    0.99782,
    0.95713,
    0.919495,
    0.88158,
    0.8429,
    0.80446,
    0.76743,
    0.73086,
    0.694615,
    0.66021,
    0.6246,
    0.590805,
    0.558175,
    0.525175,
    0.49375,
    0.463915,
    0.433975,
    0.40651,
    0.38089,
    0.35469,
    0.32961,
    0.306585,
    0.28348,
    0.26225,
    0.242485,
    0.22342,
    0.206355,
    0.1899,
    0.17373,
    0.15814,
    0.142855,
    0.13187,
    0.119145,
    0.108015,
    0.09725,
    0.08639,
    0.078265,
    0.071965,
    0.0643,
    0.05817
  ],
  "scale_param_range": [
    0.01,
    0.1123076923076923,
    0.21461538461538462,
    0.3169230769230769,
    0.41923076923076924,
    0.5215384615384615,
    0.6238461538461538,
    0.7261538461538461,
    0.8284615384615385,
    0.9307692307692308,
    1.033076923076923,
    1.1353846153846154,
    1.2376923076923076,
    1.34,
    1.4423076923076923,
    1.5446153846153847,
    1.646923076923077,
    1.7492307692307691,
    1.8515384615384616,
    1.9538461538461538,
    2.0561538461538458,
    2.1584615384615384,
    2.2607692307692306,
    2.363076923076923,
    2.465384615384615,
    2.5676923076923073,
    2.67,
    2.772307692307692,
    2.8746153846153844,
    2.9769230769230766,
    3.079230769230769,
    3.1815384615384614,
    3.2838461538461536,
    3.386153846153846,
    3.488461538461538,
    3.5907692307692307,
    3.693076923076923,
    3.795384615384615,
    3.8976923076923073,
    4.0
  ],
  "times": [
    28.017650604248047,
    28.058181285858154,
    27.873507261276245,
    27.94713854789734,
    27.837305307388306,
    27.988034963607788,
    27.823701858520508,
    27.958842277526855,
    27.68271040916443,
    27.98807191848755,
    27.743432998657227,
    27.959925889968872,
    27.65263867378235,
    27.965245962142944,
    27.71070885658264,
    27.857045888900757,
    27.691567182540894,
    27.863663911819458,
    27.700770139694214,
    27.856606245040894,
    27.673028707504272,
    27.98012614250183,
    27.670149564743042,
    27.9093976020813,
    27.634255170822144,
    27.83677101135254,
    27.686819076538086,
    27.889827013015747,
    27.65170383453369,
    27.8635151386261,
    27.643184661865234,
    27.84636878967285,
    27.701708793640137,
    27.973653554916382,
    27.776738166809082,
    27.949423789978027,
    27.726567268371582,
    27.931609392166138,
    27.689828395843506,
    27.895073413848877
  ]
}