{
  "target_distribution": "MultivariateNormal",
  "proposal_distribution": "UniformRadius",
  "dimension": 50,
  "num_iterations": 200000,
  "seed": 10,
  "total_time": 1097.0292353630066,
  "max_esjd": 1.331356167793274,
  "max_acceptance_rate": 0.22822,
  "max_scale_param": 2.465384615384615,
  "expected_squared_jump_distances": [
    9.59996395977214e-05,
    0.01160445436835289,
    0.040565185248851776,
    0.0846010148525238,
    0.14148978888988495,
    0.20871005952358246,
    0.28407928347587585,
    0.36533159017562866,
    0.4504270851612091,
    0.5390430092811584,
    0.6270636320114136,
    0.7142602801322937,
    0.8001840710639954,
    0.8816512823104858,
    0.9569181203842163,
    1.0262833833694458,
    1.0915049314498901,
    1.1533578634262085,
    1.1994686126708984,
    1.2413501739501953,
    1.2725532054901123,
    1.2904012203216553,
    1.3122442960739136,
    1.3276036977767944,
    1.331356167793274,
    1.3146231174468994,
    1.2986702919006348,
    1.2759183645248413,
    1.260012149810791,
    1.228511095046997,
    1.1917814016342163,
    1.1621065139770508,
    1.101097822189331,
    1.074374794960022,
    1.012192726135254,
    0.9534454345703125,
    0.9120932817459106,
    0.8603516817092896,
    0.8065719604492188,
    0.7477894425392151
  ],
  "acceptance_rates": [
    0.998495,
    0.95694,
    0.91607,
    0.876145,
    0.837435,
    0.79822,
    0.75935,
    0.720835,
    0.682825,
    0.647455,
    0.61138,
    0.576575,
    0.543585,
    0.511045,
    0.478835,
    0.44779,
    0.41892,
    0.392455,
    0.364385,
    0.33864,
    0.313465,
    0.288535,
    0.267445,
    0.24761,
    0.22822,
    0.20778,
    0.18987,
    0.172985,
    0.158925,
    0.144545,
    0.131075,
    0.11974,
    0.10647,
    0.097715,
    0.08677,
    0.077125,
    0.06977,
    0.06236,
    0.055415,
    0.048795
  ],
  "scale_param_range": [
    0.01,
    0.1123076923076923,
    0.21461538461538462,
    0.3169230769230769,
    0.41923076923076924,
    0.5215384615384615,
    0.6238461538461538,
    0.7261538461538461,
    0.8284615384615385,
    0.9307692307692308,
    1.033076923076923,
    1.1353846153846154,
    1.2376923076923076,
    1.34,
    1.4423076923076923,
    1.5446153846153847,
    1.646923076923077,
    1.7492307692307691,
    1.8515384615384616,
    1.9538461538461538,
    2.0561538461538458,
    2.1584615384615384,
    2.2607692307692306,
    2.363076923076923,
    2.465384615384615,
    2.5676923076923073,
    2.67,
    2.772307692307692,
    2.8746153846153844,
    2.9769230769230766,
    3.079230769230769,
    3.1815384615384614,
    3.2838461538461536,
    3.386153846153846,
    3.488461538461538,
    3.5907692307692307,
    3.693076923076923,
    3.795384615384615,
    3.8976923076923073,
    4.0
  ],
  "times": [
    28.784568309783936,
    27.46272873878479,
    27.867899417877197,
    27.877911806106567,
    27.730711698532104,
    27.250980615615845,
    27.17092251777649,
    27.618940353393555,
    27.280372619628906,
    27.70465612411499,
    27.20569920539856,
    27.41044306755066,
    27.506933450698853,
    27.60208511352539,
    27.353609323501587,
    27.370455503463745,
    27.341004848480225,
    27.142733812332153,
    27.23420524597168,
    27.658215761184692,
    27.25991463661194,
    27.792389631271362,
    27.449497938156128,
    27.516024589538574,
    27.463281631469727,
    27.41774344444275,
    27.18878483772278,
    27.069016456604004,
    27.09221887588501,
    27.693498849868774,
    27.30741262435913,
    27.652384281158447,
    27.389758825302124,
    27.01081085205078,
    27.16762137413025,
    27.371927738189697,
    27.293431997299194,
    27.2857186794281,
    27.03162980079651,
    26.954225778579712
  ]
}