{
  "target_distribution": "MultivariateNormal",
  "proposal_distribution": "UniformRadius",
  "dimension": 20,
  "num_iterations": 200000,
  "seed": 2,
  "total_time": 614.6407134532928,
  "max_esjd": 1.3207285404205322,
  "max_acceptance_rate": 0.241075,
  "max_scale_param": 2.465384615384615,
  "expected_squared_jump_distances": [
    9.064827463589609e-05,
    0.010978244245052338,
    0.03847895935177803,
    0.08035781234502792,
    0.13446596264839172,
    0.19878222048282623,
    0.27099093794822693,
    0.3494942784309387,
    0.43168607354164124,
    0.5164065361022949,
    0.6025557518005371,
    0.688243567943573,
    0.7728956341743469,
    0.8522994518280029,
    0.926164984703064,
    1.000473976135254,
    1.0666221380233765,
    1.1268280744552612,
    1.1767635345458984,
    1.2194297313690186,
    1.2548683881759644,
    1.279467225074768,
    1.303176760673523,
    1.3146826028823853,
    1.3207285404205322,
    1.3180207014083862,
    1.2973490953445435,
    1.305308222770691,
    1.279746651649475,
    1.24573814868927,
    1.2206904888153076,
    1.201066493988037,
    1.140663743019104,
    1.1133246421813965,
    1.0667192935943604,
    1.0257532596588135,
    0.9875300526618958,
    0.9147041440010071,
    0.8497552871704102,
    0.8576985001564026
  ],
  "acceptance_rates": [
    0.99707,
    0.957505,
    0.91922,
    0.880525,
    0.84224,
    0.804565,
    0.766725,
    0.730085,
    0.69308,
    0.65707,
    0.62259,
    0.588895,
    0.556715,
    0.52391,
    0.491645,
    0.463175,
    0.43453,
    0.40707,
    0.37966,
    0.35343,
    0.328545,
    0.30415,
    0.28268,
    0.261205,
    0.241075,
    0.22204,
    0.2023,
    0.18885,
    0.17242,
    0.156645,
    0.143505,
    0.132405,
    0.118055,
    0.108515,
    0.09804,
    0.088995,
    0.081135,
    0.0713,
    0.062785,
    0.06026
  ],
  "scale_param_range": [
    0.01,
    0.1123076923076923,
    0.21461538461538462,
    0.3169230769230769,
    0.41923076923076924,
    0.5215384615384615,
    0.6238461538461538,
    0.7261538461538461,
    0.8284615384615385,
    0.9307692307692308,
    1.033076923076923,
    1.1353846153846154,
    1.2376923076923076,
    1.34,
    1.4423076923076923,
    1.5446153846153847,
    1.646923076923077,
    1.7492307692307691,
    1.8515384615384616,
    1.9538461538461538,
    2.0561538461538458,
    2.1584615384615384,
    2.2607692307692306,
    2.363076923076923,
    2.465384615384615,
    2.5676923076923073,
    2.67,
    2.772307692307692,
    2.8746153846153844,
    2.9769230769230766,
    3.079230769230769,
    3.1815384615384614,
    3.2838461538461536,
    3.386153846153846,
    3.488461538461538,
    3.5907692307692307,
    3.693076923076923,
    3.795384615384615,
    3.8976923076923073,
    4.0
  ],
  "times": [
    15.41012978553772,
    15.328402519226074,
    15.265505075454712,
    15.248195886611938,
    15.180019617080688,
    15.251384973526001,
    15.181857347488403,
    15.232305765151978,
    15.14790964126587,
    15.275974035263062,
    15.167710065841675,
    15.30345606803894,
    15.192625045776367,
    15.49696946144104,
    15.148110389709473,
    15.21129322052002,
    15.097123384475708,
    15.187092065811157,
    15.11596965789795,
    15.136252641677856,
    15.10628867149353,
    15.175864458084106,
    15.44873046875,
    15.59633994102478,
    15.511993169784546,
    15.560841083526611,
    15.546292543411255,
    15.54961371421814,
    15.495374202728271,
    15.610583543777466,
    15.51049542427063,
    15.572185277938843,
    15.523167371749878,
    15.593036413192749,
    15.528168439865112,
    15.504732608795166,
    15.513959169387817,
    15.59858751296997,
    15.511643171310425,
    15.573624610900879
  ]
}