{
  "target_distribution": "MultivariateNormal",
  "proposal_distribution": "UniformRadius",
  "dimension": 2,
  "num_iterations": 200000,
  "seed": 20,
  "total_time": 1673.0093839168549,
  "max_esjd": 1.1049590110778809,
  "max_acceptance_rate": 0.291745,
  "max_scale_param": 3.4153846153846157,
  "expected_squared_jump_distances": [
    4.996869756723754e-05,
    0.016882646828889847,
    0.06012171879410744,
    0.12435483932495117,
    0.20422784984111786,
    0.29468467831611633,
    0.3920303285121918,
    0.491910845041275,
    0.589798092842102,
    0.6862006187438965,
    0.7734003067016602,
    0.8533079624176025,
    0.9214591979980469,
    0.979321300983429,
    1.0255327224731445,
    1.066062331199646,
    1.0898492336273193,
    1.101009488105774,
    1.1044353246688843,
    1.1049590110778809,
    1.0897027254104614,
    1.0794597864151,
    1.0615992546081543,
    1.0262011289596558,
    0.9897552728652954,
    0.9419527649879456,
    0.9168716669082642,
    0.8926955461502075,
    0.8475531935691833,
    0.8011946082115173,
    0.7650099992752075,
    0.7477554678916931,
    0.6986488103866577,
    0.6533613801002502,
    0.6262335181236267,
    0.5936990976333618,
    0.5697894096374512,
    0.5534937381744385,
    0.5163605213165283,
    0.48815757036209106
  ],
  "acceptance_rates": [
    0.99798,
    0.95123,
    0.903435,
    0.85598,
    0.809605,
    0.76357,
    0.719485,
    0.676195,
    0.633965,
    0.5952,
    0.556205,
    0.520325,
    0.484605,
    0.451965,
    0.420205,
    0.391335,
    0.364115,
    0.33723,
    0.313625,
    0.291745,
    0.27079,
    0.252785,
    0.235535,
    0.218415,
    0.202745,
    0.187975,
    0.17731,
    0.167145,
    0.15525,
    0.144475,
    0.13595,
    0.128895,
    0.120025,
    0.112315,
    0.106975,
    0.101205,
    0.09529,
    0.090775,
    0.08589,
    0.081265
  ],
  "scale_param_range": [
    0.01,
    0.18923076923076926,
    0.3684615384615385,
    0.5476923076923077,
    0.726923076923077,
    0.9061538461538463,
    1.0853846153846154,
    1.2646153846153847,
    1.443846153846154,
    1.6230769230769233,
    1.8023076923076926,
    1.9815384615384617,
    2.1607692307692306,
    2.34,
    2.519230769230769,
    2.6984615384615385,
    2.8776923076923078,
    3.056923076923077,
    3.2361538461538464,
    3.4153846153846157,
    3.594615384615385,
    3.773846153846154,
    3.953076923076923,
    4.132307692307693,
    4.311538461538461,
    4.490769230769231,
    4.67,
    4.849230769230769,
    5.0284615384615385,
    5.207692307692308,
    5.386923076923077,
    5.5661538461538465,
    5.745384615384616,
    5.924615384615385,
    6.103846153846154,
    6.283076923076924,
    6.462307692307693,
    6.641538461538462,
    6.820769230769232,
    7.0
  ],
  "times": [
    42.25686001777649,
    42.09099745750427,
    41.95436501502991,
    41.88740015029907,
    41.985620737075806,
    41.99822163581848,
    41.80474328994751,
    41.89895153045654,
    41.771263122558594,
    41.994434118270874,
    41.731364250183105,
    41.963560342788696,
    41.674715757369995,
    41.84087681770325,
    41.75053811073303,
    41.815569162368774,
    41.8041136264801,
    41.96971583366394,
    41.70012140274048,
    41.815101861953735,
    41.696322441101074,
    41.867149353027344,
    41.65734672546387,
    41.83711767196655,
    41.70811724662781,
    41.9019660949707,
    41.7396194934845,
    41.925010681152344,
    41.7728214263916,
    41.84885501861572,
    41.628073930740356,
    41.858742475509644,
    41.720865964889526,
    41.81805896759033,
    41.66831612586975,
    41.77867603302002,
    41.60969352722168,
    41.81991910934448,
    41.60491418838501,
    41.78933525085449
  ]
}