{
  "target_distribution": "MultivariateNormal",
  "proposal_distribution": "UniformRadius",
  "dimension": 2,
  "num_iterations": 200000,
  "seed": 8,
  "total_time": 1712.3583261966705,
  "max_esjd": 1.1007492542266846,
  "max_acceptance_rate": 0.312835,
  "max_scale_param": 3.2361538461538464,
  "expected_squared_jump_distances": [
    4.996889765607193e-05,
    0.01687864027917385,
    0.06012780964374542,
    0.12440461665391922,
    0.20417171716690063,
    0.29481592774391174,
    0.3916275203227997,
    0.4911275804042816,
    0.5906165242195129,
    0.6854619383811951,
    0.773018479347229,
    0.8542672395706177,
    0.9236733913421631,
    0.9806051254272461,
    1.0284500122070312,
    1.061204195022583,
    1.0851167440414429,
    1.0964206457138062,
    1.1007492542266846,
    1.096583604812622,
    1.0956699848175049,
    1.0761947631835938,
    1.0477012395858765,
    1.0145984888076782,
    0.9944248795509338,
    0.958510160446167,
    0.9179766178131104,
    0.8790369033813477,
    0.8354641795158386,
    0.8032635450363159,
    0.7584615349769592,
    0.6970182061195374,
    0.7014476656913757,
    0.6662201881408691,
    0.6406949758529663,
    0.5895052552223206,
    0.5770268440246582,
    0.5367277264595032,
    0.5134420394897461,
    0.47952425479888916
  ],
  "acceptance_rates": [
    0.997975,
    0.951085,
    0.903555,
    0.8562,
    0.809375,
    0.76383,
    0.718575,
    0.67585,
    0.63496,
    0.59451,
    0.55642,
    0.520215,
    0.48489,
    0.4521,
    0.4215,
    0.39068,
    0.362615,
    0.336985,
    0.312835,
    0.291335,
    0.271395,
    0.25245,
    0.234315,
    0.2167,
    0.20401,
    0.190075,
    0.177075,
    0.16495,
    0.15386,
    0.145185,
    0.13576,
    0.125115,
    0.12034,
    0.11382,
    0.10823,
    0.100275,
    0.096,
    0.089835,
    0.085455,
    0.08013
  ],
  "scale_param_range": [
    0.01,
    0.18923076923076926,
    0.3684615384615385,
    0.5476923076923077,
    0.726923076923077,
    0.9061538461538463,
    1.0853846153846154,
    1.2646153846153847,
    1.443846153846154,
    1.6230769230769233,
    1.8023076923076926,
    1.9815384615384617,
    2.1607692307692306,
    2.34,
    2.519230769230769,
    2.6984615384615385,
    2.8776923076923078,
    3.056923076923077,
    3.2361538461538464,
    3.4153846153846157,
    3.594615384615385,
    3.773846153846154,
    3.953076923076923,
    4.132307692307693,
    4.311538461538461,
    4.490769230769231,
    4.67,
    4.849230769230769,
    5.0284615384615385,
    5.207692307692308,
    5.386923076923077,
    5.5661538461538465,
    5.745384615384616,
    5.924615384615385,
    6.103846153846154,
    6.283076923076924,
    6.462307692307693,
    6.641538461538462,
    6.820769230769232,
    7.0
  ],
  "times": [
    43.063146114349365,
    43.00378918647766,
    42.89492464065552,
    42.87733173370361,
    42.94448661804199,
    42.90905475616455,
    42.80820560455322,
    42.909037828445435,
    42.73697066307068,
    42.95695638656616,
    42.680521726608276,
    42.89982271194458,
    42.7194721698761,
    42.94766426086426,
    42.75687122344971,
    42.85519313812256,
    42.67304253578186,
    42.81864857673645,
    42.598689556121826,
    42.84747862815857,
    42.70024251937866,
    42.93661046028137,
    42.68645882606506,
    42.855260133743286,
    42.66925382614136,
    42.865978717803955,
    42.67529916763306,
    42.860241651535034,
    42.67813587188721,
    42.89939284324646,
    42.69967794418335,
    42.83755135536194,
    42.68711876869202,
    42.78752040863037,
    42.71144390106201,
    42.81463360786438,
    42.66650581359863,
    42.865524768829346,
    42.68537449836731,
    42.830463886260986
  ]
}