{
  "target_distribution": "MultivariateNormal",
  "proposal_distribution": "UniformRadius",
  "dimension": 10,
  "num_iterations": 200000,
  "seed": 5,
  "total_time": 1670.314301252365,
  "max_esjd": 1.3119800090789795,
  "max_acceptance_rate": 0.246575,
  "max_scale_param": 2.5676923076923073,
  "expected_squared_jump_distances": [
    8.318803884321824e-05,
    0.010096010752022266,
    0.03542564809322357,
    0.07412111014127731,
    0.12409054487943649,
    0.1838114857673645,
    0.2508094012737274,
    0.3238016963005066,
    0.40102049708366394,
    0.48191216588020325,
    0.5634238123893738,
    0.6454203128814697,
    0.7244841456413269,
    0.8042837977409363,
    0.8792337775230408,
    0.9474605917930603,
    1.0147249698638916,
    1.071231484413147,
    1.1243195533752441,
    1.1689122915267944,
    1.2133854627609253,
    1.2393739223480225,
    1.271913766860962,
    1.2872081995010376,
    1.2991937398910522,
    1.3119800090789795,
    1.307348608970642,
    1.3000280857086182,
    1.29210364818573,
    1.2622812986373901,
    1.2484155893325806,
    1.209553599357605,
    1.1881341934204102,
    1.1707018613815308,
    1.128450632095337,
    1.090647578239441,
    1.0397731065750122,
    0.9813369512557983,
    0.9471248388290405,
    0.8953565359115601
  ],
  "acceptance_rates": [
    0.998095,
    0.96098,
    0.92408,
    0.887225,
    0.849515,
    0.81366,
    0.77659,
    0.74056,
    0.705245,
    0.672095,
    0.638545,
    0.60636,
    0.57357,
    0.543745,
    0.513595,
    0.483455,
    0.45608,
    0.42732,
    0.40126,
    0.375315,
    0.35231,
    0.32701,
    0.306515,
    0.2846,
    0.26463,
    0.246575,
    0.22791,
    0.210775,
    0.19519,
    0.178525,
    0.16531,
    0.150585,
    0.13911,
    0.129445,
    0.11772,
    0.10775,
    0.09755,
    0.08744,
    0.080525,
    0.0725
  ],
  "scale_param_range": [
    0.01,
    0.1123076923076923,
    0.21461538461538462,
    0.3169230769230769,
    0.41923076923076924,
    0.5215384615384615,
    0.6238461538461538,
    0.7261538461538461,
    0.8284615384615385,
    0.9307692307692308,
    1.033076923076923,
    1.1353846153846154,
    1.2376923076923076,
    1.34,
    1.4423076923076923,
    1.5446153846153847,
    1.646923076923077,
    1.7492307692307691,
    1.8515384615384616,
    1.9538461538461538,
    2.0561538461538458,
    2.1584615384615384,
    2.2607692307692306,
    2.363076923076923,
    2.465384615384615,
    2.5676923076923073,
    2.67,
    2.772307692307692,
    2.8746153846153844,
    2.9769230769230766,
    3.079230769230769,
    3.1815384615384614,
    3.2838461538461536,
    3.386153846153846,
    3.488461538461538,
    3.5907692307692307,
    3.693076923076923,
    3.795384615384615,
    3.8976923076923073,
    4.0
  ],
  "times": [
    41.86970639228821,
    41.79977321624756,
    41.6958122253418,
    41.79813575744629,
    41.82124161720276,
    42.03432750701904,
    41.6449499130249,
    41.75263261795044,
    41.53355956077576,
    41.84527945518494,
    41.72449207305908,
    42.15307307243347,
    41.76278233528137,
    41.93297600746155,
    41.77719473838806,
    42.12132525444031,
    41.617595195770264,
    41.81852078437805,
    41.76047158241272,
    41.891011476516724,
    41.5891809463501,
    41.813483476638794,
    41.56968402862549,
    41.76679539680481,
    41.60590219497681,
    41.8419988155365,
    41.529667139053345,
    41.75666570663452,
    41.629050970077515,
    41.9150116443634,
    41.62034487724304,
    41.82354927062988,
    41.59403896331787,
    41.747355937957764,
    41.59733986854553,
    41.75256371498108,
    41.549092292785645,
    41.78108358383179,
    41.50986981391907,
    41.92687106132507
  ]
}