{
  "target_distribution": "MultivariateNormal",
  "proposal_distribution": "Laplace",
  "dimension": 50,
  "num_iterations": 200000,
  "seed": 18,
  "total_time": 1108.3558909893036,
  "max_esjd": 1.2774771451950073,
  "max_acceptance_rate": 0.250755,
  "max_scale_param": 2.363076923076923,
  "expected_squared_jump_distances": [
    9.978708112612367e-05,
    0.012023067101836205,
    0.04193336144089699,
    0.08730203658342361,
    0.14559267461299896,
    0.21420171856880188,
    0.29095908999443054,
    0.3731025755405426,
    0.4589003920555115,
    0.5457887649536133,
    0.6328205466270447,
    0.7178924083709717,
    0.8015215992927551,
    0.8772309422492981,
    0.9514027237892151,
    1.015801191329956,
    1.0799460411071777,
    1.126995325088501,
    1.1729297637939453,
    1.2101390361785889,
    1.2382367849349976,
    1.2621150016784668,
    1.2664639949798584,
    1.2774771451950073,
    1.2756468057632446,
    1.2700871229171753,
    1.2509596347808838,
    1.24120032787323,
    1.2098652124404907,
    1.182702898979187,
    1.1499385833740234,
    1.098074197769165,
    1.0712246894836426,
    1.0162354707717896,
    0.9641301035881042,
    0.9560109972953796,
    0.8834646940231323,
    0.8415260910987854,
    0.8028021454811096,
    0.7715698480606079
  ],
  "acceptance_rates": [
    0.99845,
    0.95587,
    0.91478,
    0.875555,
    0.83646,
    0.79734,
    0.75901,
    0.72058,
    0.68351,
    0.646525,
    0.610375,
    0.575455,
    0.542765,
    0.509245,
    0.4786,
    0.44802,
    0.42055,
    0.39055,
    0.364605,
    0.339505,
    0.315415,
    0.293115,
    0.269795,
    0.250755,
    0.23115,
    0.21358,
    0.195665,
    0.180975,
    0.16501,
    0.15164,
    0.13884,
    0.12528,
    0.1153,
    0.10346,
    0.093895,
    0.088,
    0.077705,
    0.0702,
    0.064065,
    0.059065
  ],
  "scale_param_range": [
    0.01,
    0.1123076923076923,
    0.21461538461538462,
    0.3169230769230769,
    0.41923076923076924,
    0.5215384615384615,
    0.6238461538461538,
    0.7261538461538461,
    0.8284615384615385,
    0.9307692307692308,
    1.033076923076923,
    1.1353846153846154,
    1.2376923076923076,
    1.34,
    1.4423076923076923,
    1.5446153846153847,
    1.646923076923077,
    1.7492307692307691,
    1.8515384615384616,
    1.9538461538461538,
    2.0561538461538458,
    2.1584615384615384,
    2.2607692307692306,
    2.363076923076923,
    2.465384615384615,
    2.5676923076923073,
    2.67,
    2.772307692307692,
    2.8746153846153844,
    2.9769230769230766,
    3.079230769230769,
    3.1815384615384614,
    3.2838461538461536,
    3.386153846153846,
    3.488461538461538,
    3.5907692307692307,
    3.693076923076923,
    3.795384615384615,
    3.8976923076923073,
    4.0
  ],
  "times": [
    27.70803189277649,
    27.821486234664917,
    27.834136247634888,
    27.776264667510986,
    27.78515648841858,
    27.79882025718689,
    27.662004709243774,
    27.790728330612183,
    27.60585856437683,
    27.94773769378662,
    27.608911991119385,
    27.735090255737305,
    27.62550711631775,
    27.653138399124146,
    27.673577070236206,
    27.68142580986023,
    27.64060401916504,
    27.711705446243286,
    27.58760404586792,
    27.821521520614624,
    27.586811065673828,
    27.902546167373657,
    27.6136794090271,
    27.81544041633606,
    27.605525016784668,
    27.804155588150024,
    27.670366525650024,
    27.76778507232666,
    27.662013053894043,
    27.710233688354492,
    27.647870779037476,
    27.687127590179443,
    27.63921880722046,
    27.839606523513794,
    27.60528302192688,
    27.720343589782715,
    27.588001251220703,
    27.687389135360718,
    27.547066926956177,
    27.7445285320282
  ]
}