{
  "target_distribution": "MultivariateNormal",
  "proposal_distribution": "UniformRadius",
  "dimension": 2,
  "num_iterations": 200000,
  "seed": 13,
  "total_time": 1699.9693684577942,
  "max_esjd": 1.106831669807434,
  "max_acceptance_rate": 0.33876,
  "max_scale_param": 3.056923076923077,
  "expected_squared_jump_distances": [
    4.9968781240750104e-05,
    0.016881845891475677,
    0.060109321027994156,
    0.12429175525903702,
    0.20425572991371155,
    0.29488521814346313,
    0.3916551470756531,
    0.4919184744358063,
    0.5904318690299988,
    0.6864689588546753,
    0.7706019878387451,
    0.8538672924041748,
    0.91948401927948,
    0.9795660972595215,
    1.030027151107788,
    1.0670453310012817,
    1.088828682899475,
    1.106831669807434,
    1.1037551164627075,
    1.106587529182434,
    1.0898890495300293,
    1.0857218503952026,
    1.0492020845413208,
    1.024450421333313,
    0.9883618354797363,
    0.9511651396751404,
    0.9181534647941589,
    0.8805423378944397,
    0.8311095237731934,
    0.7959312796592712,
    0.7584481239318848,
    0.723967969417572,
    0.6839113235473633,
    0.6638716459274292,
    0.6345791816711426,
    0.6049951910972595,
    0.5682657957077026,
    0.5324375033378601,
    0.5051010251045227,
    0.4834578037261963
  ],
  "acceptance_rates": [
    0.997965,
    0.951225,
    0.903325,
    0.855535,
    0.80955,
    0.763925,
    0.718745,
    0.676475,
    0.635145,
    0.59527,
    0.55546,
    0.519825,
    0.484715,
    0.451035,
    0.42081,
    0.39146,
    0.36345,
    0.33876,
    0.313215,
    0.292235,
    0.270715,
    0.2533,
    0.23501,
    0.21843,
    0.202975,
    0.188995,
    0.177485,
    0.165925,
    0.15369,
    0.144365,
    0.135635,
    0.127535,
    0.11932,
    0.113355,
    0.1071,
    0.101125,
    0.094915,
    0.08975,
    0.085415,
    0.080975
  ],
  "scale_param_range": [
    0.01,
    0.18923076923076926,
    0.3684615384615385,
    0.5476923076923077,
    0.726923076923077,
    0.9061538461538463,
    1.0853846153846154,
    1.2646153846153847,
    1.443846153846154,
    1.6230769230769233,
    1.8023076923076926,
    1.9815384615384617,
    2.1607692307692306,
    2.34,
    2.519230769230769,
    2.6984615384615385,
    2.8776923076923078,
    3.056923076923077,
    3.2361538461538464,
    3.4153846153846157,
    3.594615384615385,
    3.773846153846154,
    3.953076923076923,
    4.132307692307693,
    4.311538461538461,
    4.490769230769231,
    4.67,
    4.849230769230769,
    5.0284615384615385,
    5.207692307692308,
    5.386923076923077,
    5.5661538461538465,
    5.745384615384616,
    5.924615384615385,
    6.103846153846154,
    6.283076923076924,
    6.462307692307693,
    6.641538461538462,
    6.820769230769232,
    7.0
  ],
  "times": [
    42.93365693092346,
    42.75764274597168,
    42.58001518249512,
    42.57534337043762,
    42.64795136451721,
    42.6133074760437,
    42.3868465423584,
    42.58461141586304,
    42.39796161651611,
    42.59055829048157,
    42.38418102264404,
    42.55474638938904,
    42.38044881820679,
    42.6057767868042,
    42.33393096923828,
    42.49623703956604,
    42.31743264198303,
    42.579479694366455,
    42.35618805885315,
    42.549379110336304,
    42.37846398353577,
    42.61299467086792,
    42.48609018325806,
    42.54813814163208,
    42.35223412513733,
    42.62517070770264,
    42.27291417121887,
    42.494999408721924,
    42.344674587249756,
    42.58757257461548,
    42.32219171524048,
    42.58615159988403,
    42.36294484138489,
    42.59222340583801,
    42.32961177825928,
    42.56924057006836,
    42.33309006690979,
    42.529622316360474,
    42.396634578704834,
    42.57417964935303
  ]
}