{
  "target_distribution": "MultivariateNormal",
  "dimension": 30,
  "num_iterations": 500000,
  "seed": 11,
  "total_time": 10619.644161462784,
  "max_esjd": 0.005443549535349444,
  "max_actual_acceptance_rate": 0.19076827344045158,
  "max_constr_acceptance_rate": 0.21275862068965518,
  "expected_squared_jump_distances": [
    0.0008828754783029877,
    0.0018378098209712584,
    0.002488355409530299,
    0.003084304633210224,
    0.0036085688337037006,
    0.004134329594667734,
    0.003956684160128105,
    0.004317820924080458,
    0.004840728240201909,
    0.0044072218947285415,
    0.004854210944019339,
    0.005128995044180472,
    0.005443549535349444,
    0.004935924221138283,
    0.005093448595118918,
    0.005336554974172432,
    0.00500069162480731,
    0.005152365974777335,
    0.005184867509146939,
    0.004876395830941943,
    0.004869544364431017,
    0.005037346208476987,
    0.004649025782427233,
    0.0047183672781888515,
    0.004395380676594433,
    0.004421443988869514,
    0.004150977577939847,
    0.00416292526442502,
    0.0038830582644003788,
    0.0038655007297128535
  ],
  "acceptance_rates": [
    0.0185296594874263,
    0.05822328931572629,
    0.04001200360108032,
    0.08877650151437225,
    0.07664609053497942,
    0.08343575818207803,
    0.1208241648329666,
    0.12056205620562056,
    0.13176317631763176,
    0.1666,
    0.17018912371935907,
    0.17832299931106518,
    0.19076827344045158,
    0.2152643052861057,
    0.22362894515780632,
    0.23982877945353442,
    0.26357322084439433,
    0.27303803913011854,
    0.2869715428675334,
    0.31010516841947366,
    0.32096069868995636,
    0.3345389089818164,
    0.3561747103801597,
    0.36949799227680424,
    0.3897111346038458,
    0.40304008685962456,
    0.4232338587086967,
    0.4373391645221936,
    0.45705571319641497,
    0.4709742743568589
  ],
  "swap_acceptance_rates_range": [
    0.01,
    0.026896551724137928,
    0.04379310344827586,
    0.060689655172413794,
    0.07758620689655171,
    0.09448275862068964,
    0.11137931034482758,
    0.12827586206896552,
    0.14517241379310344,
    0.16206896551724137,
    0.1789655172413793,
    0.19586206896551722,
    0.21275862068965518,
    0.2296551724137931,
    0.24655172413793103,
    0.2634482758620689,
    0.2803448275862069,
    0.29724137931034483,
    0.31413793103448273,
    0.3310344827586207,
    0.3479310344827586,
    0.36482758620689654,
    0.38172413793103444,
    0.3986206896551724,
    0.41551724137931034,
    0.43241379310344824,
    0.4493103448275862,
    0.4662068965517241,
    0.48310344827586205,
    0.5
  ],
  "times": [
    218.4540491104126,
    245.91089701652527,
    245.68991708755493,
    280.2831058502197,
    280.1900987625122,
    279.0314738750458,
    301.66203808784485,
    301.6755495071411,
    301.24016547203064,
    323.553777217865,
    324.3488600254059,
    323.52334904670715,
    323.4712588787079,
    345.9618799686432,
    345.25768089294434,
    345.226375579834,
    367.5587706565857,
    366.6846966743469,
    366.830198764801,
    389.0975487232208,
    389.7861964702606,
    388.9535553455353,
    412.2432243824005,
    411.22434520721436,
    432.8158802986145,
    434.2679569721222,
    457.1014943122864,
    456.05022406578064,
    480.8667993545532,
    480.6448895931244
  ]
}