{
  "max_esjd": 0.0017335146954766492,
  "expected_squared_jump_distances": [
    0.0015067858164655287,
    0.0016575696669404694,
    0.0016575696669404694,
    0.0016575696669404694,
    0.0016575696669404694,
    0.0016575696669404694,
    0.0016575696669404694,
    0.0016575696669404694,
    0.0016575696669404694,
    0.0016575696669404694,
    0.0016575696669404694,
    0.0016575696669404694,
    0.0016575696669404694,
    0.0016575696669404694,
    0.0016575696669404694,
    0.0016575696669404694,
    0.0016575696669404694,
    0.0016575696669404694,
    0.0016575696669404694,
    0.0016575696669404694,
    0.0016575696669404694,
    0.0016575696669404694,
    0.0016575696669404694,
    0.0016575696669404694,
    0.0016575696669404694,
    0.0016575696669404694,
    0.0016575696669404694,
    0.0016575696669404694,
    0.0016575696669404694,
    0.0016575696669404694
  ],
  "acceptance_rates": [
    0.15380855055800643,
    0.15285409219807913,
    0.15285409219807913,
    0.15285409219807913,
    0.15285409219807913,
    0.15285409219807913,
    0.15285409219807913,
    0.15285409219807913,
    0.15285409219807913,
    0.15285409219807913,
    0.15285409219807913,
    0.15285409219807913,
    0.15285409219807913,
    0.15285409219807913,
    0.15285409219807913,
    0.15285409219807913,
    0.15285409219807913,
    0.15285409219807913,
    0.15285409219807913,
    0.15285409219807913,
    0.15285409219807913,
    0.15285409219807913,
    0.15285409219807913,
    0.15285409219807913,
    0.15285409219807913,
    0.15285409219807913,
    0.15285409219807913,
    0.15285409219807913,
    0.15285409219807913,
    0.15285409219807913
  ],
  "target_distribution": "MultivariateNormal",
  "dimension": 20,
  "num_iterations": 200000,
  "averaged_from_seeds": [
    12,
    13,
    17,
    5,
    3,
    8,
    16,
    6,
    19,
    10,
    18,
    1,
    2,
    4,
    9
  ],
  "num_files_averaged": 15,
  "source_files": [
    "MultivariateNormal_PT_GPU_dim20_200000iters_seed12.json",
    "MultivariateNormal_PT_GPU_dim20_200000iters_seed13.json",
    "MultivariateNormal_PT_GPU_dim20_200000iters_seed17.json",
    "MultivariateNormal_PT_GPU_dim20_200000iters_seed5.json",
    "MultivariateNormal_PT_GPU_dim20_200000iters_seed3.json",
    "MultivariateNormal_PT_GPU_dim20_200000iters_seed8.json",
    "MultivariateNormal_PT_GPU_dim20_200000iters_seed16.json",
    "MultivariateNormal_PT_GPU_dim20_200000iters_seed6.json",
    "MultivariateNormal_PT_GPU_dim20_200000iters_seed19.json",
    "MultivariateNormal_PT_GPU_dim20_200000iters_seed10.json",
    "MultivariateNormal_PT_GPU_dim20_200000iters_seed18.json",
    "MultivariateNormal_PT_GPU_dim20_200000iters_seed1.json",
    "MultivariateNormal_PT_GPU_dim20_200000iters_seed2.json",
    "MultivariateNormal_PT_GPU_dim20_200000iters_seed4.json",
    "MultivariateNormal_PT_GPU_dim20_200000iters_seed9.json"
  ]
}