{
  "target_distribution": "MultivariateNormal",
  "proposal_distribution": "Laplace",
  "dimension": 2,
  "num_iterations": 200000,
  "seed": 11,
  "total_time": 1663.4982252120972,
  "max_esjd": 0.8095995187759399,
  "max_acceptance_rate": 0.340485,
  "max_scale_param": 3.079230769230769,
  "expected_squared_jump_distances": [
    9.969838720280677e-05,
    0.011724082753062248,
    0.039625320583581924,
    0.07971905171871185,
    0.1287638396024704,
    0.1830417960882187,
    0.24105167388916016,
    0.29872533679008484,
    0.35660767555236816,
    0.41122186183929443,
    0.46467044949531555,
    0.5116596817970276,
    0.5548286437988281,
    0.597825825214386,
    0.6307628154754639,
    0.6647806763648987,
    0.694500744342804,
    0.7168763279914856,
    0.7361651659011841,
    0.7547048330307007,
    0.775847315788269,
    0.7900801301002502,
    0.7947630882263184,
    0.8001567721366882,
    0.8055512309074402,
    0.8086926341056824,
    0.808522641658783,
    0.8055462837219238,
    0.8020532727241516,
    0.8086330890655518,
    0.8095995187759399,
    0.7951171398162842,
    0.7832746505737305,
    0.7834397554397583,
    0.7783620953559875,
    0.765574038028717,
    0.764733076095581,
    0.7579802870750427,
    0.7516884803771973,
    0.7392065525054932
  ],
  "acceptance_rates": [
    0.997735,
    0.964535,
    0.93055,
    0.897655,
    0.86562,
    0.83391,
    0.80401,
    0.77406,
    0.745635,
    0.71673,
    0.69098,
    0.665275,
    0.638995,
    0.616055,
    0.592745,
    0.571705,
    0.550275,
    0.529605,
    0.51048,
    0.491805,
    0.47546,
    0.4593,
    0.443055,
    0.426745,
    0.41269,
    0.400205,
    0.38677,
    0.37315,
    0.36093,
    0.351065,
    0.340485,
    0.328295,
    0.317455,
    0.308965,
    0.299985,
    0.29008,
    0.28259,
    0.27468,
    0.26712,
    0.258485
  ],
  "scale_param_range": [
    0.01,
    0.1123076923076923,
    0.21461538461538462,
    0.3169230769230769,
    0.41923076923076924,
    0.5215384615384615,
    0.6238461538461538,
    0.7261538461538461,
    0.8284615384615385,
    0.9307692307692308,
    1.033076923076923,
    1.1353846153846154,
    1.2376923076923076,
    1.34,
    1.4423076923076923,
    1.5446153846153847,
    1.646923076923077,
    1.7492307692307691,
    1.8515384615384616,
    1.9538461538461538,
    2.0561538461538458,
    2.1584615384615384,
    2.2607692307692306,
    2.363076923076923,
    2.465384615384615,
    2.5676923076923073,
    2.67,
    2.772307692307692,
    2.8746153846153844,
    2.9769230769230766,
    3.079230769230769,
    3.1815384615384614,
    3.2838461538461536,
    3.386153846153846,
    3.488461538461538,
    3.5907692307692307,
    3.693076923076923,
    3.795384615384615,
    3.8976923076923073,
    4.0
  ],
  "times": [
    41.930559396743774,
    41.86431932449341,
    41.652687311172485,
    41.68479657173157,
    41.799678325653076,
    41.72021412849426,
    41.44825267791748,
    41.64154314994812,
    41.4233136177063,
    41.67153358459473,
    41.55387043952942,
    41.59679102897644,
    41.45807671546936,
    41.64132213592529,
    41.528414726257324,
    41.6476354598999,
    41.49807620048523,
    41.63976192474365,
    41.534138441085815,
    41.673436641693115,
    41.53883910179138,
    41.63933253288269,
    41.38974666595459,
    41.58319902420044,
    41.57128310203552,
    41.63624310493469,
    41.49343132972717,
    41.601855993270874,
    41.417654514312744,
    41.64018940925598,
    41.40025734901428,
    41.5740008354187,
    41.491185903549194,
    41.63827157020569,
    41.504791498184204,
    41.61991095542908,
    41.456807136535645,
    41.553889751434326,
    41.47147583961487,
    41.627955198287964
  ]
}