{
  "target_distribution": "MultivariateNormal",
  "dimension": 10,
  "num_iterations": 500000,
  "seed": 19,
  "total_time": 7713.637870788574,
  "max_esjd": 0.015313918568722367,
  "max_actual_acceptance_rate": 0.24574914982996598,
  "max_constr_acceptance_rate": 0.2634482758620689,
  "expected_squared_jump_distances": [
    0.0024138282459518676,
    0.0040743864132634375,
    0.006074463725928394,
    0.008348920617096045,
    0.009804412470093813,
    0.00913230276609547,
    0.01113209390606694,
    0.011807501507592114,
    0.013184845679862596,
    0.01424407353364405,
    0.012319207372623696,
    0.012970727561251543,
    0.013437240623020964,
    0.014432542296487792,
    0.015272527051166062,
    0.015313918568722367,
    0.013476086348008579,
    0.013940276203232335,
    0.013930596164562874,
    0.014438010174968064,
    0.014634155661860252,
    0.012898558517175562,
    0.013407784862978216,
    0.013403080929325384,
    0.013220823313127855,
    0.01208748764710901,
    0.012145917887566067,
    0.011905129427020291,
    0.012091130966985688,
    0.010629960551961989
  ],
  "acceptance_rates": [
    0.03909012073911013,
    0.229,
    0.1282012805122049,
    0.09578831532613045,
    0.08373349339735894,
    0.23416683336667332,
    0.1973994798959792,
    0.1734138731098488,
    0.16563312662532506,
    0.16119223844768954,
    0.27942255117690207,
    0.26148563045942524,
    0.2481162899246516,
    0.2423818096952724,
    0.24448222977928918,
    0.24574914982996598,
    0.3206,
    0.31474285714285716,
    0.3114,
    0.31497142857142857,
    0.3179142857142857,
    0.375325,
    0.3778,
    0.37975,
    0.3841942097104855,
    0.4318666666666667,
    0.43392075379452877,
    0.43503188959754663,
    0.44338763083624083,
    0.48132962659253187
  ],
  "swap_acceptance_rates_range": [
    0.01,
    0.026896551724137928,
    0.04379310344827586,
    0.060689655172413794,
    0.07758620689655171,
    0.09448275862068964,
    0.11137931034482758,
    0.12827586206896552,
    0.14517241379310344,
    0.16206896551724137,
    0.1789655172413793,
    0.19586206896551722,
    0.21275862068965518,
    0.2296551724137931,
    0.24655172413793103,
    0.2634482758620689,
    0.2803448275862069,
    0.29724137931034483,
    0.31413793103448273,
    0.3310344827586207,
    0.3479310344827586,
    0.36482758620689654,
    0.38172413793103444,
    0.3986206896551724,
    0.41551724137931034,
    0.43241379310344824,
    0.4493103448275862,
    0.4662068965517241,
    0.48310344827586205,
    0.5
  ],
  "times": [
    171.7382493019104,
    195.65202379226685,
    194.48836016654968,
    193.95462036132812,
    194.17635369300842,
    228.33818650245667,
    228.2574164867401,
    228.26369333267212,
    228.40945315361023,
    228.90661430358887,
    250.0938708782196,
    249.75327444076538,
    249.99362993240356,
    249.7778103351593,
    250.03234243392944,
    250.03878498077393,
    272.52004170417786,
    271.91012740135193,
    271.8251357078552,
    271.9004650115967,
    272.02542543411255,
    294.6656401157379,
    294.3104884624481,
    293.80969429016113,
    294.0421841144562,
    315.6079092025757,
    315.36068415641785,
    315.60680961608887,
    314.0006728172302,
    324.140273809433
  ]
}