{
  "target_distribution": "MultivariateNormal",
  "proposal_distribution": "UniformRadius",
  "dimension": 50,
  "num_iterations": 200000,
  "seed": 13,
  "total_time": 1101.1379089355469,
  "max_esjd": 1.3201724290847778,
  "max_acceptance_rate": 0.208675,
  "max_scale_param": 2.5676923076923073,
  "expected_squared_jump_distances": [
    9.599814802641049e-05,
    0.011604981496930122,
    0.04057107865810394,
    0.08462494611740112,
    0.14148516952991486,
    0.20858612656593323,
    0.28408053517341614,
    0.36521685123443604,
    0.45080429315567017,
    0.5390579700469971,
    0.6283970475196838,
    0.7143239378929138,
    0.7997406721115112,
    0.8815237283706665,
    0.9558468461036682,
    1.0238837003707886,
    1.0920950174331665,
    1.1479973793029785,
    1.1964404582977295,
    1.2362738847732544,
    1.2656840085983276,
    1.2920492887496948,
    1.3138346672058105,
    1.314846158027649,
    1.3114089965820312,
    1.3201724290847778,
    1.3030705451965332,
    1.2781977653503418,
    1.2474381923675537,
    1.2203433513641357,
    1.1927101612091064,
    1.1610369682312012,
    1.096913456916809,
    1.059982419013977,
    1.0135562419891357,
    0.9714001417160034,
    0.8993709087371826,
    0.841023862361908,
    0.80605149269104,
    0.7488436698913574
  ],
  "acceptance_rates": [
    0.99848,
    0.95698,
    0.91621,
    0.87639,
    0.83741,
    0.797755,
    0.759395,
    0.720585,
    0.68342,
    0.64745,
    0.612675,
    0.576685,
    0.54332,
    0.51097,
    0.478295,
    0.44676,
    0.419205,
    0.390615,
    0.36338,
    0.337255,
    0.311795,
    0.288925,
    0.26772,
    0.245335,
    0.224755,
    0.208675,
    0.19049,
    0.17331,
    0.15738,
    0.143505,
    0.131135,
    0.119605,
    0.10608,
    0.096425,
    0.086885,
    0.07862,
    0.068825,
    0.060965,
    0.05543,
    0.04887
  ],
  "scale_param_range": [
    0.01,
    0.1123076923076923,
    0.21461538461538462,
    0.3169230769230769,
    0.41923076923076924,
    0.5215384615384615,
    0.6238461538461538,
    0.7261538461538461,
    0.8284615384615385,
    0.9307692307692308,
    1.033076923076923,
    1.1353846153846154,
    1.2376923076923076,
    1.34,
    1.4423076923076923,
    1.5446153846153847,
    1.646923076923077,
    1.7492307692307691,
    1.8515384615384616,
    1.9538461538461538,
    2.0561538461538458,
    2.1584615384615384,
    2.2607692307692306,
    2.363076923076923,
    2.465384615384615,
    2.5676923076923073,
    2.67,
    2.772307692307692,
    2.8746153846153844,
    2.9769230769230766,
    3.079230769230769,
    3.1815384615384614,
    3.2838461538461536,
    3.386153846153846,
    3.488461538461538,
    3.5907692307692307,
    3.693076923076923,
    3.795384615384615,
    3.8976923076923073,
    4.0
  ],
  "times": [
    27.734395027160645,
    27.583454608917236,
    27.511849880218506,
    27.761545181274414,
    27.48714280128479,
    27.43728470802307,
    27.769979000091553,
    27.509630918502808,
    27.303059339523315,
    27.6669282913208,
    27.36021900177002,
    27.465477466583252,
    27.362892150878906,
    27.445860385894775,
    27.333741664886475,
    27.51796269416809,
    27.375114679336548,
    27.593754768371582,
    27.37962770462036,
    27.570373058319092,
    27.171656608581543,
    27.63494038581848,
    27.222188234329224,
    27.49655318260193,
    27.349295377731323,
    27.616680145263672,
    28.17339825630188,
    27.644107580184937,
    27.57590961456299,
    27.569947242736816,
    27.436822175979614,
    27.492965936660767,
    27.959445238113403,
    27.865386486053467,
    27.692643404006958,
    27.73000741004944,
    27.643584728240967,
    27.376221418380737,
    26.981101751327515,
    27.28041434288025
  ]
}