{
  "target_distribution": "MultivariateNormal",
  "proposal_distribution": "UniformRadius",
  "dimension": 2,
  "num_iterations": 200000,
  "seed": 18,
  "total_time": 1653.2498126029968,
  "max_esjd": 1.1129446029663086,
  "max_acceptance_rate": 0.3144,
  "max_scale_param": 3.2361538461538464,
  "expected_squared_jump_distances": [
    4.996768984710798e-05,
    0.016881205141544342,
    0.06013961881399155,
    0.12431196123361588,
    0.204142764210701,
    0.2944636642932892,
    0.39215177297592163,
    0.4916284680366516,
    0.5911263823509216,
    0.6861212253570557,
    0.7726613879203796,
    0.8521368503570557,
    0.9204951524734497,
    0.9811359643936157,
    1.0252726078033447,
    1.0655171871185303,
    1.0855016708374023,
    1.107093095779419,
    1.1129446029663086,
    1.1018444299697876,
    1.098250150680542,
    1.088374376296997,
    1.0494492053985596,
    1.0225543975830078,
    1.0035960674285889,
    0.9469396471977234,
    0.9056515693664551,
    0.8751665949821472,
    0.8288328051567078,
    0.7939362525939941,
    0.7614782452583313,
    0.7250142097473145,
    0.6897199153900146,
    0.6711184978485107,
    0.6126818656921387,
    0.594244122505188,
    0.5622835755348206,
    0.5328839421272278,
    0.508449137210846,
    0.48171958327293396
  ],
  "acceptance_rates": [
    0.99795,
    0.95121,
    0.90371,
    0.855895,
    0.809485,
    0.763485,
    0.719525,
    0.676185,
    0.635505,
    0.59522,
    0.55632,
    0.51947,
    0.484515,
    0.45213,
    0.42031,
    0.391665,
    0.36297,
    0.33798,
    0.3144,
    0.29156,
    0.271345,
    0.25332,
    0.23501,
    0.21812,
    0.204615,
    0.18944,
    0.17572,
    0.16488,
    0.153835,
    0.144265,
    0.135785,
    0.12762,
    0.11986,
    0.11418,
    0.105615,
    0.101185,
    0.095175,
    0.090115,
    0.085075,
    0.08055
  ],
  "scale_param_range": [
    0.01,
    0.18923076923076926,
    0.3684615384615385,
    0.5476923076923077,
    0.726923076923077,
    0.9061538461538463,
    1.0853846153846154,
    1.2646153846153847,
    1.443846153846154,
    1.6230769230769233,
    1.8023076923076926,
    1.9815384615384617,
    2.1607692307692306,
    2.34,
    2.519230769230769,
    2.6984615384615385,
    2.8776923076923078,
    3.056923076923077,
    3.2361538461538464,
    3.4153846153846157,
    3.594615384615385,
    3.773846153846154,
    3.953076923076923,
    4.132307692307693,
    4.311538461538461,
    4.490769230769231,
    4.67,
    4.849230769230769,
    5.0284615384615385,
    5.207692307692308,
    5.386923076923077,
    5.5661538461538465,
    5.745384615384616,
    5.924615384615385,
    6.103846153846154,
    6.283076923076924,
    6.462307692307693,
    6.641538461538462,
    6.820769230769232,
    7.0
  ],
  "times": [
    41.67181086540222,
    41.38809609413147,
    41.41716384887695,
    41.44197940826416,
    41.405985593795776,
    41.346436738967896,
    41.26469302177429,
    41.4009108543396,
    41.26806831359863,
    41.43845081329346,
    41.23043203353882,
    41.410643100738525,
    41.22885298728943,
    41.36942267417908,
    41.274003744125366,
    41.46234369277954,
    41.24185848236084,
    41.40895199775696,
    41.231889486312866,
    41.36753225326538,
    41.2265830039978,
    41.421576738357544,
    41.260313987731934,
    41.43464279174805,
    41.22183346748352,
    41.36619162559509,
    41.18844389915466,
    41.50136065483093,
    41.342045545578,
    41.35210990905762,
    41.16009020805359,
    41.46333122253418,
    41.24327802658081,
    41.40845489501953,
    41.1797661781311,
    41.33284544944763,
    41.162824392318726,
    41.27454352378845,
    41.16697382926941,
    41.2207727432251
  ]
}