{
  "target_distribution": "MultivariateNormalScaled",
  "dimension": 10,
  "num_iterations": 200000,
  "seed": 20,
  "total_time": 1460.725742340088,
  "max_esjd": 0.7365549802780151,
  "max_acceptance_rate": 0.25765,
  "max_variance_value": 1.8515384615384616,
  "expected_squared_jump_distances": [
    9.957033034879714e-05,
    0.011797972954809666,
    0.04047341272234917,
    0.08269443362951279,
    0.1348952203989029,
    0.19441963732242584,
    0.2580307722091675,
    0.3236660957336426,
    0.38800710439682007,
    0.44916003942489624,
    0.5059230923652649,
    0.5583130121231079,
    0.6030169129371643,
    0.6460761427879333,
    0.6773695945739746,
    0.7031728029251099,
    0.7200597524642944,
    0.7273276448249817,
    0.7365549802780151,
    0.7344309091567993,
    0.7319908142089844,
    0.7192302942276001,
    0.703417181968689,
    0.6884954571723938,
    0.6639559864997864,
    0.6469953060150146,
    0.621316134929657,
    0.5888710021972656,
    0.5727326273918152,
    0.5515235662460327,
    0.507694661617279,
    0.48985928297042847,
    0.44589194655418396,
    0.4314233958721161,
    0.40295591950416565,
    0.3736967146396637,
    0.353598415851593,
    0.3411819338798523,
    0.31117093563079834,
    0.28683221340179443
  ],
  "acceptance_rates": [
    0.99575,
    0.94113,
    0.88953,
    0.83915,
    0.788045,
    0.73957,
    0.69157,
    0.646185,
    0.600745,
    0.556705,
    0.514945,
    0.475945,
    0.43762,
    0.40457,
    0.37119,
    0.34025,
    0.309885,
    0.282135,
    0.25765,
    0.2348,
    0.21397,
    0.194335,
    0.17525,
    0.15915,
    0.14371,
    0.131215,
    0.118725,
    0.106045,
    0.096675,
    0.08847,
    0.07777,
    0.071125,
    0.06233,
    0.057315,
    0.05118,
    0.045535,
    0.041925,
    0.038555,
    0.03397,
    0.030875
  ],
  "var_value_range": [
    0.01,
    0.1123076923076923,
    0.21461538461538462,
    0.3169230769230769,
    0.41923076923076924,
    0.5215384615384615,
    0.6238461538461538,
    0.7261538461538461,
    0.8284615384615385,
    0.9307692307692308,
    1.033076923076923,
    1.1353846153846154,
    1.2376923076923076,
    1.34,
    1.4423076923076923,
    1.5446153846153847,
    1.646923076923077,
    1.7492307692307691,
    1.8515384615384616,
    1.9538461538461538,
    2.0561538461538458,
    2.1584615384615384,
    2.2607692307692306,
    2.363076923076923,
    2.465384615384615,
    2.5676923076923073,
    2.67,
    2.772307692307692,
    2.8746153846153844,
    2.9769230769230766,
    3.079230769230769,
    3.1815384615384614,
    3.2838461538461536,
    3.386153846153846,
    3.488461538461538,
    3.5907692307692307,
    3.693076923076923,
    3.795384615384615,
    3.8976923076923073,
    4.0
  ],
  "times": [
    37.92601490020752,
    36.51039958000183,
    36.438312292099,
    36.67017221450806,
    36.479883670806885,
    36.64388680458069,
    36.66890478134155,
    36.76663017272949,
    36.67912459373474,
    36.73347234725952,
    36.77599811553955,
    36.81221652030945,
    36.53539991378784,
    36.606680393218994,
    36.57843375205994,
    36.53494310379028,
    36.41972041130066,
    36.46350860595703,
    36.38580584526062,
    36.46538281440735,
    36.331870794296265,
    36.4236855506897,
    36.39146447181702,
    36.45226001739502,
    36.38873839378357,
    36.45221281051636,
    36.345853328704834,
    36.45685052871704,
    36.27470636367798,
    36.47348117828369,
    36.32944679260254,
    36.38516807556152,
    36.347808837890625,
    36.40688705444336,
    36.36451315879822,
    36.38827681541443,
    36.290730714797974,
    36.41541337966919,
    36.29705786705017,
    36.383049726486206
  ]
}