{
  "target_distribution": "MultivariateNormal",
  "dimension": 20,
  "num_iterations": 100000,
  "seed": 4,
  "total_time": 2061.343640565872,
  "max_esjd": 0.0017810758195914535,
  "max_actual_acceptance_rate": 0.15643564356435644,
  "max_constr_acceptance_rate": 0.01,
  "expected_squared_jump_distances": [
    0.0017810758195914535,
    0.0013958548432297443,
    0.0013958548432297443,
    0.0013958548432297443,
    0.0013958548432297443,
    0.0013958548432297443,
    0.0013958548432297443,
    0.0013958548432297443,
    0.0013958548432297443,
    0.0013958548432297443,
    0.0013958548432297443,
    0.0013958548432297443,
    0.0013958548432297443,
    0.0013958548432297443,
    0.0013958548432297443,
    0.0013958548432297443,
    0.0013958548432297443,
    0.0013958548432297443,
    0.0013958548432297443,
    0.0013958548432297443,
    0.0013958548432297443,
    0.0013958548432297443,
    0.0013958548432297443,
    0.0013958548432297443,
    0.0013958548432297443,
    0.0013958548432297443,
    0.0013958548432297443,
    0.0013958548432297443,
    0.0013958548432297443,
    0.0013958548432297443
  ],
  "acceptance_rates": [
    0.15643564356435644,
    0.15742574257425743,
    0.15742574257425743,
    0.15742574257425743,
    0.15742574257425743,
    0.15742574257425743,
    0.15742574257425743,
    0.15742574257425743,
    0.15742574257425743,
    0.15742574257425743,
    0.15742574257425743,
    0.15742574257425743,
    0.15742574257425743,
    0.15742574257425743,
    0.15742574257425743,
    0.15742574257425743,
    0.15742574257425743,
    0.15742574257425743,
    0.15742574257425743,
    0.15742574257425743,
    0.15742574257425743,
    0.15742574257425743,
    0.15742574257425743,
    0.15742574257425743,
    0.15742574257425743,
    0.15742574257425743,
    0.15742574257425743,
    0.15742574257425743,
    0.15742574257425743,
    0.15742574257425743
  ],
  "swap_acceptance_rates_range": [
    0.01,
    0.026896551724137928,
    0.04379310344827586,
    0.060689655172413794,
    0.07758620689655171,
    0.09448275862068964,
    0.11137931034482758,
    0.12827586206896552,
    0.14517241379310344,
    0.16206896551724137,
    0.1789655172413793,
    0.19586206896551722,
    0.21275862068965518,
    0.2296551724137931,
    0.24655172413793103,
    0.2634482758620689,
    0.2803448275862069,
    0.29724137931034483,
    0.31413793103448273,
    0.3310344827586207,
    0.3479310344827586,
    0.36482758620689654,
    0.38172413793103444,
    0.3986206896551724,
    0.41551724137931034,
    0.43241379310344824,
    0.4493103448275862,
    0.4662068965517241,
    0.48310344827586205,
    0.5
  ],
  "times": [
    69.24017429351807,
    68.7058117389679,
    68.65138816833496,
    68.61665987968445,
    68.7972092628479,
    68.57348155975342,
    68.84530687332153,
    68.60269904136658,
    68.75063896179199,
    68.65110445022583,
    68.8144006729126,
    68.7224714756012,
    68.70713472366333,
    68.56494617462158,
    68.76800918579102,
    68.66092252731323,
    68.82605504989624,
    68.54516696929932,
    68.69196963310242,
    68.61443901062012,
    68.77143573760986,
    68.64660930633545,
    68.78542470932007,
    68.59081649780273,
    68.71364378929138,
    68.58791756629944,
    68.77590990066528,
    68.65215539932251,
    68.87392449378967,
    68.57791900634766
  ],
  "beta_ladder": [
    1.0,
    0.3290048245902302,
    0.10934667911463034,
    0.035894434385334746,
    0.011863079398368122,
    0.01
  ]
}