{
  "target_distribution": "MultivariateNormal",
  "proposal_distribution": "Laplace",
  "dimension": 2,
  "num_iterations": 200000,
  "seed": 3,
  "total_time": 1681.2021024227142,
  "max_esjd": 0.8170303702354431,
  "max_acceptance_rate": 0.37482,
  "max_scale_param": 2.772307692307692,
  "expected_squared_jump_distances": [
    9.970411338144913e-05,
    0.011724967509508133,
    0.039618104696273804,
    0.07976049929857254,
    0.128883957862854,
    0.18352052569389343,
    0.24048981070518494,
    0.29891902208328247,
    0.35634613037109375,
    0.4095449149608612,
    0.4648224115371704,
    0.5120701193809509,
    0.557086169719696,
    0.595268726348877,
    0.6319978833198547,
    0.6630046963691711,
    0.6952662467956543,
    0.7157124280929565,
    0.7397015690803528,
    0.7542993426322937,
    0.7713086009025574,
    0.7885200381278992,
    0.7933452129364014,
    0.798981785774231,
    0.8045434951782227,
    0.8116570115089417,
    0.8112934231758118,
    0.8170303702354431,
    0.8104755282402039,
    0.8035035729408264,
    0.8058673143386841,
    0.8001962304115295,
    0.8012620210647583,
    0.7865520119667053,
    0.7772840261459351,
    0.783153235912323,
    0.7598274946212769,
    0.7517736554145813,
    0.7496987581253052,
    0.7389748096466064
  ],
  "acceptance_rates": [
    0.997735,
    0.964555,
    0.930205,
    0.8975,
    0.865885,
    0.834585,
    0.803455,
    0.77394,
    0.745775,
    0.71674,
    0.69121,
    0.664605,
    0.64039,
    0.61602,
    0.59389,
    0.57059,
    0.550425,
    0.52928,
    0.510425,
    0.492135,
    0.475515,
    0.458565,
    0.44294,
    0.426895,
    0.413045,
    0.40036,
    0.38667,
    0.37482,
    0.362445,
    0.34981,
    0.33993,
    0.328825,
    0.320265,
    0.3088,
    0.3,
    0.29241,
    0.28292,
    0.27333,
    0.265915,
    0.25909
  ],
  "scale_param_range": [
    0.01,
    0.1123076923076923,
    0.21461538461538462,
    0.3169230769230769,
    0.41923076923076924,
    0.5215384615384615,
    0.6238461538461538,
    0.7261538461538461,
    0.8284615384615385,
    0.9307692307692308,
    1.033076923076923,
    1.1353846153846154,
    1.2376923076923076,
    1.34,
    1.4423076923076923,
    1.5446153846153847,
    1.646923076923077,
    1.7492307692307691,
    1.8515384615384616,
    1.9538461538461538,
    2.0561538461538458,
    2.1584615384615384,
    2.2607692307692306,
    2.363076923076923,
    2.465384615384615,
    2.5676923076923073,
    2.67,
    2.772307692307692,
    2.8746153846153844,
    2.9769230769230766,
    3.079230769230769,
    3.1815384615384614,
    3.2838461538461536,
    3.386153846153846,
    3.488461538461538,
    3.5907692307692307,
    3.693076923076923,
    3.795384615384615,
    3.8976923076923073,
    4.0
  ],
  "times": [
    42.25049114227295,
    42.218313217163086,
    42.06360602378845,
    42.17441511154175,
    42.128586769104004,
    42.08387875556946,
    41.969536542892456,
    42.00247383117676,
    41.90377330780029,
    42.09335970878601,
    41.96010422706604,
    42.118138790130615,
    41.951913356781006,
    42.170040130615234,
    41.9272563457489,
    42.137542724609375,
    41.91362142562866,
    42.137938022613525,
    41.999001264572144,
    42.1602349281311,
    42.04136943817139,
    42.09699535369873,
    42.00842833518982,
    42.06518864631653,
    41.994383335113525,
    42.052319288253784,
    41.9681556224823,
    42.07394599914551,
    41.927661180496216,
    42.04168510437012,
    41.869749546051025,
    42.02589154243469,
    41.93902254104614,
    42.05072283744812,
    41.868865728378296,
    42.01659536361694,
    41.8501296043396,
    41.9720995426178,
    41.87201118469238,
    42.05986952781677
  ]
}