{
  "target_distribution": "MultivariateNormal",
  "proposal_distribution": "UniformRadius",
  "dimension": 5,
  "num_iterations": 200000,
  "seed": 8,
  "total_time": 1659.3154344558716,
  "max_esjd": 1.2648721933364868,
  "max_acceptance_rate": 0.240835,
  "max_scale_param": 2.8746153846153844,
  "expected_squared_jump_distances": [
    7.125260890461504e-05,
    0.008678870275616646,
    0.03051813878118992,
    0.06399578601121902,
    0.107546865940094,
    0.1595461219549179,
    0.21878401935100555,
    0.28366580605506897,
    0.35273000597953796,
    0.42472341656684875,
    0.4980877935886383,
    0.5724808573722839,
    0.6458193063735962,
    0.7188986539840698,
    0.7876706123352051,
    0.8553190231323242,
    0.9176082611083984,
    0.9769030809402466,
    1.0277633666992188,
    1.0755289793014526,
    1.1180667877197266,
    1.1585110425949097,
    1.1862119436264038,
    1.2140741348266602,
    1.2366355657577515,
    1.2492976188659668,
    1.2551374435424805,
    1.2534761428833008,
    1.2648721933364868,
    1.2481518983840942,
    1.2484521865844727,
    1.2263354063034058,
    1.2252899408340454,
    1.1877596378326416,
    1.1543662548065186,
    1.1295223236083984,
    1.108240008354187,
    1.076414704322815,
    1.0440953969955444,
    1.0163804292678833
  ],
  "acceptance_rates": [
    0.99773,
    0.965115,
    0.931155,
    0.897315,
    0.86359,
    0.829705,
    0.79724,
    0.765065,
    0.732735,
    0.701095,
    0.66927,
    0.63905,
    0.6091,
    0.58026,
    0.551325,
    0.52386,
    0.496605,
    0.470435,
    0.44399,
    0.41968,
    0.39544,
    0.37372,
    0.351425,
    0.3307,
    0.31152,
    0.29184,
    0.27367,
    0.254835,
    0.240835,
    0.22367,
    0.21062,
    0.195315,
    0.184725,
    0.1697,
    0.1575,
    0.14688,
    0.137495,
    0.12763,
    0.119065,
    0.11052
  ],
  "scale_param_range": [
    0.01,
    0.1123076923076923,
    0.21461538461538462,
    0.3169230769230769,
    0.41923076923076924,
    0.5215384615384615,
    0.6238461538461538,
    0.7261538461538461,
    0.8284615384615385,
    0.9307692307692308,
    1.033076923076923,
    1.1353846153846154,
    1.2376923076923076,
    1.34,
    1.4423076923076923,
    1.5446153846153847,
    1.646923076923077,
    1.7492307692307691,
    1.8515384615384616,
    1.9538461538461538,
    2.0561538461538458,
    2.1584615384615384,
    2.2607692307692306,
    2.363076923076923,
    2.465384615384615,
    2.5676923076923073,
    2.67,
    2.772307692307692,
    2.8746153846153844,
    2.9769230769230766,
    3.079230769230769,
    3.1815384615384614,
    3.2838461538461536,
    3.386153846153846,
    3.488461538461538,
    3.5907692307692307,
    3.693076923076923,
    3.795384615384615,
    3.8976923076923073,
    4.0
  ],
  "times": [
    41.79192018508911,
    41.70431923866272,
    41.53462862968445,
    41.697685956954956,
    41.555737257003784,
    41.57197427749634,
    41.467591524124146,
    41.56126117706299,
    41.457139015197754,
    41.638665437698364,
    41.37475085258484,
    41.53697395324707,
    41.30243444442749,
    41.572407960891724,
    41.33372354507446,
    41.441426038742065,
    41.4007134437561,
    41.46997833251953,
    41.322866439819336,
    41.55938005447388,
    41.34521794319153,
    41.523038148880005,
    41.347532749176025,
    41.53971457481384,
    41.3584349155426,
    41.49244546890259,
    41.31285905838013,
    41.57282042503357,
    41.34956240653992,
    41.56397867202759,
    41.333988904953,
    41.49578380584717,
    41.36643576622009,
    41.524259090423584,
    41.33760619163513,
    41.50795912742615,
    41.3373544216156,
    41.665239095687866,
    41.429696798324585,
    41.57484483718872
  ]
}