{
  "target_distribution": "MultivariateNormal",
  "dimension": 10,
  "num_iterations": 500000,
  "seed": 1,
  "total_time": 7786.943842411041,
  "max_esjd": 0.015237331706285598,
  "max_actual_acceptance_rate": 0.24737491249708324,
  "max_constr_acceptance_rate": 0.2634482758620689,
  "expected_squared_jump_distances": [
    0.002406161515733083,
    0.004057344433794692,
    0.006119107197548633,
    0.008149817791405611,
    0.010246352734782525,
    0.009754356907270613,
    0.011103736175378015,
    0.01199664255952565,
    0.013000724373713744,
    0.013933050597458762,
    0.0118664604832122,
    0.013226752243970581,
    0.013589417309438249,
    0.014390865656758236,
    0.014588758796790688,
    0.015237331706285598,
    0.014161160242244265,
    0.013923942434163998,
    0.014684618324450862,
    0.014643517171016909,
    0.014943005906647048,
    0.013193999531815773,
    0.012941450889699078,
    0.013323285837386048,
    0.013503035950035013,
    0.012015206858418837,
    0.01213740313258461,
    0.012032618612438664,
    0.01211781278784827,
    0.010645567153269506
  ],
  "acceptance_rates": [
    0.0421678695535953,
    0.23075,
    0.1328,
    0.09559559559559559,
    0.08355849094366057,
    0.23484,
    0.1984,
    0.17643057222889155,
    0.1671468587434974,
    0.16241949033884065,
    0.2810093669788993,
    0.26428619057144764,
    0.2505083502783426,
    0.2445414847161572,
    0.24027467582252743,
    0.24737491249708324,
    0.3274852130182587,
    0.31920912026057885,
    0.31732335209577417,
    0.3182935192593439,
    0.32505643340857787,
    0.377675,
    0.3781,
    0.3806130613061306,
    0.38735,
    0.4336985266339252,
    0.4354541212026934,
    0.440787573057179,
    0.4475655014555879,
    0.48094961899237987
  ],
  "swap_acceptance_rates_range": [
    0.01,
    0.026896551724137928,
    0.04379310344827586,
    0.060689655172413794,
    0.07758620689655171,
    0.09448275862068964,
    0.11137931034482758,
    0.12827586206896552,
    0.14517241379310344,
    0.16206896551724137,
    0.1789655172413793,
    0.19586206896551722,
    0.21275862068965518,
    0.2296551724137931,
    0.24655172413793103,
    0.2634482758620689,
    0.2803448275862069,
    0.29724137931034483,
    0.31413793103448273,
    0.3310344827586207,
    0.3479310344827586,
    0.36482758620689654,
    0.38172413793103444,
    0.3986206896551724,
    0.41551724137931034,
    0.43241379310344824,
    0.4493103448275862,
    0.4662068965517241,
    0.48310344827586205,
    0.5
  ],
  "times": [
    172.23394870758057,
    195.93646955490112,
    194.74220752716064,
    193.27922916412354,
    191.3039710521698,
    223.02970910072327,
    220.37213325500488,
    225.69892120361328,
    228.03893160820007,
    229.50674676895142,
    250.8853735923767,
    252.2515254020691,
    250.31810975074768,
    250.8695695400238,
    252.2303454875946,
    251.11378717422485,
    274.2336218357086,
    278.7785019874573,
    276.1026043891907,
    274.1465222835541,
    277.7457139492035,
    298.40106892585754,
    300.63220620155334,
    303.22297072410583,
    301.5122585296631,
    319.0092339515686,
    318.4918122291565,
    320.07921051979065,
    321.14734983444214,
    341.59486722946167
  ]
}