{
  "target_distribution": "MultivariateNormal",
  "proposal_distribution": "Laplace",
  "dimension": 100,
  "num_iterations": 200000,
  "seed": 8,
  "total_time": 1546.836047410965,
  "max_esjd": 1.301512598991394,
  "max_acceptance_rate": 0.225315,
  "max_scale_param": 2.465384615384615,
  "expected_squared_jump_distances": [
    9.990752732846886e-05,
    0.012054668739438057,
    0.042107053101062775,
    0.08767587691545486,
    0.14615212380886078,
    0.21493913233280182,
    0.29225045442581177,
    0.37526679039001465,
    0.46260732412338257,
    0.5513173937797546,
    0.6388300657272339,
    0.7253752946853638,
    0.8096686005592346,
    0.8893454670906067,
    0.9628359079360962,
    1.0309091806411743,
    1.0895729064941406,
    1.1426059007644653,
    1.1901413202285767,
    1.2265645265579224,
    1.254779577255249,
    1.2783470153808594,
    1.2880210876464844,
    1.2967400550842285,
    1.301512598991394,
    1.2929762601852417,
    1.2688192129135132,
    1.2648327350616455,
    1.2163338661193848,
    1.1957038640975952,
    1.1550050973892212,
    1.116464614868164,
    1.0865795612335205,
    1.0328078269958496,
    0.9783695936203003,
    0.9448813796043396,
    0.8904281854629517,
    0.8325681090354919,
    0.7835448384284973,
    0.7372530102729797
  ],
  "acceptance_rates": [
    0.998945,
    0.956585,
    0.916225,
    0.876215,
    0.835815,
    0.7952,
    0.75695,
    0.71874,
    0.68163,
    0.64454,
    0.607495,
    0.572315,
    0.538505,
    0.505835,
    0.473645,
    0.44343,
    0.41307,
    0.385015,
    0.35906,
    0.33297,
    0.308285,
    0.286095,
    0.26357,
    0.24355,
    0.225315,
    0.206935,
    0.18858,
    0.17479,
    0.15714,
    0.144385,
    0.13093,
    0.119045,
    0.108825,
    0.09784,
    0.08788,
    0.08017,
    0.071855,
    0.064005,
    0.05699,
    0.051345
  ],
  "scale_param_range": [
    0.01,
    0.1123076923076923,
    0.21461538461538462,
    0.3169230769230769,
    0.41923076923076924,
    0.5215384615384615,
    0.6238461538461538,
    0.7261538461538461,
    0.8284615384615385,
    0.9307692307692308,
    1.033076923076923,
    1.1353846153846154,
    1.2376923076923076,
    1.34,
    1.4423076923076923,
    1.5446153846153847,
    1.646923076923077,
    1.7492307692307691,
    1.8515384615384616,
    1.9538461538461538,
    2.0561538461538458,
    2.1584615384615384,
    2.2607692307692306,
    2.363076923076923,
    2.465384615384615,
    2.5676923076923073,
    2.67,
    2.772307692307692,
    2.8746153846153844,
    2.9769230769230766,
    3.079230769230769,
    3.1815384615384614,
    3.2838461538461536,
    3.386153846153846,
    3.488461538461538,
    3.5907692307692307,
    3.693076923076923,
    3.795384615384615,
    3.8976923076923073,
    4.0
  ],
  "times": [
    40.055949687957764,
    40.57865118980408,
    40.69619059562683,
    40.25332283973694,
    40.72928857803345,
    40.70677065849304,
    40.766194343566895,
    40.69285011291504,
    40.6049919128418,
    41.040074825286865,
    40.68910455703735,
    40.62220311164856,
    38.77667021751404,
    37.90884971618652,
    37.73060178756714,
    37.832372188568115,
    37.774118185043335,
    37.72416687011719,
    37.5494441986084,
    37.93515992164612,
    37.63399815559387,
    38.027764320373535,
    37.68175220489502,
    37.785155296325684,
    37.86005997657776,
    37.81926441192627,
    37.70725631713867,
    37.80576682090759,
    37.798823833465576,
    37.75843572616577,
    37.65081310272217,
    37.752376079559326,
    37.733591079711914,
    38.09824061393738,
    37.61360168457031,
    37.8570499420166,
    37.84760308265686,
    38.025108098983765,
    37.710148334503174,
    37.92442750930786
  ]
}