{
  "target_distribution": "MultivariateNormal",
  "proposal_distribution": "UniformRadius",
  "dimension": 100,
  "num_iterations": 100000,
  "seed": 2,
  "total_time": 1369.5096361637115,
  "max_esjd": 1.3257193565368652,
  "max_acceptance_rate": 0.26469,
  "max_scale_param": 2.2607692307692306,
  "expected_squared_jump_distances": [
    9.796416998142377e-05,
    0.011832094751298428,
    0.0413191094994545,
    0.08619256317615509,
    0.14394645392894745,
    0.21246936917304993,
    0.289092481136322,
    0.37227553129196167,
    0.45888420939445496,
    0.5489630699157715,
    0.6403022408485413,
    0.7284160852432251,
    0.8142691254615784,
    0.8945516347885132,
    0.9719633460044861,
    1.0417039394378662,
    1.1116596460342407,
    1.1646904945373535,
    1.2079577445983887,
    1.2458269596099854,
    1.2871785163879395,
    1.2996793985366821,
    1.3257193565368652,
    1.3227475881576538,
    1.312448501586914,
    1.2993115186691284,
    1.2961888313293457,
    1.2789090871810913,
    1.2634586095809937,
    1.206581950187683,
    1.1780900955200195,
    1.1444642543792725,
    1.1015831232070923,
    1.036695957183838,
    1.0114476680755615,
    0.9414729475975037,
    0.8742945194244385,
    0.8274785876274109,
    0.7918723225593567,
    0.7522499561309814
  ],
  "acceptance_rates": [
    0.99925,
    0.95688,
    0.91503,
    0.87535,
    0.83547,
    0.79682,
    0.75779,
    0.7202,
    0.68205,
    0.64641,
    0.61204,
    0.57642,
    0.54224,
    0.50824,
    0.47667,
    0.44547,
    0.41817,
    0.38836,
    0.35953,
    0.33296,
    0.31063,
    0.28466,
    0.26469,
    0.24174,
    0.22035,
    0.20113,
    0.18556,
    0.16984,
    0.15602,
    0.13896,
    0.12682,
    0.11541,
    0.10426,
    0.09232,
    0.0848,
    0.07454,
    0.06548,
    0.05864,
    0.05322,
    0.04799
  ],
  "scale_param_range": [
    0.01,
    0.1123076923076923,
    0.21461538461538462,
    0.3169230769230769,
    0.41923076923076924,
    0.5215384615384615,
    0.6238461538461538,
    0.7261538461538461,
    0.8284615384615385,
    0.9307692307692308,
    1.033076923076923,
    1.1353846153846154,
    1.2376923076923076,
    1.34,
    1.4423076923076923,
    1.5446153846153847,
    1.646923076923077,
    1.7492307692307691,
    1.8515384615384616,
    1.9538461538461538,
    2.0561538461538458,
    2.1584615384615384,
    2.2607692307692306,
    2.363076923076923,
    2.465384615384615,
    2.5676923076923073,
    2.67,
    2.772307692307692,
    2.8746153846153844,
    2.9769230769230766,
    3.079230769230769,
    3.1815384615384614,
    3.2838461538461536,
    3.386153846153846,
    3.488461538461538,
    3.5907692307692307,
    3.693076923076923,
    3.795384615384615,
    3.8976923076923073,
    4.0
  ],
  "times": [
    33.72571682929993,
    34.51642322540283,
    34.16542863845825,
    34.24502229690552,
    34.14088439941406,
    34.16531419754028,
    34.29734754562378,
    34.270689249038696,
    34.37852454185486,
    34.54708695411682,
    34.18574357032776,
    34.298529386520386,
    34.39665937423706,
    34.35541367530823,
    34.38110017776489,
    34.22477149963379,
    34.22482943534851,
    34.05219745635986,
    34.155495405197144,
    34.06155467033386,
    34.08880877494812,
    34.65493893623352,
    34.18280267715454,
    34.27010893821716,
    34.28968524932861,
    34.19902420043945,
    34.12243986129761,
    33.974411487579346,
    34.14995074272156,
    34.111992597579956,
    34.10500454902649,
    34.26192283630371,
    34.38653564453125,
    34.662930488586426,
    34.41616678237915,
    34.2571816444397,
    34.202516317367554,
    34.0398952960968,
    34.20289325714111,
    34.08871078491211
  ]
}