{
  "target_distribution": "MultivariateNormal",
  "dimension": 20,
  "num_iterations": 100000,
  "seed": 9,
  "total_time": 736.1288945674896,
  "max_esjd": 1.2942273616790771,
  "max_acceptance_rate": 0.21302,
  "max_variance_value": 2.6028205128205126,
  "expected_squared_jump_distances": [
    1.0005098829424242e-06,
    0.007938578724861145,
    0.030190492048859596,
    0.06490424275398254,
    0.11033689975738525,
    0.1648528128862381,
    0.22679074108600616,
    0.29499733448028564,
    0.3674681484699249,
    0.4423915445804596,
    0.5172412395477295,
    0.5942654013633728,
    0.6717857718467712,
    0.7455345392227173,
    0.8165702819824219,
    0.8822084069252014,
    0.947353720664978,
    1.0046842098236084,
    1.0571064949035645,
    1.1083885431289673,
    1.1523829698562622,
    1.1840709447860718,
    1.2214710712432861,
    1.2498109340667725,
    1.253069519996643,
    1.273072361946106,
    1.2774499654769897,
    1.279106616973877,
    1.2684282064437866,
    1.2942273616790771,
    1.2528386116027832,
    1.2526533603668213,
    1.2199362516403198,
    1.1833279132843018,
    1.1520100831985474,
    1.1349338293075562,
    1.1128922700881958,
    1.0706945657730103,
    1.044676423072815,
    0.9754393696784973
  ],
  "acceptance_rates": [
    1.0,
    0.96557,
    0.93023,
    0.89363,
    0.85832,
    0.82396,
    0.7897,
    0.7574,
    0.7244,
    0.69124,
    0.65725,
    0.62593,
    0.59648,
    0.56602,
    0.53678,
    0.50743,
    0.48066,
    0.45323,
    0.42769,
    0.40387,
    0.38099,
    0.3562,
    0.3373,
    0.31657,
    0.29331,
    0.27642,
    0.2579,
    0.24015,
    0.22316,
    0.21302,
    0.19362,
    0.18241,
    0.16834,
    0.15448,
    0.14212,
    0.13314,
    0.12399,
    0.11384,
    0.10557,
    0.0946
  ],
  "var_value_range": [
    0.001,
    0.09071794871794872,
    0.18043589743589744,
    0.2701538461538462,
    0.3598717948717949,
    0.4495897435897436,
    0.5393076923076924,
    0.6290256410256411,
    0.7187435897435898,
    0.8084615384615385,
    0.8981794871794871,
    0.987897435897436,
    1.0776153846153846,
    1.1673333333333333,
    1.257051282051282,
    1.3467692307692307,
    1.4364871794871794,
    1.526205128205128,
    1.6159230769230768,
    1.7056410256410255,
    1.7953589743589742,
    1.885076923076923,
    1.9747948717948718,
    2.0645128205128205,
    2.1542307692307694,
    2.243948717948718,
    2.333666666666667,
    2.4233846153846152,
    2.513102564102564,
    2.6028205128205126,
    2.6925384615384615,
    2.78225641025641,
    2.871974358974359,
    2.961692307692308,
    3.0514102564102563,
    3.1411282051282052,
    3.2308461538461537,
    3.3205641025641026,
    3.410282051282051,
    3.5
  ],
  "times": [
    18.65846586227417,
    18.447457790374756,
    18.47317147254944,
    18.443326234817505,
    18.37348246574402,
    18.394497394561768,
    18.36676859855652,
    18.393935441970825,
    18.3865327835083,
    18.41219401359558,
    18.395580291748047,
    18.420257568359375,
    18.28983974456787,
    18.373873710632324,
    18.384711503982544,
    18.385005474090576,
    18.36740756034851,
    18.42905306816101,
    18.3892183303833,
    18.407889366149902,
    18.39101529121399,
    18.42006254196167,
    18.401387453079224,
    18.423496961593628,
    18.390543699264526,
    18.37519884109497,
    18.423015356063843,
    18.40847086906433,
    18.421708345413208,
    18.401058435440063,
    18.4103581905365,
    18.400141954421997,
    18.30943751335144,
    18.393600702285767,
    18.382670879364014,
    18.398390769958496,
    18.39713478088379,
    18.372769117355347,
    18.406116008758545,
    18.347704887390137
  ]
}