{
  "target_distribution": "MultivariateNormal",
  "proposal_distribution": "Laplace",
  "dimension": 20,
  "num_iterations": 200000,
  "seed": 5,
  "total_time": 1141.6587426662445,
  "max_esjd": 1.2139298915863037,
  "max_acceptance_rate": 0.2673,
  "max_scale_param": 2.363076923076923,
  "expected_squared_jump_distances": [
    9.969967504730448e-05,
    0.011995789594948292,
    0.04184461757540703,
    0.0868656262755394,
    0.14430034160614014,
    0.2117508202791214,
    0.2867821455001831,
    0.3665388822555542,
    0.4496445655822754,
    0.5341629385948181,
    0.6170559525489807,
    0.6998626589775085,
    0.7768675088882446,
    0.8495637774467468,
    0.918827474117279,
    0.9838515520095825,
    1.030691385269165,
    1.0849862098693848,
    1.1244981288909912,
    1.1602025032043457,
    1.1829279661178589,
    1.1979469060897827,
    1.2048591375350952,
    1.2139298915863037,
    1.2068228721618652,
    1.2057074308395386,
    1.1962136030197144,
    1.184542179107666,
    1.1633983850479126,
    1.121061086654663,
    1.1047978401184082,
    1.0796571969985962,
    1.044849157333374,
    1.0061529874801636,
    0.9779551029205322,
    0.9383540153503418,
    0.9028746485710144,
    0.8635541796684265,
    0.8174837827682495,
    0.7854341864585876
  ],
  "acceptance_rates": [
    0.99738,
    0.956445,
    0.918015,
    0.879075,
    0.839775,
    0.801605,
    0.763445,
    0.725585,
    0.688885,
    0.653925,
    0.618415,
    0.58533,
    0.55166,
    0.52007,
    0.49,
    0.461555,
    0.43078,
    0.405945,
    0.38052,
    0.35535,
    0.33122,
    0.30808,
    0.285895,
    0.2673,
    0.247515,
    0.230475,
    0.214005,
    0.19926,
    0.184225,
    0.168015,
    0.156925,
    0.14539,
    0.13373,
    0.123795,
    0.11402,
    0.10496,
    0.09672,
    0.08889,
    0.081035,
    0.07468
  ],
  "scale_param_range": [
    0.01,
    0.1123076923076923,
    0.21461538461538462,
    0.3169230769230769,
    0.41923076923076924,
    0.5215384615384615,
    0.6238461538461538,
    0.7261538461538461,
    0.8284615384615385,
    0.9307692307692308,
    1.033076923076923,
    1.1353846153846154,
    1.2376923076923076,
    1.34,
    1.4423076923076923,
    1.5446153846153847,
    1.646923076923077,
    1.7492307692307691,
    1.8515384615384616,
    1.9538461538461538,
    2.0561538461538458,
    2.1584615384615384,
    2.2607692307692306,
    2.363076923076923,
    2.465384615384615,
    2.5676923076923073,
    2.67,
    2.772307692307692,
    2.8746153846153844,
    2.9769230769230766,
    3.079230769230769,
    3.1815384615384614,
    3.2838461538461536,
    3.386153846153846,
    3.488461538461538,
    3.5907692307692307,
    3.693076923076923,
    3.795384615384615,
    3.8976923076923073,
    4.0
  ],
  "times": [
    28.37907361984253,
    28.658487796783447,
    28.716167449951172,
    28.611706256866455,
    28.692283868789673,
    28.736377954483032,
    28.588103532791138,
    28.623980045318604,
    28.564730882644653,
    28.64625072479248,
    28.59168529510498,
    28.680280208587646,
    28.64181637763977,
    28.478516578674316,
    28.49246048927307,
    28.611454010009766,
    28.522923946380615,
    28.64884662628174,
    28.505727529525757,
    28.52393078804016,
    28.516774892807007,
    28.611950397491455,
    28.381938219070435,
    28.405056715011597,
    28.403894662857056,
    28.563130378723145,
    28.38890814781189,
    28.520966053009033,
    28.515599727630615,
    28.4347722530365,
    28.39451313018799,
    28.592910051345825,
    28.38632369041443,
    28.619262218475342,
    28.36963653564453,
    28.57939052581787,
    28.450083017349243,
    28.329589366912842,
    28.591583251953125,
    28.657263040542603
  ]
}