{
  "target_distribution": "MultivariateNormal",
  "dimension": 20,
  "num_iterations": 100000,
  "seed": 5,
  "total_time": 1052.4655652046204,
  "max_esjd": 1.2704353332519531,
  "max_acceptance_rate": 0.23883,
  "max_variance_value": 2.4233846153846152,
  "expected_squared_jump_distances": [
    1.000750899038394e-06,
    0.00792477186769247,
    0.030100245028734207,
    0.06482153385877609,
    0.11034257709980011,
    0.16479243338108063,
    0.2263994812965393,
    0.2942827343940735,
    0.3660447299480438,
    0.44187548756599426,
    0.5181930065155029,
    0.5949186682701111,
    0.6725237369537354,
    0.748833417892456,
    0.8171473145484924,
    0.8847421407699585,
    0.9469169974327087,
    1.0035837888717651,
    1.06131911277771,
    1.1095243692398071,
    1.1457773447036743,
    1.1837762594223022,
    1.2138347625732422,
    1.2313315868377686,
    1.2467130422592163,
    1.267769694328308,
    1.2649431228637695,
    1.2704353332519531,
    1.2680143117904663,
    1.2584316730499268,
    1.2372390031814575,
    1.2337384223937988,
    1.2135496139526367,
    1.1877647638320923,
    1.1623648405075073,
    1.1330292224884033,
    1.1066722869873047,
    1.072149395942688,
    1.0367223024368286,
    0.9714751243591309
  ],
  "acceptance_rates": [
    0.99997,
    0.96408,
    0.92766,
    0.89293,
    0.85837,
    0.82358,
    0.78823,
    0.75528,
    0.72164,
    0.69026,
    0.65765,
    0.62616,
    0.59706,
    0.56794,
    0.53664,
    0.50831,
    0.48019,
    0.45266,
    0.42833,
    0.40375,
    0.37896,
    0.35653,
    0.33434,
    0.31245,
    0.29185,
    0.27491,
    0.25492,
    0.23883,
    0.22343,
    0.20761,
    0.19158,
    0.18057,
    0.16774,
    0.1548,
    0.14358,
    0.13348,
    0.12354,
    0.11425,
    0.10551,
    0.09485
  ],
  "var_value_range": [
    0.001,
    0.09071794871794872,
    0.18043589743589744,
    0.2701538461538462,
    0.3598717948717949,
    0.4495897435897436,
    0.5393076923076924,
    0.6290256410256411,
    0.7187435897435898,
    0.8084615384615385,
    0.8981794871794871,
    0.987897435897436,
    1.0776153846153846,
    1.1673333333333333,
    1.257051282051282,
    1.3467692307692307,
    1.4364871794871794,
    1.526205128205128,
    1.6159230769230768,
    1.7056410256410255,
    1.7953589743589742,
    1.885076923076923,
    1.9747948717948718,
    2.0645128205128205,
    2.1542307692307694,
    2.243948717948718,
    2.333666666666667,
    2.4233846153846152,
    2.513102564102564,
    2.6028205128205126,
    2.6925384615384615,
    2.78225641025641,
    2.871974358974359,
    2.961692307692308,
    3.0514102564102563,
    3.1411282051282052,
    3.2308461538461537,
    3.3205641025641026,
    3.410282051282051,
    3.5
  ],
  "times": [
    26.57423448562622,
    26.514141082763672,
    26.44394874572754,
    26.495606660842896,
    26.72335195541382,
    26.54678225517273,
    26.55183982849121,
    26.51913595199585,
    26.518601894378662,
    26.565995454788208,
    26.56355595588684,
    26.48098397254944,
    26.501850843429565,
    26.494120597839355,
    26.484057426452637,
    26.549870252609253,
    26.51328182220459,
    26.545156240463257,
    26.519755363464355,
    26.586675882339478,
    26.554078578948975,
    26.607022047042847,
    26.501394748687744,
    26.557892322540283,
    26.51840829849243,
    26.530399084091187,
    26.52665424346924,
    26.460220336914062,
    25.76577091217041,
    25.810314893722534,
    25.765085220336914,
    25.817439317703247,
    25.75013566017151,
    25.81956434249878,
    25.82583975791931,
    25.818677186965942,
    25.791455030441284,
    25.828335285186768,
    25.78173542022705,
    25.71552276611328
  ]
}