{
  "target_distribution": "NealFunnel",
  "dimension": 20,
  "num_iterations": 300000,
  "seed": 10,
  "total_time": 8992.878643274307,
  "max_esjd": 2.116924285888672,
  "max_acceptance_rate": 0.22878333333333334,
  "max_variance_value": 3.142051282051282,
  "expected_squared_jump_distances": [
    9.910904191201553e-05,
    0.008446342311799526,
    0.0265873484313488,
    0.0573732890188694,
    0.08314204961061478,
    0.13845446705818176,
    0.1862187385559082,
    0.24728354811668396,
    0.14747758209705353,
    0.3076235353946686,
    0.3411276936531067,
    0.43336421251296997,
    0.4628482758998871,
    0.616356372833252,
    0.7254728078842163,
    0.8157081604003906,
    0.7014183402061462,
    0.6982027292251587,
    0.6758890748023987,
    1.0714266300201416,
    1.006137490272522,
    1.0210916996002197,
    1.1019959449768066,
    1.4976906776428223,
    1.2826429605484009,
    1.4845637083053589,
    1.026498556137085,
    1.6505601406097412,
    1.1724412441253662,
    1.1803383827209473,
    1.748064637184143,
    1.700236201286316,
    1.4279977083206177,
    2.034263849258423,
    1.9195749759674072,
    2.116924285888672,
    1.94749915599823,
    1.861411690711975,
    1.5854891538619995,
    1.4341585636138916
  ],
  "acceptance_rates": [
    0.9912766666666667,
    0.8588533333333334,
    0.7539433333333333,
    0.7486933333333333,
    0.62637,
    0.6736933333333334,
    0.6347066666666666,
    0.6243833333333333,
    0.28944,
    0.47648,
    0.4282066666666667,
    0.45439666666666667,
    0.40909666666666666,
    0.4643966666666667,
    0.4719566666666667,
    0.4624433333333333,
    0.35309666666666667,
    0.31084333333333336,
    0.27042333333333335,
    0.38324,
    0.32548,
    0.30264,
    0.2942,
    0.36797,
    0.29194,
    0.31098333333333333,
    0.20144666666666666,
    0.29805333333333334,
    0.19810333333333333,
    0.18672,
    0.2563,
    0.23268666666666668,
    0.18661,
    0.24610333333333334,
    0.22147,
    0.22878333333333334,
    0.2005,
    0.18173,
    0.14699666666666666,
    0.12649333333333335
  ],
  "var_value_range": [
    0.01,
    0.09948717948717949,
    0.188974358974359,
    0.2784615384615385,
    0.367948717948718,
    0.45743589743589746,
    0.546923076923077,
    0.6364102564102565,
    0.7258974358974359,
    0.8153846153846154,
    0.9048717948717949,
    0.9943589743589745,
    1.083846153846154,
    1.1733333333333333,
    1.262820512820513,
    1.3523076923076924,
    1.4417948717948719,
    1.5312820512820513,
    1.6207692307692307,
    1.7102564102564104,
    1.7997435897435898,
    1.8892307692307693,
    1.978717948717949,
    2.068205128205128,
    2.1576923076923076,
    2.247179487179487,
    2.3366666666666664,
    2.426153846153846,
    2.5156410256410258,
    2.605128205128205,
    2.6946153846153846,
    2.784102564102564,
    2.8735897435897435,
    2.963076923076923,
    3.0525641025641024,
    3.142051282051282,
    3.2315384615384612,
    3.321025641025641,
    3.4105128205128206,
    3.5
  ],
  "times": [
    231.1765673160553,
    227.94971299171448,
    222.3154788017273,
    218.31071853637695,
    217.44669556617737,
    219.7123806476593,
    219.6537160873413,
    215.852201461792,
    193.132794380188,
    200.03929710388184,
    225.64516925811768,
    228.14960622787476,
    227.746919631958,
    227.7285442352295,
    227.2838945388794,
    227.7854187488556,
    227.33034896850586,
    227.45195484161377,
    227.56022834777832,
    228.0972499847412,
    227.42877960205078,
    227.90494465827942,
    227.76923727989197,
    227.67712712287903,
    226.98121452331543,
    227.5669686794281,
    227.33921718597412,
    227.66916513442993,
    227.52582144737244,
    227.75287556648254,
    227.54376339912415,
    227.74608302116394,
    227.80740880966187,
    228.0787205696106,
    227.54157185554504,
    227.53171753883362,
    227.51240348815918,
    227.93262457847595,
    227.43133735656738,
    227.70759177207947
  ]
}