{
  "target_distribution": "NealFunnel",
  "proposal_distribution": "Normal",
  "dimension": 20,
  "num_iterations": 1000000,
  "seed": 2,
  "total_time": 12403.875775575638,
  "max_esjd": 3.9041974544525146,
  "max_acceptance_rate": 0.151896,
  "max_scale_param": 5.248205128205128,
  "expected_squared_jump_distances": [
    9.950796084012836e-05,
    0.028142109513282776,
    0.08464980125427246,
    0.18569530546665192,
    0.28725099563598633,
    0.4149430990219116,
    0.5133647918701172,
    0.6236900091171265,
    0.8084673881530762,
    0.8365297317504883,
    1.0958647727966309,
    0.6388492584228516,
    1.336529016494751,
    1.4605275392532349,
    1.381169080734253,
    1.650169014930725,
    1.5227184295654297,
    2.010817766189575,
    1.9787551164627075,
    2.210223913192749,
    2.2617292404174805,
    1.7360379695892334,
    2.6450304985046387,
    2.4061942100524902,
    2.2232019901275635,
    2.598529100418091,
    1.623632788658142,
    2.78613018989563,
    3.0684902667999268,
    2.7150185108184814,
    2.782327651977539,
    3.9041974544525146,
    3.5440399646759033,
    3.4500620365142822,
    1.5947644710540771,
    0.09018008410930634,
    3.041020154953003,
    3.154200553894043,
    0.10584468394517899,
    3.541649130056612e-05
  ],
  "acceptance_rates": [
    0.994588,
    0.88308,
    0.710286,
    0.705823,
    0.623636,
    0.581526,
    0.504223,
    0.452692,
    0.452068,
    0.373321,
    0.395445,
    0.190214,
    0.338335,
    0.316053,
    0.257959,
    0.269697,
    0.22091,
    0.257367,
    0.226522,
    0.227233,
    0.210723,
    0.146833,
    0.203321,
    0.169975,
    0.145782,
    0.156557,
    0.091463,
    0.144251,
    0.14746,
    0.12192,
    0.116803,
    0.151896,
    0.131003,
    0.11983,
    0.051865,
    0.002964,
    0.089258,
    0.087771,
    0.002787,
    3e-06
  ],
  "scale_param_range": [
    0.01,
    0.17897435897435898,
    0.34794871794871796,
    0.5169230769230769,
    0.6858974358974359,
    0.8548717948717949,
    1.0238461538461539,
    1.1928205128205127,
    1.3617948717948718,
    1.5307692307692309,
    1.6997435897435897,
    1.8687179487179486,
    2.0376923076923075,
    2.2066666666666666,
    2.375641025641025,
    2.5446153846153843,
    2.7135897435897434,
    2.8825641025641024,
    3.0515384615384615,
    3.22051282051282,
    3.3894871794871793,
    3.5584615384615383,
    3.727435897435897,
    3.896410256410256,
    4.065384615384615,
    4.234358974358974,
    4.403333333333333,
    4.572307692307692,
    4.741282051282051,
    4.91025641025641,
    5.079230769230769,
    5.248205128205128,
    5.417179487179487,
    5.586153846153846,
    5.755128205128205,
    5.924102564102564,
    6.093076923076923,
    6.2620512820512815,
    6.431025641025641,
    6.6
  ],
  "times": [
    310.1329085826874,
    310.50855445861816,
    310.51049518585205,
    310.4008948802948,
    310.386168718338,
    310.729451417923,
    309.83456587791443,
    310.6906518936157,
    311.20331954956055,
    310.2911379337311,
    309.65539717674255,
    309.7974147796631,
    309.6511514186859,
    309.1542217731476,
    309.8429696559906,
    310.241619348526,
    310.45915246009827,
    309.9105327129364,
    309.46161007881165,
    310.01177430152893,
    310.4551181793213,
    309.0252959728241,
    309.7807683944702,
    309.2464978694916,
    310.4283695220947,
    309.60029673576355,
    309.82457661628723,
    309.78561758995056,
    309.9469087123871,
    309.8550012111664,
    309.6384150981903,
    310.3506920337677,
    310.08387327194214,
    310.45465445518494,
    309.66793990135193,
    310.1041622161865,
    311.01984572410583,
    311.28469133377075,
    309.62455129623413,
    310.7332525253296
  ]
}