{
  "target_distribution": "NealFunnel",
  "proposal_distribution": "Normal",
  "dimension": 30,
  "num_iterations": 1000000,
  "seed": 21,
  "total_time": 12635.535969257355,
  "max_esjd": 2.752229928970337,
  "max_acceptance_rate": 0.174682,
  "max_scale_param": 4.063076923076923,
  "expected_squared_jump_distances": [
    9.942366887116805e-05,
    0.013228931464254856,
    0.04155779257416725,
    0.08669331669807434,
    0.16212289035320282,
    0.23301608860492706,
    0.34682562947273254,
    0.39822548627853394,
    0.49373066425323486,
    0.46940770745277405,
    0.6513071656227112,
    0.8287602663040161,
    0.9337512850761414,
    1.0776625871658325,
    0.9653922319412231,
    1.2195864915847778,
    1.437664270401001,
    1.2313474416732788,
    1.3934986591339111,
    1.401552438735962,
    1.6928207874298096,
    1.6004902124404907,
    1.7639636993408203,
    1.7843554019927979,
    1.9050681591033936,
    2.0808463096618652,
    2.5836188793182373,
    1.8090674877166748,
    2.2172722816467285,
    2.2768642902374268,
    1.2228364944458008,
    2.212247610092163,
    1.8612422943115234,
    2.752229928970337,
    0.5838416218757629,
    3.462980021140538e-05,
    1.9506005628500134e-05,
    2.0602210497600026e-05,
    2.172837957914453e-05,
    2.324432134628296
  ],
  "acceptance_rates": [
    0.993815,
    0.755885,
    0.641895,
    0.613232,
    0.653211,
    0.607099,
    0.630235,
    0.53601,
    0.510009,
    0.384308,
    0.434351,
    0.458052,
    0.434513,
    0.428147,
    0.333203,
    0.365522,
    0.379542,
    0.289337,
    0.292262,
    0.264797,
    0.288533,
    0.247973,
    0.249151,
    0.231751,
    0.226637,
    0.2285,
    0.261842,
    0.171277,
    0.19465,
    0.187247,
    0.094067,
    0.15983,
    0.126319,
    0.174682,
    0.035421,
    4e-06,
    2e-06,
    2e-06,
    2e-06,
    0.106196
  ],
  "scale_param_range": [
    0.01,
    0.13282051282051283,
    0.25564102564102564,
    0.37846153846153846,
    0.5012820512820513,
    0.6241025641025642,
    0.7469230769230769,
    0.8697435897435897,
    0.9925641025641025,
    1.1153846153846154,
    1.2382051282051283,
    1.361025641025641,
    1.4838461538461538,
    1.6066666666666667,
    1.7294871794871793,
    1.8523076923076922,
    1.975128205128205,
    2.0979487179487175,
    2.2207692307692306,
    2.3435897435897433,
    2.4664102564102564,
    2.589230769230769,
    2.7120512820512817,
    2.8348717948717947,
    2.9576923076923074,
    3.08051282051282,
    3.203333333333333,
    3.326153846153846,
    3.4489743589743584,
    3.5717948717948715,
    3.694615384615384,
    3.8174358974358973,
    3.94025641025641,
    4.063076923076923,
    4.185897435897435,
    4.308717948717948,
    4.431538461538461,
    4.554358974358974,
    4.677179487179487,
    4.8
  ],
  "times": [
    313.9832363128662,
    314.49755001068115,
    315.04838132858276,
    314.46634435653687,
    314.49323439598083,
    314.9690799713135,
    314.9987952709198,
    315.139169216156,
    315.1561830043793,
    316.0619468688965,
    316.5989410877228,
    316.30456376075745,
    316.1242587566376,
    315.96237564086914,
    316.13670802116394,
    315.9314558506012,
    316.61677503585815,
    315.5682563781738,
    316.5681149959564,
    315.99637746810913,
    316.2176344394684,
    316.6228051185608,
    316.249223947525,
    316.08072900772095,
    316.16712975502014,
    315.7932322025299,
    315.82382249832153,
    316.21598076820374,
    316.84528040885925,
    316.1301062107086,
    316.55229663848877,
    316.2919862270355,
    316.10936307907104,
    316.7112078666687,
    316.2849073410034,
    315.9013833999634,
    316.23651456832886,
    315.6422564983368,
    316.2289283275604,
    316.7059509754181
  ]
}