{
  "target_distribution": "NealFunnel",
  "proposal_distribution": "Normal",
  "dimension": 20,
  "num_iterations": 1000000,
  "seed": 19,
  "total_time": 11918.737601280212,
  "max_esjd": 3.5560646057128906,
  "max_acceptance_rate": 0.116442,
  "max_scale_param": 5.755128205128205,
  "expected_squared_jump_distances": [
    9.950454841600731e-05,
    0.02772298827767372,
    0.08899880945682526,
    0.16694632172584534,
    0.2635717988014221,
    0.3908812403678894,
    0.5213834643363953,
    0.30330249667167664,
    0.7990682721138,
    0.9060850739479065,
    0.8864346742630005,
    1.1960721015930176,
    1.1457170248031616,
    1.3358299732208252,
    1.4824416637420654,
    1.5270713567733765,
    1.8698536157608032,
    0.9344072341918945,
    1.8929392099380493,
    2.042316198348999,
    2.1850764751434326,
    2.1999619007110596,
    2.257857322692871,
    2.1453680992126465,
    2.6266329288482666,
    2.1662228107452393,
    2.5382003784179688,
    2.52703857421875,
    3.0437653064727783,
    1.6896097660064697,
    3.0118374824523926,
    2.464496612548828,
    3.380481004714966,
    3.2857935428619385,
    3.5560646057128906,
    0.08319500833749771,
    2.733450174331665,
    3.296360492706299,
    2.9901719093322754,
    3.541649130056612e-05
  ],
  "acceptance_rates": [
    0.994559,
    0.870287,
    0.745185,
    0.637031,
    0.573087,
    0.548761,
    0.512067,
    0.220022,
    0.447397,
    0.403164,
    0.320838,
    0.35879,
    0.289789,
    0.290311,
    0.277767,
    0.250598,
    0.268312,
    0.119902,
    0.21769,
    0.210136,
    0.203614,
    0.185787,
    0.174649,
    0.152045,
    0.170725,
    0.130455,
    0.141125,
    0.131481,
    0.146604,
    0.076221,
    0.12592,
    0.09597,
    0.124535,
    0.114289,
    0.116442,
    0.002663,
    0.080439,
    0.091609,
    0.079153,
    3e-06
  ],
  "scale_param_range": [
    0.01,
    0.17897435897435898,
    0.34794871794871796,
    0.5169230769230769,
    0.6858974358974359,
    0.8548717948717949,
    1.0238461538461539,
    1.1928205128205127,
    1.3617948717948718,
    1.5307692307692309,
    1.6997435897435897,
    1.8687179487179486,
    2.0376923076923075,
    2.2066666666666666,
    2.375641025641025,
    2.5446153846153843,
    2.7135897435897434,
    2.8825641025641024,
    3.0515384615384615,
    3.22051282051282,
    3.3894871794871793,
    3.5584615384615383,
    3.727435897435897,
    3.896410256410256,
    4.065384615384615,
    4.234358974358974,
    4.403333333333333,
    4.572307692307692,
    4.741282051282051,
    4.91025641025641,
    5.079230769230769,
    5.248205128205128,
    5.417179487179487,
    5.586153846153846,
    5.755128205128205,
    5.924102564102564,
    6.093076923076923,
    6.2620512820512815,
    6.431025641025641,
    6.6
  ],
  "times": [
    305.67604207992554,
    305.7359297275543,
    305.7350597381592,
    305.1777558326721,
    304.5768780708313,
    305.1648542881012,
    305.07468843460083,
    305.2436091899872,
    304.7456922531128,
    305.1612982749939,
    305.47080540657043,
    304.6962983608246,
    305.20550990104675,
    305.169269323349,
    305.2488782405853,
    304.828738451004,
    305.3657400608063,
    294.70511841773987,
    292.3947718143463,
    292.335022687912,
    292.47940850257874,
    293.3312933444977,
    292.9078788757324,
    292.30927443504333,
    292.8446521759033,
    292.72479271888733,
    292.3640580177307,
    292.2289614677429,
    292.56928420066833,
    292.4095296859741,
    292.8574228286743,
    292.5937855243683,
    292.6453642845154,
    292.57775497436523,
    292.7710428237915,
    291.58472990989685,
    292.6596794128418,
    292.32080006599426,
    292.51779961586,
    292.22902178764343
  ]
}