{
  "target_distribution": "NealFunnel",
  "proposal_distribution": "Normal",
  "dimension": 30,
  "num_iterations": 1000000,
  "seed": 28,
  "total_time": 11898.32494711876,
  "max_esjd": 2.8967764377593994,
  "max_acceptance_rate": 0.183654,
  "max_scale_param": 4.063076923076923,
  "expected_squared_jump_distances": [
    9.942463657353073e-05,
    0.014467457309365273,
    0.047708556056022644,
    0.09939967840909958,
    0.16995033621788025,
    0.23202981054782867,
    0.295216828584671,
    0.39871713519096375,
    0.5277839303016663,
    0.6205422282218933,
    0.6355751156806946,
    0.8735490441322327,
    0.7176205515861511,
    0.9326352477073669,
    1.0230629444122314,
    1.0123255252838135,
    1.1383641958236694,
    1.5160719156265259,
    1.4333934783935547,
    1.517896294593811,
    1.5608265399932861,
    1.9429877996444702,
    2.179591655731201,
    0.2873122990131378,
    1.7611876726150513,
    1.4459506273269653,
    2.157799482345581,
    2.5801444053649902,
    1.7202242612838745,
    2.1953508853912354,
    2.7542600631713867,
    2.296076536178589,
    2.760615110397339,
    2.8967764377593994,
    2.5733659267425537,
    0.4384070634841919,
    1.9506005628500134e-05,
    2.0602210497600026e-05,
    2.172837957914453e-05,
    2.271998882293701
  ],
  "acceptance_rates": [
    0.993824,
    0.824791,
    0.736901,
    0.699795,
    0.683922,
    0.604557,
    0.538122,
    0.53643,
    0.545167,
    0.508886,
    0.424036,
    0.482324,
    0.335463,
    0.371449,
    0.352065,
    0.303899,
    0.301816,
    0.355048,
    0.301021,
    0.286758,
    0.266272,
    0.300189,
    0.306531,
    0.037972,
    0.209227,
    0.159004,
    0.218804,
    0.243565,
    0.151627,
    0.180821,
    0.210999,
    0.165631,
    0.186332,
    0.183654,
    0.154521,
    0.024804,
    2e-06,
    2e-06,
    2e-06,
    0.103811
  ],
  "scale_param_range": [
    0.01,
    0.13282051282051283,
    0.25564102564102564,
    0.37846153846153846,
    0.5012820512820513,
    0.6241025641025642,
    0.7469230769230769,
    0.8697435897435897,
    0.9925641025641025,
    1.1153846153846154,
    1.2382051282051283,
    1.361025641025641,
    1.4838461538461538,
    1.6066666666666667,
    1.7294871794871793,
    1.8523076923076922,
    1.975128205128205,
    2.0979487179487175,
    2.2207692307692306,
    2.3435897435897433,
    2.4664102564102564,
    2.589230769230769,
    2.7120512820512817,
    2.8348717948717947,
    2.9576923076923074,
    3.08051282051282,
    3.203333333333333,
    3.326153846153846,
    3.4489743589743584,
    3.5717948717948715,
    3.694615384615384,
    3.8174358974358973,
    3.94025641025641,
    4.063076923076923,
    4.185897435897435,
    4.308717948717948,
    4.431538461538461,
    4.554358974358974,
    4.677179487179487,
    4.8
  ],
  "times": [
    308.20837473869324,
    305.9085462093353,
    305.79072737693787,
    306.42465567588806,
    296.2596802711487,
    296.63676857948303,
    297.0194683074951,
    296.6321964263916,
    296.9746844768524,
    296.99287486076355,
    296.51382422447205,
    296.5483343601227,
    296.55748438835144,
    296.55344104766846,
    296.1910240650177,
    296.49893403053284,
    296.62880277633667,
    296.7080063819885,
    296.30196809768677,
    296.22786045074463,
    296.88558888435364,
    296.72586727142334,
    296.71751832962036,
    296.85232424736023,
    296.58326840400696,
    296.4413332939148,
    296.70007276535034,
    296.4132499694824,
    297.477251291275,
    296.4798638820648,
    297.4203448295593,
    296.93036246299744,
    296.97849917411804,
    297.15153551101685,
    297.21075963974,
    296.43208265304565,
    293.90490555763245,
    294.6229338645935,
    294.3695316314697,
    294.3454487323761
  ]
}