{
  "target_distribution": "NealFunnel",
  "proposal_distribution": "Normal",
  "dimension": 30,
  "num_iterations": 1000000,
  "seed": 17,
  "total_time": 12273.29496049881,
  "max_esjd": 3.0921714305877686,
  "max_acceptance_rate": 0.141268,
  "max_scale_param": 4.8,
  "expected_squared_jump_distances": [
    9.942389442585409e-05,
    0.01520601287484169,
    0.049010273069143295,
    0.10318048298358917,
    0.177429661154747,
    0.25845572352409363,
    0.3012239336967468,
    0.4393996298313141,
    0.4987786114215851,
    0.5592508912086487,
    0.5747349858283997,
    0.8644710183143616,
    0.7019501328468323,
    0.9441289305686951,
    1.1777335405349731,
    1.14775550365448,
    1.811594009399414,
    1.5603200197219849,
    1.709769368171692,
    1.259183406829834,
    1.47089684009552,
    0.5176093578338623,
    1.6363608837127686,
    2.0955607891082764,
    2.248868465423584,
    1.5839972496032715,
    2.114290475845337,
    2.77706241607666,
    2.232673406600952,
    2.0115678310394287,
    2.9032959938049316,
    2.5655694007873535,
    1.83025324344635,
    1.9256718158721924,
    1.651031732559204,
    3.462980021140538e-05,
    1.9506005628500134e-05,
    2.0602210497600026e-05,
    2.1728377760155126e-05,
    3.0921714305877686
  ],
  "acceptance_rates": [
    0.993817,
    0.865341,
    0.75562,
    0.72675,
    0.713277,
    0.671038,
    0.549222,
    0.590247,
    0.51619,
    0.459038,
    0.383901,
    0.477617,
    0.328508,
    0.376724,
    0.404559,
    0.345173,
    0.47477,
    0.36518,
    0.356915,
    0.238261,
    0.250599,
    0.080372,
    0.230809,
    0.269928,
    0.265674,
    0.174825,
    0.215721,
    0.260646,
    0.19516,
    0.165835,
    0.222205,
    0.184185,
    0.124335,
    0.123135,
    0.09914,
    4e-06,
    2e-06,
    2e-06,
    2e-06,
    0.141268
  ],
  "scale_param_range": [
    0.01,
    0.13282051282051283,
    0.25564102564102564,
    0.37846153846153846,
    0.5012820512820513,
    0.6241025641025642,
    0.7469230769230769,
    0.8697435897435897,
    0.9925641025641025,
    1.1153846153846154,
    1.2382051282051283,
    1.361025641025641,
    1.4838461538461538,
    1.6066666666666667,
    1.7294871794871793,
    1.8523076923076922,
    1.975128205128205,
    2.0979487179487175,
    2.2207692307692306,
    2.3435897435897433,
    2.4664102564102564,
    2.589230769230769,
    2.7120512820512817,
    2.8348717948717947,
    2.9576923076923074,
    3.08051282051282,
    3.203333333333333,
    3.326153846153846,
    3.4489743589743584,
    3.5717948717948715,
    3.694615384615384,
    3.8174358974358973,
    3.94025641025641,
    4.063076923076923,
    4.185897435897435,
    4.308717948717948,
    4.431538461538461,
    4.554358974358974,
    4.677179487179487,
    4.8
  ],
  "times": [
    307.23693203926086,
    307.36575531959534,
    306.6500675678253,
    306.9621458053589,
    306.4612777233124,
    307.667866230011,
    308.88211250305176,
    308.97185802459717,
    308.1927230358124,
    307.8450984954834,
    307.02064275741577,
    306.67971205711365,
    307.30612301826477,
    306.98264598846436,
    306.79816699028015,
    307.1034963130951,
    306.87895226478577,
    306.4951891899109,
    306.3941569328308,
    306.7244966030121,
    306.75837659835815,
    307.05162620544434,
    306.43878960609436,
    306.0485553741455,
    306.4043743610382,
    306.0363984107971,
    306.9837086200714,
    307.39070773124695,
    306.30617451667786,
    306.25668239593506,
    306.37114930152893,
    306.2756633758545,
    306.37564969062805,
    306.7169415950775,
    305.9274015426636,
    306.389981508255,
    306.0906524658203,
    306.130628824234,
    306.2787356376648,
    306.34138202667236
  ]
}