{
  "target_distribution": "NealFunnel",
  "proposal_distribution": "Normal",
  "dimension": 30,
  "num_iterations": 1000000,
  "seed": 20,
  "total_time": 11823.73055434227,
  "max_esjd": 3.0751960277557373,
  "max_acceptance_rate": 0.206883,
  "max_scale_param": 3.94025641025641,
  "expected_squared_jump_distances": [
    9.942781616700813e-05,
    0.014238902367651463,
    0.041567858308553696,
    0.10294797271490097,
    0.14997512102127075,
    0.23391737043857574,
    0.310890257358551,
    0.4386498034000397,
    0.47478780150413513,
    0.6278767585754395,
    0.5260465145111084,
    0.8047217726707458,
    0.5811560153961182,
    0.8309023976325989,
    1.0035663843154907,
    1.2524210214614868,
    1.4641824960708618,
    1.0275349617004395,
    1.88508141040802,
    1.5069314241409302,
    1.4706817865371704,
    1.5685679912567139,
    1.8235154151916504,
    1.3582454919815063,
    1.9728292226791382,
    2.020991325378418,
    2.36015248298645,
    2.003559112548828,
    2.5296854972839355,
    1.9881227016448975,
    2.4132745265960693,
    2.384695529937744,
    3.0751960277557373,
    1.2629272937774658,
    2.690131664276123,
    0.29677677154541016,
    1.9506005628500134e-05,
    2.0602210497600026e-05,
    2.1728377760155126e-05,
    2.639925241470337
  ],
  "acceptance_rates": [
    0.993859,
    0.811972,
    0.642692,
    0.72602,
    0.606261,
    0.608249,
    0.565198,
    0.589037,
    0.490731,
    0.514693,
    0.350332,
    0.444828,
    0.271088,
    0.331486,
    0.344654,
    0.375855,
    0.386093,
    0.241429,
    0.393652,
    0.284213,
    0.251041,
    0.243734,
    0.258369,
    0.175183,
    0.235547,
    0.222519,
    0.240238,
    0.189904,
    0.22165,
    0.163801,
    0.185387,
    0.171684,
    0.206883,
    0.080499,
    0.161342,
    0.016812,
    2e-06,
    2e-06,
    2e-06,
    0.121552
  ],
  "scale_param_range": [
    0.01,
    0.13282051282051283,
    0.25564102564102564,
    0.37846153846153846,
    0.5012820512820513,
    0.6241025641025642,
    0.7469230769230769,
    0.8697435897435897,
    0.9925641025641025,
    1.1153846153846154,
    1.2382051282051283,
    1.361025641025641,
    1.4838461538461538,
    1.6066666666666667,
    1.7294871794871793,
    1.8523076923076922,
    1.975128205128205,
    2.0979487179487175,
    2.2207692307692306,
    2.3435897435897433,
    2.4664102564102564,
    2.589230769230769,
    2.7120512820512817,
    2.8348717948717947,
    2.9576923076923074,
    3.08051282051282,
    3.203333333333333,
    3.326153846153846,
    3.4489743589743584,
    3.5717948717948715,
    3.694615384615384,
    3.8174358974358973,
    3.94025641025641,
    4.063076923076923,
    4.185897435897435,
    4.308717948717948,
    4.431538461538461,
    4.554358974358974,
    4.677179487179487,
    4.8
  ],
  "times": [
    305.78421425819397,
    306.8643500804901,
    298.81205320358276,
    296.3181447982788,
    296.1546106338501,
    296.7370722293854,
    296.7672426700592,
    296.8016109466553,
    296.83671283721924,
    297.1939480304718,
    296.4569022655487,
    297.32550859451294,
    293.8365399837494,
    294.142703294754,
    293.90962409973145,
    294.04272627830505,
    294.3452115058899,
    294.1018331050873,
    294.1822135448456,
    294.13767409324646,
    294.2720308303833,
    294.785852432251,
    294.4396617412567,
    293.9609830379486,
    294.10909390449524,
    294.0222578048706,
    294.28757071495056,
    293.88984274864197,
    294.1215269565582,
    294.10922288894653,
    294.5825023651123,
    293.9767084121704,
    294.6874403953552,
    295.37253975868225,
    295.0043227672577,
    294.28189730644226,
    294.9823145866394,
    294.6393413543701,
    294.8674602508545,
    294.4759798049927
  ]
}