{
  "target_distribution": "NealFunnel",
  "proposal_distribution": "Normal",
  "dimension": 5,
  "num_iterations": 1000000,
  "seed": 23,
  "total_time": 7137.051787853241,
  "max_esjd": 2.859236478805542,
  "max_acceptance_rate": 0.05825,
  "max_scale_param": 8.53897435897436,
  "expected_squared_jump_distances": [
    9.97461102087982e-05,
    0.04504434019327164,
    0.14484146237373352,
    0.2874245345592499,
    0.44283488392829895,
    0.5926481485366821,
    0.7699819207191467,
    0.8702672123908997,
    1.0455034971237183,
    1.1896494626998901,
    1.2157841920852661,
    1.2035781145095825,
    1.175115942955017,
    1.5925602912902832,
    1.6582039594650269,
    1.603086233139038,
    1.853130578994751,
    1.6093331575393677,
    1.4272440671920776,
    1.9052608013153076,
    2.121185541152954,
    2.0740420818328857,
    1.6428885459899902,
    2.2230634689331055,
    1.8225364685058594,
    2.0790135860443115,
    2.0914149284362793,
    2.238468885421753,
    2.2297329902648926,
    2.42790150642395,
    1.9675965309143066,
    2.44134783744812,
    1.6543306112289429,
    2.3682053089141846,
    2.6331589221954346,
    2.3202102184295654,
    2.1829490661621094,
    2.859236478805542,
    2.403903007507324,
    2.8165411949157715
  ],
  "acceptance_rates": [
    0.997162,
    0.8087,
    0.695388,
    0.632689,
    0.562444,
    0.495549,
    0.455044,
    0.387641,
    0.362789,
    0.330875,
    0.277117,
    0.233645,
    0.193976,
    0.227739,
    0.204336,
    0.176145,
    0.180539,
    0.140628,
    0.113805,
    0.135735,
    0.13575,
    0.122679,
    0.090965,
    0.112397,
    0.08567,
    0.091112,
    0.084433,
    0.084348,
    0.079227,
    0.080032,
    0.060796,
    0.071673,
    0.044894,
    0.061225,
    0.063501,
    0.054144,
    0.048169,
    0.05825,
    0.047787,
    0.053449
  ],
  "scale_param_range": [
    0.01,
    0.24051282051282052,
    0.47102564102564104,
    0.7015384615384616,
    0.9320512820512821,
    1.1625641025641025,
    1.393076923076923,
    1.6235897435897437,
    1.8541025641025641,
    2.0846153846153843,
    2.3151282051282047,
    2.5456410256410256,
    2.776153846153846,
    3.0066666666666664,
    3.2371794871794872,
    3.4676923076923076,
    3.698205128205128,
    3.9287179487179484,
    4.159230769230769,
    4.389743589743589,
    4.62025641025641,
    4.850769230769231,
    5.081282051282051,
    5.311794871794872,
    5.542307692307692,
    5.772820512820513,
    6.003333333333333,
    6.233846153846153,
    6.464358974358975,
    6.694871794871795,
    6.9253846153846155,
    7.155897435897436,
    7.386410256410256,
    7.616923076923077,
    7.847435897435897,
    8.077948717948718,
    8.308461538461538,
    8.53897435897436,
    8.769487179487179,
    9.0
  ],
  "times": [
    178.82188177108765,
    177.84330344200134,
    178.42261719703674,
    178.39476084709167,
    177.87128949165344,
    178.20085906982422,
    178.5920307636261,
    178.16653299331665,
    178.49700617790222,
    178.76878833770752,
    178.34001779556274,
    178.54028582572937,
    178.32380056381226,
    178.57743406295776,
    178.24767875671387,
    178.58623623847961,
    178.67950344085693,
    178.23939776420593,
    178.34660983085632,
    178.64215779304504,
    178.44079995155334,
    178.2815716266632,
    179.29445147514343,
    178.59365272521973,
    178.42356157302856,
    178.15968108177185,
    178.25120496749878,
    178.3047580718994,
    178.82228422164917,
    178.09855580329895,
    178.58448481559753,
    178.84929847717285,
    178.74906253814697,
    178.52471542358398,
    178.64440298080444,
    178.3699872493744,
    178.25377535820007,
    178.2023675441742,
    178.14729285240173,
    177.88317799568176
  ]
}