{
  "target_distribution": "NealFunnel",
  "proposal_distribution": "Normal",
  "dimension": 5,
  "num_iterations": 1000000,
  "seed": 16,
  "total_time": 12674.666817426682,
  "max_esjd": 2.6634154319763184,
  "max_acceptance_rate": 0.068083,
  "max_scale_param": 7.616923076923077,
  "expected_squared_jump_distances": [
    9.800895350053906e-05,
    0.04368489980697632,
    0.13898968696594238,
    0.273143470287323,
    0.42115506529808044,
    0.5428893566131592,
    0.701823890209198,
    0.6598054766654968,
    1.0005440711975098,
    1.0978240966796875,
    1.2665960788726807,
    1.2681665420532227,
    1.4140394926071167,
    1.5427207946777344,
    1.5741653442382812,
    1.4251670837402344,
    1.7690597772598267,
    1.7889339923858643,
    1.8018332719802856,
    2.0492441654205322,
    2.082155227661133,
    2.1496706008911133,
    2.2529828548431396,
    1.8731204271316528,
    2.168163537979126,
    2.2482895851135254,
    2.5092670917510986,
    2.4351389408111572,
    2.414663553237915,
    2.398499011993408,
    2.34586238861084,
    2.1564905643463135,
    2.5148746967315674,
    2.6634154319763184,
    2.0826854705810547,
    0.8932089805603027,
    2.252089023590088,
    1.2977057695388794,
    2.2748970985412598,
    1.342197299003601
  ],
  "acceptance_rates": [
    0.983198,
    0.786893,
    0.668509,
    0.60486,
    0.539002,
    0.456628,
    0.418209,
    0.294238,
    0.347167,
    0.307396,
    0.292168,
    0.247628,
    0.234119,
    0.219957,
    0.197483,
    0.157574,
    0.172965,
    0.156903,
    0.14294,
    0.146328,
    0.135437,
    0.127422,
    0.122493,
    0.094833,
    0.099877,
    0.097416,
    0.100769,
    0.091004,
    0.084744,
    0.079432,
    0.072828,
    0.062444,
    0.069278,
    0.068083,
    0.051051,
    0.020918,
    0.049999,
    0.027787,
    0.045608,
    0.026354
  ],
  "scale_param_range": [
    0.01,
    0.24051282051282052,
    0.47102564102564104,
    0.7015384615384616,
    0.9320512820512821,
    1.1625641025641025,
    1.393076923076923,
    1.6235897435897437,
    1.8541025641025641,
    2.0846153846153843,
    2.3151282051282047,
    2.5456410256410256,
    2.776153846153846,
    3.0066666666666664,
    3.2371794871794872,
    3.4676923076923076,
    3.698205128205128,
    3.9287179487179484,
    4.159230769230769,
    4.389743589743589,
    4.62025641025641,
    4.850769230769231,
    5.081282051282051,
    5.311794871794872,
    5.542307692307692,
    5.772820512820513,
    6.003333333333333,
    6.233846153846153,
    6.464358974358975,
    6.694871794871795,
    6.9253846153846155,
    7.155897435897436,
    7.386410256410256,
    7.616923076923077,
    7.847435897435897,
    8.077948717948718,
    8.308461538461538,
    8.53897435897436,
    8.769487179487179,
    9.0
  ],
  "times": [
    316.7034659385681,
    316.4183201789856,
    316.8425509929657,
    316.3291988372803,
    315.9765295982361,
    316.0383038520813,
    316.7792057991028,
    316.6189925670624,
    317.16856813430786,
    317.06464290618896,
    317.27717566490173,
    317.04171442985535,
    317.137629032135,
    317.3125445842743,
    317.0406482219696,
    317.0896739959717,
    316.6230351924896,
    316.7464234828949,
    317.20283102989197,
    317.6956379413605,
    317.37517261505127,
    316.83536291122437,
    316.06382274627686,
    316.7315397262573,
    316.58863592147827,
    316.4567241668701,
    317.25722002983093,
    316.2716212272644,
    316.4103786945343,
    316.5881836414337,
    316.71291184425354,
    316.86293625831604,
    317.2522876262665,
    316.60279154777527,
    316.8247354030609,
    316.65859961509705,
    317.2945120334625,
    317.5327317714691,
    317.6321008205414,
    317.5440468788147
  ]
}