{
  "target_distribution": "NealFunnel",
  "dimension": 20,
  "num_iterations": 300000,
  "seed": 8,
  "total_time": 6512.645620107651,
  "max_esjd": 2.4924604892730713,
  "max_acceptance_rate": 0.24165333333333333,
  "max_variance_value": 3.321025641025641,
  "expected_squared_jump_distances": [
    9.910325024975464e-05,
    0.008418385870754719,
    0.027082199230790138,
    0.05382848531007767,
    0.08827691525220871,
    0.12474020570516586,
    0.18506816029548645,
    0.22383984923362732,
    0.2676279544830322,
    0.29562294483184814,
    0.41791200637817383,
    0.4397582709789276,
    0.5865718722343445,
    0.4843350946903229,
    0.6336184144020081,
    0.6790403127670288,
    0.7974480986595154,
    0.833601176738739,
    0.9190548062324524,
    0.8488439321517944,
    1.0349183082580566,
    1.1795698404312134,
    1.0585789680480957,
    1.3531006574630737,
    1.3934751749038696,
    1.308294653892517,
    1.003326177597046,
    1.3542853593826294,
    0.9860515594482422,
    1.2982136011123657,
    1.56960928440094,
    1.8991628885269165,
    1.560391902923584,
    1.559356689453125,
    1.6905622482299805,
    1.9734435081481934,
    2.194873809814453,
    2.4924604892730713,
    1.128021001815796,
    1.8119354248046875
  ],
  "acceptance_rates": [
    0.99122,
    0.85681,
    0.7672233333333334,
    0.7051566666666667,
    0.6636,
    0.6078433333333333,
    0.6312966666666666,
    0.5667833333333333,
    0.5221633333333333,
    0.45724333333333333,
    0.5267433333333333,
    0.46073333333333333,
    0.51533,
    0.36641,
    0.41363666666666665,
    0.38839666666666667,
    0.3999933333333333,
    0.37184666666666666,
    0.36785666666666667,
    0.30483666666666664,
    0.33533666666666667,
    0.34574666666666665,
    0.28731,
    0.33340333333333333,
    0.31564333333333333,
    0.2748333333333333,
    0.19575333333333333,
    0.2463,
    0.16672,
    0.20338666666666666,
    0.23195666666666667,
    0.25935,
    0.20262333333333332,
    0.19135333333333332,
    0.19604666666666667,
    0.21506,
    0.22529666666666667,
    0.24165333333333333,
    0.10444666666666666,
    0.16108666666666666
  ],
  "var_value_range": [
    0.01,
    0.09948717948717949,
    0.188974358974359,
    0.2784615384615385,
    0.367948717948718,
    0.45743589743589746,
    0.546923076923077,
    0.6364102564102565,
    0.7258974358974359,
    0.8153846153846154,
    0.9048717948717949,
    0.9943589743589745,
    1.083846153846154,
    1.1733333333333333,
    1.262820512820513,
    1.3523076923076924,
    1.4417948717948719,
    1.5312820512820513,
    1.6207692307692307,
    1.7102564102564104,
    1.7997435897435898,
    1.8892307692307693,
    1.978717948717949,
    2.068205128205128,
    2.1576923076923076,
    2.247179487179487,
    2.3366666666666664,
    2.426153846153846,
    2.5156410256410258,
    2.605128205128205,
    2.6946153846153846,
    2.784102564102564,
    2.8735897435897435,
    2.963076923076923,
    3.0525641025641024,
    3.142051282051282,
    3.2315384615384612,
    3.321025641025641,
    3.4105128205128206,
    3.5
  ],
  "times": [
    162.3012056350708,
    160.18292570114136,
    159.8551549911499,
    160.23928904533386,
    159.9274938106537,
    160.20578289031982,
    159.3694498538971,
    160.13830637931824,
    159.48322081565857,
    159.90593218803406,
    160.0131220817566,
    159.55160689353943,
    160.8381004333496,
    164.4014823436737,
    163.9713535308838,
    163.91640758514404,
    164.21710324287415,
    164.58161997795105,
    163.84561562538147,
    164.14042377471924,
    163.87982964515686,
    164.2573640346527,
    164.39875149726868,
    164.21722173690796,
    164.01363897323608,
    163.86481046676636,
    163.9350905418396,
    164.2165231704712,
    163.86447310447693,
    163.87309193611145,
    163.855699300766,
    163.93825149536133,
    163.83422470092773,
    164.24134302139282,
    164.4342179298401,
    164.1393599510193,
    164.1584231853485,
    164.16000366210938,
    163.9726972579956,
    164.26590728759766
  ]
}