{
  "target_distribution": "NealFunnel",
  "proposal_distribution": "Normal",
  "dimension": 30,
  "num_iterations": 1000000,
  "seed": 7,
  "total_time": 12555.915818452835,
  "max_esjd": 2.89874267578125,
  "max_acceptance_rate": 0.195693,
  "max_scale_param": 3.94025641025641,
  "expected_squared_jump_distances": [
    9.942382894223556e-05,
    0.014777502976357937,
    0.047615524381399155,
    0.09579560160636902,
    0.13371700048446655,
    0.25652649998664856,
    0.298770546913147,
    0.4691556990146637,
    0.4901515543460846,
    0.571044921875,
    0.7077718377113342,
    0.7887553572654724,
    0.7673155069351196,
    1.1299266815185547,
    1.7209663391113281,
    1.2416132688522339,
    2.223329544067383,
    1.7017344236373901,
    1.6218030452728271,
    2.2345566749572754,
    2.0466113090515137,
    1.5330082178115845,
    1.1540710926055908,
    1.5110708475112915,
    2.2411630153656006,
    2.0856494903564453,
    1.8613152503967285,
    1.9647849798202515,
    1.3089900016784668,
    0.549911379814148,
    2.0903072357177734,
    2.3925440311431885,
    2.89874267578125,
    2.4548377990722656,
    2.85797381401062,
    2.186861991882324,
    1.9506005628500134e-05,
    2.0602210497600026e-05,
    2.1728377760155126e-05,
    2.2945544719696045
  ],
  "acceptance_rates": [
    0.993817,
    0.841891,
    0.734995,
    0.676285,
    0.538777,
    0.666117,
    0.544664,
    0.62894,
    0.506447,
    0.469473,
    0.47207,
    0.43625,
    0.357292,
    0.447874,
    0.584855,
    0.37206,
    0.580194,
    0.39704,
    0.34013,
    0.417814,
    0.347028,
    0.238357,
    0.163409,
    0.196438,
    0.265676,
    0.229931,
    0.189938,
    0.186347,
    0.115675,
    0.045766,
    0.161606,
    0.172322,
    0.195693,
    0.156505,
    0.171433,
    0.124565,
    2e-06,
    2e-06,
    2e-06,
    0.105297
  ],
  "scale_param_range": [
    0.01,
    0.13282051282051283,
    0.25564102564102564,
    0.37846153846153846,
    0.5012820512820513,
    0.6241025641025642,
    0.7469230769230769,
    0.8697435897435897,
    0.9925641025641025,
    1.1153846153846154,
    1.2382051282051283,
    1.361025641025641,
    1.4838461538461538,
    1.6066666666666667,
    1.7294871794871793,
    1.8523076923076922,
    1.975128205128205,
    2.0979487179487175,
    2.2207692307692306,
    2.3435897435897433,
    2.4664102564102564,
    2.589230769230769,
    2.7120512820512817,
    2.8348717948717947,
    2.9576923076923074,
    3.08051282051282,
    3.203333333333333,
    3.326153846153846,
    3.4489743589743584,
    3.5717948717948715,
    3.694615384615384,
    3.8174358974358973,
    3.94025641025641,
    4.063076923076923,
    4.185897435897435,
    4.308717948717948,
    4.431538461538461,
    4.554358974358974,
    4.677179487179487,
    4.8
  ],
  "times": [
    313.22399377822876,
    313.9105851650238,
    314.16079473495483,
    313.44439673423767,
    313.64606070518494,
    313.6980516910553,
    314.3715012073517,
    313.63496470451355,
    313.6070852279663,
    313.76001596450806,
    314.39061188697815,
    313.7259249687195,
    314.0972521305084,
    314.3768217563629,
    313.9456293582916,
    313.6917667388916,
    313.71433210372925,
    313.62946701049805,
    313.6806364059448,
    313.4517993927002,
    313.8455774784088,
    313.81287837028503,
    313.8841528892517,
    312.7117705345154,
    313.0777564048767,
    313.6041564941406,
    313.9916753768921,
    313.9436557292938,
    313.6163763999939,
    313.7582347393036,
    314.73337149620056,
    314.74233293533325,
    314.8558852672577,
    314.3678402900696,
    313.8693597316742,
    313.7714557647705,
    314.87990069389343,
    314.01238322257996,
    314.5011684894562,
    313.66947054862976
  ]
}