{
  "target_distribution": "NealFunnel",
  "proposal_distribution": "Normal",
  "dimension": 10,
  "num_iterations": 1000000,
  "seed": 26,
  "total_time": 7419.021275997162,
  "max_esjd": 3.642137050628662,
  "max_acceptance_rate": 0.088788,
  "max_scale_param": 6.975641025641026,
  "expected_squared_jump_distances": [
    9.96689050225541e-05,
    0.03665449097752571,
    0.12040159851312637,
    0.2236996591091156,
    0.36967435479164124,
    0.25448837876319885,
    0.6776776313781738,
    0.7834010720252991,
    0.8969756364822388,
    0.8094162940979004,
    1.2761543989181519,
    1.1393275260925293,
    1.6631677150726318,
    1.772292971611023,
    1.9346133470535278,
    2.0670292377471924,
    2.2916722297668457,
    2.253361940383911,
    2.2069807052612305,
    2.028491735458374,
    2.5964858531951904,
    2.4841551780700684,
    1.3477234840393066,
    2.520841598510742,
    2.650641441345215,
    2.6495378017425537,
    3.0884902477264404,
    3.078293800354004,
    2.6361138820648193,
    2.681511878967285,
    2.8043575286865234,
    2.527463912963867,
    2.508232593536377,
    3.2151849269866943,
    3.642137050628662,
    2.5823614597320557,
    3.265547275543213,
    2.5109150409698486,
    1.6772655248641968,
    3.4686789512634277
  ],
  "acceptance_rates": [
    0.996908,
    0.80901,
    0.703032,
    0.598285,
    0.565388,
    0.253337,
    0.471657,
    0.406215,
    0.360232,
    0.260273,
    0.332191,
    0.247096,
    0.302316,
    0.276904,
    0.262683,
    0.244583,
    0.238391,
    0.210736,
    0.185888,
    0.152497,
    0.177323,
    0.155916,
    0.077868,
    0.133171,
    0.128618,
    0.1177,
    0.127373,
    0.116403,
    0.096103,
    0.09194,
    0.088266,
    0.075416,
    0.069658,
    0.084828,
    0.088788,
    0.060505,
    0.072144,
    0.052459,
    0.033781,
    0.065567
  ],
  "scale_param_range": [
    0.01,
    0.2148717948717949,
    0.4197435897435898,
    0.6246153846153847,
    0.8294871794871795,
    1.0343589743589745,
    1.2392307692307694,
    1.4441025641025642,
    1.648974358974359,
    1.853846153846154,
    2.0587179487179488,
    2.2635897435897436,
    2.4684615384615385,
    2.6733333333333333,
    2.878205128205128,
    3.083076923076923,
    3.287948717948718,
    3.4928205128205128,
    3.6976923076923076,
    3.9025641025641025,
    4.107435897435898,
    4.312307692307693,
    4.5171794871794875,
    4.722051282051282,
    4.926923076923077,
    5.131794871794872,
    5.336666666666667,
    5.541538461538462,
    5.746410256410257,
    5.9512820512820515,
    6.156153846153846,
    6.361025641025641,
    6.565897435897436,
    6.770769230769231,
    6.975641025641026,
    7.180512820512821,
    7.385384615384615,
    7.59025641025641,
    7.795128205128205,
    8.0
  ],
  "times": [
    185.35661554336548,
    185.30630326271057,
    185.10267090797424,
    185.38338589668274,
    185.40011024475098,
    185.6469805240631,
    185.60320043563843,
    185.4434790611267,
    185.86303782463074,
    185.49076747894287,
    185.76811242103577,
    185.36626744270325,
    185.42554378509521,
    185.38209128379822,
    185.19898867607117,
    185.08755803108215,
    185.85558319091797,
    185.18713665008545,
    185.82262110710144,
    185.62703728675842,
    185.34576773643494,
    185.46052598953247,
    185.50379467010498,
    185.42370176315308,
    185.48695945739746,
    185.67816472053528,
    185.52839994430542,
    185.74277210235596,
    185.7807161808014,
    185.54114532470703,
    185.67437601089478,
    185.12728333473206,
    185.38271689414978,
    185.35662078857422,
    185.44102382659912,
    185.09898853302002,
    185.52059626579285,
    185.1643328666687,
    185.72559213638306,
    185.66217851638794
  ]
}