{
  "target_distribution": "NealFunnel",
  "proposal_distribution": "Normal",
  "dimension": 5,
  "num_iterations": 1000000,
  "seed": 26,
  "total_time": 12562.225384235382,
  "max_esjd": 2.75956654548645,
  "max_acceptance_rate": 0.061293,
  "max_scale_param": 8.308461538461538,
  "expected_squared_jump_distances": [
    9.68366875895299e-05,
    0.045394327491521835,
    0.13513106107711792,
    0.26802414655685425,
    0.3983549475669861,
    0.5444722771644592,
    0.7160739302635193,
    0.8269221186637878,
    0.9829428791999817,
    1.122537612915039,
    1.224666714668274,
    1.3194479942321777,
    1.356021523475647,
    1.573311686515808,
    1.6047617197036743,
    1.6702592372894287,
    1.5255039930343628,
    1.6855800151824951,
    1.7429006099700928,
    1.473574161529541,
    1.8394629955291748,
    1.9006520509719849,
    2.0437533855438232,
    1.9972312450408936,
    2.047341823577881,
    2.1229848861694336,
    2.1807327270507812,
    1.7973748445510864,
    1.925557255744934,
    2.5795936584472656,
    2.2044880390167236,
    2.598468065261841,
    2.454664707183838,
    2.582369089126587,
    1.9033397436141968,
    1.2661192417144775,
    2.75956654548645,
    1.4395275115966797,
    2.1585311889648438,
    2.5633952617645264
  ],
  "acceptance_rates": [
    0.973569,
    0.814217,
    0.650216,
    0.594804,
    0.513166,
    0.457435,
    0.426721,
    0.369495,
    0.343463,
    0.314026,
    0.283733,
    0.257254,
    0.225469,
    0.22265,
    0.2016,
    0.185045,
    0.147627,
    0.149222,
    0.138101,
    0.106712,
    0.121083,
    0.11376,
    0.113129,
    0.102011,
    0.095442,
    0.093889,
    0.088199,
    0.068872,
    0.06791,
    0.08544,
    0.06762,
    0.076051,
    0.067899,
    0.066635,
    0.045949,
    0.029323,
    0.061293,
    0.031125,
    0.043026,
    0.049121
  ],
  "scale_param_range": [
    0.01,
    0.24051282051282052,
    0.47102564102564104,
    0.7015384615384616,
    0.9320512820512821,
    1.1625641025641025,
    1.393076923076923,
    1.6235897435897437,
    1.8541025641025641,
    2.0846153846153843,
    2.3151282051282047,
    2.5456410256410256,
    2.776153846153846,
    3.0066666666666664,
    3.2371794871794872,
    3.4676923076923076,
    3.698205128205128,
    3.9287179487179484,
    4.159230769230769,
    4.389743589743589,
    4.62025641025641,
    4.850769230769231,
    5.081282051282051,
    5.311794871794872,
    5.542307692307692,
    5.772820512820513,
    6.003333333333333,
    6.233846153846153,
    6.464358974358975,
    6.694871794871795,
    6.9253846153846155,
    7.155897435897436,
    7.386410256410256,
    7.616923076923077,
    7.847435897435897,
    8.077948717948718,
    8.308461538461538,
    8.53897435897436,
    8.769487179487179,
    9.0
  ],
  "times": [
    319.3199405670166,
    317.17331981658936,
    318.2754399776459,
    319.01004576683044,
    317.34488892555237,
    320.8684594631195,
    323.2909104824066,
    319.4170858860016,
    320.32226037979126,
    318.09442353248596,
    316.4495108127594,
    318.3641483783722,
    315.2355844974518,
    315.5985403060913,
    313.6436080932617,
    313.670175075531,
    315.1536445617676,
    316.30789828300476,
    312.56927943229675,
    313.201203584671,
    310.6460692882538,
    310.99234342575073,
    313.4485077857971,
    314.82624340057373,
    316.73945713043213,
    312.10826802253723,
    314.565819978714,
    319.45935249328613,
    317.69180178642273,
    314.15182065963745,
    312.2219948768616,
    310.40935611724854,
    308.3847088813782,
    304.9255485534668,
    308.3743212223053,
    303.96423506736755,
    307.9286632537842,
    304.46382093429565,
    304.4358184337616,
    309.10747170448303
  ]
}