{
  "target_distribution": "NealFunnel",
  "dimension": 10,
  "num_iterations": 300000,
  "seed": 2,
  "total_time": 6496.080876111984,
  "max_esjd": 2.2784934043884277,
  "max_acceptance_rate": 0.27308,
  "max_variance_value": 3.0525641025641024,
  "expected_squared_jump_distances": [
    9.896065603243187e-05,
    0.008845076896250248,
    0.02943664789199829,
    0.04736806079745293,
    0.09095702320337296,
    0.138027161359787,
    0.18107116222381592,
    0.22010107338428497,
    0.28803008794784546,
    0.34123849868774414,
    0.2948431670665741,
    0.4049478769302368,
    0.5075941681861877,
    0.6122877597808838,
    0.6380658745765686,
    0.6722098588943481,
    0.7132819890975952,
    0.9549506306648254,
    0.8388078212738037,
    0.9977827072143555,
    1.0534045696258545,
    0.8753679394721985,
    0.5700560212135315,
    1.0627168416976929,
    0.8687607049942017,
    1.244509220123291,
    1.3024897575378418,
    1.3352365493774414,
    1.4665179252624512,
    1.609656572341919,
    1.4298635721206665,
    1.6323344707489014,
    1.7665627002716064,
    1.7316482067108154,
    2.2784934043884277,
    1.8307489156723022,
    2.1701571941375732,
    1.8605021238327026,
    2.0950729846954346,
    1.4726698398590088
  ],
  "acceptance_rates": [
    0.9895333333333334,
    0.90209,
    0.83774,
    0.6250366666666667,
    0.6889433333333334,
    0.6824633333333333,
    0.6305433333333333,
    0.56786,
    0.5719733333333333,
    0.54084,
    0.38036,
    0.43843666666666664,
    0.46046333333333334,
    0.47524666666666665,
    0.4314366666666667,
    0.39748333333333336,
    0.3738166666666667,
    0.43928333333333336,
    0.35157333333333335,
    0.37313666666666667,
    0.35745666666666664,
    0.2717866666666667,
    0.15905666666666668,
    0.2764333333333333,
    0.20862,
    0.2749533333333333,
    0.26765333333333335,
    0.25206666666666666,
    0.26099,
    0.26674,
    0.22175,
    0.23969,
    0.24157666666666666,
    0.22396666666666668,
    0.27308,
    0.21145,
    0.23558666666666667,
    0.19418333333333335,
    0.20552,
    0.13804
  ],
  "var_value_range": [
    0.01,
    0.09948717948717949,
    0.188974358974359,
    0.2784615384615385,
    0.367948717948718,
    0.45743589743589746,
    0.546923076923077,
    0.6364102564102565,
    0.7258974358974359,
    0.8153846153846154,
    0.9048717948717949,
    0.9943589743589745,
    1.083846153846154,
    1.1733333333333333,
    1.262820512820513,
    1.3523076923076924,
    1.4417948717948719,
    1.5312820512820513,
    1.6207692307692307,
    1.7102564102564104,
    1.7997435897435898,
    1.8892307692307693,
    1.978717948717949,
    2.068205128205128,
    2.1576923076923076,
    2.247179487179487,
    2.3366666666666664,
    2.426153846153846,
    2.5156410256410258,
    2.605128205128205,
    2.6946153846153846,
    2.784102564102564,
    2.8735897435897435,
    2.963076923076923,
    3.0525641025641024,
    3.142051282051282,
    3.2315384615384612,
    3.321025641025641,
    3.4105128205128206,
    3.5
  ],
  "times": [
    164.38490748405457,
    162.88514256477356,
    162.63026237487793,
    162.69744563102722,
    162.84553384780884,
    162.5882909297943,
    162.40734243392944,
    162.68567061424255,
    162.28281331062317,
    162.01341438293457,
    162.1577661037445,
    162.30879426002502,
    162.24706888198853,
    162.10009217262268,
    162.2421236038208,
    162.342613697052,
    162.1413173675537,
    162.2962930202484,
    162.23435974121094,
    161.9793577194214,
    162.43537068367004,
    162.22345614433289,
    162.33994102478027,
    162.74951362609863,
    162.06828331947327,
    162.1562840938568,
    162.04368591308594,
    162.45977234840393,
    162.09370756149292,
    161.96832036972046,
    162.59074759483337,
    163.10519409179688,
    162.541362285614,
    162.4443802833557,
    162.6025218963623,
    161.99558234214783,
    162.08664345741272,
    161.8384871482849,
    162.4085443019867,
    162.39941120147705
  ]
}