{
  "target_distribution": "NealFunnel",
  "proposal_distribution": "Normal",
  "dimension": 30,
  "num_iterations": 1000000,
  "seed": 30,
  "total_time": 12696.657183408737,
  "max_esjd": 3.2506189346313477,
  "max_acceptance_rate": 0.148261,
  "max_scale_param": 4.8,
  "expected_squared_jump_distances": [
    9.942431643139571e-05,
    0.01450965367257595,
    0.04715627804398537,
    0.1010872945189476,
    0.16742847859859467,
    0.2243032455444336,
    0.33492591977119446,
    0.38523775339126587,
    0.5445178747177124,
    0.5784093141555786,
    0.6984356045722961,
    0.7353482246398926,
    0.9594061374664307,
    0.9507636427879333,
    1.7601407766342163,
    1.0847947597503662,
    0.827957272529602,
    1.454761028289795,
    1.4734257459640503,
    1.5437610149383545,
    1.3126565217971802,
    1.7983859777450562,
    1.6662142276763916,
    1.7884589433670044,
    2.149380922317505,
    1.982047200202942,
    2.1255674362182617,
    2.0074462890625,
    2.2059144973754883,
    2.722702741622925,
    2.2625725269317627,
    2.935525417327881,
    2.642400026321411,
    1.4250844717025757,
    1.466752052307129,
    3.462980021140538e-05,
    1.9506005628500134e-05,
    2.0602210497600026e-05,
    2.172837957914453e-05,
    3.2506189346313477
  ],
  "acceptance_rates": [
    0.993822,
    0.82697,
    0.728154,
    0.712538,
    0.673448,
    0.584153,
    0.608969,
    0.518074,
    0.562054,
    0.474847,
    0.466164,
    0.407681,
    0.445652,
    0.378606,
    0.598257,
    0.326946,
    0.219237,
    0.341512,
    0.308723,
    0.291299,
    0.224576,
    0.278108,
    0.236247,
    0.232344,
    0.256296,
    0.214947,
    0.216511,
    0.188628,
    0.194051,
    0.22286,
    0.17413,
    0.210288,
    0.178129,
    0.090943,
    0.088859,
    4e-06,
    2e-06,
    2e-06,
    2e-06,
    0.148261
  ],
  "scale_param_range": [
    0.01,
    0.13282051282051283,
    0.25564102564102564,
    0.37846153846153846,
    0.5012820512820513,
    0.6241025641025642,
    0.7469230769230769,
    0.8697435897435897,
    0.9925641025641025,
    1.1153846153846154,
    1.2382051282051283,
    1.361025641025641,
    1.4838461538461538,
    1.6066666666666667,
    1.7294871794871793,
    1.8523076923076922,
    1.975128205128205,
    2.0979487179487175,
    2.2207692307692306,
    2.3435897435897433,
    2.4664102564102564,
    2.589230769230769,
    2.7120512820512817,
    2.8348717948717947,
    2.9576923076923074,
    3.08051282051282,
    3.203333333333333,
    3.326153846153846,
    3.4489743589743584,
    3.5717948717948715,
    3.694615384615384,
    3.8174358974358973,
    3.94025641025641,
    4.063076923076923,
    4.185897435897435,
    4.308717948717948,
    4.431538461538461,
    4.554358974358974,
    4.677179487179487,
    4.8
  ],
  "times": [
    316.3967936038971,
    316.9505844116211,
    317.1812551021576,
    317.08899784088135,
    317.4766638278961,
    317.344357252121,
    318.26821088790894,
    317.5920510292053,
    317.72218561172485,
    318.0135090351105,
    317.18524408340454,
    317.2918074131012,
    317.02544713020325,
    316.48582315444946,
    316.93424916267395,
    317.1188805103302,
    317.6904604434967,
    317.0672798156738,
    317.37549018859863,
    316.9482092857361,
    317.3278229236603,
    317.79844331741333,
    317.3227014541626,
    317.2077651023865,
    316.91040110588074,
    317.05678629875183,
    317.67744851112366,
    318.2685694694519,
    317.86913537979126,
    317.1202645301819,
    318.1049315929413,
    316.93411135673523,
    318.18927025794983,
    317.9714980125427,
    317.7621417045593,
    317.7584037780762,
    317.4637427330017,
    317.5365688800812,
    318.3845944404602,
    316.73016357421875
  ]
}