{
  "target_distribution": "NealFunnel",
  "proposal_distribution": "Normal",
  "dimension": 5,
  "num_iterations": 1000000,
  "seed": 27,
  "total_time": 7486.5332136154175,
  "max_esjd": 3.0026214122772217,
  "max_acceptance_rate": 0.060149,
  "max_scale_param": 8.769487179487179,
  "expected_squared_jump_distances": [
    9.974806744139642e-05,
    0.0450296550989151,
    0.14380764961242676,
    0.28646862506866455,
    0.45434001088142395,
    0.5911428928375244,
    0.7377983331680298,
    0.8995843529701233,
    1.0271272659301758,
    1.1642391681671143,
    1.2666445970535278,
    1.3460694551467896,
    1.5144364833831787,
    1.4779950380325317,
    1.463937759399414,
    1.8163362741470337,
    1.8473021984100342,
    1.7715281248092651,
    1.8513189554214478,
    2.010958433151245,
    1.4573827981948853,
    2.070513963699341,
    1.9218087196350098,
    1.895425796508789,
    2.239888906478882,
    2.3056797981262207,
    1.6287736892700195,
    2.2851154804229736,
    2.5093250274658203,
    2.5613856315612793,
    2.295877456665039,
    2.3541452884674072,
    1.7889829874038696,
    2.1003832817077637,
    0.3031781315803528,
    2.646108627319336,
    2.880544424057007,
    2.717484712600708,
    3.0026214122772217,
    2.4217259883880615
  ],
  "acceptance_rates": [
    0.99718,
    0.806858,
    0.689551,
    0.630876,
    0.57702,
    0.493937,
    0.437106,
    0.400077,
    0.358296,
    0.324038,
    0.292317,
    0.260337,
    0.249124,
    0.209936,
    0.183025,
    0.195838,
    0.180567,
    0.153966,
    0.144115,
    0.144381,
    0.09492,
    0.12388,
    0.105498,
    0.096073,
    0.105494,
    0.099912,
    0.06653,
    0.086517,
    0.08911,
    0.084858,
    0.07132,
    0.069028,
    0.049705,
    0.054782,
    0.007711,
    0.061256,
    0.063027,
    0.056367,
    0.060149,
    0.046619
  ],
  "scale_param_range": [
    0.01,
    0.24051282051282052,
    0.47102564102564104,
    0.7015384615384616,
    0.9320512820512821,
    1.1625641025641025,
    1.393076923076923,
    1.6235897435897437,
    1.8541025641025641,
    2.0846153846153843,
    2.3151282051282047,
    2.5456410256410256,
    2.776153846153846,
    3.0066666666666664,
    3.2371794871794872,
    3.4676923076923076,
    3.698205128205128,
    3.9287179487179484,
    4.159230769230769,
    4.389743589743589,
    4.62025641025641,
    4.850769230769231,
    5.081282051282051,
    5.311794871794872,
    5.542307692307692,
    5.772820512820513,
    6.003333333333333,
    6.233846153846153,
    6.464358974358975,
    6.694871794871795,
    6.9253846153846155,
    7.155897435897436,
    7.386410256410256,
    7.616923076923077,
    7.847435897435897,
    8.077948717948718,
    8.308461538461538,
    8.53897435897436,
    8.769487179487179,
    9.0
  ],
  "times": [
    186.79858493804932,
    186.64107298851013,
    187.14760637283325,
    187.2695276737213,
    187.2289958000183,
    187.42898774147034,
    187.37153506278992,
    186.86330103874207,
    187.1387791633606,
    187.09622359275818,
    187.5011076927185,
    186.91970443725586,
    187.1882026195526,
    187.03202199935913,
    186.77411913871765,
    187.03209519386292,
    186.91241574287415,
    187.39334750175476,
    187.4256889820099,
    187.04127621650696,
    187.13791394233704,
    186.907559633255,
    187.4333930015564,
    187.42087292671204,
    186.89568305015564,
    187.59548544883728,
    187.89903664588928,
    187.14871907234192,
    187.31370568275452,
    186.84505915641785,
    186.79272508621216,
    187.268084526062,
    187.525456905365,
    187.24434423446655,
    187.2237024307251,
    187.27447414398193,
    187.12142372131348,
    186.98966574668884,
    187.20420002937317,
    187.03270292282104
  ]
}