{
  "target_distribution": "NealFunnel",
  "proposal_distribution": "Normal",
  "dimension": 30,
  "num_iterations": 1000000,
  "seed": 10,
  "total_time": 17682.979027032852,
  "max_esjd": 3.145592451095581,
  "max_acceptance_rate": 0.143267,
  "max_scale_param": 4.8,
  "expected_squared_jump_distances": [
    9.942512406269088e-05,
    0.014136368408799171,
    0.048349350690841675,
    0.0990234985947609,
    0.17628411948680878,
    0.23684081435203552,
    0.3044610023498535,
    0.4133259356021881,
    0.4098607003688812,
    0.5560519695281982,
    0.4883224368095398,
    0.7783803939819336,
    0.892453134059906,
    0.961123526096344,
    1.003530740737915,
    0.9298467636108398,
    2.113955497741699,
    1.5424259901046753,
    1.045039176940918,
    1.5349265336990356,
    1.1796061992645264,
    1.8122520446777344,
    1.8418270349502563,
    1.9373527765274048,
    2.1311049461364746,
    2.2026684284210205,
    2.0639212131500244,
    1.9896365404129028,
    2.376495599746704,
    2.267988681793213,
    2.51993989944458,
    2.7314975261688232,
    1.9170242547988892,
    2.536890983581543,
    2.637284994125366,
    2.1216423511505127,
    1.9506005628500134e-05,
    2.0602210497600026e-05,
    2.172837957914453e-05,
    3.145592451095581
  ],
  "acceptance_rates": [
    0.993831,
    0.805835,
    0.746257,
    0.698258,
    0.708951,
    0.616228,
    0.554723,
    0.554687,
    0.425707,
    0.456775,
    0.32746,
    0.430694,
    0.41545,
    0.382362,
    0.345499,
    0.280468,
    0.552094,
    0.360962,
    0.220704,
    0.289331,
    0.201237,
    0.28115,
    0.259236,
    0.250296,
    0.25376,
    0.241599,
    0.209832,
    0.188562,
    0.208625,
    0.186512,
    0.19382,
    0.196316,
    0.130535,
    0.161729,
    0.158117,
    0.119886,
    2e-06,
    2e-06,
    2e-06,
    0.143267
  ],
  "scale_param_range": [
    0.01,
    0.13282051282051283,
    0.25564102564102564,
    0.37846153846153846,
    0.5012820512820513,
    0.6241025641025642,
    0.7469230769230769,
    0.8697435897435897,
    0.9925641025641025,
    1.1153846153846154,
    1.2382051282051283,
    1.361025641025641,
    1.4838461538461538,
    1.6066666666666667,
    1.7294871794871793,
    1.8523076923076922,
    1.975128205128205,
    2.0979487179487175,
    2.2207692307692306,
    2.3435897435897433,
    2.4664102564102564,
    2.589230769230769,
    2.7120512820512817,
    2.8348717948717947,
    2.9576923076923074,
    3.08051282051282,
    3.203333333333333,
    3.326153846153846,
    3.4489743589743584,
    3.5717948717948715,
    3.694615384615384,
    3.8174358974358973,
    3.94025641025641,
    4.063076923076923,
    4.185897435897435,
    4.308717948717948,
    4.431538461538461,
    4.554358974358974,
    4.677179487179487,
    4.8
  ],
  "times": [
    439.0303192138672,
    439.78888034820557,
    439.8209948539734,
    440.5076353549957,
    440.3002951145172,
    440.4105808734894,
    441.2330038547516,
    440.63288950920105,
    440.13109374046326,
    440.4778845310211,
    440.4686996936798,
    439.8830864429474,
    440.31210827827454,
    440.14848375320435,
    440.17853331565857,
    440.7057468891144,
    440.9772255420685,
    442.5014417171478,
    443.01576948165894,
    442.8451609611511,
    443.51913595199585,
    443.4375033378601,
    443.45870089530945,
    442.8884439468384,
    443.1073055267334,
    442.94268250465393,
    444.0739834308624,
    443.2664861679077,
    443.6315743923187,
    443.4728055000305,
    443.2542791366577,
    442.97033882141113,
    443.6371822357178,
    443.8819148540497,
    443.2608985900879,
    443.06605410575867,
    443.86999440193176,
    444.4435884952545,
    444.2663812637329,
    443.05268812179565
  ]
}