{
  "target_distribution": "NealFunnel",
  "proposal_distribution": "Normal",
  "dimension": 10,
  "num_iterations": 1000000,
  "seed": 9,
  "total_time": 6961.991734266281,
  "max_esjd": 3.93523907661438,
  "max_acceptance_rate": 0.136991,
  "max_scale_param": 5.746410256410257,
  "expected_squared_jump_distances": [
    9.966723882826045e-05,
    0.03738586977124214,
    0.11442623287439346,
    0.23161868751049042,
    0.3481227457523346,
    0.523551881313324,
    0.6982446312904358,
    0.8426420092582703,
    0.8080165386199951,
    1.0796935558319092,
    1.254225492477417,
    1.3990978002548218,
    1.2781572341918945,
    1.7302074432373047,
    1.318884253501892,
    1.828171730041504,
    2.1590890884399414,
    2.0281522274017334,
    2.314910411834717,
    2.2952842712402344,
    2.0242178440093994,
    2.243211269378662,
    2.7104690074920654,
    2.4492762088775635,
    2.922621488571167,
    2.8199894428253174,
    2.5873684883117676,
    2.9246630668640137,
    3.93523907661438,
    2.3444294929504395,
    3.018235921859741,
    1.36634361743927,
    3.6231064796447754,
    3.041161298751831,
    3.4421443939208984,
    3.286160945892334,
    2.1296188831329346,
    3.054720878601074,
    3.703207015991211,
    3.6621620655059814
  ],
  "acceptance_rates": [
    0.996891,
    0.824589,
    0.670197,
    0.620342,
    0.532613,
    0.518595,
    0.485519,
    0.434897,
    0.324423,
    0.345086,
    0.326781,
    0.301356,
    0.235396,
    0.270945,
    0.180545,
    0.218669,
    0.226962,
    0.190329,
    0.192931,
    0.171665,
    0.139635,
    0.140279,
    0.155018,
    0.129391,
    0.141244,
    0.126006,
    0.108545,
    0.112325,
    0.136991,
    0.079157,
    0.095688,
    0.040098,
    0.100797,
    0.079873,
    0.085398,
    0.07667,
    0.046958,
    0.064382,
    0.07286,
    0.069351
  ],
  "scale_param_range": [
    0.01,
    0.2148717948717949,
    0.4197435897435898,
    0.6246153846153847,
    0.8294871794871795,
    1.0343589743589745,
    1.2392307692307694,
    1.4441025641025642,
    1.648974358974359,
    1.853846153846154,
    2.0587179487179488,
    2.2635897435897436,
    2.4684615384615385,
    2.6733333333333333,
    2.878205128205128,
    3.083076923076923,
    3.287948717948718,
    3.4928205128205128,
    3.6976923076923076,
    3.9025641025641025,
    4.107435897435898,
    4.312307692307693,
    4.5171794871794875,
    4.722051282051282,
    4.926923076923077,
    5.131794871794872,
    5.336666666666667,
    5.541538461538462,
    5.746410256410257,
    5.9512820512820515,
    6.156153846153846,
    6.361025641025641,
    6.565897435897436,
    6.770769230769231,
    6.975641025641026,
    7.180512820512821,
    7.385384615384615,
    7.59025641025641,
    7.795128205128205,
    8.0
  ],
  "times": [
    175.04480814933777,
    174.38522219657898,
    173.905987739563,
    174.22475171089172,
    173.6875879764557,
    173.9462230205536,
    173.75484108924866,
    173.79256057739258,
    173.92614841461182,
    174.1563470363617,
    174.04099774360657,
    174.16819429397583,
    174.27284836769104,
    174.04148745536804,
    174.30385398864746,
    173.85499572753906,
    174.03853344917297,
    173.37511467933655,
    175.00781059265137,
    174.2407054901123,
    173.98670959472656,
    173.2887864112854,
    174.0281205177307,
    173.96254634857178,
    174.26410555839539,
    173.89220929145813,
    174.39675951004028,
    173.38825249671936,
    174.01663947105408,
    174.11831378936768,
    173.9013638496399,
    173.7471764087677,
    173.9983868598938,
    174.1511595249176,
    174.36867022514343,
    173.707622051239,
    173.98762345314026,
    174.2819938659668,
    174.12636494636536,
    174.1386752128601
  ]
}