{
  "target_distribution": "RoughCarpetScaled",
  "proposal_distribution": "Normal",
  "dimension": 50,
  "num_iterations": 200000,
  "seed": 14,
  "total_time": 2831.5965147018433,
  "max_esjd": 1.8579610586166382,
  "max_acceptance_rate": 0.19665,
  "max_scale_param": 3.1366666666666667,
  "expected_squared_jump_distances": [
    9.981838229577988e-05,
    0.01618001237511635,
    0.05704229325056076,
    0.11935118585824966,
    0.198783278465271,
    0.2929064929485321,
    0.39751678705215454,
    0.5104112029075623,
    0.6284219622612,
    0.7458329796791077,
    0.8677073121070862,
    0.9846797585487366,
    1.0946130752563477,
    1.1995558738708496,
    1.3079982995986938,
    1.3963510990142822,
    1.476944923400879,
    1.5458757877349854,
    1.6311054229736328,
    1.6839032173156738,
    1.7220886945724487,
    1.767856478691101,
    1.7923455238342285,
    1.8341872692108154,
    1.8542214632034302,
    1.830566167831421,
    1.8579610586166382,
    1.8443384170532227,
    1.81218683719635,
    1.8089464902877808,
    1.7883059978485107,
    1.7693281173706055,
    1.7335715293884277,
    1.7049670219421387,
    1.6615618467330933,
    1.670518398284912,
    1.6245142221450806,
    1.5491832494735718,
    1.4646074771881104,
    1.4861280918121338
  ],
  "acceptance_rates": [
    0.9977,
    0.95406,
    0.910365,
    0.87029,
    0.827545,
    0.7877,
    0.747435,
    0.70873,
    0.67114,
    0.63177,
    0.597025,
    0.56201,
    0.52625,
    0.49294,
    0.464585,
    0.43291,
    0.40368,
    0.37542,
    0.35401,
    0.32876,
    0.30398,
    0.283715,
    0.262875,
    0.246335,
    0.229555,
    0.209345,
    0.19665,
    0.18145,
    0.16614,
    0.155015,
    0.1434,
    0.13306,
    0.122725,
    0.11376,
    0.10475,
    0.09912,
    0.091225,
    0.08263,
    0.074435,
    0.071505
  ],
  "scale_param_range": [
    0.01,
    0.13025641025641027,
    0.25051282051282053,
    0.3707692307692308,
    0.49102564102564106,
    0.6112820512820514,
    0.7315384615384616,
    0.8517948717948718,
    0.9720512820512821,
    1.0923076923076924,
    1.2125641025641027,
    1.3328205128205128,
    1.4530769230769232,
    1.5733333333333335,
    1.6935897435897436,
    1.8138461538461539,
    1.9341025641025642,
    2.054358974358974,
    2.1746153846153846,
    2.2948717948717947,
    2.4151282051282053,
    2.5353846153846153,
    2.6556410256410254,
    2.775897435897436,
    2.896153846153846,
    3.016410256410256,
    3.1366666666666667,
    3.256923076923077,
    3.377179487179487,
    3.4974358974358974,
    3.6176923076923075,
    3.737948717948718,
    3.858205128205128,
    3.9784615384615383,
    4.098717948717948,
    4.218974358974359,
    4.3392307692307694,
    4.459487179487179,
    4.57974358974359,
    4.7
  ],
  "times": [
    70.2571313381195,
    70.28111433982849,
    70.12631177902222,
    70.2462260723114,
    69.73403286933899,
    70.41060090065002,
    69.40587306022644,
    70.09191918373108,
    70.05099105834961,
    70.1322774887085,
    70.11398506164551,
    70.67990756034851,
    67.94181704521179,
    70.77862477302551,
    71.31450939178467,
    71.78539252281189,
    70.8121612071991,
    71.6915352344513,
    71.6164813041687,
    71.41254353523254,
    71.4880359172821,
    72.1004991531372,
    71.84388542175293,
    71.61720585823059,
    71.21560740470886,
    71.06150555610657,
    70.98351287841797,
    71.00539326667786,
    71.5917100906372,
    71.48187041282654,
    71.35221004486084,
    71.31085515022278,
    71.12442803382874,
    71.58317732810974,
    70.79600644111633,
    69.80023837089539,
    68.98535418510437,
    70.81092357635498,
    71.07390284538269,
    71.43585658073425
  ]
}