{
  "target_distribution": "RoughCarpet",
  "dimension": 10,
  "num_iterations": 200000,
  "seed": 3,
  "total_time": 16323.394686460495,
  "max_esjd": 0.01646428640597232,
  "max_actual_acceptance_rate": 0.3204700783463911,
  "max_constr_acceptance_rate": 0.3310344827586207,
  "expected_squared_jump_distances": [
    0.0027427321116701374,
    0.005738299603750975,
    0.007586571460020633,
    0.008491274607344543,
    0.008717360721912149,
    0.009658001275740147,
    0.01197360575454797,
    0.01374849592605942,
    0.013585945880636585,
    0.012498079453377081,
    0.01247630512313731,
    0.01289177036488634,
    0.01382642668083093,
    0.01576729778254929,
    0.01624309042242924,
    0.014057627608622534,
    0.014417223512456036,
    0.015292019829369102,
    0.01569017825193109,
    0.01646428640597232,
    0.014152660439884248,
    0.01440143384058796,
    0.01473464216409642,
    0.014491368950952493,
    0.01331516771756573,
    0.013205056690917542,
    0.013326909781463883,
    0.013753173131318613,
    0.011789532377223636,
    0.011969527456756694
  ],
  "acceptance_rates": [
    0.08866666666666667,
    0.055741546702376965,
    0.05058430717863105,
    0.246375,
    0.17258629314657328,
    0.1421960980490245,
    0.1385828743114672,
    0.1377672209026128,
    0.13752972093605306,
    0.291,
    0.2611,
    0.2449,
    0.2343,
    0.2314,
    0.23202320232023202,
    0.3426666666666667,
    0.3289989163957656,
    0.3185530921820303,
    0.31632908227056766,
    0.3204700783463911,
    0.4035,
    0.39421428571428574,
    0.3922857142857143,
    0.38702300986136917,
    0.4591875,
    0.451625,
    0.4461528845552847,
    0.4544034002125133,
    0.5028336481831315,
    0.5010001111234582
  ],
  "swap_acceptance_rates_range": [
    0.01,
    0.026896551724137928,
    0.04379310344827586,
    0.060689655172413794,
    0.07758620689655171,
    0.09448275862068964,
    0.11137931034482758,
    0.12827586206896552,
    0.14517241379310344,
    0.16206896551724137,
    0.1789655172413793,
    0.19586206896551722,
    0.21275862068965518,
    0.2296551724137931,
    0.24655172413793103,
    0.2634482758620689,
    0.2803448275862069,
    0.29724137931034483,
    0.31413793103448273,
    0.3310344827586207,
    0.3479310344827586,
    0.36482758620689654,
    0.38172413793103444,
    0.3986206896551724,
    0.41551724137931034,
    0.43241379310344824,
    0.4493103448275862,
    0.4662068965517241,
    0.48310344827586205,
    0.5
  ],
  "times": [
    500.00827383995056,
    498.45860147476196,
    498.3273079395294,
    514.3196814060211,
    514.0912773609161,
    513.8822870254517,
    513.9024391174316,
    513.8261017799377,
    514.0569496154785,
    536.6449198722839,
    537.0474376678467,
    536.6797287464142,
    536.3492815494537,
    536.1642994880676,
    536.3895502090454,
    550.5296013355255,
    550.8366086483002,
    550.6672370433807,
    550.5278313159943,
    550.8902537822723,
    565.7679705619812,
    566.2162008285522,
    566.8322982788086,
    567.4715049266815,
    578.7020225524902,
    578.4704341888428,
    579.1222977638245,
    579.3402681350708,
    594.9292140007019,
    592.9022972583771
  ]
}