{
  "target_distribution": "RoughCarpet",
  "dimension": 30,
  "num_iterations": 200000,
  "seed": 31,
  "total_time": 29375.375493764877,
  "max_esjd": 0.00589428737351313,
  "max_actual_acceptance_rate": 0.24584699149952774,
  "max_constr_acceptance_rate": 0.2634482758620689,
  "expected_squared_jump_distances": [
    0.0010147796602939499,
    0.0014043473287626042,
    0.0014250252501678503,
    0.002966383771596974,
    0.00331745541412945,
    0.0033073487876014765,
    0.003986782336184355,
    0.004397573195937167,
    0.0041748424107794155,
    0.004780189321976375,
    0.005209167749246975,
    0.0051155457578332475,
    0.005045592951067012,
    0.005402455982073154,
    0.005468536815775393,
    0.00589428737351313,
    0.005276884698528902,
    0.005379352711875093,
    0.005797169707748921,
    0.005213154596652546,
    0.005148086953392828,
    0.005276041142841173,
    0.004864328449025664,
    0.004967762612395914,
    0.005076755236615776,
    0.004624825663964604,
    0.004669476757458528,
    0.004429236810514604,
    0.004386624288375857,
    0.004105431623876398
  ],
  "acceptance_rates": [
    0.009631019387116949,
    0.03608660785886127,
    0.18158333333333335,
    0.09425,
    0.076352421438693,
    0.181,
    0.1425,
    0.13123078023314025,
    0.22890361295161896,
    0.1999874929647927,
    0.1843240202512657,
    0.18189207778403052,
    0.25716666666666665,
    0.23816666666666667,
    0.23640202233457414,
    0.24584699149952774,
    0.28615,
    0.28206410320516023,
    0.296164808240412,
    0.3283629585852616,
    0.32951497795354334,
    0.34092458748124915,
    0.3727083333333333,
    0.376625,
    0.39203266938911574,
    0.41578522250855804,
    0.4229556119701515,
    0.44563897421244375,
    0.4571591842565806,
    0.4840656043736249
  ],
  "swap_acceptance_rates_range": [
    0.01,
    0.026896551724137928,
    0.04379310344827586,
    0.060689655172413794,
    0.07758620689655171,
    0.09448275862068964,
    0.11137931034482758,
    0.12827586206896552,
    0.14517241379310344,
    0.16206896551724137,
    0.1789655172413793,
    0.19586206896551722,
    0.21275862068965518,
    0.2296551724137931,
    0.24655172413793103,
    0.2634482758620689,
    0.2803448275862069,
    0.29724137931034483,
    0.31413793103448273,
    0.3310344827586207,
    0.3479310344827586,
    0.36482758620689654,
    0.38172413793103444,
    0.3986206896551724,
    0.41551724137931034,
    0.43241379310344824,
    0.4493103448275862,
    0.4662068965517241,
    0.48310344827586205,
    0.5
  ],
  "times": [
    842.7335665225983,
    857.3295335769653,
    958.6079497337341,
    954.7619216442108,
    949.4489870071411,
    961.818351984024,
    955.7579112052917,
    957.5890262126923,
    968.8774089813232,
    964.8833608627319,
    968.7540416717529,
    965.1616144180298,
    977.8277578353882,
    979.6108570098877,
    979.290055513382,
    978.799886226654,
    988.1582143306732,
    990.4246490001678,
    986.3583681583405,
    997.6459653377533,
    997.6686384677887,
    999.8700618743896,
    1010.5220077037811,
    1010.4587543010712,
    1011.7852284908295,
    1025.196287870407,
    1021.0646731853485,
    1036.2844913005829,
    1032.3383951187134,
    1046.315747976303
  ]
}