{
  "target_distribution": "RoughCarpet",
  "dimension": 30,
  "num_iterations": 500000,
  "seed": 13,
  "total_time": 111232.93720769882,
  "max_esjd": 0.005735708712077345,
  "max_actual_acceptance_rate": 0.2955954714565748,
  "max_constr_acceptance_rate": 0.31413793103448273,
  "expected_squared_jump_distances": [
    0.0009733516865713976,
    0.0016756827468112393,
    0.0019912466123086802,
    0.0028306957763177135,
    0.0035545904613829876,
    0.0032651180244552456,
    0.004054765998851497,
    0.004380543889744549,
    0.004253346262379481,
    0.004493325404348538,
    0.005095699845123971,
    0.005410755453096507,
    0.005153301990131496,
    0.005279204764596765,
    0.005544899533875011,
    0.005724652452199072,
    0.005326506004082285,
    0.005391252884801746,
    0.005735708712077345,
    0.005194752323228504,
    0.005279756201532189,
    0.005352209321216135,
    0.005100282584459691,
    0.00508346441276602,
    0.005131087178941379,
    0.004664216083131011,
    0.004720529211394195,
    0.004395005494598227,
    0.004321479442675642,
    0.004126959079269172
  ],
  "acceptance_rates": [
    0.010312389959253484,
    0.04060385216033316,
    0.1826,
    0.09226666666666666,
    0.0784594864954985,
    0.18402857142857143,
    0.14141991539956555,
    0.13107351091802905,
    0.230425,
    0.196425,
    0.18487962199054978,
    0.1870593529676484,
    0.2516888888888889,
    0.23857777777777778,
    0.23947731010267123,
    0.24642769839329762,
    0.28926,
    0.28824,
    0.2955954714565748,
    0.3329272505773042,
    0.3334181864465334,
    0.34504891086948614,
    0.3750395839930665,
    0.3788063134385573,
    0.39056952847642384,
    0.4133050247699929,
    0.4252526961953261,
    0.44984928356119375,
    0.4581065443792054,
    0.48248643315244205
  ],
  "swap_acceptance_rates_range": [
    0.01,
    0.026896551724137928,
    0.04379310344827586,
    0.060689655172413794,
    0.07758620689655171,
    0.09448275862068964,
    0.11137931034482758,
    0.12827586206896552,
    0.14517241379310344,
    0.16206896551724137,
    0.1789655172413793,
    0.19586206896551722,
    0.21275862068965518,
    0.2296551724137931,
    0.24655172413793103,
    0.2634482758620689,
    0.2803448275862069,
    0.29724137931034483,
    0.31413793103448273,
    0.3310344827586207,
    0.3479310344827586,
    0.36482758620689654,
    0.38172413793103444,
    0.3986206896551724,
    0.41551724137931034,
    0.43241379310344824,
    0.4493103448275862,
    0.4662068965517241,
    0.48310344827586205,
    0.5
  ],
  "times": [
    3494.9338014125824,
    3497.366594314575,
    3628.841977119446,
    3591.5061750411987,
    3591.1120817661285,
    3632.5453305244446,
    3613.552134037018,
    3634.4128527641296,
    3653.177837371826,
    3649.344443321228,
    3656.2921311855316,
    3651.327173471451,
    3696.2163779735565,
    3699.768909215927,
    3684.6169559955597,
    3701.065674304962,
    3722.7861371040344,
    3714.8628594875336,
    3722.777328491211,
    3770.1268224716187,
    3766.1098263263702,
    3766.460109949112,
    3802.81573677063,
    3806.5753169059753,
    3800.8610394001007,
    3844.1262583732605,
    3834.468057155609,
    3886.5352897644043,
    3872.591572999954,
    3845.7095177173615
  ]
}