{
  "target_distribution": "RoughCarpetScaled",
  "proposal_distribution": "Normal",
  "dimension": 20,
  "num_iterations": 200000,
  "seed": 7,
  "total_time": 2855.397885322571,
  "max_esjd": 2.2460761070251465,
  "max_acceptance_rate": 0.13823,
  "max_scale_param": 4.2323076923076925,
  "expected_squared_jump_distances": [
    9.972453699447215e-05,
    0.018047839403152466,
    0.06367993354797363,
    0.1326051652431488,
    0.2205062061548233,
    0.3225150406360626,
    0.4356374144554138,
    0.5549212098121643,
    0.6800707578659058,
    0.8057016730308533,
    0.9325891733169556,
    1.055964469909668,
    1.1721538305282593,
    1.278071641921997,
    1.394343614578247,
    1.497658133506775,
    1.5792196989059448,
    1.6561217308044434,
    1.7469406127929688,
    1.8002686500549316,
    1.8952486515045166,
    1.9373574256896973,
    1.977333426475525,
    2.0435006618499756,
    2.0611743927001953,
    2.100085496902466,
    2.1620900630950928,
    2.1275081634521484,
    2.1828627586364746,
    2.181338310241699,
    2.2059028148651123,
    2.168109893798828,
    2.1885077953338623,
    2.2460761070251465,
    2.2200469970703125,
    2.2382261753082275,
    2.227381467819214,
    2.210084915161133,
    2.186337947845459,
    2.133808135986328
  ],
  "acceptance_rates": [
    0.99738,
    0.950805,
    0.905645,
    0.86176,
    0.81865,
    0.77496,
    0.733065,
    0.69103,
    0.65215,
    0.61371,
    0.57884,
    0.544465,
    0.510065,
    0.475915,
    0.449775,
    0.422845,
    0.39395,
    0.36741,
    0.347425,
    0.32253,
    0.30726,
    0.285955,
    0.267195,
    0.252765,
    0.23505,
    0.22175,
    0.211365,
    0.193685,
    0.185295,
    0.17282,
    0.16371,
    0.151525,
    0.14392,
    0.13823,
    0.129845,
    0.12353,
    0.116415,
    0.109605,
    0.10334,
    0.09589
  ],
  "scale_param_range": [
    0.01,
    0.13794871794871796,
    0.2658974358974359,
    0.39384615384615385,
    0.5217948717948718,
    0.6497435897435898,
    0.7776923076923077,
    0.9056410256410257,
    1.0335897435897436,
    1.1615384615384616,
    1.2894871794871796,
    1.4174358974358976,
    1.5453846153846154,
    1.6733333333333333,
    1.8012820512820513,
    1.9292307692307693,
    2.057179487179487,
    2.185128205128205,
    2.313076923076923,
    2.441025641025641,
    2.568974358974359,
    2.6969230769230768,
    2.824871794871795,
    2.9528205128205127,
    3.0807692307692305,
    3.2087179487179487,
    3.3366666666666664,
    3.4646153846153847,
    3.5925641025641024,
    3.7205128205128206,
    3.8484615384615384,
    3.9764102564102566,
    4.104358974358974,
    4.2323076923076925,
    4.36025641025641,
    4.488205128205128,
    4.616153846153846,
    4.7441025641025645,
    4.872051282051282,
    5.0
  ],
  "times": [
    70.84627151489258,
    71.7147216796875,
    71.76705408096313,
    71.38352632522583,
    72.01824164390564,
    69.18746042251587,
    70.98592472076416,
    71.37690091133118,
    71.80968832969666,
    71.76233649253845,
    71.55975484848022,
    71.4733579158783,
    71.70058822631836,
    72.05573606491089,
    71.99694108963013,
    71.84039664268494,
    71.7486207485199,
    71.99085092544556,
    71.65904521942139,
    71.68360424041748,
    71.70790529251099,
    71.92407512664795,
    71.79939866065979,
    71.93309116363525,
    71.8919632434845,
    71.89700365066528,
    72.05161023139954,
    72.23446846008301,
    71.9063127040863,
    72.06726717948914,
    70.83377838134766,
    69.02531456947327,
    70.27152872085571,
    71.3285870552063,
    69.54610562324524,
    70.48144865036011,
    70.75776815414429,
    71.18147540092468,
    70.94806814193726,
    71.01220631599426
  ]
}