{
  "target_distribution": "RoughCarpet",
  "proposal_distribution": "Normal",
  "dimension": 20,
  "num_iterations": 200000,
  "seed": 4,
  "total_time": 2602.9583582878113,
  "max_esjd": 2.274733781814575,
  "max_acceptance_rate": 0.18236,
  "max_scale_param": 3.7205128205128206,
  "expected_squared_jump_distances": [
    9.977875743061304e-05,
    0.01814873516559601,
    0.06442376971244812,
    0.13484232127666473,
    0.22531667351722717,
    0.3314376473426819,
    0.45121490955352783,
    0.5792751908302307,
    0.7123969197273254,
    0.849884569644928,
    0.9907509088516235,
    1.1223325729370117,
    1.2560555934906006,
    1.3767263889312744,
    1.5005710124969482,
    1.6022146940231323,
    1.7173768281936646,
    1.8048828840255737,
    1.8992552757263184,
    1.9544179439544678,
    2.0329315662384033,
    2.0854005813598633,
    2.15083909034729,
    2.1663360595703125,
    2.207407236099243,
    2.2675137519836426,
    2.220397710800171,
    2.246065139770508,
    2.2574634552001953,
    2.274733781814575,
    2.23530650138855,
    2.2430803775787354,
    2.2187836170196533,
    2.251940965652466,
    2.1786539554595947,
    2.1187798976898193,
    2.18607234954834,
    2.1087636947631836,
    2.0819015502929688,
    2.0611231327056885
  ],
  "acceptance_rates": [
    0.99792,
    0.95594,
    0.91547,
    0.87529,
    0.83526,
    0.79534,
    0.75786,
    0.719675,
    0.68135,
    0.646135,
    0.612975,
    0.5773,
    0.54524,
    0.51194,
    0.483475,
    0.45214,
    0.42727,
    0.399885,
    0.37669,
    0.350135,
    0.32975,
    0.307965,
    0.29023,
    0.26968,
    0.25278,
    0.240255,
    0.218655,
    0.20596,
    0.19326,
    0.18236,
    0.168045,
    0.158695,
    0.148265,
    0.140885,
    0.12935,
    0.118835,
    0.11604,
    0.106655,
    0.10005,
    0.0945
  ],
  "scale_param_range": [
    0.01,
    0.13794871794871796,
    0.2658974358974359,
    0.39384615384615385,
    0.5217948717948718,
    0.6497435897435898,
    0.7776923076923077,
    0.9056410256410257,
    1.0335897435897436,
    1.1615384615384616,
    1.2894871794871796,
    1.4174358974358976,
    1.5453846153846154,
    1.6733333333333333,
    1.8012820512820513,
    1.9292307692307693,
    2.057179487179487,
    2.185128205128205,
    2.313076923076923,
    2.441025641025641,
    2.568974358974359,
    2.6969230769230768,
    2.824871794871795,
    2.9528205128205127,
    3.0807692307692305,
    3.2087179487179487,
    3.3366666666666664,
    3.4646153846153847,
    3.5925641025641024,
    3.7205128205128206,
    3.8484615384615384,
    3.9764102564102566,
    4.104358974358974,
    4.2323076923076925,
    4.36025641025641,
    4.488205128205128,
    4.616153846153846,
    4.7441025641025645,
    4.872051282051282,
    5.0
  ],
  "times": [
    63.71598505973816,
    65.02556610107422,
    64.9552915096283,
    65.02012729644775,
    62.78209662437439,
    63.28132939338684,
    62.574387311935425,
    62.87890148162842,
    63.57737064361572,
    63.452972412109375,
    64.49704265594482,
    64.34336638450623,
    64.75206780433655,
    65.36804914474487,
    65.03851366043091,
    64.89369440078735,
    64.68814897537231,
    64.82326769828796,
    64.33273577690125,
    63.241191148757935,
    63.767629623413086,
    66.39712619781494,
    66.44684386253357,
    66.38766717910767,
    66.4461784362793,
    66.17762446403503,
    66.9162368774414,
    66.0846939086914,
    66.98835015296936,
    66.16916942596436,
    66.35780811309814,
    66.13888621330261,
    65.2651379108429,
    66.13763070106506,
    66.12817168235779,
    65.76550316810608,
    64.3512933254242,
    66.40977644920349,
    65.70888209342957,
    65.63177490234375
  ]
}