{
  "target_distribution": "RoughCarpet",
  "dimension": 30,
  "num_iterations": 500000,
  "seed": 11,
  "total_time": 138477.3116259575,
  "max_esjd": 0.005788649214324422,
  "max_actual_acceptance_rate": 0.24584990777572835,
  "max_constr_acceptance_rate": 0.2634482758620689,
  "expected_squared_jump_distances": [
    0.0008796690457766827,
    0.0016842456215837745,
    0.0022045442148024273,
    0.0030502286670818406,
    0.0033963255027871747,
    0.0036498920869163505,
    0.004114753383883136,
    0.004472783831421236,
    0.004349333475269917,
    0.0046153665632372755,
    0.00500621764318413,
    0.005522911053798541,
    0.005090876634422863,
    0.005376583437202169,
    0.005543789796066945,
    0.005788649214324422,
    0.005149234832954632,
    0.005368685924578034,
    0.005568613931309146,
    0.00516804953997737,
    0.005324361090810695,
    0.0053330226727442516,
    0.004961069794952266,
    0.00498925166358628,
    0.005077770276395063,
    0.00471141577043004,
    0.004806725910204243,
    0.004370833385776022,
    0.004387211226919686,
    0.004142986252733487
  ],
  "acceptance_rates": [
    0.010734177215189874,
    0.041366618658985436,
    0.1831,
    0.09423333333333334,
    0.07613230533026268,
    0.18365714285714285,
    0.14026063100137173,
    0.12890591497755796,
    0.229675,
    0.19670450567585138,
    0.18361836183618363,
    0.1866029904485673,
    0.25170566926684,
    0.23929420653792308,
    0.23722749394430986,
    0.24584990777572835,
    0.28864,
    0.28668,
    0.29602,
    0.33037548868078914,
    0.334042475816423,
    0.34135830530048183,
    0.37200620010333507,
    0.37723962066034433,
    0.3908963632121071,
    0.41415384615384615,
    0.42654502376959647,
    0.4476428571428571,
    0.45816249267825765,
    0.48227262423830286
  ],
  "swap_acceptance_rates_range": [
    0.01,
    0.026896551724137928,
    0.04379310344827586,
    0.060689655172413794,
    0.07758620689655171,
    0.09448275862068964,
    0.11137931034482758,
    0.12827586206896552,
    0.14517241379310344,
    0.16206896551724137,
    0.1789655172413793,
    0.19586206896551722,
    0.21275862068965518,
    0.2296551724137931,
    0.24655172413793103,
    0.2634482758620689,
    0.2803448275862069,
    0.29724137931034483,
    0.31413793103448273,
    0.3310344827586207,
    0.3479310344827586,
    0.36482758620689654,
    0.38172413793103444,
    0.3986206896551724,
    0.41551724137931034,
    0.43241379310344824,
    0.4493103448275862,
    0.4662068965517241,
    0.48310344827586205,
    0.5
  ],
  "times": [
    4626.035517215729,
    5596.856157779694,
    4856.025384902954,
    4098.833556890488,
    3292.6014211177826,
    5557.008952140808,
    3929.467979669571,
    3806.507582426071,
    5635.989231586456,
    4202.356694698334,
    3470.6499831676483,
    4686.514536857605,
    4102.785961866379,
    4614.548277854919,
    4476.201682567596,
    4027.9170513153076,
    4187.013403177261,
    4014.87597155571,
    4547.632422208786,
    4363.9733917713165,
    4287.249356031418,
    4024.527583837509,
    4774.0647315979,
    5092.390367031097,
    5263.737481594086,
    4855.02782201767,
    5552.354279518127,
    5384.021232843399,
    5444.163604259491,
    5705.9404010772705
  ]
}