{
  "target_distribution": "RoughCarpet",
  "proposal_distribution": "Normal",
  "dimension": 20,
  "num_iterations": 200000,
  "seed": 4,
  "total_time": 17554.611349582672,
  "max_esjd": 2.284210681915283,
  "max_acceptance_rate": 0.206455,
  "max_scale_param": 3.488461538461538,
  "expected_squared_jump_distances": [
    9.9828394013457e-05,
    0.012166105210781097,
    0.042874179780483246,
    0.09009898453950882,
    0.15174250304698944,
    0.22537550330162048,
    0.3096325993537903,
    0.40251031517982483,
    0.5014150142669678,
    0.6060895919799805,
    0.7139021754264832,
    0.8252160549163818,
    0.9362406134605408,
    1.0453062057495117,
    1.152358055114746,
    1.2566864490509033,
    1.3604671955108643,
    1.455902099609375,
    1.5456998348236084,
    1.6343693733215332,
    1.7222641706466675,
    1.8016154766082764,
    1.8659896850585938,
    1.9286437034606934,
    2.0009288787841797,
    2.0466723442077637,
    2.0900001525878906,
    2.1274337768554688,
    2.156379222869873,
    2.191798686981201,
    2.1945598125457764,
    2.223536252975464,
    2.272181749343872,
    2.2415122985839844,
    2.284210681915283,
    2.2630090713500977,
    2.2636537551879883,
    2.2514121532440186,
    2.2505977153778076,
    2.2123682498931885
  ],
  "acceptance_rates": [
    0.9981,
    0.966165,
    0.93388,
    0.90152,
    0.86941,
    0.83634,
    0.80483,
    0.773865,
    0.74276,
    0.713085,
    0.6836,
    0.65541,
    0.627495,
    0.599815,
    0.5722,
    0.545775,
    0.5213,
    0.49588,
    0.471325,
    0.44907,
    0.42849,
    0.408175,
    0.386355,
    0.367125,
    0.350815,
    0.332235,
    0.31467,
    0.297775,
    0.28148,
    0.26761,
    0.25164,
    0.23956,
    0.22967,
    0.21452,
    0.206455,
    0.193715,
    0.18371,
    0.173445,
    0.164835,
    0.154155
  ],
  "scale_param_range": [
    0.01,
    0.1123076923076923,
    0.21461538461538462,
    0.3169230769230769,
    0.41923076923076924,
    0.5215384615384615,
    0.6238461538461538,
    0.7261538461538461,
    0.8284615384615385,
    0.9307692307692308,
    1.033076923076923,
    1.1353846153846154,
    1.2376923076923076,
    1.34,
    1.4423076923076923,
    1.5446153846153847,
    1.646923076923077,
    1.7492307692307691,
    1.8515384615384616,
    1.9538461538461538,
    2.0561538461538458,
    2.1584615384615384,
    2.2607692307692306,
    2.363076923076923,
    2.465384615384615,
    2.5676923076923073,
    2.67,
    2.772307692307692,
    2.8746153846153844,
    2.9769230769230766,
    3.079230769230769,
    3.1815384615384614,
    3.2838461538461536,
    3.386153846153846,
    3.488461538461538,
    3.5907692307692307,
    3.693076923076923,
    3.795384615384615,
    3.8976923076923073,
    4.0
  ],
  "times": [
    442.58116006851196,
    437.5398123264313,
    443.1698303222656,
    452.5435001850128,
    448.09069752693176,
    446.1283121109009,
    449.63459300994873,
    442.3291344642639,
    455.9564607143402,
    437.4195489883423,
    436.13231205940247,
    434.4514203071594,
    430.4416649341583,
    443.12407898902893,
    435.84816789627075,
    436.6735908985138,
    438.95021200180054,
    431.69016194343567,
    432.68984961509705,
    433.55657052993774,
    430.55643606185913,
    436.18716287612915,
    441.54140543937683,
    441.75648069381714,
    441.1532154083252,
    436.11633348464966,
    438.40388917922974,
    437.0186924934387,
    437.0404131412506,
    438.3048210144043,
    437.58856081962585,
    435.2874598503113,
    440.58458375930786,
    439.75045347213745,
    442.1639494895935,
    434.25972414016724,
    439.38063526153564,
    437.5309896469116,
    425.457332611084,
    435.50931310653687
  ]
}