{
  "target_distribution": "RoughCarpetScaled",
  "proposal_distribution": "Normal",
  "dimension": 50,
  "num_iterations": 200000,
  "seed": 19,
  "total_time": 2868.323226213455,
  "max_esjd": 1.349298357963562,
  "max_acceptance_rate": 0.1995,
  "max_scale_param": 2.6556410256410254,
  "expected_squared_jump_distances": [
    9.979387687053531e-05,
    0.01604502461850643,
    0.05615415796637535,
    0.11640054732561111,
    0.19270765781402588,
    0.2799249589443207,
    0.3769407272338867,
    0.4777534306049347,
    0.5812534093856812,
    0.6843807101249695,
    0.7792103886604309,
    0.874366044998169,
    0.9587255120277405,
    1.0413134098052979,
    1.1109257936477661,
    1.173630952835083,
    1.2124030590057373,
    1.2648779153823853,
    1.3011813163757324,
    1.3126716613769531,
    1.3280783891677856,
    1.322674036026001,
    1.349298357963562,
    1.3200019598007202,
    1.2906118631362915,
    1.3008488416671753,
    1.2694847583770752,
    1.2189351320266724,
    1.223341941833496,
    1.1533310413360596,
    1.136075735092163,
    1.1146886348724365,
    1.0741875171661377,
    1.0186437368392944,
    0.9608235955238342,
    0.8359443545341492,
    0.7719821929931641,
    0.7198471426963806,
    0.7439883351325989,
    0.6723196506500244
  ],
  "acceptance_rates": [
    0.99747,
    0.946245,
    0.896395,
    0.84935,
    0.802515,
    0.75377,
    0.709675,
    0.66465,
    0.62164,
    0.58075,
    0.537875,
    0.500285,
    0.462875,
    0.42943,
    0.39646,
    0.365885,
    0.333345,
    0.308855,
    0.28386,
    0.25832,
    0.236115,
    0.21402,
    0.1995,
    0.17903,
    0.16132,
    0.150155,
    0.13579,
    0.12138,
    0.11346,
    0.099955,
    0.09211,
    0.084905,
    0.077015,
    0.068825,
    0.061285,
    0.050445,
    0.0441,
    0.039185,
    0.03821,
    0.032895
  ],
  "scale_param_range": [
    0.01,
    0.13025641025641027,
    0.25051282051282053,
    0.3707692307692308,
    0.49102564102564106,
    0.6112820512820514,
    0.7315384615384616,
    0.8517948717948718,
    0.9720512820512821,
    1.0923076923076924,
    1.2125641025641027,
    1.3328205128205128,
    1.4530769230769232,
    1.5733333333333335,
    1.6935897435897436,
    1.8138461538461539,
    1.9341025641025642,
    2.054358974358974,
    2.1746153846153846,
    2.2948717948717947,
    2.4151282051282053,
    2.5353846153846153,
    2.6556410256410254,
    2.775897435897436,
    2.896153846153846,
    3.016410256410256,
    3.1366666666666667,
    3.256923076923077,
    3.377179487179487,
    3.4974358974358974,
    3.6176923076923075,
    3.737948717948718,
    3.858205128205128,
    3.9784615384615383,
    4.098717948717948,
    4.218974358974359,
    4.3392307692307694,
    4.459487179487179,
    4.57974358974359,
    4.7
  ],
  "times": [
    73.96480011940002,
    73.54713582992554,
    73.50238633155823,
    71.17643976211548,
    71.14433097839355,
    70.10243368148804,
    70.71824383735657,
    71.28173756599426,
    71.67245864868164,
    71.83050584793091,
    71.3182463645935,
    71.25832438468933,
    70.97155356407166,
    71.36097526550293,
    71.52481412887573,
    71.78030896186829,
    72.01494479179382,
    72.30929899215698,
    70.79237103462219,
    70.69932007789612,
    71.67290353775024,
    71.37351560592651,
    72.15132761001587,
    70.36013269424438,
    68.98443269729614,
    70.62852334976196,
    72.23920941352844,
    69.8105800151825,
    69.55857133865356,
    69.99364161491394,
    72.64127087593079,
    70.2717227935791,
    72.51827144622803,
    73.08970928192139,
    73.15770888328552,
    73.50231862068176,
    73.82386946678162,
    73.32531952857971,
    73.02752327919006,
    73.16149187088013
  ]
}