{
  "target_distribution": "RoughCarpet",
  "proposal_distribution": "Normal",
  "dimension": 50,
  "num_iterations": 200000,
  "seed": 11,
  "total_time": 3358.3165860176086,
  "max_esjd": 2.1005501747131348,
  "max_acceptance_rate": 0.20635,
  "max_scale_param": 3.256923076923077,
  "expected_squared_jump_distances": [
    9.989879617933184e-05,
    0.016259055584669113,
    0.05769004672765732,
    0.12086803466081619,
    0.20285393297672272,
    0.2999020218849182,
    0.4092317223548889,
    0.527553915977478,
    0.6532494425773621,
    0.7814277410507202,
    0.9101527333259583,
    1.0412399768829346,
    1.171395182609558,
    1.294069528579712,
    1.4101412296295166,
    1.5208600759506226,
    1.6203712224960327,
    1.7147818803787231,
    1.7977275848388672,
    1.8612682819366455,
    1.925959825515747,
    1.982343077659607,
    2.0232534408569336,
    2.062206745147705,
    2.0727548599243164,
    2.0829215049743652,
    2.0745129585266113,
    2.1005501747131348,
    2.0489683151245117,
    2.071014881134033,
    2.022453784942627,
    1.99098801612854,
    1.9568564891815186,
    1.9219233989715576,
    1.893180251121521,
    1.8040026426315308,
    1.7573686838150024,
    1.7738615274429321,
    1.6620796918869019,
    1.585023283958435
  ],
  "acceptance_rates": [
    0.998475,
    0.958645,
    0.920355,
    0.88107,
    0.84385,
    0.80585,
    0.76873,
    0.731925,
    0.696785,
    0.661265,
    0.625435,
    0.59339,
    0.562635,
    0.53127,
    0.50004,
    0.471055,
    0.44204,
    0.415305,
    0.38924,
    0.36261,
    0.339375,
    0.31779,
    0.296355,
    0.27701,
    0.25588,
    0.238005,
    0.219475,
    0.20635,
    0.18791,
    0.177335,
    0.16238,
    0.149985,
    0.13872,
    0.12843,
    0.11939,
    0.107735,
    0.09924,
    0.095045,
    0.084945,
    0.076825
  ],
  "scale_param_range": [
    0.01,
    0.13025641025641027,
    0.25051282051282053,
    0.3707692307692308,
    0.49102564102564106,
    0.6112820512820514,
    0.7315384615384616,
    0.8517948717948718,
    0.9720512820512821,
    1.0923076923076924,
    1.2125641025641027,
    1.3328205128205128,
    1.4530769230769232,
    1.5733333333333335,
    1.6935897435897436,
    1.8138461538461539,
    1.9341025641025642,
    2.054358974358974,
    2.1746153846153846,
    2.2948717948717947,
    2.4151282051282053,
    2.5353846153846153,
    2.6556410256410254,
    2.775897435897436,
    2.896153846153846,
    3.016410256410256,
    3.1366666666666667,
    3.256923076923077,
    3.377179487179487,
    3.4974358974358974,
    3.6176923076923075,
    3.737948717948718,
    3.858205128205128,
    3.9784615384615383,
    4.098717948717948,
    4.218974358974359,
    4.3392307692307694,
    4.459487179487179,
    4.57974358974359,
    4.7
  ],
  "times": [
    83.50908851623535,
    84.07639503479004,
    83.64440131187439,
    84.44749855995178,
    84.19185090065002,
    79.89501404762268,
    84.13426899909973,
    83.84103608131409,
    83.51446771621704,
    84.38316559791565,
    84.17055583000183,
    84.19052195549011,
    84.3471245765686,
    86.008873462677,
    84.47685718536377,
    84.13876008987427,
    83.58502650260925,
    83.97670292854309,
    83.72275733947754,
    84.06335783004761,
    83.88610577583313,
    84.45677590370178,
    83.94291424751282,
    83.64509749412537,
    83.8840742111206,
    83.84590673446655,
    83.89217853546143,
    83.96573185920715,
    83.815993309021,
    84.00296020507812,
    85.00988292694092,
    83.8810830116272,
    83.82353830337524,
    84.06118774414062,
    83.65266513824463,
    83.76929473876953,
    83.78135395050049,
    84.02484822273254,
    83.75753235816956,
    84.84010291099548
  ]
}