{
  "target_distribution": "RoughCarpetScaled",
  "proposal_distribution": "Normal",
  "dimension": 10,
  "num_iterations": 200000,
  "seed": 5,
  "total_time": 1455.2906703948975,
  "max_esjd": 3.314138650894165,
  "max_acceptance_rate": 0.12261,
  "max_scale_param": 5.7,
  "expected_squared_jump_distances": [
    9.979959577322006e-05,
    0.02274017594754696,
    0.07982111722230911,
    0.16339930891990662,
    0.26670214533805847,
    0.38396045565605164,
    0.5097798705101013,
    0.641025722026825,
    0.7771406173706055,
    0.9119203686714172,
    1.036633849143982,
    1.1764761209487915,
    1.2956218719482422,
    1.4280678033828735,
    1.5316784381866455,
    1.6593225002288818,
    1.783835768699646,
    1.8982518911361694,
    2.0047447681427,
    2.1040124893188477,
    2.208242177963257,
    2.318763494491577,
    2.417701482772827,
    2.4965245723724365,
    2.5973496437072754,
    2.6490161418914795,
    2.7643003463745117,
    2.8502657413482666,
    2.923680543899536,
    2.9042434692382812,
    3.0198774337768555,
    3.121859073638916,
    3.126399278640747,
    3.1672322750091553,
    3.296208143234253,
    3.2218263149261475,
    3.221942186355591,
    3.2264180183410645,
    3.31111741065979,
    3.314138650894165
  ],
  "acceptance_rates": [
    0.996605,
    0.939505,
    0.88574,
    0.83053,
    0.776355,
    0.72596,
    0.67752,
    0.632185,
    0.592195,
    0.55276,
    0.51383,
    0.48519,
    0.45191,
    0.42667,
    0.397115,
    0.375025,
    0.35575,
    0.336905,
    0.31785,
    0.30101,
    0.28559,
    0.272895,
    0.259635,
    0.246525,
    0.23613,
    0.2232,
    0.215895,
    0.206855,
    0.198075,
    0.184485,
    0.180625,
    0.17486,
    0.16507,
    0.158585,
    0.155835,
    0.14509,
    0.137875,
    0.131185,
    0.1285,
    0.12261
  ],
  "scale_param_range": [
    0.01,
    0.1558974358974359,
    0.3017948717948718,
    0.4476923076923077,
    0.5935897435897436,
    0.7394871794871795,
    0.8853846153846154,
    1.0312820512820513,
    1.1771794871794872,
    1.323076923076923,
    1.468974358974359,
    1.6148717948717948,
    1.7607692307692309,
    1.9066666666666667,
    2.0525641025641024,
    2.198461538461538,
    2.344358974358974,
    2.49025641025641,
    2.636153846153846,
    2.782051282051282,
    2.9279487179487176,
    3.0738461538461537,
    3.2197435897435893,
    3.3656410256410254,
    3.5115384615384615,
    3.657435897435897,
    3.8033333333333332,
    3.949230769230769,
    4.095128205128205,
    4.241025641025641,
    4.386923076923076,
    4.532820512820512,
    4.678717948717948,
    4.8246153846153845,
    4.970512820512821,
    5.116410256410256,
    5.262307692307692,
    5.408205128205128,
    5.554102564102564,
    5.7
  ],
  "times": [
    35.708048820495605,
    36.27871751785278,
    36.25424838066101,
    36.64965009689331,
    37.432830810546875,
    36.56639289855957,
    36.30334115028381,
    36.17212152481079,
    36.43687963485718,
    36.132911920547485,
    36.14677453041077,
    36.273990631103516,
    36.4680552482605,
    36.32680702209473,
    36.179370403289795,
    36.163063526153564,
    36.278709173202515,
    36.34423279762268,
    36.22866368293762,
    36.193105936050415,
    36.182751178741455,
    36.46513748168945,
    36.23813033103943,
    36.39455533027649,
    36.7524573802948,
    36.964701414108276,
    36.340177059173584,
    36.471928119659424,
    36.30945897102356,
    36.19375276565552,
    36.30013179779053,
    36.099268436431885,
    36.25002098083496,
    36.32244944572449,
    36.659125566482544,
    36.30340552330017,
    36.212122678756714,
    36.23426270484924,
    36.03468871116638,
    35.98669695854187
  ]
}