{
  "target_distribution": "RoughCarpetScaled",
  "proposal_distribution": "Normal",
  "dimension": 10,
  "num_iterations": 200000,
  "seed": 13,
  "total_time": 2835.497406721115,
  "max_esjd": 2.3249242305755615,
  "max_acceptance_rate": 0.12111,
  "max_scale_param": 4.8246153846153845,
  "expected_squared_jump_distances": [
    9.965457866201177e-05,
    0.022650189697742462,
    0.07917188107967377,
    0.16187486052513123,
    0.26374492049217224,
    0.378996878862381,
    0.4999856948852539,
    0.6262222528457642,
    0.753596842288971,
    0.8758860230445862,
    0.9924166798591614,
    1.1084524393081665,
    1.2202726602554321,
    1.3166451454162598,
    1.427586555480957,
    1.5011215209960938,
    1.6052885055541992,
    1.6786524057388306,
    1.7577556371688843,
    1.8299169540405273,
    1.8694484233856201,
    1.929328203201294,
    2.0113766193389893,
    2.0565288066864014,
    2.077577590942383,
    2.132842779159546,
    2.1482841968536377,
    2.1846117973327637,
    2.1790950298309326,
    2.230853319168091,
    2.2302494049072266,
    2.25350284576416,
    2.256404399871826,
    2.3249242305755615,
    2.2679593563079834,
    2.301461696624756,
    2.314054250717163,
    2.2773969173431396,
    2.2699315547943115,
    2.2075555324554443
  ],
  "acceptance_rates": [
    0.997065,
    0.93824,
    0.881015,
    0.824645,
    0.77028,
    0.719045,
    0.667905,
    0.6212,
    0.578445,
    0.536805,
    0.497115,
    0.462725,
    0.431515,
    0.399435,
    0.37544,
    0.347185,
    0.32705,
    0.30487,
    0.286795,
    0.269065,
    0.25045,
    0.23517,
    0.22366,
    0.210535,
    0.19626,
    0.1864,
    0.17532,
    0.165605,
    0.154505,
    0.148095,
    0.13921,
    0.132245,
    0.124715,
    0.12111,
    0.111985,
    0.10821,
    0.103135,
    0.096775,
    0.092195,
    0.085065
  ],
  "scale_param_range": [
    0.01,
    0.1558974358974359,
    0.3017948717948718,
    0.4476923076923077,
    0.5935897435897436,
    0.7394871794871795,
    0.8853846153846154,
    1.0312820512820513,
    1.1771794871794872,
    1.323076923076923,
    1.468974358974359,
    1.6148717948717948,
    1.7607692307692309,
    1.9066666666666667,
    2.0525641025641024,
    2.198461538461538,
    2.344358974358974,
    2.49025641025641,
    2.636153846153846,
    2.782051282051282,
    2.9279487179487176,
    3.0738461538461537,
    3.2197435897435893,
    3.3656410256410254,
    3.5115384615384615,
    3.657435897435897,
    3.8033333333333332,
    3.949230769230769,
    4.095128205128205,
    4.241025641025641,
    4.386923076923076,
    4.532820512820512,
    4.678717948717948,
    4.8246153846153845,
    4.970512820512821,
    5.116410256410256,
    5.262307692307692,
    5.408205128205128,
    5.554102564102564,
    5.7
  ],
  "times": [
    70.99279618263245,
    70.57512998580933,
    70.20014190673828,
    70.44044089317322,
    67.91975831985474,
    68.97476959228516,
    69.95397567749023,
    70.98838329315186,
    72.28251266479492,
    72.5890748500824,
    72.76763820648193,
    72.24606966972351,
    72.44848728179932,
    70.26983547210693,
    70.16883087158203,
    71.15792942047119,
    70.10995864868164,
    69.8350396156311,
    69.30295181274414,
    70.15529894828796,
    69.1426887512207,
    68.71197533607483,
    70.1568558216095,
    71.20329093933105,
    69.24029541015625,
    68.3813705444336,
    69.36484265327454,
    71.22106981277466,
    71.79793214797974,
    71.93666172027588,
    71.11443638801575,
    72.39923667907715,
    71.88977575302124,
    72.3893404006958,
    72.364417552948,
    72.51116681098938,
    72.27373099327087,
    72.26360392570496,
    71.8827211856842,
    71.82674932479858
  ]
}