{
  "target_distribution": "RoughCarpet",
  "proposal_distribution": "Normal",
  "dimension": 2,
  "num_iterations": 200000,
  "seed": 19,
  "total_time": 3850.159861087799,
  "max_esjd": 6.09841251373291,
  "max_acceptance_rate": 0.37115,
  "max_scale_param": 5.0,
  "expected_squared_jump_distances": [
    9.94412403088063e-05,
    0.017886711284518242,
    0.06275950372219086,
    0.12966454029083252,
    0.21347257494926453,
    0.31187760829925537,
    0.4206148386001587,
    0.5355599522590637,
    0.6581616997718811,
    0.7905774712562561,
    0.9292345643043518,
    1.0725587606430054,
    1.2267032861709595,
    1.3875821828842163,
    1.562883973121643,
    1.7367438077926636,
    1.9317861795425415,
    2.126587152481079,
    2.3314547538757324,
    2.5387651920318604,
    2.72664737701416,
    2.9597952365875244,
    3.1563806533813477,
    3.372302770614624,
    3.574201822280884,
    3.7698585987091064,
    3.967329263687134,
    4.183589458465576,
    4.363583564758301,
    4.544683456420898,
    4.725576877593994,
    4.960076808929443,
    5.074183464050293,
    5.216207504272461,
    5.428274631500244,
    5.560029983520508,
    5.648270606994629,
    5.8778462409973145,
    5.98552131652832,
    6.09841251373291
  ],
  "acceptance_rates": [
    0.99718,
    0.961415,
    0.925535,
    0.89059,
    0.85393,
    0.820895,
    0.78974,
    0.75758,
    0.728705,
    0.701515,
    0.67845,
    0.654455,
    0.633995,
    0.61477,
    0.597915,
    0.580985,
    0.56739,
    0.5546,
    0.5428,
    0.530885,
    0.518485,
    0.510175,
    0.500855,
    0.491145,
    0.48258,
    0.474375,
    0.46431,
    0.457105,
    0.45085,
    0.44007,
    0.433205,
    0.428425,
    0.41847,
    0.40967,
    0.40511,
    0.39842,
    0.388995,
    0.386175,
    0.37813,
    0.37115
  ],
  "scale_param_range": [
    0.01,
    0.13794871794871796,
    0.2658974358974359,
    0.39384615384615385,
    0.5217948717948718,
    0.6497435897435898,
    0.7776923076923077,
    0.9056410256410257,
    1.0335897435897436,
    1.1615384615384616,
    1.2894871794871796,
    1.4174358974358976,
    1.5453846153846154,
    1.6733333333333333,
    1.8012820512820513,
    1.9292307692307693,
    2.057179487179487,
    2.185128205128205,
    2.313076923076923,
    2.441025641025641,
    2.568974358974359,
    2.6969230769230768,
    2.824871794871795,
    2.9528205128205127,
    3.0807692307692305,
    3.2087179487179487,
    3.3366666666666664,
    3.4646153846153847,
    3.5925641025641024,
    3.7205128205128206,
    3.8484615384615384,
    3.9764102564102566,
    4.104358974358974,
    4.2323076923076925,
    4.36025641025641,
    4.488205128205128,
    4.616153846153846,
    4.7441025641025645,
    4.872051282051282,
    5.0
  ],
  "times": [
    97.97348022460938,
    98.05777621269226,
    97.42733716964722,
    97.6532506942749,
    97.65760970115662,
    97.58593463897705,
    97.34519338607788,
    98.07157754898071,
    97.98694705963135,
    97.95818090438843,
    97.34766745567322,
    97.9085168838501,
    97.465811252594,
    95.45815777778625,
    95.69871139526367,
    94.35614895820618,
    92.84138917922974,
    93.19810366630554,
    92.20170474052429,
    92.48965334892273,
    92.52191615104675,
    92.34185218811035,
    92.82083654403687,
    94.06522130966187,
    95.70077228546143,
    97.80794262886047,
    97.17799091339111,
    97.95791959762573,
    97.10788798332214,
    96.58013820648193,
    94.57398223876953,
    97.07985401153564,
    93.39762020111084,
    96.92914962768555,
    96.05209112167358,
    97.29536390304565,
    97.92809104919434,
    99.43995404243469,
    98.40865898132324,
    98.24187898635864
  ]
}