{
  "target_distribution": "RoughCarpet",
  "proposal_distribution": "Normal",
  "dimension": 20,
  "num_iterations": 200000,
  "seed": 14,
  "total_time": 19171.41163086891,
  "max_esjd": 2.3061718940734863,
  "max_acceptance_rate": 0.19775,
  "max_scale_param": 3.5907692307692307,
  "expected_squared_jump_distances": [
    9.976019646273926e-05,
    0.012157105840742588,
    0.04284118488430977,
    0.08991503715515137,
    0.15135255455970764,
    0.22579364478588104,
    0.30957573652267456,
    0.402750700712204,
    0.5026631355285645,
    0.6066509485244751,
    0.7180387377738953,
    0.8247509002685547,
    0.9375093579292297,
    1.0473524332046509,
    1.15591561794281,
    1.2643672227859497,
    1.3690029382705688,
    1.463816523551941,
    1.5622774362564087,
    1.643181562423706,
    1.7372820377349854,
    1.7988377809524536,
    1.8791395425796509,
    1.9490809440612793,
    2.0025293827056885,
    2.0626800060272217,
    2.1154887676239014,
    2.1649580001831055,
    2.175494432449341,
    2.208317518234253,
    2.222080945968628,
    2.2612462043762207,
    2.2660858631134033,
    2.278376817703247,
    2.283726215362549,
    2.3061718940734863,
    2.283918619155884,
    2.2802011966705322,
    2.292992353439331,
    2.287668466567993
  ],
  "acceptance_rates": [
    0.997985,
    0.965805,
    0.93373,
    0.900615,
    0.867855,
    0.83818,
    0.80547,
    0.775455,
    0.7451,
    0.71452,
    0.68767,
    0.656135,
    0.629265,
    0.601975,
    0.575125,
    0.54956,
    0.525,
    0.499405,
    0.4774,
    0.45269,
    0.43256,
    0.407565,
    0.390115,
    0.371535,
    0.35184,
    0.33451,
    0.319145,
    0.30308,
    0.284525,
    0.27032,
    0.25481,
    0.24346,
    0.22973,
    0.218535,
    0.206545,
    0.19775,
    0.185665,
    0.175765,
    0.168175,
    0.159375
  ],
  "scale_param_range": [
    0.01,
    0.1123076923076923,
    0.21461538461538462,
    0.3169230769230769,
    0.41923076923076924,
    0.5215384615384615,
    0.6238461538461538,
    0.7261538461538461,
    0.8284615384615385,
    0.9307692307692308,
    1.033076923076923,
    1.1353846153846154,
    1.2376923076923076,
    1.34,
    1.4423076923076923,
    1.5446153846153847,
    1.646923076923077,
    1.7492307692307691,
    1.8515384615384616,
    1.9538461538461538,
    2.0561538461538458,
    2.1584615384615384,
    2.2607692307692306,
    2.363076923076923,
    2.465384615384615,
    2.5676923076923073,
    2.67,
    2.772307692307692,
    2.8746153846153844,
    2.9769230769230766,
    3.079230769230769,
    3.1815384615384614,
    3.2838461538461536,
    3.386153846153846,
    3.488461538461538,
    3.5907692307692307,
    3.693076923076923,
    3.795384615384615,
    3.8976923076923073,
    4.0
  ],
  "times": [
    478.6234030723572,
    477.5815055370331,
    479.07461166381836,
    479.7109446525574,
    479.02787590026855,
    478.3934373855591,
    478.6123287677765,
    479.3215961456299,
    478.8551070690155,
    479.3210165500641,
    479.506875038147,
    478.8612358570099,
    479.46879625320435,
    478.9005219936371,
    479.1725289821625,
    478.95157837867737,
    480.3054041862488,
    479.2348372936249,
    479.7998855113983,
    479.3298797607422,
    479.90090584754944,
    480.0756981372833,
    479.4441707134247,
    479.5490713119507,
    479.8946762084961,
    479.7297205924988,
    480.2212679386139,
    479.3811902999878,
    479.0244526863098,
    478.7851257324219,
    479.03640627861023,
    479.49200677871704,
    479.65940284729004,
    479.15842628479004,
    480.157035112381,
    479.6460106372833,
    479.1164870262146,
    479.7626760005951,
    478.6512486934662,
    478.6079246997833
  ]
}