{
  "target_distribution": "RoughCarpet",
  "proposal_distribution": "Normal",
  "dimension": 30,
  "num_iterations": 200000,
  "seed": 19,
  "total_time": 1543.9325714111328,
  "max_esjd": 2.21150803565979,
  "max_acceptance_rate": 0.19414,
  "max_scale_param": 3.4974358974358974,
  "expected_squared_jump_distances": [
    9.971899271477014e-05,
    0.016218751668930054,
    0.05734284594655037,
    0.12039080262184143,
    0.20169150829315186,
    0.2983410656452179,
    0.4063165485858917,
    0.524699330329895,
    0.6510047912597656,
    0.7771832942962646,
    0.9066859483718872,
    1.0369142293930054,
    1.1645772457122803,
    1.2870177030563354,
    1.4012163877487183,
    1.5105663537979126,
    1.6213146448135376,
    1.7102593183517456,
    1.7905564308166504,
    1.8732788562774658,
    1.943269968032837,
    1.98324453830719,
    2.0658721923828125,
    2.092203140258789,
    2.100874662399292,
    2.1364893913269043,
    2.18673038482666,
    2.134295701980591,
    2.1487510204315186,
    2.21150803565979,
    2.13262677192688,
    2.0886552333831787,
    2.1126978397369385,
    1.9810081720352173,
    2.039440631866455,
    2.0103814601898193,
    2.0014665126800537,
    1.913183569908142,
    1.9061896800994873,
    1.8025200366973877
  ],
  "acceptance_rates": [
    0.9979,
    0.957875,
    0.916945,
    0.880455,
    0.84227,
    0.805505,
    0.76738,
    0.73255,
    0.69931,
    0.6621,
    0.62844,
    0.59659,
    0.56478,
    0.533835,
    0.50295,
    0.47399,
    0.448715,
    0.420745,
    0.394035,
    0.371435,
    0.348605,
    0.323935,
    0.308215,
    0.286885,
    0.2652,
    0.24966,
    0.23628,
    0.21509,
    0.20193,
    0.19414,
    0.175555,
    0.161645,
    0.15369,
    0.13633,
    0.132445,
    0.123275,
    0.11636,
    0.10575,
    0.10008,
    0.09044
  ],
  "scale_param_range": [
    0.01,
    0.13025641025641027,
    0.25051282051282053,
    0.3707692307692308,
    0.49102564102564106,
    0.6112820512820514,
    0.7315384615384616,
    0.8517948717948718,
    0.9720512820512821,
    1.0923076923076924,
    1.2125641025641027,
    1.3328205128205128,
    1.4530769230769232,
    1.5733333333333335,
    1.6935897435897436,
    1.8138461538461539,
    1.9341025641025642,
    2.054358974358974,
    2.1746153846153846,
    2.2948717948717947,
    2.4151282051282053,
    2.5353846153846153,
    2.6556410256410254,
    2.775897435897436,
    2.896153846153846,
    3.016410256410256,
    3.1366666666666667,
    3.256923076923077,
    3.377179487179487,
    3.4974358974358974,
    3.6176923076923075,
    3.737948717948718,
    3.858205128205128,
    3.9784615384615383,
    4.098717948717948,
    4.218974358974359,
    4.3392307692307694,
    4.459487179487179,
    4.57974358974359,
    4.7
  ],
  "times": [
    38.32142972946167,
    39.03329944610596,
    39.42536282539368,
    38.49488544464111,
    38.07369947433472,
    39.30656933784485,
    38.03045606613159,
    37.88742256164551,
    38.28624939918518,
    38.39099740982056,
    38.64957022666931,
    39.6839644908905,
    39.66905975341797,
    39.761090993881226,
    39.768118381500244,
    39.628432750701904,
    39.510462045669556,
    39.24967813491821,
    38.895381450653076,
    39.176092863082886,
    36.33234930038452,
    38.480055809020996,
    37.21089196205139,
    36.907416343688965,
    38.051618814468384,
    37.075252532958984,
    37.778605222702026,
    39.369388580322266,
    39.235337018966675,
    39.873241901397705,
    39.47704076766968,
    39.09160137176514,
    38.410730600357056,
    38.48837113380432,
    37.04807138442993,
    37.892850399017334,
    38.24354004859924,
    39.069592237472534,
    37.21405839920044,
    37.1273090839386
  ]
}