{
  "target_distribution": "RoughCarpet",
  "dimension": 30,
  "num_iterations": 200000,
  "seed": 16,
  "total_time": 16882.69306063652,
  "max_esjd": 0.0056115282148809925,
  "max_actual_acceptance_rate": 0.2887288728872887,
  "max_constr_acceptance_rate": 0.29724137931034483,
  "expected_squared_jump_distances": [
    0.0008484142457701141,
    0.0010418363259000272,
    0.0019510834097981639,
    0.0025808540115231132,
    0.0032490657531157275,
    0.003184572969358089,
    0.003962802478730433,
    0.0038306162838911773,
    0.004824717609862399,
    0.004436476563539247,
    0.00468144045078176,
    0.005038731458691322,
    0.005287969249217286,
    0.005303579130942204,
    0.00533428812794213,
    0.005440463369051839,
    0.005270347888543461,
    0.0056115282148809925,
    0.005564973926198186,
    0.005312304054879666,
    0.005084813251070723,
    0.005170723565473927,
    0.0048155165238115095,
    0.004946834496280343,
    0.004808759814881595,
    0.004758648611107791,
    0.0048433231132487126,
    0.00432419041586778,
    0.004372185249709904,
    0.004085965138012886
  ],
  "acceptance_rates": [
    0.1631,
    0.05095095095095095,
    0.03520704140828165,
    0.10321827580456895,
    0.07699381374352116,
    0.19792857142857143,
    0.15898205733075987,
    0.12781310280774452,
    0.12686620472890922,
    0.20815101887735968,
    0.1844556993684737,
    0.1816477059632454,
    0.18692173043260815,
    0.24274758252750916,
    0.23362045012503474,
    0.23795498749652683,
    0.2890078015603121,
    0.2887288728872887,
    0.29156457822891146,
    0.334333515184579,
    0.330740538573508,
    0.33737897177144416,
    0.3690833333333333,
    0.373348889537064,
    0.381057544064336,
    0.40880067697515193,
    0.42091699361489343,
    0.446,
    0.4544805171613272,
    0.47934793479347937
  ],
  "swap_acceptance_rates_range": [
    0.01,
    0.026896551724137928,
    0.04379310344827586,
    0.060689655172413794,
    0.07758620689655171,
    0.09448275862068964,
    0.11137931034482758,
    0.12827586206896552,
    0.14517241379310344,
    0.16206896551724137,
    0.1789655172413793,
    0.19586206896551722,
    0.21275862068965518,
    0.2296551724137931,
    0.24655172413793103,
    0.2634482758620689,
    0.2803448275862069,
    0.29724137931034483,
    0.31413793103448273,
    0.3310344827586207,
    0.3479310344827586,
    0.36482758620689654,
    0.38172413793103444,
    0.3986206896551724,
    0.41551724137931034,
    0.43241379310344824,
    0.4493103448275862,
    0.4662068965517241,
    0.48310344827586205,
    0.5
  ],
  "times": [
    529.3821194171906,
    532.9714438915253,
    533.6339383125305,
    539.0002772808075,
    540.4533882141113,
    550.1662998199463,
    550.671516418457,
    548.9146094322205,
    547.8162407875061,
    554.8156445026398,
    554.9638648033142,
    554.7660889625549,
    554.2308342456818,
    561.0015182495117,
    560.3767869472504,
    560.0479543209076,
    567.1540484428406,
    565.808525800705,
    567.280825138092,
    571.078560590744,
    571.72110414505,
    571.369143486023,
    577.7139143943787,
    577.2226285934448,
    582.9000327587128,
    591.8114976882935,
    590.5574989318848,
    592.356942653656,
    589.1595838069916,
    593.3097901344299
  ]
}