{
  "target_distribution": "RoughCarpet",
  "dimension": 10,
  "num_iterations": 200000,
  "seed": 25,
  "total_time": 10235.436569929123,
  "max_esjd": 0.016449062087464047,
  "max_actual_acceptance_rate": 0.14325034405104467,
  "max_constr_acceptance_rate": 0.14517241379310344,
  "expected_squared_jump_distances": [
    0.001290848895043887,
    0.004631707803229497,
    0.008174039276999749,
    0.010099894189748939,
    0.00886009455831059,
    0.00840054858902073,
    0.013036279188463796,
    0.01302724169634799,
    0.016449062087464047,
    0.01293651207448033,
    0.013953455484315536,
    0.013077962878688327,
    0.015654605507543665,
    0.016079767816755672,
    0.01412423398439787,
    0.014421483773352832,
    0.014062332776238669,
    0.014839930296874665,
    0.01596473760275951,
    0.014569372689204978,
    0.01407057770790638,
    0.01422084952012791,
    0.014615457831909122,
    0.014535887125230644,
    0.012959809854531903,
    0.013558450383913217,
    0.013393429226246513,
    0.013162386835487335,
    0.011816934625999493,
    0.011729926629851894
  ],
  "acceptance_rates": [
    0.004512409125094008,
    0.06596526386105545,
    0.053565450284566454,
    0.05435329642677403,
    0.21075,
    0.15563618165895157,
    0.14473355016262196,
    0.14037282622294509,
    0.14325034405104467,
    0.2964,
    0.2644,
    0.2422,
    0.237,
    0.2342702810843253,
    0.36475,
    0.3401666666666667,
    0.3177422044355511,
    0.3098791162984577,
    0.31657914478619653,
    0.41664285714285715,
    0.3950714285714286,
    0.39285714285714285,
    0.3845,
    0.38757142857142857,
    0.4545625,
    0.44839012191309785,
    0.4489375,
    0.4470279392462029,
    0.49777777777777776,
    0.497
  ],
  "swap_acceptance_rates_range": [
    0.01,
    0.026896551724137928,
    0.04379310344827586,
    0.060689655172413794,
    0.07758620689655171,
    0.09448275862068964,
    0.11137931034482758,
    0.12827586206896552,
    0.14517241379310344,
    0.16206896551724137,
    0.1789655172413793,
    0.19586206896551722,
    0.21275862068965518,
    0.2296551724137931,
    0.24655172413793103,
    0.2634482758620689,
    0.2803448275862069,
    0.29724137931034483,
    0.31413793103448273,
    0.3310344827586207,
    0.3479310344827586,
    0.36482758620689654,
    0.38172413793103444,
    0.3986206896551724,
    0.41551724137931034,
    0.43241379310344824,
    0.4493103448275862,
    0.4662068965517241,
    0.48310344827586205,
    0.5
  ],
  "times": [
    325.1066007614136,
    314.99400758743286,
    311.63855504989624,
    312.0863494873047,
    328.1141016483307,
    325.62709069252014,
    324.654011964798,
    324.01348996162415,
    322.75618076324463,
    333.5690493583679,
    333.8561682701111,
    333.89331912994385,
    333.95402789115906,
    334.1326594352722,
    343.35165762901306,
    343.9402537345886,
    343.66953134536743,
    343.49162769317627,
    342.96172761917114,
    353.3385329246521,
    352.53114461898804,
    352.654908657074,
    353.08218574523926,
    353.71201157569885,
    361.8838129043579,
    362.8669788837433,
    362.60155749320984,
    362.5941183567047,
    372.11990666389465,
    372.19322204589844
  ]
}