{
  "target_distribution": "RoughCarpet",
  "dimension": 30,
  "num_iterations": 500000,
  "seed": 17,
  "total_time": 112389.4695866108,
  "max_esjd": 0.005788798824175164,
  "max_actual_acceptance_rate": 0.24646635256467242,
  "max_constr_acceptance_rate": 0.2634482758620689,
  "expected_squared_jump_distances": [
    0.0007049274099851382,
    0.0016826685773501681,
    0.0020272507012617648,
    0.002859616143229802,
    0.003555508860478018,
    0.0036825199654357903,
    0.004257463497488469,
    0.004301538294077727,
    0.004426086142107093,
    0.004573462958639311,
    0.005098898970666498,
    0.00546362594136916,
    0.0050094036161401935,
    0.0050632756915595465,
    0.005464452276957088,
    0.005788798824175164,
    0.005315277958570986,
    0.005544499009675493,
    0.0057298471440085695,
    0.005366207113979594,
    0.005353624307357548,
    0.005452509619485323,
    0.0048968695687656464,
    0.004969943998960921,
    0.005087002313933441,
    0.004704678442942103,
    0.004660598582148947,
    0.0043967736372657095,
    0.004373754343760065,
    0.004103033289358604
  ],
  "acceptance_rates": [
    0.010956425591797759,
    0.03816763352670534,
    0.1839,
    0.09443147715905302,
    0.07962091634130877,
    0.18660875032149288,
    0.14380410868881968,
    0.1291262968361485,
    0.230175,
    0.19773432029608884,
    0.1833233293317327,
    0.187834391719586,
    0.2505777777777778,
    0.23367705231343616,
    0.23617777777777776,
    0.24646635256467242,
    0.28634,
    0.2864,
    0.29554591091821836,
    0.33445466778193983,
    0.33404854986816984,
    0.342885716883353,
    0.37093333333333334,
    0.37733333333333335,
    0.3890064834413907,
    0.4144217603347744,
    0.42377575039615994,
    0.4474635351933599,
    0.4593637051957885,
    0.48122616603109414
  ],
  "swap_acceptance_rates_range": [
    0.01,
    0.026896551724137928,
    0.04379310344827586,
    0.060689655172413794,
    0.07758620689655171,
    0.09448275862068964,
    0.11137931034482758,
    0.12827586206896552,
    0.14517241379310344,
    0.16206896551724137,
    0.1789655172413793,
    0.19586206896551722,
    0.21275862068965518,
    0.2296551724137931,
    0.24655172413793103,
    0.2634482758620689,
    0.2803448275862069,
    0.29724137931034483,
    0.31413793103448273,
    0.3310344827586207,
    0.3479310344827586,
    0.36482758620689654,
    0.38172413793103444,
    0.3986206896551724,
    0.41551724137931034,
    0.43241379310344824,
    0.4493103448275862,
    0.4662068965517241,
    0.48310344827586205,
    0.5
  ],
  "times": [
    3473.310132741928,
    3617.6300089359283,
    3678.921103954315,
    3647.8977332115173,
    3653.5872485637665,
    3685.9891607761383,
    3679.131489753723,
    3680.8244791030884,
    3718.197501182556,
    3709.422710418701,
    3709.7899808883667,
    3704.5319962501526,
    3753.600718975067,
    3757.140482902527,
    3746.872484445572,
    3749.516026735306,
    3789.410121679306,
    3782.2520384788513,
    3782.5457198619843,
    3822.317880153656,
    3819.627767086029,
    3826.84751868248,
    3862.6047806739807,
    3865.5629258155823,
    3862.740778207779,
    3901.671342611313,
    3900.7198758125305,
    3885.8082270622253,
    3641.056312084198,
    3679.8974134922028
  ]
}