{
  "target_distribution": "RoughCarpet",
  "proposal_distribution": "Normal",
  "dimension": 2,
  "num_iterations": 200000,
  "seed": 12,
  "total_time": 5004.681801557541,
  "max_esjd": 6.143017292022705,
  "max_acceptance_rate": 0.37277,
  "max_scale_param": 5.0,
  "expected_squared_jump_distances": [
    9.945910278474912e-05,
    0.01788972318172455,
    0.06261835247278214,
    0.12908580899238586,
    0.2132229059934616,
    0.3102971911430359,
    0.41793292760849,
    0.5348166823387146,
    0.6570201516151428,
    0.7832452654838562,
    0.9268122911453247,
    1.0738024711608887,
    1.2267651557922363,
    1.3940907716751099,
    1.5602396726608276,
    1.7324626445770264,
    1.925653338432312,
    2.1297483444213867,
    2.322570323944092,
    2.532895803451538,
    2.748356580734253,
    2.9488093852996826,
    3.151606798171997,
    3.3525636196136475,
    3.5705363750457764,
    3.7995991706848145,
    3.9808273315429688,
    4.205069065093994,
    4.3917622566223145,
    4.5729594230651855,
    4.736388206481934,
    4.95151424407959,
    5.077990531921387,
    5.269621849060059,
    5.454916000366211,
    5.615469455718994,
    5.784581184387207,
    5.860266208648682,
    5.981070041656494,
    6.143017292022705
  ],
  "acceptance_rates": [
    0.997295,
    0.960635,
    0.92425,
    0.887665,
    0.85309,
    0.81884,
    0.786405,
    0.756325,
    0.72656,
    0.698235,
    0.675595,
    0.65475,
    0.633215,
    0.614665,
    0.59621,
    0.57991,
    0.567605,
    0.55444,
    0.541875,
    0.52981,
    0.52085,
    0.509465,
    0.49927,
    0.49015,
    0.481835,
    0.476735,
    0.465685,
    0.45817,
    0.450525,
    0.442695,
    0.433665,
    0.4294,
    0.4201,
    0.412715,
    0.40707,
    0.400615,
    0.39422,
    0.384915,
    0.37796,
    0.37277
  ],
  "scale_param_range": [
    0.01,
    0.13794871794871796,
    0.2658974358974359,
    0.39384615384615385,
    0.5217948717948718,
    0.6497435897435898,
    0.7776923076923077,
    0.9056410256410257,
    1.0335897435897436,
    1.1615384615384616,
    1.2894871794871796,
    1.4174358974358976,
    1.5453846153846154,
    1.6733333333333333,
    1.8012820512820513,
    1.9292307692307693,
    2.057179487179487,
    2.185128205128205,
    2.313076923076923,
    2.441025641025641,
    2.568974358974359,
    2.6969230769230768,
    2.824871794871795,
    2.9528205128205127,
    3.0807692307692305,
    3.2087179487179487,
    3.3366666666666664,
    3.4646153846153847,
    3.5925641025641024,
    3.7205128205128206,
    3.8484615384615384,
    3.9764102564102566,
    4.104358974358974,
    4.2323076923076925,
    4.36025641025641,
    4.488205128205128,
    4.616153846153846,
    4.7441025641025645,
    4.872051282051282,
    5.0
  ],
  "times": [
    115.99208664894104,
    131.09574508666992,
    125.5048451423645,
    128.650395154953,
    111.8617753982544,
    128.87074255943298,
    125.94576859474182,
    130.11100482940674,
    137.51879906654358,
    124.64984035491943,
    127.15012407302856,
    133.53399896621704,
    120.1564929485321,
    122.56830668449402,
    124.9678909778595,
    128.42043542861938,
    125.06358528137207,
    121.5603301525116,
    131.56302428245544,
    123.07663631439209,
    122.46473383903503,
    124.53786063194275,
    135.66425275802612,
    113.3136076927185,
    117.26353096961975,
    129.3535668849945,
    125.21675300598145,
    116.50109767913818,
    126.54267692565918,
    129.05969524383545,
    130.6389992237091,
    119.01619625091553,
    128.35935950279236,
    125.95258283615112,
    125.0557770729065,
    129.83809542655945,
    131.2271957397461,
    120.42003393173218,
    105.56733131408691,
    130.3760793209076
  ]
}