{
  "target_distribution": "RoughCarpet",
  "proposal_distribution": "Normal",
  "dimension": 30,
  "num_iterations": 200000,
  "seed": 6,
  "total_time": 27623.460085868835,
  "max_esjd": 2.1886489391326904,
  "max_acceptance_rate": 0.193275,
  "max_scale_param": 3.488461538461538,
  "expected_squared_jump_distances": [
    9.984073403757066e-05,
    0.012174081988632679,
    0.042826853692531586,
    0.09001948684453964,
    0.15158945322036743,
    0.22564303874969482,
    0.3103390634059906,
    0.40330618619918823,
    0.503581702709198,
    0.6074297428131104,
    0.7157373428344727,
    0.8242579698562622,
    0.9351850748062134,
    1.0452136993408203,
    1.1565577983856201,
    1.2557786703109741,
    1.3559390306472778,
    1.4542595148086548,
    1.5427377223968506,
    1.6334099769592285,
    1.7132705450057983,
    1.787420630455017,
    1.8548121452331543,
    1.9193819761276245,
    1.9470196962356567,
    2.0240437984466553,
    2.0503768920898438,
    2.0746002197265625,
    2.0877416133880615,
    2.140007972717285,
    2.150623321533203,
    2.1582131385803223,
    2.1584978103637695,
    2.128744125366211,
    2.1886489391326904,
    2.1304640769958496,
    2.1094648838043213,
    2.0937695503234863,
    2.065798044204712,
    2.0695838928222656
  ],
  "acceptance_rates": [
    0.99802,
    0.96586,
    0.931605,
    0.89908,
    0.86642,
    0.834635,
    0.80369,
    0.772175,
    0.74166,
    0.710115,
    0.680415,
    0.650355,
    0.62199,
    0.594,
    0.56854,
    0.53983,
    0.51354,
    0.489465,
    0.465,
    0.4431,
    0.42001,
    0.39887,
    0.377745,
    0.3587,
    0.335765,
    0.322125,
    0.302915,
    0.284975,
    0.267265,
    0.2557,
    0.24129,
    0.226945,
    0.213535,
    0.198695,
    0.193275,
    0.177785,
    0.1668,
    0.157125,
    0.14761,
    0.140595
  ],
  "scale_param_range": [
    0.01,
    0.1123076923076923,
    0.21461538461538462,
    0.3169230769230769,
    0.41923076923076924,
    0.5215384615384615,
    0.6238461538461538,
    0.7261538461538461,
    0.8284615384615385,
    0.9307692307692308,
    1.033076923076923,
    1.1353846153846154,
    1.2376923076923076,
    1.34,
    1.4423076923076923,
    1.5446153846153847,
    1.646923076923077,
    1.7492307692307691,
    1.8515384615384616,
    1.9538461538461538,
    2.0561538461538458,
    2.1584615384615384,
    2.2607692307692306,
    2.363076923076923,
    2.465384615384615,
    2.5676923076923073,
    2.67,
    2.772307692307692,
    2.8746153846153844,
    2.9769230769230766,
    3.079230769230769,
    3.1815384615384614,
    3.2838461538461536,
    3.386153846153846,
    3.488461538461538,
    3.5907692307692307,
    3.693076923076923,
    3.795384615384615,
    3.8976923076923073,
    4.0
  ],
  "times": [
    687.0397849082947,
    686.9985675811768,
    697.3556187152863,
    703.6455392837524,
    707.2986719608307,
    704.3586297035217,
    695.6874003410339,
    688.1470150947571,
    692.2176282405853,
    688.7698919773102,
    690.4232227802277,
    688.4476227760315,
    691.1751320362091,
    687.9276638031006,
    691.6267683506012,
    688.015602350235,
    688.981767654419,
    687.3483440876007,
    690.3985812664032,
    688.0633659362793,
    689.9154698848724,
    687.834465265274,
    688.7709336280823,
    686.7082345485687,
    689.9769439697266,
    687.8047182559967,
    689.9739537239075,
    687.434084892273,
    690.0361108779907,
    688.048015832901,
    691.4624643325806,
    688.3916771411896,
    689.8956682682037,
    688.7940216064453,
    689.2702836990356,
    687.3424460887909,
    693.6549155712128,
    687.8868098258972,
    689.1971402168274,
    687.0686466693878
  ]
}