{
  "target_distribution": "RoughCarpet",
  "dimension": 10,
  "num_iterations": 200000,
  "seed": 16,
  "total_time": 12408.787278175354,
  "max_esjd": 0.0029862750635999396,
  "max_actual_acceptance_rate": 0.09850746268656717,
  "max_constr_acceptance_rate": 0.026896551724137928,
  "expected_squared_jump_distances": [
    0.002281148480930601,
    0.0029862750635999396,
    0.0029862750635999396,
    0.0029862750635999396,
    0.0029862750635999396,
    0.0029862750635999396,
    0.0029862750635999396,
    0.0029862750635999396,
    0.0029862750635999396,
    0.0029862750635999396,
    0.0029862750635999396,
    0.0029862750635999396,
    0.0029862750635999396,
    0.0029862750635999396,
    0.0029862750635999396,
    0.0029862750635999396,
    0.0029862750635999396,
    0.0029862750635999396,
    0.0029862750635999396,
    0.0029862750635999396,
    0.0029862750635999396,
    0.0029862750635999396,
    0.0029862750635999396,
    0.0029862750635999396,
    0.0029862750635999396,
    0.0029862750635999396,
    0.0029862750635999396,
    0.0029862750635999396,
    0.0029862750635999396,
    0.0029862750635999396
  ],
  "acceptance_rates": [
    0.0981860542519554,
    0.09850746268656717,
    0.09850746268656717,
    0.09850746268656717,
    0.09850746268656717,
    0.09850746268656717,
    0.09850746268656717,
    0.09850746268656717,
    0.09850746268656717,
    0.09850746268656717,
    0.09850746268656717,
    0.09850746268656717,
    0.09850746268656717,
    0.09850746268656717,
    0.09850746268656717,
    0.09850746268656717,
    0.09850746268656717,
    0.09850746268656717,
    0.09850746268656717,
    0.09850746268656717,
    0.09850746268656717,
    0.09850746268656717,
    0.09850746268656717,
    0.09850746268656717,
    0.09850746268656717,
    0.09850746268656717,
    0.09850746268656717,
    0.09850746268656717,
    0.09850746268656717,
    0.09850746268656717
  ],
  "swap_acceptance_rates_range": [
    0.01,
    0.026896551724137928,
    0.04379310344827586,
    0.060689655172413794,
    0.07758620689655171,
    0.09448275862068964,
    0.11137931034482758,
    0.12827586206896552,
    0.14517241379310344,
    0.16206896551724137,
    0.1789655172413793,
    0.19586206896551722,
    0.21275862068965518,
    0.2296551724137931,
    0.24655172413793103,
    0.2634482758620689,
    0.2803448275862069,
    0.29724137931034483,
    0.31413793103448273,
    0.3310344827586207,
    0.3479310344827586,
    0.36482758620689654,
    0.38172413793103444,
    0.3986206896551724,
    0.41551724137931034,
    0.43241379310344824,
    0.4493103448275862,
    0.4662068965517241,
    0.48310344827586205,
    0.5
  ],
  "times": [
    409.3154172897339,
    426.5557475090027,
    417.9737994670868,
    419.3738751411438,
    419.66960644721985,
    420.163542509079,
    417.7540428638458,
    412.84195923805237,
    412.2164578437805,
    411.6481170654297,
    411.20141983032227,
    411.7296268939972,
    412.0668075084686,
    412.78945088386536,
    411.38700342178345,
    412.40686893463135,
    411.46554350852966,
    412.59881067276,
    413.9312689304352,
    411.9594578742981,
    411.8951587677002,
    413.11552572250366,
    411.5619246959686,
    411.6777250766754,
    411.90841150283813,
    412.6257767677307,
    411.2292969226837,
    411.4787983894348,
    411.9681820869446,
    412.25946617126465
  ],
  "beta_ladder": [
    1.0,
    0.1893028020299384,
    0.030032601317458482,
    0.01
  ]
}