{
  "target_distribution": "RoughCarpet",
  "proposal_distribution": "Normal",
  "dimension": 30,
  "num_iterations": 200000,
  "seed": 6,
  "total_time": 2578.052211999893,
  "max_esjd": 2.1558897495269775,
  "max_acceptance_rate": 0.20239,
  "max_scale_param": 3.377179487179487,
  "expected_squared_jump_distances": [
    9.984581993194297e-05,
    0.016255512833595276,
    0.0575680211186409,
    0.12078233808279037,
    0.20239441096782684,
    0.2992868721485138,
    0.40785250067710876,
    0.5270223021507263,
    0.6510697603225708,
    0.7795799970626831,
    0.9086552858352661,
    1.0376607179641724,
    1.165436863899231,
    1.2855943441390991,
    1.4044462442398071,
    1.5159661769866943,
    1.6146982908248901,
    1.7094999551773071,
    1.7941662073135376,
    1.8656710386276245,
    1.9595327377319336,
    1.9892555475234985,
    2.043933153152466,
    2.0643699169158936,
    2.0990748405456543,
    2.140407085418701,
    2.1521217823028564,
    2.1434402465820312,
    2.1558897495269775,
    2.120265245437622,
    2.137500047683716,
    2.106462240219116,
    2.072549343109131,
    2.0170159339904785,
    1.9948155879974365,
    1.9758212566375732,
    2.007530927658081,
    1.8889127969741821,
    1.8552380800247192,
    1.7845661640167236
  ],
  "acceptance_rates": [
    0.998005,
    0.95879,
    0.919475,
    0.882165,
    0.844185,
    0.80703,
    0.76951,
    0.734555,
    0.69862,
    0.66373,
    0.629445,
    0.59588,
    0.564515,
    0.53307,
    0.503575,
    0.47488,
    0.44617,
    0.41983,
    0.3945,
    0.36979,
    0.350925,
    0.324595,
    0.304985,
    0.28288,
    0.264945,
    0.249345,
    0.23307,
    0.21566,
    0.20239,
    0.18618,
    0.17565,
    0.16287,
    0.15117,
    0.138465,
    0.12963,
    0.12107,
    0.116385,
    0.104605,
    0.097225,
    0.08936
  ],
  "scale_param_range": [
    0.01,
    0.13025641025641027,
    0.25051282051282053,
    0.3707692307692308,
    0.49102564102564106,
    0.6112820512820514,
    0.7315384615384616,
    0.8517948717948718,
    0.9720512820512821,
    1.0923076923076924,
    1.2125641025641027,
    1.3328205128205128,
    1.4530769230769232,
    1.5733333333333335,
    1.6935897435897436,
    1.8138461538461539,
    1.9341025641025642,
    2.054358974358974,
    2.1746153846153846,
    2.2948717948717947,
    2.4151282051282053,
    2.5353846153846153,
    2.6556410256410254,
    2.775897435897436,
    2.896153846153846,
    3.016410256410256,
    3.1366666666666667,
    3.256923076923077,
    3.377179487179487,
    3.4974358974358974,
    3.6176923076923075,
    3.737948717948718,
    3.858205128205128,
    3.9784615384615383,
    4.098717948717948,
    4.218974358974359,
    4.3392307692307694,
    4.459487179487179,
    4.57974358974359,
    4.7
  ],
  "times": [
    64.95250487327576,
    63.43508720397949,
    63.88137936592102,
    65.5459496974945,
    64.8890130519867,
    64.22485017776489,
    64.16298604011536,
    64.8577630519867,
    65.51716542243958,
    64.52098488807678,
    64.21939969062805,
    64.86083364486694,
    64.853848695755,
    64.97357511520386,
    63.836050033569336,
    62.7016396522522,
    64.775563955307,
    65.01269912719727,
    63.67038822174072,
    63.888893127441406,
    63.72878909111023,
    64.16033864021301,
    64.26845788955688,
    64.82912611961365,
    64.91641187667847,
    64.95917820930481,
    64.95826005935669,
    64.99766397476196,
    65.26227021217346,
    65.02430701255798,
    65.76249384880066,
    65.70364785194397,
    62.87779998779297,
    63.73462629318237,
    63.16603708267212,
    64.53046727180481,
    64.14149141311646,
    64.53614926338196,
    64.35623979568481,
    63.30729079246521
  ]
}