{
  "target_distribution": "RoughCarpet",
  "proposal_distribution": "Normal",
  "dimension": 2,
  "num_iterations": 200000,
  "seed": 12,
  "total_time": 6729.976573467255,
  "max_esjd": 4.9375529289245605,
  "max_acceptance_rate": 0.42457,
  "max_scale_param": 4.0,
  "expected_squared_jump_distances": [
    9.956978465197608e-05,
    0.012037447653710842,
    0.04179228097200394,
    0.08698221296072006,
    0.144672229886055,
    0.21280576288700104,
    0.290140837430954,
    0.374970942735672,
    0.46446678042411804,
    0.5603845715522766,
    0.6603339910507202,
    0.7676103115081787,
    0.8766265511512756,
    0.9923299551010132,
    1.1025551557540894,
    1.2335562705993652,
    1.358020544052124,
    1.5026546716690063,
    1.6382818222045898,
    1.783003807067871,
    1.9445010423660278,
    2.084704875946045,
    2.254321575164795,
    2.416935920715332,
    2.576788902282715,
    2.744649887084961,
    2.929314613342285,
    3.065060615539551,
    3.2487740516662598,
    3.3977267742156982,
    3.5615084171295166,
    3.742902994155884,
    3.934359073638916,
    4.116570949554443,
    4.238083839416504,
    4.386415004730225,
    4.5141425132751465,
    4.706709384918213,
    4.7912116050720215,
    4.9375529289245605
  ],
  "acceptance_rates": [
    0.99728,
    0.96945,
    0.93817,
    0.909745,
    0.88035,
    0.852155,
    0.826065,
    0.8007,
    0.774395,
    0.75162,
    0.728355,
    0.70832,
    0.687515,
    0.66994,
    0.649725,
    0.636445,
    0.618825,
    0.606775,
    0.591095,
    0.57895,
    0.570265,
    0.554995,
    0.54639,
    0.5388,
    0.530275,
    0.52103,
    0.5145,
    0.50374,
    0.49835,
    0.48807,
    0.48174,
    0.474955,
    0.471175,
    0.46548,
    0.457935,
    0.449845,
    0.4445,
    0.43882,
    0.43047,
    0.42457
  ],
  "scale_param_range": [
    0.01,
    0.1123076923076923,
    0.21461538461538462,
    0.3169230769230769,
    0.41923076923076924,
    0.5215384615384615,
    0.6238461538461538,
    0.7261538461538461,
    0.8284615384615385,
    0.9307692307692308,
    1.033076923076923,
    1.1353846153846154,
    1.2376923076923076,
    1.34,
    1.4423076923076923,
    1.5446153846153847,
    1.646923076923077,
    1.7492307692307691,
    1.8515384615384616,
    1.9538461538461538,
    2.0561538461538458,
    2.1584615384615384,
    2.2607692307692306,
    2.363076923076923,
    2.465384615384615,
    2.5676923076923073,
    2.67,
    2.772307692307692,
    2.8746153846153844,
    2.9769230769230766,
    3.079230769230769,
    3.1815384615384614,
    3.2838461538461536,
    3.386153846153846,
    3.488461538461538,
    3.5907692307692307,
    3.693076923076923,
    3.795384615384615,
    3.8976923076923073,
    4.0
  ],
  "times": [
    167.76041436195374,
    168.50220918655396,
    161.6412308216095,
    168.39076232910156,
    168.463476896286,
    168.60078406333923,
    169.16813254356384,
    169.02327966690063,
    168.4065113067627,
    168.4350733757019,
    168.18217611312866,
    168.66117811203003,
    168.2673568725586,
    168.45089530944824,
    168.52484607696533,
    168.50079679489136,
    168.46524810791016,
    168.50666666030884,
    168.95816612243652,
    168.40555906295776,
    168.22072839736938,
    168.5232138633728,
    168.5021345615387,
    168.54238080978394,
    168.64392352104187,
    168.48979926109314,
    168.70432114601135,
    168.7167670726776,
    168.5683789253235,
    168.3818621635437,
    168.60318899154663,
    168.57147216796875,
    168.52306699752808,
    168.2419285774231,
    168.54902529716492,
    168.4864797592163,
    168.29762363433838,
    168.61087846755981,
    168.0690152645111,
    165.36624383926392
  ]
}