{
  "target_distribution": "RoughCarpet",
  "proposal_distribution": "Normal",
  "dimension": 2,
  "num_iterations": 200000,
  "seed": 4,
  "total_time": 4439.202613592148,
  "max_esjd": 4.9574174880981445,
  "max_acceptance_rate": 0.42525,
  "max_scale_param": 4.0,
  "expected_squared_jump_distances": [
    9.956876601791009e-05,
    0.012030861340463161,
    0.04184969514608383,
    0.08697593212127686,
    0.14492034912109375,
    0.2126956582069397,
    0.289848655462265,
    0.3751758635044098,
    0.4662463068962097,
    0.5608599185943604,
    0.6618718504905701,
    0.7668258547782898,
    0.8761730790138245,
    0.9955930709838867,
    1.1124345064163208,
    1.2321947813034058,
    1.3674240112304688,
    1.4888912439346313,
    1.6472713947296143,
    1.7884995937347412,
    1.9326255321502686,
    2.100020408630371,
    2.260058879852295,
    2.4083683490753174,
    2.582068681716919,
    2.742342233657837,
    2.903416156768799,
    3.073153018951416,
    3.2636539936065674,
    3.432156562805176,
    3.5782175064086914,
    3.7648842334747314,
    3.902379274368286,
    4.068578243255615,
    4.233038425445557,
    4.387354373931885,
    4.505867958068848,
    4.655978202819824,
    4.840343475341797,
    4.9574174880981445
  ],
  "acceptance_rates": [
    0.99727,
    0.96937,
    0.93859,
    0.909745,
    0.88112,
    0.85161,
    0.82559,
    0.80111,
    0.77651,
    0.752435,
    0.72986,
    0.708355,
    0.68857,
    0.669985,
    0.653495,
    0.634495,
    0.620965,
    0.60264,
    0.5935,
    0.57977,
    0.568615,
    0.558935,
    0.54882,
    0.53808,
    0.52948,
    0.5213,
    0.51126,
    0.504745,
    0.499015,
    0.490615,
    0.482405,
    0.477405,
    0.469485,
    0.46269,
    0.457235,
    0.451155,
    0.44215,
    0.436,
    0.431775,
    0.42525
  ],
  "scale_param_range": [
    0.01,
    0.1123076923076923,
    0.21461538461538462,
    0.3169230769230769,
    0.41923076923076924,
    0.5215384615384615,
    0.6238461538461538,
    0.7261538461538461,
    0.8284615384615385,
    0.9307692307692308,
    1.033076923076923,
    1.1353846153846154,
    1.2376923076923076,
    1.34,
    1.4423076923076923,
    1.5446153846153847,
    1.646923076923077,
    1.7492307692307691,
    1.8515384615384616,
    1.9538461538461538,
    2.0561538461538458,
    2.1584615384615384,
    2.2607692307692306,
    2.363076923076923,
    2.465384615384615,
    2.5676923076923073,
    2.67,
    2.772307692307692,
    2.8746153846153844,
    2.9769230769230766,
    3.079230769230769,
    3.1815384615384614,
    3.2838461538461536,
    3.386153846153846,
    3.488461538461538,
    3.5907692307692307,
    3.693076923076923,
    3.795384615384615,
    3.8976923076923073,
    4.0
  ],
  "times": [
    147.24106192588806,
    147.7236089706421,
    147.96011018753052,
    147.3590259552002,
    147.09769248962402,
    124.03977990150452,
    105.15375542640686,
    105.18607378005981,
    105.51024103164673,
    105.50115036964417,
    105.25175428390503,
    105.46857953071594,
    105.08015465736389,
    105.47285032272339,
    105.13481855392456,
    105.45024228096008,
    105.27608251571655,
    105.38149285316467,
    105.2103922367096,
    105.22689127922058,
    104.96585655212402,
    105.58072781562805,
    105.06029176712036,
    105.27358937263489,
    105.00488638877869,
    105.2061288356781,
    105.02959442138672,
    105.18980693817139,
    105.44072127342224,
    105.39098882675171,
    105.19752860069275,
    105.23931455612183,
    105.20060396194458,
    105.21518087387085,
    104.84943175315857,
    105.00511002540588,
    104.86375737190247,
    105.63040614128113,
    104.81566619873047,
    105.27200317382812
  ]
}