{
  "target_distribution": "RoughCarpet",
  "proposal_distribution": "Normal",
  "dimension": 2,
  "num_iterations": 200000,
  "seed": 6,
  "total_time": 1754.7897543907166,
  "max_esjd": 5.0231804847717285,
  "max_acceptance_rate": 0.42611,
  "max_scale_param": 4.0,
  "expected_squared_jump_distances": [
    9.991691331379116e-05,
    0.012025532312691212,
    0.04192997142672539,
    0.08716879040002823,
    0.14501360058784485,
    0.2133389115333557,
    0.290873646736145,
    0.37553727626800537,
    0.46442124247550964,
    0.559581995010376,
    0.6604746580123901,
    0.764566957950592,
    0.8755665421485901,
    0.9901722073554993,
    1.1145011186599731,
    1.236137866973877,
    1.3668643236160278,
    1.5018967390060425,
    1.6465281248092651,
    1.8023115396499634,
    1.9440587759017944,
    2.0985350608825684,
    2.2655692100524902,
    2.416931629180908,
    2.6011061668395996,
    2.7727718353271484,
    2.9165494441986084,
    3.102989673614502,
    3.2836780548095703,
    3.4446001052856445,
    3.5855231285095215,
    3.784761905670166,
    3.920586585998535,
    4.077723026275635,
    4.258929252624512,
    4.387200832366943,
    4.540386199951172,
    4.70380973815918,
    4.892126083374023,
    5.0231804847717285
  ],
  "acceptance_rates": [
    0.997185,
    0.96638,
    0.93726,
    0.909205,
    0.880025,
    0.851785,
    0.82487,
    0.79926,
    0.772355,
    0.74886,
    0.72615,
    0.70446,
    0.685735,
    0.66745,
    0.651875,
    0.63413,
    0.618715,
    0.60503,
    0.591905,
    0.580355,
    0.56712,
    0.556255,
    0.547075,
    0.536635,
    0.530305,
    0.519485,
    0.5108,
    0.502615,
    0.49686,
    0.49016,
    0.479805,
    0.47535,
    0.467535,
    0.46003,
    0.456215,
    0.448465,
    0.44188,
    0.43626,
    0.43207,
    0.42611
  ],
  "scale_param_range": [
    0.01,
    0.1123076923076923,
    0.21461538461538462,
    0.3169230769230769,
    0.41923076923076924,
    0.5215384615384615,
    0.6238461538461538,
    0.7261538461538461,
    0.8284615384615385,
    0.9307692307692308,
    1.033076923076923,
    1.1353846153846154,
    1.2376923076923076,
    1.34,
    1.4423076923076923,
    1.5446153846153847,
    1.646923076923077,
    1.7492307692307691,
    1.8515384615384616,
    1.9538461538461538,
    2.0561538461538458,
    2.1584615384615384,
    2.2607692307692306,
    2.363076923076923,
    2.465384615384615,
    2.5676923076923073,
    2.67,
    2.772307692307692,
    2.8746153846153844,
    2.9769230769230766,
    3.079230769230769,
    3.1815384615384614,
    3.2838461538461536,
    3.386153846153846,
    3.488461538461538,
    3.5907692307692307,
    3.693076923076923,
    3.795384615384615,
    3.8976923076923073,
    4.0
  ],
  "times": [
    42.62261438369751,
    42.86703872680664,
    42.94331359863281,
    45.96082377433777,
    43.38401746749878,
    43.763813734054565,
    44.390564918518066,
    43.73951292037964,
    43.62395000457764,
    43.789796113967896,
    43.7767858505249,
    43.66718244552612,
    44.69878530502319,
    43.56624698638916,
    43.92676782608032,
    44.066930294036865,
    43.441415786743164,
    42.93951201438904,
    43.20926380157471,
    43.911685943603516,
    43.81411409378052,
    43.66377401351929,
    43.71909236907959,
    43.52086687088013,
    43.37344026565552,
    43.63024878501892,
    43.913236141204834,
    43.304296255111694,
    43.19295001029968,
    42.963382959365845,
    42.98726153373718,
    45.22592878341675,
    43.92923188209534,
    43.644127368927,
    44.720189332962036,
    44.33548951148987,
    43.53519892692566,
    43.6790931224823,
    43.96436405181885,
    48.29082274436951
  ]
}