{
  "target_distribution": "RoughCarpet",
  "dimension": 10,
  "num_iterations": 200000,
  "seed": 4,
  "total_time": 15247.574745893478,
  "max_esjd": 0.017161509405323936,
  "max_actual_acceptance_rate": 0.23682368236823684,
  "max_constr_acceptance_rate": 0.24655172413793103,
  "expected_squared_jump_distances": [
    0.0033163084340053217,
    0.007641635801667056,
    0.009942232324186376,
    0.007966048793312551,
    0.010413447195776,
    0.010449045860676834,
    0.012874128512054123,
    0.014609397016508102,
    0.014298984897997455,
    0.01234363338122587,
    0.013391056124691885,
    0.014449079748507374,
    0.014806550734222055,
    0.016109150182083514,
    0.017161509405323936,
    0.014126154368658642,
    0.014808759809843707,
    0.015209206684973397,
    0.01533483763884867,
    0.01606534140416401,
    0.014588842567244327,
    0.014246501542198229,
    0.015091655235386253,
    0.014968198265009208,
    0.01346212061899287,
    0.013757985764171473,
    0.01364569629055119,
    0.013474980485304593,
    0.011782671100102709,
    0.011547684853307285
  ],
  "acceptance_rates": [
    0.09954977488744372,
    0.06169536866744692,
    0.057176196032672114,
    0.2657578789394697,
    0.1788038038038038,
    0.1541734451257665,
    0.13590897724431109,
    0.1399099774943736,
    0.14060545409056793,
    0.2898,
    0.2703,
    0.24842484248424843,
    0.23343343343343342,
    0.23302330233023302,
    0.23682368236823684,
    0.3515,
    0.33225,
    0.32208333333333333,
    0.31575,
    0.32516666666666666,
    0.40993211861379064,
    0.3966711907993428,
    0.3930280734338167,
    0.39337000785882686,
    0.4694375,
    0.4613125,
    0.45149393674209276,
    0.4533350003125586,
    0.5103333333333333,
    0.49955555555555553
  ],
  "swap_acceptance_rates_range": [
    0.01,
    0.026896551724137928,
    0.04379310344827586,
    0.060689655172413794,
    0.07758620689655171,
    0.09448275862068964,
    0.11137931034482758,
    0.12827586206896552,
    0.14517241379310344,
    0.16206896551724137,
    0.1789655172413793,
    0.19586206896551722,
    0.21275862068965518,
    0.2296551724137931,
    0.24655172413793103,
    0.2634482758620689,
    0.2803448275862069,
    0.29724137931034483,
    0.31413793103448273,
    0.3310344827586207,
    0.3479310344827586,
    0.36482758620689654,
    0.38172413793103444,
    0.3986206896551724,
    0.41551724137931034,
    0.43241379310344824,
    0.4493103448275862,
    0.4662068965517241,
    0.48310344827586205,
    0.5
  ],
  "times": [
    472.7602913379669,
    465.8028748035431,
    464.34211802482605,
    479.6121735572815,
    478.5707776546478,
    478.74563431739807,
    478.67570090293884,
    478.6007046699524,
    478.7711386680603,
    500.7614848613739,
    500.25780868530273,
    500.5995931625366,
    500.37189984321594,
    500.32399725914,
    500.3719344139099,
    513.7547447681427,
    514.0359857082367,
    513.7186183929443,
    513.9611835479736,
    513.9797651767731,
    528.2957246303558,
    527.5065696239471,
    527.9713082313538,
    528.7204613685608,
    541.9297876358032,
    544.4884345531464,
    544.903397321701,
    543.2751514911652,
    555.8822782039642,
    556.5622863769531
  ]
}