{
  "target_distribution": "RoughCarpet",
  "proposal_distribution": "Normal",
  "dimension": 10,
  "num_iterations": 200000,
  "seed": 19,
  "total_time": 9671.101661920547,
  "max_esjd": 2.796168088912964,
  "max_acceptance_rate": 0.204645,
  "max_scale_param": 4.0,
  "expected_squared_jump_distances": [
    9.973366832127795e-05,
    0.012133892625570297,
    0.04266443848609924,
    0.08962808549404144,
    0.1505422741174698,
    0.22373057901859283,
    0.3070666790008545,
    0.39825892448425293,
    0.49531716108322144,
    0.5991283655166626,
    0.7051002979278564,
    0.8125963807106018,
    0.9227057695388794,
    1.0313708782196045,
    1.1373982429504395,
    1.2381987571716309,
    1.3458112478256226,
    1.4417881965637207,
    1.542575478553772,
    1.6192578077316284,
    1.7288874387741089,
    1.82056725025177,
    1.8977558612823486,
    1.9659768342971802,
    2.0533297061920166,
    2.1080169677734375,
    2.1782631874084473,
    2.2514843940734863,
    2.3104586601257324,
    2.3757615089416504,
    2.4298348426818848,
    2.466385841369629,
    2.529951572418213,
    2.5638515949249268,
    2.5872251987457275,
    2.6651458740234375,
    2.6679062843322754,
    2.728055000305176,
    2.7866601943969727,
    2.796168088912964
  ],
  "acceptance_rates": [
    0.9978,
    0.96551,
    0.932915,
    0.90194,
    0.86975,
    0.83856,
    0.808055,
    0.777275,
    0.745505,
    0.71774,
    0.689485,
    0.660735,
    0.634365,
    0.60801,
    0.58205,
    0.555615,
    0.53323,
    0.509135,
    0.488235,
    0.46411,
    0.44771,
    0.42978,
    0.410815,
    0.391705,
    0.377775,
    0.35841,
    0.34439,
    0.33092,
    0.31695,
    0.30422,
    0.292535,
    0.27912,
    0.269215,
    0.258325,
    0.246315,
    0.239505,
    0.227325,
    0.220505,
    0.213395,
    0.204645
  ],
  "scale_param_range": [
    0.01,
    0.1123076923076923,
    0.21461538461538462,
    0.3169230769230769,
    0.41923076923076924,
    0.5215384615384615,
    0.6238461538461538,
    0.7261538461538461,
    0.8284615384615385,
    0.9307692307692308,
    1.033076923076923,
    1.1353846153846154,
    1.2376923076923076,
    1.34,
    1.4423076923076923,
    1.5446153846153847,
    1.646923076923077,
    1.7492307692307691,
    1.8515384615384616,
    1.9538461538461538,
    2.0561538461538458,
    2.1584615384615384,
    2.2607692307692306,
    2.363076923076923,
    2.465384615384615,
    2.5676923076923073,
    2.67,
    2.772307692307692,
    2.8746153846153844,
    2.9769230769230766,
    3.079230769230769,
    3.1815384615384614,
    3.2838461538461536,
    3.386153846153846,
    3.488461538461538,
    3.5907692307692307,
    3.693076923076923,
    3.795384615384615,
    3.8976923076923073,
    4.0
  ],
  "times": [
    237.87834095954895,
    238.45574617385864,
    241.53212189674377,
    240.71488308906555,
    242.23965287208557,
    243.4173891544342,
    242.45113825798035,
    237.8819088935852,
    240.25291204452515,
    236.68733978271484,
    237.4729471206665,
    237.0936188697815,
    238.12817525863647,
    234.73436832427979,
    238.16822814941406,
    237.09749722480774,
    241.31744623184204,
    238.2123634815216,
    240.6038691997528,
    244.1696274280548,
    245.42647004127502,
    241.49143147468567,
    240.80143237113953,
    244.31660223007202,
    245.89118480682373,
    244.6856234073639,
    249.22069597244263,
    247.04683327674866,
    243.9782054424286,
    244.6932442188263,
    241.26158165931702,
    244.6634693145752,
    245.49848699569702,
    240.818350315094,
    242.22261667251587,
    237.7249002456665,
    243.5691864490509,
    245.0943512916565,
    248.0291166305542,
    246.0902762413025
  ]
}