{
  "target_distribution": "RoughCarpet",
  "proposal_distribution": "Normal",
  "dimension": 50,
  "num_iterations": 200000,
  "seed": 2,
  "total_time": 2667.378030538559,
  "max_esjd": 2.1005501747131348,
  "max_acceptance_rate": 0.20635,
  "max_scale_param": 3.256923076923077,
  "expected_squared_jump_distances": [
    9.989879617933184e-05,
    0.016259055584669113,
    0.05769004672765732,
    0.12086803466081619,
    0.20285393297672272,
    0.2999020218849182,
    0.4092317223548889,
    0.527553915977478,
    0.6532494425773621,
    0.7814277410507202,
    0.9101527333259583,
    1.0412399768829346,
    1.171395182609558,
    1.294069528579712,
    1.4101412296295166,
    1.5208600759506226,
    1.6203712224960327,
    1.7147818803787231,
    1.7977275848388672,
    1.8612682819366455,
    1.925959825515747,
    1.982343077659607,
    2.0232534408569336,
    2.062206745147705,
    2.0727548599243164,
    2.0829215049743652,
    2.0745129585266113,
    2.1005501747131348,
    2.0489683151245117,
    2.071014881134033,
    2.022453784942627,
    1.99098801612854,
    1.9568564891815186,
    1.9219233989715576,
    1.893180251121521,
    1.8040026426315308,
    1.7573686838150024,
    1.7738615274429321,
    1.6620796918869019,
    1.585023283958435
  ],
  "acceptance_rates": [
    0.998475,
    0.958645,
    0.920355,
    0.88107,
    0.84385,
    0.80585,
    0.76873,
    0.731925,
    0.696785,
    0.661265,
    0.625435,
    0.59339,
    0.562635,
    0.53127,
    0.50004,
    0.471055,
    0.44204,
    0.415305,
    0.38924,
    0.36261,
    0.339375,
    0.31779,
    0.296355,
    0.27701,
    0.25588,
    0.238005,
    0.219475,
    0.20635,
    0.18791,
    0.177335,
    0.16238,
    0.149985,
    0.13872,
    0.12843,
    0.11939,
    0.107735,
    0.09924,
    0.095045,
    0.084945,
    0.076825
  ],
  "scale_param_range": [
    0.01,
    0.13025641025641027,
    0.25051282051282053,
    0.3707692307692308,
    0.49102564102564106,
    0.6112820512820514,
    0.7315384615384616,
    0.8517948717948718,
    0.9720512820512821,
    1.0923076923076924,
    1.2125641025641027,
    1.3328205128205128,
    1.4530769230769232,
    1.5733333333333335,
    1.6935897435897436,
    1.8138461538461539,
    1.9341025641025642,
    2.054358974358974,
    2.1746153846153846,
    2.2948717948717947,
    2.4151282051282053,
    2.5353846153846153,
    2.6556410256410254,
    2.775897435897436,
    2.896153846153846,
    3.016410256410256,
    3.1366666666666667,
    3.256923076923077,
    3.377179487179487,
    3.4974358974358974,
    3.6176923076923075,
    3.737948717948718,
    3.858205128205128,
    3.9784615384615383,
    4.098717948717948,
    4.218974358974359,
    4.3392307692307694,
    4.459487179487179,
    4.57974358974359,
    4.7
  ],
  "times": [
    62.72892737388611,
    66.02684688568115,
    64.13292336463928,
    65.8078076839447,
    67.12279844284058,
    67.31550431251526,
    66.23741888999939,
    66.98446464538574,
    66.98919987678528,
    67.93553280830383,
    67.34415364265442,
    67.57460522651672,
    67.51943039894104,
    67.56909132003784,
    67.56094622612,
    67.34279084205627,
    67.49051523208618,
    66.66111850738525,
    66.28630185127258,
    66.31106615066528,
    66.4554431438446,
    66.73243999481201,
    65.37276673316956,
    66.09447288513184,
    66.47914147377014,
    67.94603872299194,
    67.46892642974854,
    67.2357439994812,
    67.0647189617157,
    67.22268342971802,
    66.31103491783142,
    66.1956889629364,
    66.65470242500305,
    66.39912152290344,
    66.33396601676941,
    66.68344354629517,
    67.19841480255127,
    66.90955352783203,
    66.5526225566864,
    67.07426762580872
  ]
}