{
  "target_distribution": "RoughCarpetScaled",
  "proposal_distribution": "Normal",
  "dimension": 50,
  "num_iterations": 200000,
  "seed": 18,
  "total_time": 2904.9915947914124,
  "max_esjd": 1.589927315711975,
  "max_acceptance_rate": 0.19733,
  "max_scale_param": 2.896153846153846,
  "expected_squared_jump_distances": [
    9.981017501559108e-05,
    0.016112668439745903,
    0.05669374763965607,
    0.1179705336689949,
    0.19576065242290497,
    0.2871292233467102,
    0.38783133029937744,
    0.4943763017654419,
    0.6068212985992432,
    0.7176467180252075,
    0.8267675042152405,
    0.9330940246582031,
    1.0340135097503662,
    1.1262551546096802,
    1.2169766426086426,
    1.2974159717559814,
    1.3654961585998535,
    1.4318101406097412,
    1.4782365560531616,
    1.4982855319976807,
    1.535402774810791,
    1.5524619817733765,
    1.5753952264785767,
    1.5791162252426147,
    1.589927315711975,
    1.5746949911117554,
    1.5607120990753174,
    1.5471168756484985,
    1.5062639713287354,
    1.4867396354675293,
    1.4662690162658691,
    1.4015443325042725,
    1.392876386642456,
    1.3599483966827393,
    1.337687611579895,
    1.285797119140625,
    1.2288044691085815,
    1.1572238206863403,
    1.1123112440109253,
    1.141183853149414
  ],
  "acceptance_rates": [
    0.99761,
    0.950245,
    0.904785,
    0.86047,
    0.815325,
    0.77254,
    0.729665,
    0.68684,
    0.648745,
    0.60836,
    0.569385,
    0.532795,
    0.498255,
    0.46367,
    0.433105,
    0.40327,
    0.374045,
    0.34818,
    0.321515,
    0.29335,
    0.271895,
    0.250295,
    0.23174,
    0.21297,
    0.19733,
    0.18076,
    0.166095,
    0.15306,
    0.13871,
    0.127915,
    0.118265,
    0.106165,
    0.09897,
    0.091065,
    0.084715,
    0.076925,
    0.069615,
    0.0624,
    0.05674,
    0.05524
  ],
  "scale_param_range": [
    0.01,
    0.13025641025641027,
    0.25051282051282053,
    0.3707692307692308,
    0.49102564102564106,
    0.6112820512820514,
    0.7315384615384616,
    0.8517948717948718,
    0.9720512820512821,
    1.0923076923076924,
    1.2125641025641027,
    1.3328205128205128,
    1.4530769230769232,
    1.5733333333333335,
    1.6935897435897436,
    1.8138461538461539,
    1.9341025641025642,
    2.054358974358974,
    2.1746153846153846,
    2.2948717948717947,
    2.4151282051282053,
    2.5353846153846153,
    2.6556410256410254,
    2.775897435897436,
    2.896153846153846,
    3.016410256410256,
    3.1366666666666667,
    3.256923076923077,
    3.377179487179487,
    3.4974358974358974,
    3.6176923076923075,
    3.737948717948718,
    3.858205128205128,
    3.9784615384615383,
    4.098717948717948,
    4.218974358974359,
    4.3392307692307694,
    4.459487179487179,
    4.57974358974359,
    4.7
  ],
  "times": [
    69.52286052703857,
    71.5834321975708,
    72.88347625732422,
    73.39541983604431,
    72.03010773658752,
    72.27465462684631,
    73.11758089065552,
    73.38968300819397,
    73.33448505401611,
    73.59997701644897,
    73.66988396644592,
    73.77828860282898,
    73.68063735961914,
    73.7143452167511,
    73.61261248588562,
    73.61026740074158,
    72.96635246276855,
    73.28095078468323,
    75.43143463134766,
    75.16659355163574,
    73.18673968315125,
    74.23567390441895,
    74.0622775554657,
    73.71116638183594,
    73.25516676902771,
    73.45151948928833,
    72.88540887832642,
    73.05920886993408,
    71.16079902648926,
    70.58743739128113,
    71.53615188598633,
    71.39165306091309,
    69.745685338974,
    71.63596415519714,
    70.71659684181213,
    70.61009359359741,
    71.25854539871216,
    71.49030137062073,
    72.02879285812378,
    70.88854360580444
  ]
}