{
  "target_distribution": "RoughCarpetScaled",
  "proposal_distribution": "Normal",
  "dimension": 20,
  "num_iterations": 200000,
  "seed": 5,
  "total_time": 2792.1649527549744,
  "max_esjd": 2.2372934818267822,
  "max_acceptance_rate": 0.177295,
  "max_scale_param": 3.7205128205128206,
  "expected_squared_jump_distances": [
    9.972060797736049e-05,
    0.018052075058221817,
    0.06388431787490845,
    0.13269759714603424,
    0.2205915004014969,
    0.3237750828266144,
    0.4376850426197052,
    0.558383584022522,
    0.6873059272766113,
    0.8116095066070557,
    0.9425363540649414,
    1.0695825815200806,
    1.1848763227462769,
    1.3049196004867554,
    1.417864203453064,
    1.5092443227767944,
    1.6060621738433838,
    1.6890746355056763,
    1.7630711793899536,
    1.839264988899231,
    1.907311201095581,
    1.9685777425765991,
    2.0028653144836426,
    2.0537168979644775,
    2.1273605823516846,
    2.143699884414673,
    2.151179313659668,
    2.182570219039917,
    2.191364049911499,
    2.2372934818267822,
    2.212460517883301,
    2.2287232875823975,
    2.222886800765991,
    2.1872758865356445,
    2.1847774982452393,
    2.2140755653381348,
    2.2134127616882324,
    2.171079635620117,
    2.1456782817840576,
    2.125880002975464
  ],
  "acceptance_rates": [
    0.99732,
    0.951185,
    0.907915,
    0.86221,
    0.81868,
    0.777625,
    0.735755,
    0.6946,
    0.658705,
    0.618545,
    0.584535,
    0.551015,
    0.51576,
    0.486155,
    0.45763,
    0.42603,
    0.400135,
    0.37453,
    0.34994,
    0.3286,
    0.309055,
    0.29044,
    0.270345,
    0.25444,
    0.242755,
    0.22618,
    0.210815,
    0.1982,
    0.1863,
    0.177295,
    0.164695,
    0.15551,
    0.146355,
    0.135935,
    0.127785,
    0.122775,
    0.116245,
    0.10844,
    0.101865,
    0.09592
  ],
  "scale_param_range": [
    0.01,
    0.13794871794871796,
    0.2658974358974359,
    0.39384615384615385,
    0.5217948717948718,
    0.6497435897435898,
    0.7776923076923077,
    0.9056410256410257,
    1.0335897435897436,
    1.1615384615384616,
    1.2894871794871796,
    1.4174358974358976,
    1.5453846153846154,
    1.6733333333333333,
    1.8012820512820513,
    1.9292307692307693,
    2.057179487179487,
    2.185128205128205,
    2.313076923076923,
    2.441025641025641,
    2.568974358974359,
    2.6969230769230768,
    2.824871794871795,
    2.9528205128205127,
    3.0807692307692305,
    3.2087179487179487,
    3.3366666666666664,
    3.4646153846153847,
    3.5925641025641024,
    3.7205128205128206,
    3.8484615384615384,
    3.9764102564102566,
    4.104358974358974,
    4.2323076923076925,
    4.36025641025641,
    4.488205128205128,
    4.616153846153846,
    4.7441025641025645,
    4.872051282051282,
    5.0
  ],
  "times": [
    71.0924801826477,
    71.35479307174683,
    71.11767959594727,
    71.35886812210083,
    70.37864637374878,
    70.65421485900879,
    70.56731247901917,
    70.83638453483582,
    70.96449065208435,
    70.8071858882904,
    71.37998580932617,
    70.87204384803772,
    71.14673042297363,
    70.77642846107483,
    70.49221897125244,
    70.5781319141388,
    70.80359315872192,
    69.70907855033875,
    68.03549718856812,
    68.05359029769897,
    68.0661358833313,
    68.87964534759521,
    68.18379545211792,
    68.24294662475586,
    67.60130143165588,
    67.36525249481201,
    67.3817310333252,
    68.76353406906128,
    69.65693688392639,
    70.1068754196167,
    69.20536971092224,
    67.93734645843506,
    68.55201888084412,
    69.31635522842407,
    69.34625101089478,
    70.9213924407959,
    70.44390892982483,
    71.00633788108826,
    70.28064632415771,
    69.89151358604431
  ]
}