{
  "target_distribution": "RoughCarpet",
  "dimension": 10,
  "num_iterations": 500000,
  "seed": 17,
  "total_time": 24014.77713727951,
  "max_esjd": 0.01603952218204587,
  "max_actual_acceptance_rate": 0.316,
  "max_constr_acceptance_rate": 0.31413793103448273,
  "expected_squared_jump_distances": [
    0.002514603883332421,
    0.0039538559229840365,
    0.0074788915676122876,
    0.009463357822719337,
    0.008420322350216029,
    0.00982780436480886,
    0.01197760702958934,
    0.01251672180049669,
    0.014460105252280265,
    0.012219808788620569,
    0.014250020810488337,
    0.01446890860461168,
    0.015468869049922791,
    0.015775323964375167,
    0.014132422080047419,
    0.014104105460792616,
    0.014870133711492812,
    0.015087574592787242,
    0.01603952218204587,
    0.013882161250137632,
    0.014422271694040737,
    0.013941784386615719,
    0.014622872752995248,
    0.0145470904545841,
    0.013103222033785826,
    0.013153435417968526,
    0.013423830222279472,
    0.013118868330706638,
    0.011731020375567778,
    0.01173958694041843
  ],
  "acceptance_rates": [
    0.004997223764575236,
    0.06113740916061071,
    0.054725040042712225,
    0.054694804327501005,
    0.20374074814962992,
    0.15533106621324264,
    0.1392569628481424,
    0.13810690534526726,
    0.14205710285514275,
    0.2924,
    0.2616,
    0.24104,
    0.2332,
    0.2278,
    0.36106666666666665,
    0.3415666666666667,
    0.3276,
    0.3158666666666667,
    0.316,
    0.41174285714285713,
    0.4016857142857143,
    0.3918857142857143,
    0.3883142857142857,
    0.3891142857142857,
    0.45845,
    0.44975,
    0.450425,
    0.449,
    0.5010666666666667,
    0.4989666437031934
  ],
  "swap_acceptance_rates_range": [
    0.01,
    0.026896551724137928,
    0.04379310344827586,
    0.060689655172413794,
    0.07758620689655171,
    0.09448275862068964,
    0.11137931034482758,
    0.12827586206896552,
    0.14517241379310344,
    0.16206896551724137,
    0.1789655172413793,
    0.19586206896551722,
    0.21275862068965518,
    0.2296551724137931,
    0.24655172413793103,
    0.2634482758620689,
    0.2803448275862069,
    0.29724137931034483,
    0.31413793103448273,
    0.3310344827586207,
    0.3479310344827586,
    0.36482758620689654,
    0.38172413793103444,
    0.3986206896551724,
    0.41551724137931034,
    0.43241379310344824,
    0.4493103448275862,
    0.4662068965517241,
    0.48310344827586205,
    0.5
  ],
  "times": [
    713.6580376625061,
    732.8634696006775,
    738.7543261051178,
    750.3380239009857,
    783.9958808422089,
    781.1964371204376,
    782.8902876377106,
    773.0815961360931,
    783.1146006584167,
    800.9848687648773,
    802.9192309379578,
    800.5709338188171,
    792.6237368583679,
    801.7240402698517,
    827.6735489368439,
    811.1485636234283,
    806.3202183246613,
    807.8208482265472,
    808.2681744098663,
    831.4102103710175,
    817.5974614620209,
    817.8142652511597,
    810.9017045497894,
    809.5635917186737,
    831.8277111053467,
    822.9167566299438,
    827.608514547348,
    833.0424356460571,
    854.7834644317627,
    857.3285493850708
  ]
}