{
  "target_distribution": "RoughCarpet",
  "dimension": 20,
  "num_iterations": 200000,
  "seed": 32,
  "total_time": 19810.156562566757,
  "max_esjd": 0.008313864099026147,
  "max_actual_acceptance_rate": 0.2864287053822592,
  "max_constr_acceptance_rate": 0.29724137931034483,
  "expected_squared_jump_distances": [
    0.0011077361536721661,
    0.002525136559160161,
    0.003262335354545662,
    0.004071458108516084,
    0.004431184994929543,
    0.005327291815152733,
    0.005652464774087956,
    0.006662055675984345,
    0.007180485784547682,
    0.00803958349062572,
    0.006983225885777128,
    0.007650393734178973,
    0.00729613699545871,
    0.007977071952146654,
    0.007358629954405455,
    0.007567860818693221,
    0.007802123977248062,
    0.008313864099026147,
    0.00733730578003576,
    0.007500421912722395,
    0.007934553649271734,
    0.007912014671998745,
    0.007150684767513744,
    0.007328914176145623,
    0.007578454763023499,
    0.00702984570658959,
    0.007004156434489371,
    0.006940139447311649,
    0.006318894970501923,
    0.006097686160867612
  ],
  "acceptance_rates": [
    0.163875,
    0.03588397099274819,
    0.2078,
    0.1132,
    0.08604302151075538,
    0.0895074088906688,
    0.19691666666666666,
    0.15681533972488537,
    0.15049191262297815,
    0.1545128760730061,
    0.2447317665547539,
    0.22593783494105038,
    0.21194371026501893,
    0.22072168631654163,
    0.296875,
    0.2793125,
    0.286,
    0.2864287053822592,
    0.3427777777777778,
    0.33766666666666667,
    0.3384076893160731,
    0.3462606956328481,
    0.3845576836525479,
    0.38960844126618993,
    0.39553955395539553,
    0.4326044460608265,
    0.4340591898895304,
    0.4462021000954589,
    0.47,
    0.474375
  ],
  "swap_acceptance_rates_range": [
    0.01,
    0.026896551724137928,
    0.04379310344827586,
    0.060689655172413794,
    0.07758620689655171,
    0.09448275862068964,
    0.11137931034482758,
    0.12827586206896552,
    0.14517241379310344,
    0.16206896551724137,
    0.1789655172413793,
    0.19586206896551722,
    0.21275862068965518,
    0.2296551724137931,
    0.24655172413793103,
    0.2634482758620689,
    0.2803448275862069,
    0.29724137931034483,
    0.31413793103448273,
    0.3310344827586207,
    0.3479310344827586,
    0.36482758620689654,
    0.38172413793103444,
    0.3986206896551724,
    0.41551724137931034,
    0.43241379310344824,
    0.4493103448275862,
    0.4662068965517241,
    0.48310344827586205,
    0.5
  ],
  "times": [
    650.8319940567017,
    620.7274816036224,
    628.1613657474518,
    628.7661890983582,
    625.6118414402008,
    624.6962954998016,
    642.5793418884277,
    642.5979285240173,
    640.6672828197479,
    641.3736367225647,
    651.6621134281158,
    648.989499092102,
    649.9187545776367,
    649.2088558673859,
    659.9673943519592,
    661.0559546947479,
    661.0632951259613,
    660.2962958812714,
    671.6337032318115,
    670.2252724170685,
    671.2893235683441,
    671.3736617565155,
    682.9719188213348,
    682.8579595088959,
    683.3660125732422,
    692.9553825855255,
    693.058349609375,
    692.457848072052,
    704.1786503791809,
    705.5798914432526
  ]
}