{
  "target_distribution": "RoughCarpet",
  "dimension": 20,
  "num_iterations": 200000,
  "seed": 38,
  "total_time": 18039.1697640419,
  "max_esjd": 0.008652014859175113,
  "max_actual_acceptance_rate": 0.2236193470029292,
  "max_constr_acceptance_rate": 0.2296551724137931,
  "expected_squared_jump_distances": [
    0.0009796244482456345,
    0.0029926196648226103,
    0.003202588965182082,
    0.004428718034388969,
    0.005274348434229772,
    0.005305590313895578,
    0.00597066231799796,
    0.006302348270990833,
    0.007352404950025729,
    0.007698888132974674,
    0.006726101158979747,
    0.007407345276617752,
    0.00785647193090827,
    0.008652014859175113,
    0.007506841692836493,
    0.0076294372254273645,
    0.00800728230818457,
    0.008003189100473004,
    0.007766381720339169,
    0.007669256643523164,
    0.007952100359153521,
    0.007933021819557382,
    0.007205090980579732,
    0.007364383252210277,
    0.007516537716599251,
    0.006926557336912871,
    0.00690244698599045,
    0.006947130125857223,
    0.006249735512134025,
    0.006235193288236017
  ],
  "acceptance_rates": [
    0.1645,
    0.03617181612660136,
    0.20738664798318487,
    0.11351351351351352,
    0.08630356427713255,
    0.08680416499799759,
    0.19858333333333333,
    0.1618174239266361,
    0.15301275106258855,
    0.15530903328050713,
    0.2455,
    0.2265,
    0.2208803773045591,
    0.2236193470029292,
    0.298375,
    0.279,
    0.2840625,
    0.2826331582895724,
    0.34344612991054063,
    0.336352019556642,
    0.33429634979721096,
    0.3401300072226235,
    0.38595,
    0.3856,
    0.3977,
    0.43097413518796307,
    0.43290299118101644,
    0.4422220201836531,
    0.468,
    0.47720833333333335
  ],
  "swap_acceptance_rates_range": [
    0.01,
    0.026896551724137928,
    0.04379310344827586,
    0.060689655172413794,
    0.07758620689655171,
    0.09448275862068964,
    0.11137931034482758,
    0.12827586206896552,
    0.14517241379310344,
    0.16206896551724137,
    0.1789655172413793,
    0.19586206896551722,
    0.21275862068965518,
    0.2296551724137931,
    0.24655172413793103,
    0.2634482758620689,
    0.2803448275862069,
    0.29724137931034483,
    0.31413793103448273,
    0.3310344827586207,
    0.3479310344827586,
    0.36482758620689654,
    0.38172413793103444,
    0.3986206896551724,
    0.41551724137931034,
    0.43241379310344824,
    0.4493103448275862,
    0.4662068965517241,
    0.48310344827586205,
    0.5
  ],
  "times": [
    585.3958034515381,
    562.5045235157013,
    570.7765572071075,
    568.6829564571381,
    569.3329005241394,
    568.174608707428,
    584.0028872489929,
    583.4636461734772,
    581.0273752212524,
    582.8342883586884,
    593.0044052600861,
    590.6288177967072,
    591.4907238483429,
    592.2130923271179,
    601.8021779060364,
    601.7723984718323,
    602.4143662452698,
    602.9489412307739,
    613.1442849636078,
    611.1247160434723,
    611.4170160293579,
    613.034411907196,
    622.7814848423004,
    623.9325630664825,
    622.9471302032471,
    634.7528059482574,
    633.0990915298462,
    632.28990483284,
    644.0464351177216,
    644.0936529636383
  ]
}