{
  "target_distribution": "RoughCarpet",
  "dimension": 10,
  "num_iterations": 200000,
  "seed": 13,
  "total_time": 23234.390530347824,
  "max_esjd": 0.01675120635388515,
  "max_actual_acceptance_rate": 0.2351705511653496,
  "max_constr_acceptance_rate": 0.24655172413793103,
  "expected_squared_jump_distances": [
    0.0015930471463790688,
    0.0043863418072370925,
    0.0085468845770002,
    0.007720534114439961,
    0.009592143404596947,
    0.011304802576128816,
    0.012926597030390086,
    0.014312927276294789,
    0.015713826270919804,
    0.012235252174110027,
    0.01381713580759848,
    0.01371137177400025,
    0.014952569324142451,
    0.015267726710608606,
    0.01675120635388515,
    0.014391394099417082,
    0.015432315506548486,
    0.015200782752396523,
    0.015689890005973685,
    0.016742720374585227,
    0.014598476522277271,
    0.01454293769772855,
    0.014200994339893578,
    0.015203603024202837,
    0.01334775693725848,
    0.012963983112611792,
    0.01339210935425623,
    0.01334827365865074,
    0.011680031991001228,
    0.01175864398929766
  ],
  "acceptance_rates": [
    0.09261116683383484,
    0.05570380253502335,
    0.05085028342780927,
    0.25200100050025015,
    0.18234117058529264,
    0.14612786187914426,
    0.13713713713713713,
    0.13320825515947468,
    0.14251781472684086,
    0.2864,
    0.2664,
    0.2425,
    0.2354,
    0.2317,
    0.2351705511653496,
    0.35533333333333333,
    0.33452787732311023,
    0.31958333333333333,
    0.31793546235303927,
    0.3177196199366561,
    0.4077142857142857,
    0.3972857142857143,
    0.3885,
    0.3884285714285714,
    0.4639375,
    0.4549375,
    0.4489311163895487,
    0.44980622577822227,
    0.5065,
    0.5049444444444444
  ],
  "swap_acceptance_rates_range": [
    0.01,
    0.026896551724137928,
    0.04379310344827586,
    0.060689655172413794,
    0.07758620689655171,
    0.09448275862068964,
    0.11137931034482758,
    0.12827586206896552,
    0.14517241379310344,
    0.16206896551724137,
    0.1789655172413793,
    0.19586206896551722,
    0.21275862068965518,
    0.2296551724137931,
    0.24655172413793103,
    0.2634482758620689,
    0.2803448275862069,
    0.29724137931034483,
    0.31413793103448273,
    0.3310344827586207,
    0.3479310344827586,
    0.36482758620689654,
    0.38172413793103444,
    0.3986206896551724,
    0.41551724137931034,
    0.43241379310344824,
    0.4493103448275862,
    0.4662068965517241,
    0.48310344827586205,
    0.5
  ],
  "times": [
    706.3938043117523,
    704.669487953186,
    702.8043477535248,
    728.2168757915497,
    726.9466426372528,
    727.144987821579,
    726.6951653957367,
    726.0388967990875,
    725.3568871021271,
    761.7367250919342,
    760.11159324646,
    760.1534721851349,
    760.4653186798096,
    760.310569524765,
    760.3049597740173,
    783.4383616447449,
    783.6729125976562,
    785.1603815555573,
    784.4937500953674,
    783.8637456893921,
    808.7122731208801,
    810.3302290439606,
    808.9223716259003,
    809.1945190429688,
    832.208357334137,
    832.4815011024475,
    832.4370086193085,
    831.642272233963,
    854.7221415042877,
    855.7405822277069
  ]
}