{
  "target_distribution": "RoughCarpet",
  "dimension": 10,
  "num_iterations": 200000,
  "seed": 40,
  "total_time": 10987.406338691711,
  "max_esjd": 0.01628643917949688,
  "max_actual_acceptance_rate": 0.31448586439829873,
  "max_constr_acceptance_rate": 0.31413793103448273,
  "expected_squared_jump_distances": [
    0.003114088047146533,
    0.0036785048843361212,
    0.006746389477115149,
    0.009015374294547475,
    0.008422948555759804,
    0.008551867840301977,
    0.01127988370065059,
    0.013245909262055967,
    0.015038296643600988,
    0.01152096289040036,
    0.013529602461656196,
    0.014931925055971079,
    0.015193165753392138,
    0.015332122359187822,
    0.01415891490841666,
    0.014806131975392682,
    0.014497044834458635,
    0.015664642522151256,
    0.01628643917949688,
    0.013605814798827892,
    0.014110238831058662,
    0.01417636354675669,
    0.014776542699998419,
    0.015298721773646643,
    0.013421618743113886,
    0.013096432327727416,
    0.013197703460126567,
    0.013623058734775963,
    0.0119689368371639,
    0.01212064281507121
  ],
  "acceptance_rates": [
    0.006454944487477408,
    0.06692320562154927,
    0.051333668847508805,
    0.052008668111351894,
    0.20827603450431303,
    0.15615615615615616,
    0.1411426428303538,
    0.139427285231962,
    0.1445376048054061,
    0.2846,
    0.2607,
    0.24714371617558628,
    0.2354470894178836,
    0.2306922769107643,
    0.365,
    0.3436666666666667,
    0.3235,
    0.31971995332555425,
    0.31448586439829873,
    0.4107857142857143,
    0.4012857142857143,
    0.39385714285714285,
    0.39309950710765057,
    0.39371428571428574,
    0.461125,
    0.449,
    0.4496531033189574,
    0.45274409301162644,
    0.5051666666666667,
    0.5046666666666667
  ],
  "swap_acceptance_rates_range": [
    0.01,
    0.026896551724137928,
    0.04379310344827586,
    0.060689655172413794,
    0.07758620689655171,
    0.09448275862068964,
    0.11137931034482758,
    0.12827586206896552,
    0.14517241379310344,
    0.16206896551724137,
    0.1789655172413793,
    0.19586206896551722,
    0.21275862068965518,
    0.2296551724137931,
    0.24655172413793103,
    0.2634482758620689,
    0.2803448275862069,
    0.29724137931034483,
    0.31413793103448273,
    0.3310344827586207,
    0.3479310344827586,
    0.36482758620689654,
    0.38172413793103444,
    0.3986206896551724,
    0.41551724137931034,
    0.43241379310344824,
    0.4493103448275862,
    0.4662068965517241,
    0.48310344827586205,
    0.5
  ],
  "times": [
    325.50177907943726,
    314.78288650512695,
    310.86624813079834,
    311.03202509880066,
    326.0119559764862,
    324.7445104122162,
    340.1544327735901,
    355.50849318504333,
    354.3107922077179,
    365.8237638473511,
    364.99810433387756,
    365.09381008148193,
    364.81823539733887,
    364.33944511413574,
    376.2192223072052,
    376.7946255207062,
    375.8610761165619,
    375.80344462394714,
    375.36583971977234,
    386.2867331504822,
    384.76276302337646,
    384.57985854148865,
    385.08390259742737,
    385.82022857666016,
    396.02725195884705,
    395.6418197154999,
    395.09161472320557,
    395.24273109436035,
    405.4545795917511,
    405.3490252494812
  ]
}