{
  "target_distribution": "RoughCarpet",
  "proposal_distribution": "Normal",
  "dimension": 2,
  "num_iterations": 200000,
  "seed": 11,
  "total_time": 1825.057152748108,
  "max_esjd": 6.044213771820068,
  "max_acceptance_rate": 0.370425,
  "max_scale_param": 5.0,
  "expected_squared_jump_distances": [
    9.91554552456364e-05,
    0.01778685860335827,
    0.062425434589385986,
    0.12884686887264252,
    0.21249788999557495,
    0.30927574634552,
    0.4159751534461975,
    0.5325068235397339,
    0.6544240117073059,
    0.7854467034339905,
    0.92401522397995,
    1.0707509517669678,
    1.2181391716003418,
    1.3781335353851318,
    1.5488677024841309,
    1.7243911027908325,
    1.912916660308838,
    2.1208109855651855,
    2.3315343856811523,
    2.5179824829101562,
    2.7448015213012695,
    2.950852155685425,
    3.1601040363311768,
    3.3482131958007812,
    3.570368766784668,
    3.761106252670288,
    3.9739251136779785,
    4.174136638641357,
    4.393686771392822,
    4.550609588623047,
    4.7370991706848145,
    4.9212470054626465,
    5.097966194152832,
    5.237439155578613,
    5.452809810638428,
    5.570113658905029,
    5.680214881896973,
    5.814323902130127,
    5.991506099700928,
    6.044213771820068
  ],
  "acceptance_rates": [
    0.99729,
    0.959405,
    0.92405,
    0.88816,
    0.853075,
    0.81973,
    0.786355,
    0.756545,
    0.727155,
    0.70062,
    0.67648,
    0.65392,
    0.632415,
    0.61353,
    0.596085,
    0.579375,
    0.56605,
    0.554125,
    0.54302,
    0.52943,
    0.520905,
    0.510875,
    0.501365,
    0.48966,
    0.48311,
    0.474185,
    0.465375,
    0.45739,
    0.45054,
    0.44097,
    0.43336,
    0.42675,
    0.419855,
    0.41101,
    0.406445,
    0.39817,
    0.39052,
    0.38505,
    0.378195,
    0.370425
  ],
  "scale_param_range": [
    0.01,
    0.13794871794871796,
    0.2658974358974359,
    0.39384615384615385,
    0.5217948717948718,
    0.6497435897435898,
    0.7776923076923077,
    0.9056410256410257,
    1.0335897435897436,
    1.1615384615384616,
    1.2894871794871796,
    1.4174358974358976,
    1.5453846153846154,
    1.6733333333333333,
    1.8012820512820513,
    1.9292307692307693,
    2.057179487179487,
    2.185128205128205,
    2.313076923076923,
    2.441025641025641,
    2.568974358974359,
    2.6969230769230768,
    2.824871794871795,
    2.9528205128205127,
    3.0807692307692305,
    3.2087179487179487,
    3.3366666666666664,
    3.4646153846153847,
    3.5925641025641024,
    3.7205128205128206,
    3.8484615384615384,
    3.9764102564102566,
    4.104358974358974,
    4.2323076923076925,
    4.36025641025641,
    4.488205128205128,
    4.616153846153846,
    4.7441025641025645,
    4.872051282051282,
    5.0
  ],
  "times": [
    44.61049270629883,
    45.29680395126343,
    45.71311068534851,
    45.570379972457886,
    45.35674524307251,
    45.683091163635254,
    45.46019959449768,
    45.466158390045166,
    45.581321716308594,
    45.56309175491333,
    45.697291135787964,
    45.80320620536804,
    45.407644748687744,
    45.26713538169861,
    45.42547798156738,
    45.74722337722778,
    45.654650926589966,
    45.416401624679565,
    45.39784097671509,
    45.4799280166626,
    45.284122467041016,
    45.53147292137146,
    45.650026082992554,
    45.41442275047302,
    45.28602647781372,
    45.66396403312683,
    45.977500915527344,
    45.89830660820007,
    45.56208086013794,
    45.77120661735535,
    45.769874572753906,
    45.91781711578369,
    45.585395097732544,
    45.84017086029053,
    45.884971141815186,
    45.621694803237915,
    46.17243790626526,
    45.74909496307373,
    45.537421226501465,
    45.71131205558777
  ]
}