{
  "target_distribution": "RoughCarpet",
  "dimension": 10,
  "num_iterations": 200000,
  "seed": 39,
  "total_time": 10525.988580465317,
  "max_esjd": 0.016182155757990358,
  "max_actual_acceptance_rate": 0.31369280773397784,
  "max_constr_acceptance_rate": 0.31413793103448273,
  "expected_squared_jump_distances": [
    0.002779177012366831,
    0.005494115255753519,
    0.006479566074291367,
    0.009400415834246471,
    0.010421457573809441,
    0.010009637232829877,
    0.012379262881389469,
    0.014623403539547362,
    0.015642840765916512,
    0.01296217906478386,
    0.012135309822824545,
    0.01306609494088635,
    0.015519521248462865,
    0.014987024869841192,
    0.014719150273839653,
    0.014409564170596186,
    0.015018686567362317,
    0.01602838655742037,
    0.016182155757990358,
    0.01354313922269015,
    0.014063365564935367,
    0.014513015963667658,
    0.014859416696009261,
    0.01474481699794967,
    0.013426900218385959,
    0.013160542926321387,
    0.013267861160243128,
    0.013313628621497145,
    0.011827976013685883,
    0.011920054201687019
  ],
  "acceptance_rates": [
    0.004998684556695606,
    0.07021063189568706,
    0.054518172724241414,
    0.05306190555648256,
    0.210375,
    0.1593949243655457,
    0.14517944229085908,
    0.1399099774943736,
    0.1427678459807476,
    0.2928,
    0.2578,
    0.2417,
    0.23249299719887956,
    0.2323859087269816,
    0.3630833333333333,
    0.33916666666666667,
    0.32008333333333333,
    0.31694307858988247,
    0.31369280773397784,
    0.4112142857142857,
    0.40085714285714286,
    0.3921428571428571,
    0.3882857142857143,
    0.392,
    0.46134133383336456,
    0.4486875,
    0.45146571660728796,
    0.4512157009813113,
    0.5048894321591287,
    0.4989166064781377
  ],
  "swap_acceptance_rates_range": [
    0.01,
    0.026896551724137928,
    0.04379310344827586,
    0.060689655172413794,
    0.07758620689655171,
    0.09448275862068964,
    0.11137931034482758,
    0.12827586206896552,
    0.14517241379310344,
    0.16206896551724137,
    0.1789655172413793,
    0.19586206896551722,
    0.21275862068965518,
    0.2296551724137931,
    0.24655172413793103,
    0.2634482758620689,
    0.2803448275862069,
    0.29724137931034483,
    0.31413793103448273,
    0.3310344827586207,
    0.3479310344827586,
    0.36482758620689654,
    0.38172413793103444,
    0.3986206896551724,
    0.41551724137931034,
    0.43241379310344824,
    0.4493103448275862,
    0.4662068965517241,
    0.48310344827586205,
    0.5
  ],
  "times": [
    324.4610342979431,
    314.5402510166168,
    310.7006494998932,
    311.05584383010864,
    326.25898361206055,
    324.19526386260986,
    323.9915645122528,
    322.843918800354,
    322.29634189605713,
    332.7830300331116,
    333.0815784931183,
    333.19452953338623,
    332.2405505180359,
    332.16349601745605,
    342.52459383010864,
    342.250417470932,
    342.8894839286804,
    341.7472598552704,
    342.29930448532104,
    352.2774887084961,
    383.0133879184723,
    383.4719772338867,
    383.50897336006165,
    384.1397612094879,
    394.01251912117004,
    393.9585335254669,
    393.58109879493713,
    393.85057067871094,
    403.86995363235474,
    404.75327491760254
  ]
}