{
  "target_distribution": "RoughCarpet",
  "dimension": 10,
  "num_iterations": 200000,
  "seed": 18,
  "total_time": 12024.762069702148,
  "max_esjd": 0.003915995032516887,
  "max_actual_acceptance_rate": 0.09346884371876041,
  "max_constr_acceptance_rate": 0.026896551724137928,
  "expected_squared_jump_distances": [
    0.0027431627731720506,
    0.003915995032516887,
    0.003915995032516887,
    0.003915995032516887,
    0.003915995032516887,
    0.003915995032516887,
    0.003915995032516887,
    0.003915995032516887,
    0.003915995032516887,
    0.003915995032516887,
    0.003915995032516887,
    0.003915995032516887,
    0.003915995032516887,
    0.003915995032516887,
    0.003915995032516887,
    0.003915995032516887,
    0.003915995032516887,
    0.003915995032516887,
    0.003915995032516887,
    0.003915995032516887,
    0.003915995032516887,
    0.003915995032516887,
    0.003915995032516887,
    0.003915995032516887,
    0.003915995032516887,
    0.003915995032516887,
    0.003915995032516887,
    0.003915995032516887,
    0.003915995032516887,
    0.003915995032516887
  ],
  "acceptance_rates": [
    0.09286898839137644,
    0.09346884371876041,
    0.09346884371876041,
    0.09346884371876041,
    0.09346884371876041,
    0.09346884371876041,
    0.09346884371876041,
    0.09346884371876041,
    0.09346884371876041,
    0.09346884371876041,
    0.09346884371876041,
    0.09346884371876041,
    0.09346884371876041,
    0.09346884371876041,
    0.09346884371876041,
    0.09346884371876041,
    0.09346884371876041,
    0.09346884371876041,
    0.09346884371876041,
    0.09346884371876041,
    0.09346884371876041,
    0.09346884371876041,
    0.09346884371876041,
    0.09346884371876041,
    0.09346884371876041,
    0.09346884371876041,
    0.09346884371876041,
    0.09346884371876041,
    0.09346884371876041,
    0.09346884371876041
  ],
  "swap_acceptance_rates_range": [
    0.01,
    0.026896551724137928,
    0.04379310344827586,
    0.060689655172413794,
    0.07758620689655171,
    0.09448275862068964,
    0.11137931034482758,
    0.12827586206896552,
    0.14517241379310344,
    0.16206896551724137,
    0.1789655172413793,
    0.19586206896551722,
    0.21275862068965518,
    0.2296551724137931,
    0.24655172413793103,
    0.2634482758620689,
    0.2803448275862069,
    0.29724137931034483,
    0.31413793103448273,
    0.3310344827586207,
    0.3479310344827586,
    0.36482758620689654,
    0.38172413793103444,
    0.3986206896551724,
    0.41551724137931034,
    0.43241379310344824,
    0.4493103448275862,
    0.4662068965517241,
    0.48310344827586205,
    0.5
  ],
  "times": [
    413.0797884464264,
    413.0779695510864,
    405.94383120536804,
    399.658349275589,
    401.2709233760834,
    399.5636432170868,
    398.2959280014038,
    400.019474029541,
    399.8204138278961,
    398.875830411911,
    400.09172344207764,
    399.09615659713745,
    399.303174495697,
    399.4783594608307,
    399.1781270503998,
    398.928067445755,
    399.1012134552002,
    400.01708579063416,
    399.64263582229614,
    400.15799045562744,
    400.55980372428894,
    399.9535140991211,
    399.72854113578796,
    398.7210111618042,
    399.68797969818115,
    400.0331428050995,
    399.66837072372437,
    399.8117136955261,
    401.0643708705902,
    400.9167721271515
  ],
  "beta_ladder": [
    1.0,
    0.19383181754106196,
    0.03122057139554391,
    0.01
  ]
}