{
  "target_distribution": "RoughCarpetScaled",
  "proposal_distribution": "Normal",
  "dimension": 10,
  "num_iterations": 200000,
  "seed": 16,
  "total_time": 10099.01060795784,
  "max_esjd": 2.376638174057007,
  "max_acceptance_rate": 0.173075,
  "max_scale_param": 4.0,
  "expected_squared_jump_distances": [
    9.965026401914656e-05,
    0.012006849981844425,
    0.041793450713157654,
    0.08666150271892548,
    0.1439855992794037,
    0.2116881161928177,
    0.2860087454319,
    0.3675447702407837,
    0.45262593030929565,
    0.5405508279800415,
    0.6289761662483215,
    0.7179535627365112,
    0.807298481464386,
    0.8879780769348145,
    0.9803493618965149,
    1.0665110349655151,
    1.1426132917404175,
    1.2177785634994507,
    1.2985886335372925,
    1.3769495487213135,
    1.4390177726745605,
    1.512034296989441,
    1.5871094465255737,
    1.6493730545043945,
    1.713517189025879,
    1.7577975988388062,
    1.827001690864563,
    1.8802213668823242,
    1.9376435279846191,
    1.9904366731643677,
    2.059652090072632,
    2.082728147506714,
    2.120011568069458,
    2.1655659675598145,
    2.2150261402130127,
    2.223682403564453,
    2.2642149925231934,
    2.3170900344848633,
    2.367570638656616,
    2.376638174057007
  ],
  "acceptance_rates": [
    0.996935,
    0.95657,
    0.915945,
    0.875115,
    0.835745,
    0.79738,
    0.757865,
    0.722565,
    0.68769,
    0.653715,
    0.62121,
    0.59065,
    0.561315,
    0.53107,
    0.5073,
    0.48313,
    0.45821,
    0.435545,
    0.41513,
    0.39667,
    0.377175,
    0.35908,
    0.344915,
    0.32913,
    0.31575,
    0.299565,
    0.288005,
    0.276295,
    0.26536,
    0.254975,
    0.24704,
    0.235065,
    0.225345,
    0.217175,
    0.209245,
    0.199085,
    0.19242,
    0.18672,
    0.18161,
    0.173075
  ],
  "scale_param_range": [
    0.01,
    0.1123076923076923,
    0.21461538461538462,
    0.3169230769230769,
    0.41923076923076924,
    0.5215384615384615,
    0.6238461538461538,
    0.7261538461538461,
    0.8284615384615385,
    0.9307692307692308,
    1.033076923076923,
    1.1353846153846154,
    1.2376923076923076,
    1.34,
    1.4423076923076923,
    1.5446153846153847,
    1.646923076923077,
    1.7492307692307691,
    1.8515384615384616,
    1.9538461538461538,
    2.0561538461538458,
    2.1584615384615384,
    2.2607692307692306,
    2.363076923076923,
    2.465384615384615,
    2.5676923076923073,
    2.67,
    2.772307692307692,
    2.8746153846153844,
    2.9769230769230766,
    3.079230769230769,
    3.1815384615384614,
    3.2838461538461536,
    3.386153846153846,
    3.488461538461538,
    3.5907692307692307,
    3.693076923076923,
    3.795384615384615,
    3.8976923076923073,
    4.0
  ],
  "times": [
    254.21622967720032,
    253.05228233337402,
    252.85569405555725,
    252.88834190368652,
    252.8716492652893,
    252.18330693244934,
    253.06947708129883,
    252.43856024742126,
    252.53316926956177,
    251.8766586780548,
    252.9267876148224,
    252.23052525520325,
    252.7399618625641,
    252.15239095687866,
    252.58565616607666,
    252.66983652114868,
    253.16832542419434,
    252.32284283638,
    253.04182410240173,
    252.40636801719666,
    252.9540548324585,
    252.3398756980896,
    253.10788798332214,
    252.39056038856506,
    252.9238588809967,
    252.41223335266113,
    252.88863563537598,
    252.2357337474823,
    253.1411714553833,
    252.55988025665283,
    252.86785507202148,
    252.78128790855408,
    252.89774131774902,
    252.45316123962402,
    253.0433633327484,
    252.5461037158966,
    253.0774712562561,
    252.8901331424713,
    250.8624861240387,
    244.34850096702576
  ]
}