{
  "target_distribution": "RoughCarpet",
  "proposal_distribution": "Normal",
  "dimension": 2,
  "num_iterations": 200000,
  "seed": 18,
  "total_time": 3784.089176416397,
  "max_esjd": 6.099390029907227,
  "max_acceptance_rate": 0.371715,
  "max_scale_param": 5.0,
  "expected_squared_jump_distances": [
    9.944412158802152e-05,
    0.017900051549077034,
    0.06279502063989639,
    0.1295996457338333,
    0.2136661261320114,
    0.31148454546928406,
    0.41901952028274536,
    0.5371479392051697,
    0.6604108214378357,
    0.793255627155304,
    0.9296179413795471,
    1.072052001953125,
    1.221921682357788,
    1.3918266296386719,
    1.5631630420684814,
    1.7377768754959106,
    1.9227794408798218,
    2.1173367500305176,
    2.3308610916137695,
    2.5243399143218994,
    2.721836805343628,
    2.962785005569458,
    3.1630184650421143,
    3.368703603744507,
    3.5652811527252197,
    3.7617766857147217,
    3.966722011566162,
    4.158987522125244,
    4.369101047515869,
    4.538421154022217,
    4.767270088195801,
    4.9137959480285645,
    5.081966400146484,
    5.245713710784912,
    5.3891754150390625,
    5.570696830749512,
    5.69310188293457,
    5.814278602600098,
    5.981424331665039,
    6.099390029907227
  ],
  "acceptance_rates": [
    0.9972,
    0.961875,
    0.925875,
    0.890225,
    0.854555,
    0.82034,
    0.788125,
    0.757785,
    0.72929,
    0.703205,
    0.67737,
    0.65234,
    0.633525,
    0.61566,
    0.597985,
    0.58155,
    0.56531,
    0.55359,
    0.54273,
    0.529555,
    0.51841,
    0.510645,
    0.50079,
    0.49071,
    0.481725,
    0.471735,
    0.46465,
    0.457165,
    0.449855,
    0.44151,
    0.43451,
    0.425815,
    0.418095,
    0.41152,
    0.404025,
    0.39977,
    0.391665,
    0.384315,
    0.37869,
    0.371715
  ],
  "scale_param_range": [
    0.01,
    0.13794871794871796,
    0.2658974358974359,
    0.39384615384615385,
    0.5217948717948718,
    0.6497435897435898,
    0.7776923076923077,
    0.9056410256410257,
    1.0335897435897436,
    1.1615384615384616,
    1.2894871794871796,
    1.4174358974358976,
    1.5453846153846154,
    1.6733333333333333,
    1.8012820512820513,
    1.9292307692307693,
    2.057179487179487,
    2.185128205128205,
    2.313076923076923,
    2.441025641025641,
    2.568974358974359,
    2.6969230769230768,
    2.824871794871795,
    2.9528205128205127,
    3.0807692307692305,
    3.2087179487179487,
    3.3366666666666664,
    3.4646153846153847,
    3.5925641025641024,
    3.7205128205128206,
    3.8484615384615384,
    3.9764102564102566,
    4.104358974358974,
    4.2323076923076925,
    4.36025641025641,
    4.488205128205128,
    4.616153846153846,
    4.7441025641025645,
    4.872051282051282,
    5.0
  ],
  "times": [
    98.06633067131042,
    96.00996804237366,
    95.88704061508179,
    94.09210467338562,
    95.20437574386597,
    96.39226055145264,
    92.887051820755,
    93.68034219741821,
    93.66835880279541,
    93.63322162628174,
    93.12895202636719,
    92.1757333278656,
    95.03972554206848,
    95.15856647491455,
    94.25237154960632,
    95.69461441040039,
    95.22297048568726,
    95.58884406089783,
    95.52947330474854,
    96.52865219116211,
    95.6515142917633,
    96.0226981639862,
    96.26097369194031,
    94.05634808540344,
    92.13519263267517,
    91.22312188148499,
    91.67429280281067,
    92.39259099960327,
    91.8410279750824,
    93.28398299217224,
    91.95367670059204,
    93.47639870643616,
    94.12136244773865,
    98.2611174583435,
    94.9320478439331,
    95.38603138923645,
    96.48197865486145,
    95.45087099075317,
    95.68047451972961,
    95.91809582710266
  ]
}