{
  "target_distribution": "RoughCarpet",
  "dimension": 20,
  "num_iterations": 500000,
  "seed": 16,
  "total_time": 43459.03844666481,
  "max_esjd": 0.008268720905678243,
  "max_actual_acceptance_rate": 0.28176408820441023,
  "max_constr_acceptance_rate": 0.29724137931034483,
  "expected_squared_jump_distances": [
    0.0013178665382616067,
    0.0021538987589446433,
    0.002861374705429384,
    0.003523587827300432,
    0.00514353444786165,
    0.006106276469421918,
    0.005388362700695007,
    0.005926157961268122,
    0.007116712845784414,
    0.007239628884570872,
    0.00700663228805644,
    0.007751174508767375,
    0.00800307856436443,
    0.008096754297379147,
    0.007525261088759956,
    0.007672009754374268,
    0.00788421832937601,
    0.008268720905678243,
    0.007627446952302,
    0.007707112438191562,
    0.00782977391831222,
    0.007968099738505763,
    0.007331838399293694,
    0.0074192712501925774,
    0.007472591537074322,
    0.0068330396522930424,
    0.006832749360695805,
    0.0068119268511593846,
    0.006297799626845823,
    0.006331820727454181
  ],
  "acceptance_rates": [
    0.16315,
    0.0335,
    0.20352,
    0.10756430257210288,
    0.0845633825353014,
    0.09029444711153785,
    0.19925288506437194,
    0.1626767137903441,
    0.15280741531074954,
    0.1522072552680715,
    0.2463142857142857,
    0.22351428571428572,
    0.21935539173667068,
    0.2176472269051633,
    0.295325,
    0.2807,
    0.27543188579714495,
    0.28176408820441023,
    0.34142222222222224,
    0.3337481665851816,
    0.3327851730038445,
    0.34259300413351707,
    0.3840507240579246,
    0.3857754310172407,
    0.39474789495789914,
    0.43120033458803847,
    0.4331175443700902,
    0.4392319441413921,
    0.4724657488582953,
    0.47828260942031403
  ],
  "swap_acceptance_rates_range": [
    0.01,
    0.026896551724137928,
    0.04379310344827586,
    0.060689655172413794,
    0.07758620689655171,
    0.09448275862068964,
    0.11137931034482758,
    0.12827586206896552,
    0.14517241379310344,
    0.16206896551724137,
    0.1789655172413793,
    0.19586206896551722,
    0.21275862068965518,
    0.2296551724137931,
    0.24655172413793103,
    0.2634482758620689,
    0.2803448275862069,
    0.29724137931034483,
    0.31413793103448273,
    0.3310344827586207,
    0.3479310344827586,
    0.36482758620689654,
    0.38172413793103444,
    0.3986206896551724,
    0.41551724137931034,
    0.43241379310344824,
    0.4493103448275862,
    0.4662068965517241,
    0.48310344827586205,
    0.5
  ],
  "times": [
    1377.467547416687,
    1346.9133868217468,
    1371.5738770961761,
    1368.919718503952,
    1367.1617805957794,
    1366.039184808731,
    1407.1942448616028,
    1407.6690196990967,
    1399.4149475097656,
    1403.2593178749084,
    1429.917218208313,
    1422.0561079978943,
    1432.147230386734,
    1440.356727361679,
    1458.7468786239624,
    1460.9242143630981,
    1458.9028725624084,
    1461.380925655365,
    1484.6177344322205,
    1480.3415331840515,
    1477.9007182121277,
    1477.8428032398224,
    1500.8643856048584,
    1501.6430475711823,
    1496.022908449173,
    1523.4837069511414,
    1524.5574791431427,
    1518.4870555400848,
    1548.0781064033508,
    1545.1145658493042
  ]
}