{
  "target_distribution": "RoughCarpet",
  "proposal_distribution": "Normal",
  "dimension": 10,
  "num_iterations": 200000,
  "seed": 15,
  "total_time": 2564.457721233368,
  "max_esjd": 3.17567777633667,
  "max_acceptance_rate": 0.117515,
  "max_scale_param": 5.7,
  "expected_squared_jump_distances": [
    9.969952225219458e-05,
    0.02295152097940445,
    0.08163584023714066,
    0.16963903605937958,
    0.2810310125350952,
    0.4104880690574646,
    0.5517709851264954,
    0.7032224535942078,
    0.8566274046897888,
    1.0130993127822876,
    1.1634790897369385,
    1.31613290309906,
    1.4552202224731445,
    1.5982120037078857,
    1.7153730392456055,
    1.848048210144043,
    1.9639965295791626,
    2.0746538639068604,
    2.1672723293304443,
    2.2454030513763428,
    2.331573009490967,
    2.4196598529815674,
    2.4693567752838135,
    2.5445587635040283,
    2.63425612449646,
    2.68404221534729,
    2.720731496810913,
    2.8006017208099365,
    2.83152437210083,
    2.8264198303222656,
    2.9282805919647217,
    2.963737964630127,
    2.9852631092071533,
    3.0711171627044678,
    3.101834535598755,
    3.169297456741333,
    3.078345537185669,
    3.1093227863311768,
    3.1464974880218506,
    3.17567777633667
  ],
  "acceptance_rates": [
    0.99746,
    0.949815,
    0.9056,
    0.859735,
    0.81547,
    0.77315,
    0.729935,
    0.68951,
    0.64984,
    0.61255,
    0.57551,
    0.54146,
    0.50893,
    0.47977,
    0.447055,
    0.422465,
    0.39681,
    0.37407,
    0.351175,
    0.32821,
    0.309085,
    0.29187,
    0.27396,
    0.25924,
    0.24669,
    0.23274,
    0.21911,
    0.20952,
    0.19751,
    0.18535,
    0.180095,
    0.170645,
    0.16155,
    0.156055,
    0.149205,
    0.14343,
    0.13316,
    0.126835,
    0.122555,
    0.117515
  ],
  "scale_param_range": [
    0.01,
    0.1558974358974359,
    0.3017948717948718,
    0.4476923076923077,
    0.5935897435897436,
    0.7394871794871795,
    0.8853846153846154,
    1.0312820512820513,
    1.1771794871794872,
    1.323076923076923,
    1.468974358974359,
    1.6148717948717948,
    1.7607692307692309,
    1.9066666666666667,
    2.0525641025641024,
    2.198461538461538,
    2.344358974358974,
    2.49025641025641,
    2.636153846153846,
    2.782051282051282,
    2.9279487179487176,
    3.0738461538461537,
    3.2197435897435893,
    3.3656410256410254,
    3.5115384615384615,
    3.657435897435897,
    3.8033333333333332,
    3.949230769230769,
    4.095128205128205,
    4.241025641025641,
    4.386923076923076,
    4.532820512820512,
    4.678717948717948,
    4.8246153846153845,
    4.970512820512821,
    5.116410256410256,
    5.262307692307692,
    5.408205128205128,
    5.554102564102564,
    5.7
  ],
  "times": [
    64.63723993301392,
    64.16764187812805,
    63.410566329956055,
    64.29727101325989,
    64.56273102760315,
    64.6654143333435,
    64.53666019439697,
    65.18857526779175,
    62.78456234931946,
    64.98568677902222,
    64.27505111694336,
    62.701088190078735,
    64.5025544166565,
    64.91117358207703,
    63.87248611450195,
    64.22579669952393,
    64.08555722236633,
    64.0957863330841,
    64.21721768379211,
    64.19830989837646,
    64.1627733707428,
    63.56206274032593,
    63.73854613304138,
    64.4203667640686,
    64.39106392860413,
    64.31273412704468,
    64.54486536979675,
    64.4373619556427,
    63.91085696220398,
    64.35285949707031,
    64.38403129577637,
    64.5658597946167,
    64.63776206970215,
    64.73890447616577,
    64.71342062950134,
    62.938151836395264,
    62.99981379508972,
    63.99716520309448,
    62.8654842376709,
    62.41481137275696
  ]
}