{
  "target_distribution": "RoughCarpet",
  "proposal_distribution": "Normal",
  "dimension": 2,
  "num_iterations": 100000,
  "seed": 6,
  "total_time": 1858.6096048355103,
  "max_esjd": 7.010887145996094,
  "max_acceptance_rate": 0.26721,
  "max_scale_param": 7.391538461538461,
  "expected_squared_jump_distances": [
    9.951245738193393e-05,
    0.2922251224517822,
    0.8767225742340088,
    1.6517949104309082,
    2.5442750453948975,
    3.570606231689453,
    4.487239360809326,
    5.338140487670898,
    6.054895401000977,
    6.534956932067871,
    6.759734153747559,
    6.986293792724609,
    7.010887145996094,
    6.9598822593688965,
    6.673042297363281,
    6.442683696746826,
    6.314914703369141,
    6.0465168952941895,
    5.706206798553467,
    5.596340656280518,
    5.275905609130859,
    4.837080478668213,
    4.6600446701049805,
    4.445487976074219,
    4.188701629638672,
    4.0116047859191895,
    3.726020574569702,
    3.569082498550415,
    3.2907874584198,
    3.1973624229431152,
    3.0179636478424072,
    2.8960704803466797,
    2.679068088531494,
    2.5226166248321533,
    2.4351203441619873,
    2.342958450317383,
    2.2228164672851562,
    2.1016924381256104,
    2.017171859741211,
    1.9195005893707275
  ],
  "acceptance_rates": [
    0.99805,
    0.82751,
    0.68725,
    0.59421,
    0.52462,
    0.48063,
    0.44175,
    0.40798,
    0.37641,
    0.34587,
    0.31413,
    0.28915,
    0.26721,
    0.24424,
    0.22303,
    0.20526,
    0.1921,
    0.17645,
    0.16166,
    0.15225,
    0.14079,
    0.12863,
    0.11989,
    0.11262,
    0.10536,
    0.09821,
    0.09127,
    0.0864,
    0.0796,
    0.07646,
    0.07146,
    0.06719,
    0.06351,
    0.05976,
    0.05689,
    0.05372,
    0.05097,
    0.0481,
    0.04558,
    0.04429
  ],
  "scale_param_range": [
    0.01,
    0.6251282051282051,
    1.2402564102564102,
    1.8553846153846154,
    2.47051282051282,
    3.085641025641025,
    3.7007692307692306,
    4.315897435897435,
    4.931025641025641,
    5.546153846153846,
    6.1612820512820505,
    6.776410256410256,
    7.391538461538461,
    8.006666666666666,
    8.62179487179487,
    9.236923076923077,
    9.852051282051281,
    10.467179487179486,
    11.082307692307692,
    11.697435897435897,
    12.312564102564101,
    12.927692307692308,
    13.542820512820512,
    14.157948717948717,
    14.773076923076923,
    15.388205128205128,
    16.003333333333334,
    16.61846153846154,
    17.233589743589743,
    17.84871794871795,
    18.463846153846156,
    19.07897435897436,
    19.694102564102565,
    20.30923076923077,
    20.924358974358974,
    21.53948717948718,
    22.154615384615386,
    22.76974358974359,
    23.384871794871795,
    24.0
  ],
  "times": [
    46.628095388412476,
    46.39651894569397,
    46.44030570983887,
    46.37018418312073,
    46.37625217437744,
    46.40724205970764,
    46.84868550300598,
    46.41551470756531,
    46.411752462387085,
    46.694461822509766,
    46.90810441970825,
    46.48904037475586,
    46.46784067153931,
    46.398289918899536,
    46.40872144699097,
    46.388999938964844,
    46.4767804145813,
    46.442787408828735,
    46.439496994018555,
    46.45470881462097,
    46.48519039154053,
    46.50495910644531,
    46.5321307182312,
    46.41763210296631,
    46.48800587654114,
    46.45232582092285,
    46.45847415924072,
    46.38635063171387,
    46.39110565185547,
    46.427770376205444,
    46.407310009002686,
    46.3100049495697,
    46.358214139938354,
    46.52347922325134,
    46.42262673377991,
    46.432353019714355,
    46.43837785720825,
    46.43325424194336,
    46.39881420135498,
    46.43847942352295
  ]
}