{
  "target_distribution": "RoughCarpetScaled",
  "proposal_distribution": "Normal",
  "dimension": 20,
  "num_iterations": 200000,
  "seed": 6,
  "total_time": 2822.5711176395416,
  "max_esjd": 3.186171054840088,
  "max_acceptance_rate": 0.14728,
  "max_scale_param": 4.872051282051282,
  "expected_squared_jump_distances": [
    9.977218724088743e-05,
    0.01818462274968624,
    0.06455917656421661,
    0.13521213829517365,
    0.2267366349697113,
    0.3346479535102844,
    0.4553084671497345,
    0.5856263637542725,
    0.7250796556472778,
    0.8681849241256714,
    1.0159730911254883,
    1.1578221321105957,
    1.306200623512268,
    1.4355591535568237,
    1.5795859098434448,
    1.7097982168197632,
    1.8372461795806885,
    1.9546059370040894,
    2.0652506351470947,
    2.178314208984375,
    2.2876131534576416,
    2.3837573528289795,
    2.44958233833313,
    2.555760622024536,
    2.614995002746582,
    2.685765027999878,
    2.7702252864837646,
    2.781024932861328,
    2.8454275131225586,
    2.896040916442871,
    2.9690017700195312,
    2.953933000564575,
    2.9971275329589844,
    3.0246081352233887,
    3.0224993228912354,
    3.116426467895508,
    3.1244473457336426,
    3.162773609161377,
    3.186171054840088,
    3.13169002532959
  ],
  "acceptance_rates": [
    0.997855,
    0.95784,
    0.917175,
    0.87766,
    0.840475,
    0.80213,
    0.76352,
    0.72672,
    0.692575,
    0.65843,
    0.6273,
    0.59335,
    0.565025,
    0.53197,
    0.50597,
    0.478975,
    0.454175,
    0.429235,
    0.405865,
    0.38593,
    0.36648,
    0.34741,
    0.32657,
    0.31229,
    0.294555,
    0.279455,
    0.266875,
    0.24976,
    0.237855,
    0.226265,
    0.21713,
    0.202845,
    0.194115,
    0.184115,
    0.17394,
    0.169235,
    0.160425,
    0.15415,
    0.14728,
    0.138005
  ],
  "scale_param_range": [
    0.01,
    0.13794871794871796,
    0.2658974358974359,
    0.39384615384615385,
    0.5217948717948718,
    0.6497435897435898,
    0.7776923076923077,
    0.9056410256410257,
    1.0335897435897436,
    1.1615384615384616,
    1.2894871794871796,
    1.4174358974358976,
    1.5453846153846154,
    1.6733333333333333,
    1.8012820512820513,
    1.9292307692307693,
    2.057179487179487,
    2.185128205128205,
    2.313076923076923,
    2.441025641025641,
    2.568974358974359,
    2.6969230769230768,
    2.824871794871795,
    2.9528205128205127,
    3.0807692307692305,
    3.2087179487179487,
    3.3366666666666664,
    3.4646153846153847,
    3.5925641025641024,
    3.7205128205128206,
    3.8484615384615384,
    3.9764102564102566,
    4.104358974358974,
    4.2323076923076925,
    4.36025641025641,
    4.488205128205128,
    4.616153846153846,
    4.7441025641025645,
    4.872051282051282,
    5.0
  ],
  "times": [
    71.8254063129425,
    71.83587408065796,
    72.13193345069885,
    71.98693203926086,
    72.12787866592407,
    70.21837830543518,
    69.98346066474915,
    70.66245150566101,
    70.85099077224731,
    71.01028561592102,
    70.21426606178284,
    70.471271276474,
    70.8120014667511,
    70.82723140716553,
    70.66357111930847,
    70.85055661201477,
    70.83980536460876,
    70.84545373916626,
    70.7100100517273,
    70.64258575439453,
    70.33034372329712,
    70.70647811889648,
    71.27780032157898,
    71.20165395736694,
    71.03353476524353,
    71.0783851146698,
    71.3061215877533,
    71.6870391368866,
    71.54098534584045,
    71.56267762184143,
    70.56719303131104,
    70.53492331504822,
    68.9721462726593,
    68.68980383872986,
    69.71835613250732,
    68.63859224319458,
    68.03422284126282,
    68.70737600326538,
    68.56102299690247,
    68.87058568000793
  ]
}