{
  "target_distribution": "RoughCarpet",
  "dimension": 30,
  "num_iterations": 200000,
  "seed": 20,
  "total_time": 25180.159578561783,
  "max_esjd": 0.00560392901423263,
  "max_actual_acceptance_rate": 0.2404978884196488,
  "max_constr_acceptance_rate": 0.2634482758620689,
  "expected_squared_jump_distances": [
    0.0009007454905944584,
    0.0010451337141464177,
    0.0015558701840482111,
    0.002351520038976624,
    0.003056587533307215,
    0.0032654138138209113,
    0.0035058826944417004,
    0.004041389237031307,
    0.004675993473264253,
    0.004526684416745712,
    0.004761829394847013,
    0.004989530291323819,
    0.005186798931839861,
    0.005297291854812258,
    0.005312854893908844,
    0.00560392901423263,
    0.00538436628217876,
    0.005495119691625896,
    0.005504942941561686,
    0.005142445886630115,
    0.005142165442228082,
    0.005264423800938405,
    0.005053024671284862,
    0.004990019709997515,
    0.005099918667929595,
    0.00473383010026637,
    0.004659008645095745,
    0.004449003478665449,
    0.004417793505026195,
    0.0041690215658915335
  ],
  "acceptance_rates": [
    0.16868434217108555,
    0.042764146219328995,
    0.03357049804589638,
    0.10633333333333334,
    0.07612774118235638,
    0.2037857142857143,
    0.14489854244069733,
    0.13007955278434746,
    0.12746498999714204,
    0.2103125,
    0.1861482685335667,
    0.17877234654331792,
    0.19033629203650457,
    0.2404001111419839,
    0.2324456551954189,
    0.2404978884196488,
    0.29035,
    0.2907790779077908,
    0.28702870287028703,
    0.3354850440949177,
    0.32945401645678957,
    0.3375306846076916,
    0.37319776648054004,
    0.3734894574547879,
    0.38315692974414534,
    0.41045465035771983,
    0.4193238201469287,
    0.4475479515662392,
    0.45194471231115396,
    0.48068268942298076
  ],
  "swap_acceptance_rates_range": [
    0.01,
    0.026896551724137928,
    0.04379310344827586,
    0.060689655172413794,
    0.07758620689655171,
    0.09448275862068964,
    0.11137931034482758,
    0.12827586206896552,
    0.14517241379310344,
    0.16206896551724137,
    0.1789655172413793,
    0.19586206896551722,
    0.21275862068965518,
    0.2296551724137931,
    0.24655172413793103,
    0.2634482758620689,
    0.2803448275862069,
    0.29724137931034483,
    0.31413793103448273,
    0.3310344827586207,
    0.3479310344827586,
    0.36482758620689654,
    0.38172413793103444,
    0.3986206896551724,
    0.41551724137931034,
    0.43241379310344824,
    0.4493103448275862,
    0.4662068965517241,
    0.48310344827586205,
    0.5
  ],
  "times": [
    799.906991481781,
    800.9708981513977,
    804.9477181434631,
    810.501895904541,
    809.7740309238434,
    821.2924795150757,
    820.720291852951,
    821.2598061561584,
    818.861748456955,
    828.0594537258148,
    827.3364431858063,
    829.4416224956512,
    826.423675775528,
    836.6894919872284,
    836.3108124732971,
    837.7852327823639,
    845.344494342804,
    844.9213743209839,
    844.7654919624329,
    851.5127923488617,
    851.5815200805664,
    853.3790245056152,
    860.1009764671326,
    863.4168357849121,
    863.0359015464783,
    869.2557458877563,
    868.3234033584595,
    876.5725800991058,
    873.805605173111,
    883.8270409107208
  ]
}