{
  "target_distribution": "RoughCarpetScaled",
  "proposal_distribution": "Normal",
  "dimension": 30,
  "num_iterations": 200000,
  "seed": 6,
  "total_time": 1640.3213169574738,
  "max_esjd": 1.6900875568389893,
  "max_acceptance_rate": 0.197715,
  "max_scale_param": 3.016410256410256,
  "expected_squared_jump_distances": [
    9.961370233213529e-05,
    0.01605985499918461,
    0.05646812915802002,
    0.11697237193584442,
    0.1937686949968338,
    0.2836681306362152,
    0.38211414217948914,
    0.48710137605667114,
    0.5950353741645813,
    0.7028945088386536,
    0.8098878860473633,
    0.9102917909622192,
    1.0136476755142212,
    1.1049365997314453,
    1.1962379217147827,
    1.272243618965149,
    1.3376522064208984,
    1.4024200439453125,
    1.462436556816101,
    1.5083106756210327,
    1.5535705089569092,
    1.588353157043457,
    1.6291143894195557,
    1.6363704204559326,
    1.6178252696990967,
    1.6900875568389893,
    1.6574074029922485,
    1.655342698097229,
    1.6765762567520142,
    1.6125396490097046,
    1.65713369846344,
    1.674648404121399,
    1.6086468696594238,
    1.633427619934082,
    1.6303519010543823,
    1.546759009361267,
    1.5960197448730469,
    1.5660583972930908,
    1.4978386163711548,
    1.5000965595245361
  ],
  "acceptance_rates": [
    0.9974,
    0.94918,
    0.903675,
    0.85613,
    0.810275,
    0.76666,
    0.723475,
    0.68194,
    0.64108,
    0.601035,
    0.56357,
    0.52576,
    0.4938,
    0.46086,
    0.43123,
    0.401495,
    0.371825,
    0.34679,
    0.32324,
    0.3006,
    0.279925,
    0.26051,
    0.2444,
    0.225095,
    0.20513,
    0.197715,
    0.17987,
    0.16718,
    0.15725,
    0.141865,
    0.136735,
    0.12933,
    0.11696,
    0.11154,
    0.105065,
    0.09443,
    0.09235,
    0.085805,
    0.07809,
    0.07446
  ],
  "scale_param_range": [
    0.01,
    0.13025641025641027,
    0.25051282051282053,
    0.3707692307692308,
    0.49102564102564106,
    0.6112820512820514,
    0.7315384615384616,
    0.8517948717948718,
    0.9720512820512821,
    1.0923076923076924,
    1.2125641025641027,
    1.3328205128205128,
    1.4530769230769232,
    1.5733333333333335,
    1.6935897435897436,
    1.8138461538461539,
    1.9341025641025642,
    2.054358974358974,
    2.1746153846153846,
    2.2948717948717947,
    2.4151282051282053,
    2.5353846153846153,
    2.6556410256410254,
    2.775897435897436,
    2.896153846153846,
    3.016410256410256,
    3.1366666666666667,
    3.256923076923077,
    3.377179487179487,
    3.4974358974358974,
    3.6176923076923075,
    3.737948717948718,
    3.858205128205128,
    3.9784615384615383,
    4.098717948717948,
    4.218974358974359,
    4.3392307692307694,
    4.459487179487179,
    4.57974358974359,
    4.7
  ],
  "times": [
    38.138253927230835,
    40.403212547302246,
    42.06563091278076,
    43.13443040847778,
    43.848284006118774,
    42.82449197769165,
    42.182411193847656,
    42.01660203933716,
    42.06076097488403,
    42.11535429954529,
    42.56734228134155,
    42.42698693275452,
    42.5528359413147,
    42.70255374908447,
    42.823209285736084,
    42.23957967758179,
    42.52164578437805,
    42.401238203048706,
    42.334471464157104,
    41.91899275779724,
    40.737549781799316,
    40.65097689628601,
    39.58687782287598,
    38.87924242019653,
    37.973053216934204,
    39.045629024505615,
    38.89495849609375,
    38.62894105911255,
    40.11912178993225,
    39.14269423484802,
    40.942667722702026,
    39.72224187850952,
    40.17121434211731,
    40.6104998588562,
    40.57895040512085,
    39.22382187843323,
    40.54066586494446,
    39.47545599937439,
    39.9174542427063,
    39.69620728492737
  ]
}