{
  "target_distribution": "RoughCarpetScaled",
  "proposal_distribution": "Normal",
  "dimension": 2,
  "num_iterations": 100000,
  "seed": 2,
  "total_time": 2131.2140650749207,
  "max_esjd": 9.40215015411377,
  "max_acceptance_rate": 0.11525,
  "max_scale_param": 15.388205128205128,
  "expected_squared_jump_distances": [
    9.944263001671061e-05,
    0.28419896960258484,
    0.9161785840988159,
    1.7832622528076172,
    2.7072505950927734,
    3.567960500717163,
    4.323296070098877,
    5.035825729370117,
    5.6437249183654785,
    6.130320072174072,
    6.618117332458496,
    7.115190505981445,
    7.460879802703857,
    7.792199611663818,
    8.14176082611084,
    8.355733871459961,
    8.67273235321045,
    8.829276084899902,
    9.054107666015625,
    9.074102401733398,
    9.169713973999023,
    9.373740196228027,
    9.220860481262207,
    9.37195110321045,
    9.17376708984375,
    9.40215015411377,
    9.066751480102539,
    9.017372131347656,
    9.00787353515625,
    8.529746055603027,
    8.85521125793457,
    8.37061882019043,
    8.355298042297363,
    8.391148567199707,
    8.184154510498047,
    8.198567390441895,
    8.311933517456055,
    7.787807464599609,
    7.7347412109375,
    7.2829084396362305
  ],
  "acceptance_rates": [
    0.99758,
    0.80849,
    0.6868,
    0.61323,
    0.5539,
    0.49919,
    0.45224,
    0.41233,
    0.37426,
    0.34004,
    0.31129,
    0.28724,
    0.26307,
    0.24356,
    0.22762,
    0.21036,
    0.19744,
    0.1845,
    0.17225,
    0.16293,
    0.15344,
    0.14511,
    0.13612,
    0.12919,
    0.12068,
    0.11525,
    0.10941,
    0.10367,
    0.10054,
    0.09359,
    0.0903,
    0.08428,
    0.08269,
    0.07906,
    0.07503,
    0.07338,
    0.0709,
    0.06667,
    0.06395,
    0.06012
  ],
  "scale_param_range": [
    0.01,
    0.6251282051282051,
    1.2402564102564102,
    1.8553846153846154,
    2.47051282051282,
    3.085641025641025,
    3.7007692307692306,
    4.315897435897435,
    4.931025641025641,
    5.546153846153846,
    6.1612820512820505,
    6.776410256410256,
    7.391538461538461,
    8.006666666666666,
    8.62179487179487,
    9.236923076923077,
    9.852051282051281,
    10.467179487179486,
    11.082307692307692,
    11.697435897435897,
    12.312564102564101,
    12.927692307692308,
    13.542820512820512,
    14.157948717948717,
    14.773076923076923,
    15.388205128205128,
    16.003333333333334,
    16.61846153846154,
    17.233589743589743,
    17.84871794871795,
    18.463846153846156,
    19.07897435897436,
    19.694102564102565,
    20.30923076923077,
    20.924358974358974,
    21.53948717948718,
    22.154615384615386,
    22.76974358974359,
    23.384871794871795,
    24.0
  ],
  "times": [
    51.321836709976196,
    52.293253660202026,
    51.62996482849121,
    50.8136203289032,
    50.584033727645874,
    51.41421556472778,
    53.51068115234375,
    53.611337423324585,
    53.27236533164978,
    53.424766063690186,
    53.68426465988159,
    53.49623489379883,
    53.45239806175232,
    53.35945248603821,
    53.571067810058594,
    53.892523765563965,
    53.82624650001526,
    53.4341037273407,
    53.289851665496826,
    53.52092623710632,
    53.65832495689392,
    53.24666213989258,
    53.85376977920532,
    53.357810735702515,
    53.90028619766235,
    54.1279981136322,
    53.58686900138855,
    53.157023668289185,
    53.82642126083374,
    53.883307218551636,
    53.54967164993286,
    53.51442837715149,
    53.419286251068115,
    53.30588960647583,
    53.35816049575806,
    53.533828258514404,
    53.78555965423584,
    53.92202043533325,
    54.78988790512085,
    53.98946833610535
  ]
}