{
  "target_distribution": "RoughCarpet",
  "dimension": 10,
  "num_iterations": 200000,
  "seed": 38,
  "total_time": 10553.431711912155,
  "max_esjd": 0.015901228775364686,
  "max_actual_acceptance_rate": 0.23741870935467735,
  "max_constr_acceptance_rate": 0.2296551724137931,
  "expected_squared_jump_distances": [
    0.004708225942348819,
    0.0037867957296077205,
    0.007499852355402463,
    0.009552484789676213,
    0.007480863439868777,
    0.011535573722954289,
    0.012262326237493208,
    0.012310934575240016,
    0.015143761719066591,
    0.01299596685340615,
    0.014806236736188293,
    0.014684124102745597,
    0.015008855467981395,
    0.015901228775364686,
    0.013430902634649359,
    0.014210134114257634,
    0.015122190470052733,
    0.015514933915406775,
    0.015804449868522447,
    0.013464847470363318,
    0.014373926765372072,
    0.014396277201235855,
    0.01518483540081701,
    0.01435839158021882,
    0.013033729148039658,
    0.013379961611253956,
    0.013100024839515554,
    0.013503214778860377,
    0.011968967261595862,
    0.011916184555659624
  ],
  "acceptance_rates": [
    0.008293204922418406,
    0.06613226452905811,
    0.05536101384025346,
    0.05496157701303041,
    0.20072536268134067,
    0.16283141570785392,
    0.1408028010503939,
    0.1327400350965154,
    0.13647176662075874,
    0.2944,
    0.2641,
    0.24702351175587794,
    0.2353,
    0.23741870935467735,
    0.36025,
    0.33891666666666664,
    0.325247978661332,
    0.31591231141118614,
    0.31852654387865653,
    0.4139285714285714,
    0.4012142857142857,
    0.3947857142857143,
    0.3931990284326332,
    0.38724194585327526,
    0.4598125,
    0.4589375,
    0.4541875,
    0.453625,
    0.5076948719373299,
    0.5026390355019723
  ],
  "swap_acceptance_rates_range": [
    0.01,
    0.026896551724137928,
    0.04379310344827586,
    0.060689655172413794,
    0.07758620689655171,
    0.09448275862068964,
    0.11137931034482758,
    0.12827586206896552,
    0.14517241379310344,
    0.16206896551724137,
    0.1789655172413793,
    0.19586206896551722,
    0.21275862068965518,
    0.2296551724137931,
    0.24655172413793103,
    0.2634482758620689,
    0.2803448275862069,
    0.29724137931034483,
    0.31413793103448273,
    0.3310344827586207,
    0.3479310344827586,
    0.36482758620689654,
    0.38172413793103444,
    0.3986206896551724,
    0.41551724137931034,
    0.43241379310344824,
    0.4493103448275862,
    0.4662068965517241,
    0.48310344827586205,
    0.5
  ],
  "times": [
    331.1753611564636,
    320.8991038799286,
    316.9553482532501,
    317.7653923034668,
    332.89595341682434,
    331.71327900886536,
    330.3942184448242,
    329.067556142807,
    328.8552813529968,
    338.67677187919617,
    339.42134308815,
    338.84399938583374,
    338.67720103263855,
    337.98723220825195,
    348.2454369068146,
    349.75693106651306,
    348.9403877258301,
    349.05468010902405,
    348.6322178840637,
    358.82579350471497,
    357.6865243911743,
    373.2542688846588,
    375.1827881336212,
    376.0399193763733,
    385.54785346984863,
    386.0147843360901,
    385.5956325531006,
    385.96504068374634,
    395.3461320400238,
    395.98112511634827
  ]
}