{
  "target_distribution": "RoughCarpetScaled",
  "proposal_distribution": "Normal",
  "dimension": 30,
  "num_iterations": 200000,
  "seed": 2,
  "total_time": 2862.9918434619904,
  "max_esjd": 1.59977126121521,
  "max_acceptance_rate": 0.20291,
  "max_scale_param": 2.896153846153846,
  "expected_squared_jump_distances": [
    9.979929018300027e-05,
    0.016118409112095833,
    0.056556787341833115,
    0.1172722801566124,
    0.1945165991783142,
    0.28421682119369507,
    0.38299188017845154,
    0.48742929100990295,
    0.5958648920059204,
    0.7022517919540405,
    0.8048007488250732,
    0.910824716091156,
    1.0056878328323364,
    1.0993857383728027,
    1.1804777383804321,
    1.2584149837493896,
    1.3123093843460083,
    1.3833417892456055,
    1.4492158889770508,
    1.4798755645751953,
    1.506021499633789,
    1.5461817979812622,
    1.544005274772644,
    1.588996171951294,
    1.59977126121521,
    1.5724201202392578,
    1.57016921043396,
    1.5704514980316162,
    1.5644161701202393,
    1.521155595779419,
    1.517152190208435,
    1.5064162015914917,
    1.4705777168273926,
    1.4147956371307373,
    1.412597417831421,
    1.4027132987976074,
    1.3689852952957153,
    1.3038891553878784,
    1.2202647924423218,
    1.2947466373443604
  ],
  "acceptance_rates": [
    0.99758,
    0.951155,
    0.903945,
    0.857305,
    0.812785,
    0.76748,
    0.724325,
    0.68168,
    0.641775,
    0.600115,
    0.560125,
    0.5258,
    0.490135,
    0.45829,
    0.426565,
    0.39666,
    0.3652,
    0.34231,
    0.320895,
    0.295465,
    0.27214,
    0.254055,
    0.23266,
    0.219115,
    0.20291,
    0.18496,
    0.17095,
    0.159265,
    0.147665,
    0.134525,
    0.125705,
    0.11727,
    0.10755,
    0.09764,
    0.09219,
    0.08659,
    0.07976,
    0.072475,
    0.06465,
    0.064745
  ],
  "scale_param_range": [
    0.01,
    0.13025641025641027,
    0.25051282051282053,
    0.3707692307692308,
    0.49102564102564106,
    0.6112820512820514,
    0.7315384615384616,
    0.8517948717948718,
    0.9720512820512821,
    1.0923076923076924,
    1.2125641025641027,
    1.3328205128205128,
    1.4530769230769232,
    1.5733333333333335,
    1.6935897435897436,
    1.8138461538461539,
    1.9341025641025642,
    2.054358974358974,
    2.1746153846153846,
    2.2948717948717947,
    2.4151282051282053,
    2.5353846153846153,
    2.6556410256410254,
    2.775897435897436,
    2.896153846153846,
    3.016410256410256,
    3.1366666666666667,
    3.256923076923077,
    3.377179487179487,
    3.4974358974358974,
    3.6176923076923075,
    3.737948717948718,
    3.858205128205128,
    3.9784615384615383,
    4.098717948717948,
    4.218974358974359,
    4.3392307692307694,
    4.459487179487179,
    4.57974358974359,
    4.7
  ],
  "times": [
    72.65733480453491,
    72.0577003955841,
    71.55586433410645,
    71.60645008087158,
    71.60990786552429,
    70.93902277946472,
    72.56105995178223,
    72.54369163513184,
    71.9475040435791,
    71.65545535087585,
    72.27617835998535,
    72.04722571372986,
    70.55176854133606,
    70.80361366271973,
    71.70442390441895,
    72.53457260131836,
    72.17392659187317,
    71.3528699874878,
    72.86667847633362,
    72.70255875587463,
    72.4843909740448,
    72.85326433181763,
    73.39676237106323,
    73.13923811912537,
    72.910959482193,
    73.62801098823547,
    73.34018564224243,
    73.58104586601257,
    73.19111824035645,
    72.60881209373474,
    72.21651196479797,
    69.4234356880188,
    69.22795796394348,
    69.50754618644714,
    69.047203540802,
    69.31567525863647,
    69.27123427391052,
    68.21116995811462,
    68.8025574684143,
    68.6367347240448
  ]
}