{
  "target_distribution": "RoughCarpetScaled",
  "proposal_distribution": "Normal",
  "dimension": 2,
  "num_iterations": 100000,
  "seed": 15,
  "total_time": 1984.9220523834229,
  "max_esjd": 25.553083419799805,
  "max_acceptance_rate": 0.11078,
  "max_scale_param": 23.384871794871795,
  "expected_squared_jump_distances": [
    9.950389357982203e-05,
    0.30021101236343384,
    0.9876285195350647,
    1.99512779712677,
    3.217350959777832,
    4.500234127044678,
    5.806426048278809,
    7.033644676208496,
    8.055583953857422,
    9.072381019592285,
    10.032268524169922,
    10.79263973236084,
    11.538538932800293,
    12.215988159179688,
    13.0997896194458,
    13.727243423461914,
    14.135210037231445,
    14.738313674926758,
    15.39264965057373,
    15.751750946044922,
    16.17730140686035,
    16.762271881103516,
    17.214984893798828,
    18.1765079498291,
    18.279951095581055,
    18.843994140625,
    19.641868591308594,
    20.075468063354492,
    20.201459884643555,
    20.65900421142578,
    21.58817481994629,
    21.919605255126953,
    22.25397491455078,
    22.299148559570312,
    23.22456932067871,
    23.572729110717773,
    24.37602424621582,
    24.153703689575195,
    25.553083419799805,
    25.540443420410156
  ],
  "acceptance_rates": [
    0.99794,
    0.83887,
    0.72559,
    0.66029,
    0.61337,
    0.57109,
    0.53465,
    0.50086,
    0.46316,
    0.43163,
    0.40297,
    0.37659,
    0.35024,
    0.32958,
    0.31182,
    0.29345,
    0.27277,
    0.25872,
    0.24636,
    0.23266,
    0.21937,
    0.20902,
    0.19913,
    0.1926,
    0.18362,
    0.17502,
    0.16968,
    0.16164,
    0.15529,
    0.14876,
    0.14393,
    0.13863,
    0.13425,
    0.12833,
    0.12518,
    0.1214,
    0.11773,
    0.11222,
    0.11078,
    0.10645
  ],
  "scale_param_range": [
    0.01,
    0.6251282051282051,
    1.2402564102564102,
    1.8553846153846154,
    2.47051282051282,
    3.085641025641025,
    3.7007692307692306,
    4.315897435897435,
    4.931025641025641,
    5.546153846153846,
    6.1612820512820505,
    6.776410256410256,
    7.391538461538461,
    8.006666666666666,
    8.62179487179487,
    9.236923076923077,
    9.852051282051281,
    10.467179487179486,
    11.082307692307692,
    11.697435897435897,
    12.312564102564101,
    12.927692307692308,
    13.542820512820512,
    14.157948717948717,
    14.773076923076923,
    15.388205128205128,
    16.003333333333334,
    16.61846153846154,
    17.233589743589743,
    17.84871794871795,
    18.463846153846156,
    19.07897435897436,
    19.694102564102565,
    20.30923076923077,
    20.924358974358974,
    21.53948717948718,
    22.154615384615386,
    22.76974358974359,
    23.384871794871795,
    24.0
  ],
  "times": [
    49.815348625183105,
    49.57450604438782,
    49.621808767318726,
    49.70213174819946,
    49.72672629356384,
    49.76114869117737,
    49.7000572681427,
    49.77775239944458,
    49.65258741378784,
    49.72643733024597,
    49.69698929786682,
    49.71748328208923,
    49.73275065422058,
    49.75791573524475,
    49.6727180480957,
    49.79229140281677,
    49.7784378528595,
    49.593299865722656,
    49.74705457687378,
    49.66220474243164,
    49.57989835739136,
    49.47708535194397,
    49.39317965507507,
    49.58468747138977,
    49.51818513870239,
    49.563769817352295,
    49.524054288864136,
    49.563247203826904,
    49.524611949920654,
    49.52470636367798,
    49.506797790527344,
    49.571364402770996,
    49.565102100372314,
    49.55342364311218,
    49.551007986068726,
    49.52040386199951,
    49.61004281044006,
    49.50524091720581,
    49.499006509780884,
    49.51831531524658
  ]
}