{
  "target_distribution": "RoughCarpetScaled",
  "proposal_distribution": "Normal",
  "dimension": 50,
  "num_iterations": 200000,
  "seed": 9,
  "total_time": 2904.201612472534,
  "max_esjd": 1.9223183393478394,
  "max_acceptance_rate": 0.175985,
  "max_scale_param": 3.377179487179487,
  "expected_squared_jump_distances": [
    9.983400377677754e-05,
    0.016212554648518562,
    0.05723145231604576,
    0.11954089254140854,
    0.19969379901885986,
    0.2939085364341736,
    0.40032583475112915,
    0.5129899382591248,
    0.6339209079742432,
    0.7549512386322021,
    0.878265380859375,
    0.9954965114593506,
    1.1137423515319824,
    1.220240592956543,
    1.3280165195465088,
    1.4280121326446533,
    1.5219979286193848,
    1.5869399309158325,
    1.651080846786499,
    1.722102165222168,
    1.781202793121338,
    1.8171933889389038,
    1.843866229057312,
    1.8832859992980957,
    1.9029768705368042,
    1.8941024541854858,
    1.9034762382507324,
    1.8910253047943115,
    1.9223183393478394,
    1.8836740255355835,
    1.8491032123565674,
    1.8304558992385864,
    1.8067562580108643,
    1.7729707956314087,
    1.742940902709961,
    1.7291593551635742,
    1.6767065525054932,
    1.6574201583862305,
    1.582114815711975,
    1.4994745254516602
  ],
  "acceptance_rates": [
    0.99786,
    0.95603,
    0.913225,
    0.871435,
    0.83114,
    0.79008,
    0.75228,
    0.712235,
    0.67686,
    0.63886,
    0.60424,
    0.568035,
    0.53541,
    0.50134,
    0.4714,
    0.442965,
    0.415445,
    0.385,
    0.358285,
    0.336185,
    0.31412,
    0.29151,
    0.270255,
    0.252925,
    0.235425,
    0.21655,
    0.201675,
    0.185925,
    0.175985,
    0.160895,
    0.14808,
    0.1374,
    0.12782,
    0.118335,
    0.109615,
    0.10255,
    0.094425,
    0.08836,
    0.08014,
    0.0724
  ],
  "scale_param_range": [
    0.01,
    0.13025641025641027,
    0.25051282051282053,
    0.3707692307692308,
    0.49102564102564106,
    0.6112820512820514,
    0.7315384615384616,
    0.8517948717948718,
    0.9720512820512821,
    1.0923076923076924,
    1.2125641025641027,
    1.3328205128205128,
    1.4530769230769232,
    1.5733333333333335,
    1.6935897435897436,
    1.8138461538461539,
    1.9341025641025642,
    2.054358974358974,
    2.1746153846153846,
    2.2948717948717947,
    2.4151282051282053,
    2.5353846153846153,
    2.6556410256410254,
    2.775897435897436,
    2.896153846153846,
    3.016410256410256,
    3.1366666666666667,
    3.256923076923077,
    3.377179487179487,
    3.4974358974358974,
    3.6176923076923075,
    3.737948717948718,
    3.858205128205128,
    3.9784615384615383,
    4.098717948717948,
    4.218974358974359,
    4.3392307692307694,
    4.459487179487179,
    4.57974358974359,
    4.7
  ],
  "times": [
    75.35103416442871,
    74.32007789611816,
    70.46414923667908,
    69.51913118362427,
    69.46719574928284,
    70.48405313491821,
    71.6107292175293,
    72.83219861984253,
    73.8303496837616,
    72.40195512771606,
    70.95211362838745,
    72.41236114501953,
    72.22714185714722,
    71.9715325832367,
    72.43271541595459,
    73.85534763336182,
    71.97690081596375,
    73.09487819671631,
    73.8262414932251,
    74.65668368339539,
    73.94810700416565,
    74.31719374656677,
    74.39150309562683,
    73.8460590839386,
    73.53495335578918,
    72.05050086975098,
    72.28657460212708,
    72.95609283447266,
    73.60286951065063,
    73.92747116088867,
    73.54754757881165,
    73.09539365768433,
    73.60573935508728,
    73.32008242607117,
    73.24559164047241,
    69.89226508140564,
    70.09250664710999,
    71.26221466064453,
    70.61795568466187,
    72.91766881942749
  ]
}