{
  "target_distribution": "RoughCarpetScaled",
  "proposal_distribution": "Normal",
  "dimension": 5,
  "num_iterations": 200000,
  "seed": 6,
  "total_time": 4185.84027671814,
  "max_esjd": 4.38801383972168,
  "max_acceptance_rate": 0.326965,
  "max_scale_param": 4.0,
  "expected_squared_jump_distances": [
    9.980399045161903e-05,
    0.012114448472857475,
    0.04261906072497368,
    0.08908136934041977,
    0.14971792697906494,
    0.22203947603702545,
    0.30488452315330505,
    0.39594101905822754,
    0.49366235733032227,
    0.5979067087173462,
    0.7066242098808289,
    0.8148083686828613,
    0.9335294365882874,
    1.0475696325302124,
    1.1705234050750732,
    1.2855936288833618,
    1.4060007333755493,
    1.5351319313049316,
    1.664408802986145,
    1.7986713647842407,
    1.907261848449707,
    2.045185089111328,
    2.168692111968994,
    2.3064377307891846,
    2.43101167678833,
    2.565678834915161,
    2.708768367767334,
    2.8370628356933594,
    2.991112470626831,
    3.111302614212036,
    3.227379322052002,
    3.371549606323242,
    3.4986801147460938,
    3.620704412460327,
    3.770352840423584,
    3.9042325019836426,
    4.011076927185059,
    4.129115104675293,
    4.2940568923950195,
    4.38801383972168
  ],
  "acceptance_rates": [
    0.99784,
    0.96666,
    0.937215,
    0.905435,
    0.875725,
    0.8458,
    0.817395,
    0.789855,
    0.762515,
    0.7376,
    0.71177,
    0.686055,
    0.66391,
    0.640515,
    0.620295,
    0.598805,
    0.578895,
    0.56216,
    0.546105,
    0.53122,
    0.511345,
    0.498555,
    0.482725,
    0.472575,
    0.45857,
    0.44663,
    0.43633,
    0.42487,
    0.417275,
    0.406775,
    0.395495,
    0.38706,
    0.37815,
    0.36843,
    0.36307,
    0.35567,
    0.34653,
    0.33858,
    0.33507,
    0.326965
  ],
  "scale_param_range": [
    0.01,
    0.1123076923076923,
    0.21461538461538462,
    0.3169230769230769,
    0.41923076923076924,
    0.5215384615384615,
    0.6238461538461538,
    0.7261538461538461,
    0.8284615384615385,
    0.9307692307692308,
    1.033076923076923,
    1.1353846153846154,
    1.2376923076923076,
    1.34,
    1.4423076923076923,
    1.5446153846153847,
    1.646923076923077,
    1.7492307692307691,
    1.8515384615384616,
    1.9538461538461538,
    2.0561538461538458,
    2.1584615384615384,
    2.2607692307692306,
    2.363076923076923,
    2.465384615384615,
    2.5676923076923073,
    2.67,
    2.772307692307692,
    2.8746153846153844,
    2.9769230769230766,
    3.079230769230769,
    3.1815384615384614,
    3.2838461538461536,
    3.386153846153846,
    3.488461538461538,
    3.5907692307692307,
    3.693076923076923,
    3.795384615384615,
    3.8976923076923073,
    4.0
  ],
  "times": [
    103.27211260795593,
    104.46348738670349,
    104.67870736122131,
    104.55868816375732,
    105.17123651504517,
    104.5352430343628,
    104.33885049819946,
    104.45479726791382,
    104.43890976905823,
    105.10941433906555,
    104.8565526008606,
    104.44221329689026,
    104.17110300064087,
    104.4012610912323,
    104.94357252120972,
    104.5380003452301,
    104.53206992149353,
    104.45176148414612,
    104.2875554561615,
    104.5762689113617,
    104.44980025291443,
    104.36493921279907,
    104.20092177391052,
    104.40146160125732,
    104.41958117485046,
    104.40260291099548,
    104.1974606513977,
    104.43027830123901,
    104.30997228622437,
    104.50055313110352,
    104.60388612747192,
    104.28293776512146,
    104.9216570854187,
    104.73987340927124,
    104.53117156028748,
    104.54678630828857,
    104.53143858909607,
    104.75587821006775,
    105.71659469604492,
    104.78086423873901
  ]
}