{
  "target_distribution": "RoughCarpetScaled",
  "proposal_distribution": "Normal",
  "dimension": 2,
  "num_iterations": 200000,
  "seed": 19,
  "total_time": 4622.823859453201,
  "max_esjd": 3.5885961055755615,
  "max_acceptance_rate": 0.35687,
  "max_scale_param": 4.0,
  "expected_squared_jump_distances": [
    9.946987847797573e-05,
    0.011779826134443283,
    0.040221020579338074,
    0.08228626847267151,
    0.13475745916366577,
    0.19555212557315826,
    0.2648812532424927,
    0.3416885435581207,
    0.4244132339954376,
    0.5130884051322937,
    0.6076152324676514,
    0.7086060643196106,
    0.8120120167732239,
    0.9217499494552612,
    1.0374864339828491,
    1.148110270500183,
    1.261712908744812,
    1.377351999282837,
    1.4959901571273804,
    1.616851568222046,
    1.7277761697769165,
    1.8466465473175049,
    1.9706108570098877,
    2.0692856311798096,
    2.1714043617248535,
    2.292948007583618,
    2.4045886993408203,
    2.519378423690796,
    2.6119120121002197,
    2.7302188873291016,
    2.817807197570801,
    2.9462780952453613,
    3.0294365882873535,
    3.1217780113220215,
    3.2288155555725098,
    3.2968692779541016,
    3.353788137435913,
    3.4576451778411865,
    3.550921678543091,
    3.5885961055755615
  ],
  "acceptance_rates": [
    0.996525,
    0.95568,
    0.914875,
    0.87687,
    0.839695,
    0.804175,
    0.773075,
    0.744675,
    0.717585,
    0.692995,
    0.67172,
    0.652295,
    0.633035,
    0.61655,
    0.602365,
    0.586825,
    0.57297,
    0.559195,
    0.54756,
    0.53685,
    0.52308,
    0.5128,
    0.50368,
    0.491445,
    0.480105,
    0.46971,
    0.460695,
    0.45262,
    0.44222,
    0.43358,
    0.423925,
    0.418235,
    0.409445,
    0.40246,
    0.394285,
    0.38559,
    0.37743,
    0.37202,
    0.36571,
    0.35687
  ],
  "scale_param_range": [
    0.01,
    0.1123076923076923,
    0.21461538461538462,
    0.3169230769230769,
    0.41923076923076924,
    0.5215384615384615,
    0.6238461538461538,
    0.7261538461538461,
    0.8284615384615385,
    0.9307692307692308,
    1.033076923076923,
    1.1353846153846154,
    1.2376923076923076,
    1.34,
    1.4423076923076923,
    1.5446153846153847,
    1.646923076923077,
    1.7492307692307691,
    1.8515384615384616,
    1.9538461538461538,
    2.0561538461538458,
    2.1584615384615384,
    2.2607692307692306,
    2.363076923076923,
    2.465384615384615,
    2.5676923076923073,
    2.67,
    2.772307692307692,
    2.8746153846153844,
    2.9769230769230766,
    3.079230769230769,
    3.1815384615384614,
    3.2838461538461536,
    3.386153846153846,
    3.488461538461538,
    3.5907692307692307,
    3.693076923076923,
    3.795384615384615,
    3.8976923076923073,
    4.0
  ],
  "times": [
    113.91880249977112,
    114.1184766292572,
    114.09555411338806,
    114.0158109664917,
    114.03291392326355,
    113.71760678291321,
    114.5306510925293,
    114.45336532592773,
    113.55314660072327,
    113.92948913574219,
    113.99109673500061,
    113.8915467262268,
    114.27565550804138,
    113.71161532402039,
    114.37438321113586,
    114.74169826507568,
    113.90575790405273,
    114.1409957408905,
    113.61472463607788,
    113.95736408233643,
    116.64546346664429,
    116.63803315162659,
    117.37902188301086,
    117.85873293876648,
    116.63526463508606,
    116.83732652664185,
    117.39171433448792,
    117.11774826049805,
    116.2643563747406,
    116.75684857368469,
    116.94415020942688,
    117.97849535942078,
    117.72814512252808,
    117.22933101654053,
    116.79259443283081,
    117.73164486885071,
    116.98395276069641,
    116.91664958000183,
    116.45350360870361,
    117.5175199508667
  ]
}