{
  "target_distribution": "RoughCarpetScaled",
  "proposal_distribution": "Normal",
  "dimension": 20,
  "num_iterations": 200000,
  "seed": 16,
  "total_time": 2833.8726851940155,
  "max_esjd": 1.8991647958755493,
  "max_acceptance_rate": 0.105445,
  "max_scale_param": 4.488205128205128,
  "expected_squared_jump_distances": [
    9.969130042009056e-05,
    0.01800239272415638,
    0.06328057497739792,
    0.13109983503818512,
    0.21655656397342682,
    0.3157222270965576,
    0.424561470746994,
    0.5380582809448242,
    0.6541225910186768,
    0.7715578079223633,
    0.8855768442153931,
    0.9983607530593872,
    1.1003661155700684,
    1.1904281377792358,
    1.278820276260376,
    1.3812980651855469,
    1.4453502893447876,
    1.516535758972168,
    1.5892987251281738,
    1.6327825784683228,
    1.6878855228424072,
    1.7124396562576294,
    1.7472596168518066,
    1.7783071994781494,
    1.8088308572769165,
    1.8268849849700928,
    1.8384701013565063,
    1.8643378019332886,
    1.8772779703140259,
    1.8748265504837036,
    1.8609249591827393,
    1.861653447151184,
    1.8870234489440918,
    1.8596560955047607,
    1.8736305236816406,
    1.8991647958755493,
    1.8602204322814941,
    1.8380279541015625,
    1.8095110654830933,
    1.8143904209136963
  ],
  "acceptance_rates": [
    0.997045,
    0.9487,
    0.9001,
    0.85238,
    0.80477,
    0.75911,
    0.71544,
    0.67143,
    0.62865,
    0.58958,
    0.551395,
    0.51604,
    0.481165,
    0.44594,
    0.414855,
    0.392055,
    0.362215,
    0.33828,
    0.31724,
    0.293925,
    0.275135,
    0.25387,
    0.23738,
    0.221785,
    0.20745,
    0.19389,
    0.180885,
    0.17065,
    0.159955,
    0.149175,
    0.139285,
    0.13043,
    0.124385,
    0.116195,
    0.110195,
    0.105445,
    0.09803,
    0.091955,
    0.08615,
    0.08192
  ],
  "scale_param_range": [
    0.01,
    0.13794871794871796,
    0.2658974358974359,
    0.39384615384615385,
    0.5217948717948718,
    0.6497435897435898,
    0.7776923076923077,
    0.9056410256410257,
    1.0335897435897436,
    1.1615384615384616,
    1.2894871794871796,
    1.4174358974358976,
    1.5453846153846154,
    1.6733333333333333,
    1.8012820512820513,
    1.9292307692307693,
    2.057179487179487,
    2.185128205128205,
    2.313076923076923,
    2.441025641025641,
    2.568974358974359,
    2.6969230769230768,
    2.824871794871795,
    2.9528205128205127,
    3.0807692307692305,
    3.2087179487179487,
    3.3366666666666664,
    3.4646153846153847,
    3.5925641025641024,
    3.7205128205128206,
    3.8484615384615384,
    3.9764102564102566,
    4.104358974358974,
    4.2323076923076925,
    4.36025641025641,
    4.488205128205128,
    4.616153846153846,
    4.7441025641025645,
    4.872051282051282,
    5.0
  ],
  "times": [
    71.91636371612549,
    71.56737804412842,
    71.46409559249878,
    71.37309503555298,
    69.43896865844727,
    71.2604866027832,
    70.79994797706604,
    70.93980264663696,
    68.34187126159668,
    69.99570894241333,
    67.94977307319641,
    70.17267274856567,
    69.4408266544342,
    72.45319986343384,
    69.65191006660461,
    68.22005534172058,
    68.29346466064453,
    68.28061246871948,
    69.88783192634583,
    69.08022022247314,
    69.08548188209534,
    72.400461435318,
    72.55335807800293,
    73.26882243156433,
    72.14751625061035,
    72.49108624458313,
    72.27177023887634,
    72.68102383613586,
    72.66253113746643,
    72.46519422531128,
    70.35627293586731,
    73.30002021789551,
    72.99773669242859,
    71.74928069114685,
    71.01278877258301,
    70.04280090332031,
    71.15678977966309,
    69.90959811210632,
    69.8710081577301,
    70.872239112854
  ]
}