{
  "target_distribution": "RoughCarpet",
  "dimension": 20,
  "num_iterations": 200000,
  "seed": 34,
  "total_time": 18379.34934735298,
  "max_esjd": 0.008231774264842374,
  "max_actual_acceptance_rate": 0.28092767393886353,
  "max_constr_acceptance_rate": 0.29724137931034483,
  "expected_squared_jump_distances": [
    0.0011214682565171858,
    0.0020285054357477707,
    0.0024165134935588022,
    0.003917931251404416,
    0.004947714799827995,
    0.005639979754826497,
    0.005557383261917271,
    0.006032775084519486,
    0.006612886924858829,
    0.007204765496288462,
    0.006252047884054673,
    0.007395454939655147,
    0.00813086394589222,
    0.00812237945690058,
    0.007414002533813114,
    0.007701241460796919,
    0.008118498097566703,
    0.008231774264842374,
    0.007839134815800152,
    0.007882337665416218,
    0.007909096614645478,
    0.008114563841077428,
    0.007270894158042759,
    0.007433596812799432,
    0.007505388187886258,
    0.006916150661245384,
    0.0068982108965331725,
    0.0067177386503273805,
    0.0061451955762806395,
    0.006201317885703245
  ],
  "acceptance_rates": [
    0.163,
    0.03442663995993991,
    0.2050025012506253,
    0.1127691537305959,
    0.08481025332932812,
    0.08401762467454436,
    0.20175,
    0.16225,
    0.1485,
    0.14983333333333335,
    0.2384796742159034,
    0.22383367864542403,
    0.22254768879045508,
    0.2217618061013074,
    0.2948677877101957,
    0.27923985747327623,
    0.28062277246295253,
    0.28092767393886353,
    0.3481666666666667,
    0.3387222222222222,
    0.3363333333333333,
    0.3461111111111111,
    0.38555,
    0.3858385838583858,
    0.396099024756189,
    0.43338333560616393,
    0.43344244408074195,
    0.43768181818181817,
    0.4665,
    0.47693653902245925
  ],
  "swap_acceptance_rates_range": [
    0.01,
    0.026896551724137928,
    0.04379310344827586,
    0.060689655172413794,
    0.07758620689655171,
    0.09448275862068964,
    0.11137931034482758,
    0.12827586206896552,
    0.14517241379310344,
    0.16206896551724137,
    0.1789655172413793,
    0.19586206896551722,
    0.21275862068965518,
    0.2296551724137931,
    0.24655172413793103,
    0.2634482758620689,
    0.2803448275862069,
    0.29724137931034483,
    0.31413793103448273,
    0.3310344827586207,
    0.3479310344827586,
    0.36482758620689654,
    0.38172413793103444,
    0.3986206896551724,
    0.41551724137931034,
    0.43241379310344824,
    0.4493103448275862,
    0.4662068965517241,
    0.48310344827586205,
    0.5
  ],
  "times": [
    604.9648973941803,
    573.8986392021179,
    581.8366689682007,
    580.2767128944397,
    577.9455089569092,
    578.2298946380615,
    595.9788401126862,
    593.8675346374512,
    592.2945146560669,
    594.1429717540741,
    604.4773952960968,
    600.0165371894836,
    602.8013172149658,
    603.1973738670349,
    612.2821261882782,
    612.672043800354,
    613.6183969974518,
    612.7246949672699,
    624.1840751171112,
    622.5374166965485,
    622.5448935031891,
    623.0423593521118,
    633.5558087825775,
    635.0835263729095,
    634.3119602203369,
    645.1299722194672,
    644.9067928791046,
    644.6821086406708,
    657.0479938983917,
    657.0639855861664
  ]
}