{
  "target_distribution": "RoughCarpetScaled",
  "proposal_distribution": "Normal",
  "dimension": 30,
  "num_iterations": 200000,
  "seed": 19,
  "total_time": 2865.378531217575,
  "max_esjd": 2.137451410293579,
  "max_acceptance_rate": 0.185935,
  "max_scale_param": 3.4974358974358974,
  "expected_squared_jump_distances": [
    9.982034680433571e-05,
    0.016197023913264275,
    0.05717881768941879,
    0.11955329030752182,
    0.19956232607364655,
    0.2940101623535156,
    0.3991476595401764,
    0.5115653276443481,
    0.6300910711288452,
    0.7536576390266418,
    0.8719069957733154,
    0.9920190572738647,
    1.1136507987976074,
    1.2235398292541504,
    1.3286516666412354,
    1.4297505617141724,
    1.524408221244812,
    1.6135187149047852,
    1.6862486600875854,
    1.7665417194366455,
    1.8234400749206543,
    1.8901362419128418,
    1.934822916984558,
    1.9609209299087524,
    2.013719320297241,
    2.065720796585083,
    2.0732626914978027,
    2.101219654083252,
    2.0922603607177734,
    2.137451410293579,
    2.0865211486816406,
    2.089738130569458,
    2.1118924617767334,
    2.069593906402588,
    2.083798885345459,
    2.050685405731201,
    2.0059401988983154,
    2.0281567573547363,
    2.024998426437378,
    1.9736989736557007
  ],
  "acceptance_rates": [
    0.997815,
    0.955655,
    0.913495,
    0.8735,
    0.832655,
    0.79328,
    0.75325,
    0.71375,
    0.67591,
    0.6424,
    0.60421,
    0.57048,
    0.540405,
    0.507385,
    0.47713,
    0.448365,
    0.42165,
    0.396885,
    0.37111,
    0.349805,
    0.32663,
    0.307655,
    0.28809,
    0.268115,
    0.25338,
    0.240135,
    0.22323,
    0.210325,
    0.1955,
    0.185935,
    0.1703,
    0.160275,
    0.152135,
    0.140605,
    0.13361,
    0.12427,
    0.115385,
    0.11025,
    0.104735,
    0.097
  ],
  "scale_param_range": [
    0.01,
    0.13025641025641027,
    0.25051282051282053,
    0.3707692307692308,
    0.49102564102564106,
    0.6112820512820514,
    0.7315384615384616,
    0.8517948717948718,
    0.9720512820512821,
    1.0923076923076924,
    1.2125641025641027,
    1.3328205128205128,
    1.4530769230769232,
    1.5733333333333335,
    1.6935897435897436,
    1.8138461538461539,
    1.9341025641025642,
    2.054358974358974,
    2.1746153846153846,
    2.2948717948717947,
    2.4151282051282053,
    2.5353846153846153,
    2.6556410256410254,
    2.775897435897436,
    2.896153846153846,
    3.016410256410256,
    3.1366666666666667,
    3.256923076923077,
    3.377179487179487,
    3.4974358974358974,
    3.6176923076923075,
    3.737948717948718,
    3.858205128205128,
    3.9784615384615383,
    4.098717948717948,
    4.218974358974359,
    4.3392307692307694,
    4.459487179487179,
    4.57974358974359,
    4.7
  ],
  "times": [
    70.95182657241821,
    70.65123343467712,
    70.34975099563599,
    69.46259379386902,
    73.7674789428711,
    73.44924736022949,
    71.94714713096619,
    71.28037929534912,
    71.78804659843445,
    72.6753625869751,
    73.17239141464233,
    73.2191116809845,
    71.57088875770569,
    71.07861018180847,
    71.95534133911133,
    73.03945350646973,
    72.24390482902527,
    71.84537601470947,
    70.50655055046082,
    73.12536978721619,
    74.36435437202454,
    74.55028343200684,
    74.29051423072815,
    74.12297511100769,
    69.86735129356384,
    70.87026381492615,
    70.46461892127991,
    71.88243055343628,
    69.39061117172241,
    70.26148676872253,
    69.8635106086731,
    71.41700387001038,
    70.55043768882751,
    70.02569651603699,
    70.16663765907288,
    69.50721526145935,
    69.7140121459961,
    70.66031455993652,
    72.77145552635193,
    72.50651931762695
  ]
}