{
  "target_distribution": "RoughCarpet",
  "proposal_distribution": "Normal",
  "dimension": 20,
  "num_iterations": 200000,
  "seed": 17,
  "total_time": 7705.45099067688,
  "max_esjd": 2.303546667098999,
  "max_acceptance_rate": 0.196725,
  "max_scale_param": 3.5907692307692307,
  "expected_squared_jump_distances": [
    9.980724280467257e-05,
    0.012162409722805023,
    0.0428135059773922,
    0.09006554633378983,
    0.1515432447195053,
    0.22528734803199768,
    0.30934983491897583,
    0.4021146893501282,
    0.500444233417511,
    0.6044186949729919,
    0.7116540670394897,
    0.8228572010993958,
    0.9304790496826172,
    1.0419206619262695,
    1.148929238319397,
    1.253993272781372,
    1.3529906272888184,
    1.451489806175232,
    1.5499213933944702,
    1.6404285430908203,
    1.7112503051757812,
    1.78933846950531,
    1.8601549863815308,
    1.924180269241333,
    1.9730029106140137,
    2.0402724742889404,
    2.0886316299438477,
    2.1327085494995117,
    2.1585490703582764,
    2.1936120986938477,
    2.238574981689453,
    2.2713162899017334,
    2.254531145095825,
    2.274122476577759,
    2.254072427749634,
    2.303546667098999,
    2.2880475521087646,
    2.284630060195923,
    2.2849481105804443,
    2.249156951904297
  ],
  "acceptance_rates": [
    0.998215,
    0.966085,
    0.932955,
    0.9013,
    0.868895,
    0.836245,
    0.804345,
    0.773505,
    0.741615,
    0.71177,
    0.68196,
    0.65448,
    0.624525,
    0.597905,
    0.5706,
    0.54512,
    0.51861,
    0.49475,
    0.47295,
    0.4507,
    0.426415,
    0.405615,
    0.38589,
    0.366755,
    0.346655,
    0.330765,
    0.31434,
    0.29869,
    0.28208,
    0.268505,
    0.256165,
    0.24437,
    0.228725,
    0.217565,
    0.20372,
    0.196725,
    0.185195,
    0.175925,
    0.16767,
    0.15635
  ],
  "scale_param_range": [
    0.01,
    0.1123076923076923,
    0.21461538461538462,
    0.3169230769230769,
    0.41923076923076924,
    0.5215384615384615,
    0.6238461538461538,
    0.7261538461538461,
    0.8284615384615385,
    0.9307692307692308,
    1.033076923076923,
    1.1353846153846154,
    1.2376923076923076,
    1.34,
    1.4423076923076923,
    1.5446153846153847,
    1.646923076923077,
    1.7492307692307691,
    1.8515384615384616,
    1.9538461538461538,
    2.0561538461538458,
    2.1584615384615384,
    2.2607692307692306,
    2.363076923076923,
    2.465384615384615,
    2.5676923076923073,
    2.67,
    2.772307692307692,
    2.8746153846153844,
    2.9769230769230766,
    3.079230769230769,
    3.1815384615384614,
    3.2838461538461536,
    3.386153846153846,
    3.488461538461538,
    3.5907692307692307,
    3.693076923076923,
    3.795384615384615,
    3.8976923076923073,
    4.0
  ],
  "times": [
    188.8239028453827,
    189.87772369384766,
    192.83055901527405,
    192.9406454563141,
    192.0939245223999,
    191.6759581565857,
    192.37379145622253,
    193.09552359580994,
    192.84539532661438,
    192.4576609134674,
    192.3726007938385,
    192.13915300369263,
    192.83490252494812,
    192.9017837047577,
    192.9886212348938,
    192.05707955360413,
    192.7640995979309,
    192.80586004257202,
    193.0028772354126,
    193.6231553554535,
    192.9095299243927,
    192.96802592277527,
    192.8750605583191,
    192.86676144599915,
    192.82664680480957,
    192.99025201797485,
    192.86746215820312,
    192.50781345367432,
    192.87425541877747,
    192.94954586029053,
    192.79875445365906,
    192.59858298301697,
    192.9801914691925,
    193.04416918754578,
    193.11172938346863,
    193.16427993774414,
    192.89900374412537,
    192.9129068851471,
    192.9275164604187,
    193.05069208145142
  ]
}