{
  "target_distribution": "RoughCarpet",
  "dimension": 10,
  "num_iterations": 200000,
  "seed": 21,
  "total_time": 9794.207418203354,
  "max_esjd": 0.01709572896107443,
  "max_actual_acceptance_rate": 0.24072036018009005,
  "max_constr_acceptance_rate": 0.21275862068965518,
  "expected_squared_jump_distances": [
    0.0021673476023990872,
    0.004664939307264642,
    0.008727656537512578,
    0.009016778628321974,
    0.00963384246992317,
    0.010842172247516622,
    0.012449580229313117,
    0.012936764359742305,
    0.01702510240879984,
    0.01366189224192377,
    0.013618279477133849,
    0.01471445055578835,
    0.01709572896107443,
    0.016826156361527442,
    0.013211662884578,
    0.013360065029009086,
    0.015200230210681766,
    0.015866316413585324,
    0.015788516688490496,
    0.013743223214076955,
    0.014238334499334043,
    0.01411182666677254,
    0.014591029341287377,
    0.015172761303138807,
    0.013163744510008343,
    0.01378072025538959,
    0.013906408156610171,
    0.013469906921972686,
    0.01159790354437006,
    0.011744738768053268
  ],
  "acceptance_rates": [
    0.005235602094240838,
    0.06342847604740444,
    0.05624165554072096,
    0.05230614973262032,
    0.203,
    0.15675,
    0.14476976976976977,
    0.13285750062609566,
    0.14326826826826827,
    0.2976,
    0.26535307061412283,
    0.24499799919967988,
    0.24072036018009005,
    0.23549419767907162,
    0.35783333333333334,
    0.3363333333333333,
    0.3308333333333333,
    0.3234436203016918,
    0.3147453530049179,
    0.41185714285714287,
    0.40220031433061865,
    0.3931990284326332,
    0.3914844977853979,
    0.39605657951135875,
    0.4558409900618789,
    0.45534095880992564,
    0.45559097443590224,
    0.45334083380211265,
    0.5030003333703745,
    0.4987499305516973
  ],
  "swap_acceptance_rates_range": [
    0.01,
    0.026896551724137928,
    0.04379310344827586,
    0.060689655172413794,
    0.07758620689655171,
    0.09448275862068964,
    0.11137931034482758,
    0.12827586206896552,
    0.14517241379310344,
    0.16206896551724137,
    0.1789655172413793,
    0.19586206896551722,
    0.21275862068965518,
    0.2296551724137931,
    0.24655172413793103,
    0.2634482758620689,
    0.2803448275862069,
    0.29724137931034483,
    0.31413793103448273,
    0.3310344827586207,
    0.3479310344827586,
    0.36482758620689654,
    0.38172413793103444,
    0.3986206896551724,
    0.41551724137931034,
    0.43241379310344824,
    0.4493103448275862,
    0.4662068965517241,
    0.48310344827586205,
    0.5
  ],
  "times": [
    311.16432905197144,
    300.9970965385437,
    298.418438911438,
    297.0994656085968,
    312.985342502594,
    310.0475652217865,
    310.97394847869873,
    310.4090702533722,
    309.7332179546356,
    319.7600100040436,
    319.84172224998474,
    319.63356137275696,
    318.6840310096741,
    318.73272919654846,
    329.35740780830383,
    328.335333108902,
    328.0007758140564,
    329.0746738910675,
    328.46419882774353,
    338.21265482902527,
    338.87387800216675,
    338.35281014442444,
    338.1236345767975,
    338.75513887405396,
    347.2396047115326,
    346.59077763557434,
    347.229106426239,
    347.4744906425476,
    355.2012507915497,
    356.39240765571594
  ]
}