{
  "target_distribution": "RoughCarpet",
  "dimension": 10,
  "num_iterations": 500000,
  "seed": 6,
  "total_time": 25726.384624242783,
  "max_esjd": 0.015928352272134697,
  "max_actual_acceptance_rate": 0.31487716257208576,
  "max_constr_acceptance_rate": 0.31413793103448273,
  "expected_squared_jump_distances": [
    0.002421812127328603,
    0.004793437745927472,
    0.00732279239955046,
    0.008846643101203746,
    0.009543593119234145,
    0.010302316606440726,
    0.012367940400511267,
    0.013100317622142026,
    0.014717384544738216,
    0.012730119120515145,
    0.013586882526733504,
    0.013867750225412869,
    0.014164344856644777,
    0.015606248998352666,
    0.013660305734583784,
    0.014381928467254043,
    0.01479106247651646,
    0.015567320310415647,
    0.015928352272134697,
    0.013839116216714823,
    0.013837006574120828,
    0.014283648839602155,
    0.01440033939517842,
    0.014879531205025737,
    0.013311707503681219,
    0.01321559388429096,
    0.013345770204268467,
    0.013442693952111725,
    0.011869565375600648,
    0.011832659577520927
  ],
  "acceptance_rates": [
    0.004734562304825224,
    0.06582380092313868,
    0.051160618996798295,
    0.05332354511478911,
    0.20777077707770777,
    0.16009605763458074,
    0.14537180577086564,
    0.1357814688813288,
    0.1417070853542677,
    0.29256,
    0.26064,
    0.23805901429314968,
    0.22797823825906072,
    0.2313970235237638,
    0.35856666666666664,
    0.33726666666666666,
    0.32476666666666665,
    0.3158666666666667,
    0.31487716257208576,
    0.4140285714285714,
    0.3998399954284408,
    0.3880396582759507,
    0.3847296833923877,
    0.38954767551504416,
    0.4597114927873197,
    0.4536113402835071,
    0.449411235280882,
    0.4542113552838821,
    0.5024,
    0.5025333333333334
  ],
  "swap_acceptance_rates_range": [
    0.01,
    0.026896551724137928,
    0.04379310344827586,
    0.060689655172413794,
    0.07758620689655171,
    0.09448275862068964,
    0.11137931034482758,
    0.12827586206896552,
    0.14517241379310344,
    0.16206896551724137,
    0.1789655172413793,
    0.19586206896551722,
    0.21275862068965518,
    0.2296551724137931,
    0.24655172413793103,
    0.2634482758620689,
    0.2803448275862069,
    0.29724137931034483,
    0.31413793103448273,
    0.3310344827586207,
    0.3479310344827586,
    0.36482758620689654,
    0.38172413793103444,
    0.3986206896551724,
    0.41551724137931034,
    0.43241379310344824,
    0.4493103448275862,
    0.4662068965517241,
    0.48310344827586205,
    0.5
  ],
  "times": [
    782.2727439403534,
    785.7194447517395,
    782.8682544231415,
    782.2040293216705,
    818.2899384498596,
    815.960725069046,
    815.295841217041,
    815.4807088375092,
    816.217892408371,
    838.4695301055908,
    838.4902245998383,
    838.6097702980042,
    838.1766891479492,
    837.8981564044952,
    861.6189439296722,
    861.385330915451,
    860.7768442630768,
    860.8176310062408,
    860.6547901630402,
    885.093423128128,
    885.1038315296173,
    884.8622918128967,
    885.5632574558258,
    886.0511281490326,
    907.9667837619781,
    909.1942293643951,
    908.754531621933,
    909.4894962310791,
    976.8874530792236,
    976.1780931949615
  ]
}