{
  "target_distribution": "RoughCarpet",
  "dimension": 30,
  "num_iterations": 200000,
  "seed": 7,
  "total_time": 15315.60239481926,
  "max_esjd": 0.000999774183451221,
  "max_actual_acceptance_rate": 0.17393034825870646,
  "max_constr_acceptance_rate": 0.026896551724137928,
  "expected_squared_jump_distances": [
    0.0009938530232614317,
    0.000999774183451221,
    0.000999774183451221,
    0.000999774183451221,
    0.000999774183451221,
    0.000999774183451221,
    0.000999774183451221,
    0.000999774183451221,
    0.000999774183451221,
    0.000999774183451221,
    0.000999774183451221,
    0.000999774183451221,
    0.000999774183451221,
    0.000999774183451221,
    0.000999774183451221,
    0.000999774183451221,
    0.000999774183451221,
    0.000999774183451221,
    0.000999774183451221,
    0.000999774183451221,
    0.000999774183451221,
    0.000999774183451221,
    0.000999774183451221,
    0.000999774183451221,
    0.000999774183451221,
    0.000999774183451221,
    0.000999774183451221,
    0.000999774183451221,
    0.000999774183451221,
    0.000999774183451221
  ],
  "acceptance_rates": [
    0.17024875621890548,
    0.17393034825870646,
    0.17393034825870646,
    0.17393034825870646,
    0.17393034825870646,
    0.17393034825870646,
    0.17393034825870646,
    0.17393034825870646,
    0.17393034825870646,
    0.17393034825870646,
    0.17393034825870646,
    0.17393034825870646,
    0.17393034825870646,
    0.17393034825870646,
    0.17393034825870646,
    0.17393034825870646,
    0.17393034825870646,
    0.17393034825870646,
    0.17393034825870646,
    0.17393034825870646,
    0.17393034825870646,
    0.17393034825870646,
    0.17393034825870646,
    0.17393034825870646,
    0.17393034825870646,
    0.17393034825870646,
    0.17393034825870646,
    0.17393034825870646,
    0.17393034825870646,
    0.17393034825870646
  ],
  "swap_acceptance_rates_range": [
    0.01,
    0.026896551724137928,
    0.04379310344827586,
    0.060689655172413794,
    0.07758620689655171,
    0.09448275862068964,
    0.11137931034482758,
    0.12827586206896552,
    0.14517241379310344,
    0.16206896551724137,
    0.1789655172413793,
    0.19586206896551722,
    0.21275862068965518,
    0.2296551724137931,
    0.24655172413793103,
    0.2634482758620689,
    0.2803448275862069,
    0.29724137931034483,
    0.31413793103448273,
    0.3310344827586207,
    0.3479310344827586,
    0.36482758620689654,
    0.38172413793103444,
    0.3986206896551724,
    0.41551724137931034,
    0.43241379310344824,
    0.4493103448275862,
    0.4662068965517241,
    0.48310344827586205,
    0.5
  ],
  "times": [
    512.3313541412354,
    508.9360194206238,
    510.1691505908966,
    511.7582800388336,
    510.4420006275177,
    511.69470167160034,
    509.7061719894409,
    510.790367603302,
    511.01473689079285,
    511.1787941455841,
    510.4843304157257,
    510.15478253364563,
    508.43970584869385,
    509.400429725647,
    509.3863823413849,
    507.8626706600189,
    508.72194957733154,
    511.00858783721924,
    510.8337233066559,
    510.51235151290894,
    510.36124539375305,
    511.4610321521759,
    511.87978959083557,
    510.7235541343689,
    511.526385307312,
    509.0015821456909,
    510.5104470252991,
    509.22735571861267,
    515.2224357128143,
    510.8294107913971
  ],
  "beta_ladder": [
    1.0,
    0.3775406687981454,
    0.14253695659655094,
    0.05342866349117161,
    0.011373145765047693,
    0.01
  ]
}