{
  "target_distribution": "RoughCarpet",
  "dimension": 10,
  "num_iterations": 500000,
  "seed": 15,
  "total_time": 39305.481194257736,
  "max_esjd": 0.016036511475100018,
  "max_actual_acceptance_rate": 0.23422810737288474,
  "max_constr_acceptance_rate": 0.2296551724137931,
  "expected_squared_jump_distances": [
    0.0011017279132700172,
    0.004496419938928096,
    0.006661399169073331,
    0.010300206306884644,
    0.008278922474672277,
    0.01014131318593889,
    0.011993797094813,
    0.013539631438597809,
    0.015267835325926613,
    0.01275610584823212,
    0.013457889734579998,
    0.014502783183472558,
    0.015272615613566952,
    0.016036511475100018,
    0.01370566691375732,
    0.014663326304102752,
    0.014749078846600023,
    0.015472711669798758,
    0.015890700450137164,
    0.014165770048004497,
    0.014427852447944122,
    0.014487922839335327,
    0.014856636226603128,
    0.01503930576518078,
    0.012951714410782833,
    0.013074955559098732,
    0.01330610617331076,
    0.013070041535169566,
    0.01181784365409787,
    0.011702891972918364
  ],
  "acceptance_rates": [
    0.003706672009617311,
    0.0688550840672538,
    0.051936795786385756,
    0.055837224816544365,
    0.20554110822164434,
    0.15704711413424027,
    0.1405053790342757,
    0.13829148744623387,
    0.14097048524262132,
    0.29524,
    0.26053379216517947,
    0.23817905432434594,
    0.2334627235983833,
    0.23422810737288474,
    0.35933333333333334,
    0.3429333333333333,
    0.3242,
    0.316998366503317,
    0.31678613102183695,
    0.41374285714285713,
    0.404,
    0.39365714285714287,
    0.39126210818070123,
    0.39071428571428574,
    0.458,
    0.450825,
    0.44942247112355616,
    0.4471,
    0.5050666666666667,
    0.4999111071603182
  ],
  "swap_acceptance_rates_range": [
    0.01,
    0.026896551724137928,
    0.04379310344827586,
    0.060689655172413794,
    0.07758620689655171,
    0.09448275862068964,
    0.11137931034482758,
    0.12827586206896552,
    0.14517241379310344,
    0.16206896551724137,
    0.1789655172413793,
    0.19586206896551722,
    0.21275862068965518,
    0.2296551724137931,
    0.24655172413793103,
    0.2634482758620689,
    0.2803448275862069,
    0.29724137931034483,
    0.31413793103448273,
    0.3310344827586207,
    0.3479310344827586,
    0.36482758620689654,
    0.38172413793103444,
    0.3986206896551724,
    0.41551724137931034,
    0.43241379310344824,
    0.4493103448275862,
    0.4662068965517241,
    0.48310344827586205,
    0.5
  ],
  "times": [
    1218.3653981685638,
    1209.7811465263367,
    1205.8368072509766,
    1206.5852544307709,
    1259.693823337555,
    1256.0946412086487,
    1254.550057888031,
    1251.4694271087646,
    1255.9130458831787,
    1287.553223848343,
    1290.122684955597,
    1285.6092340946198,
    1286.80353140831,
    1288.119877576828,
    1323.2029974460602,
    1323.1566805839539,
    1320.7275800704956,
    1322.9959661960602,
    1320.008029460907,
    1351.6259026527405,
    1352.345700263977,
    1353.3984293937683,
    1353.2324833869934,
    1357.4783749580383,
    1382.388904094696,
    1384.6644418239594,
    1381.969364643097,
    1387.0098621845245,
    1415.385754585266,
    1419.3498003482819
  ]
}