{
  "target_distribution": "RoughCarpetScaled",
  "proposal_distribution": "Normal",
  "dimension": 30,
  "num_iterations": 200000,
  "seed": 8,
  "total_time": 2827.4365298748016,
  "max_esjd": 1.657800555229187,
  "max_acceptance_rate": 0.19411,
  "max_scale_param": 3.016410256410256,
  "expected_squared_jump_distances": [
    9.977874287869781e-05,
    0.01609484665095806,
    0.05664510279893875,
    0.1174347847700119,
    0.19488270580768585,
    0.28507107496261597,
    0.38448771834373474,
    0.4904097616672516,
    0.599012553691864,
    0.7065331935882568,
    0.8141240477561951,
    0.9195983409881592,
    1.0238970518112183,
    1.1188279390335083,
    1.199137806892395,
    1.2825860977172852,
    1.3440276384353638,
    1.4101699590682983,
    1.4574916362762451,
    1.5158191919326782,
    1.5457165241241455,
    1.5737255811691284,
    1.6125249862670898,
    1.636666178703308,
    1.636024832725525,
    1.657800555229187,
    1.6209460496902466,
    1.648806095123291,
    1.6298527717590332,
    1.5824145078659058,
    1.5970377922058105,
    1.591471552848816,
    1.5624555349349976,
    1.5025962591171265,
    1.5046390295028687,
    1.4792191982269287,
    1.470541000366211,
    1.456058144569397,
    1.3930037021636963,
    1.4154062271118164
  ],
  "acceptance_rates": [
    0.997365,
    0.9498,
    0.905465,
    0.858285,
    0.81387,
    0.76999,
    0.72699,
    0.68574,
    0.644655,
    0.604305,
    0.56646,
    0.530905,
    0.498505,
    0.46594,
    0.43222,
    0.404195,
    0.373755,
    0.348665,
    0.322905,
    0.30183,
    0.27883,
    0.25833,
    0.24195,
    0.225525,
    0.207515,
    0.19411,
    0.176245,
    0.166645,
    0.15377,
    0.139875,
    0.131865,
    0.12335,
    0.11391,
    0.103555,
    0.09778,
    0.090775,
    0.0857,
    0.080235,
    0.073165,
    0.070705
  ],
  "scale_param_range": [
    0.01,
    0.13025641025641027,
    0.25051282051282053,
    0.3707692307692308,
    0.49102564102564106,
    0.6112820512820514,
    0.7315384615384616,
    0.8517948717948718,
    0.9720512820512821,
    1.0923076923076924,
    1.2125641025641027,
    1.3328205128205128,
    1.4530769230769232,
    1.5733333333333335,
    1.6935897435897436,
    1.8138461538461539,
    1.9341025641025642,
    2.054358974358974,
    2.1746153846153846,
    2.2948717948717947,
    2.4151282051282053,
    2.5353846153846153,
    2.6556410256410254,
    2.775897435897436,
    2.896153846153846,
    3.016410256410256,
    3.1366666666666667,
    3.256923076923077,
    3.377179487179487,
    3.4974358974358974,
    3.6176923076923075,
    3.737948717948718,
    3.858205128205128,
    3.9784615384615383,
    4.098717948717948,
    4.218974358974359,
    4.3392307692307694,
    4.459487179487179,
    4.57974358974359,
    4.7
  ],
  "times": [
    71.07525420188904,
    69.9400269985199,
    69.25796961784363,
    69.94180345535278,
    69.42470169067383,
    68.59065365791321,
    68.17341113090515,
    67.5483467578888,
    67.99293446540833,
    69.57915353775024,
    68.06740355491638,
    67.75895428657532,
    67.9641752243042,
    68.36823678016663,
    68.53499174118042,
    69.06508374214172,
    68.40806317329407,
    69.33501887321472,
    68.99201965332031,
    70.75282788276672,
    71.15364980697632,
    71.09650135040283,
    72.18360185623169,
    73.4019935131073,
    72.99404287338257,
    73.43494153022766,
    73.8134331703186,
    73.56819868087769,
    73.19038558006287,
    73.393563747406,
    71.75546479225159,
    72.40321230888367,
    73.03800201416016,
    71.45889687538147,
    72.27811431884766,
    71.86637163162231,
    71.9931092262268,
    72.37598013877869,
    71.68955135345459,
    71.52539086341858
  ]
}