{
  "target_distribution": "RoughCarpet",
  "dimension": 30,
  "num_iterations": 500000,
  "seed": 20,
  "total_time": 107613.07014656067,
  "max_esjd": 0.005719947828754124,
  "max_actual_acceptance_rate": 0.24566082183256663,
  "max_constr_acceptance_rate": 0.2634482758620689,
  "expected_squared_jump_distances": [
    0.0008991355186092121,
    0.0014801061651282654,
    0.0019352294642142147,
    0.0028991323740527536,
    0.003202452557448078,
    0.0035638638660543693,
    0.003991584965083805,
    0.004698500883729647,
    0.00417707395322701,
    0.004384159485158925,
    0.00497604360635422,
    0.005513485004559063,
    0.004967385542864069,
    0.005061288273166011,
    0.005650032075921394,
    0.005719947828754124,
    0.005292626293197634,
    0.005347487208189603,
    0.005431851491605496,
    0.005213940277731721,
    0.005377393395126649,
    0.005454928401750718,
    0.004898216450871435,
    0.005045338573452306,
    0.005092725144349524,
    0.004711364911669443,
    0.004693295138522371,
    0.004395607127989276,
    0.004365818757115289,
    0.0040756749618764045
  ],
  "acceptance_rates": [
    0.010301030103010301,
    0.03975021015972139,
    0.18426666666666666,
    0.09531270836111481,
    0.07868502650618478,
    0.1856,
    0.1428122410492328,
    0.13075780089153047,
    0.23195,
    0.195625,
    0.182525,
    0.188375,
    0.2525777777777778,
    0.2384941887597502,
    0.23706848645164158,
    0.24566082183256663,
    0.2873602304322605,
    0.28746599455912947,
    0.292640969735763,
    0.3296605392825324,
    0.3347151766395753,
    0.34195167184857905,
    0.36923948732478873,
    0.3785126170872362,
    0.3887898131635527,
    0.4154769230769231,
    0.42264615384615384,
    0.4480699448555673,
    0.45905597302780077,
    0.47951306017413564
  ],
  "swap_acceptance_rates_range": [
    0.01,
    0.026896551724137928,
    0.04379310344827586,
    0.060689655172413794,
    0.07758620689655171,
    0.09448275862068964,
    0.11137931034482758,
    0.12827586206896552,
    0.14517241379310344,
    0.16206896551724137,
    0.1789655172413793,
    0.19586206896551722,
    0.21275862068965518,
    0.2296551724137931,
    0.24655172413793103,
    0.2634482758620689,
    0.2803448275862069,
    0.29724137931034483,
    0.31413793103448273,
    0.3310344827586207,
    0.3479310344827586,
    0.36482758620689654,
    0.38172413793103444,
    0.3986206896551724,
    0.41551724137931034,
    0.43241379310344824,
    0.4493103448275862,
    0.4662068965517241,
    0.48310344827586205,
    0.5
  ],
  "times": [
    3384.6096198558807,
    3431.3788056373596,
    3500.0637052059174,
    3484.732796192169,
    3488.288998365402,
    3524.2793073654175,
    3510.113505601883,
    3521.282932281494,
    3543.8853142261505,
    3538.196304321289,
    3544.68541932106,
    3533.4674623012543,
    3575.0103089809418,
    3577.876842021942,
    3570.154501438141,
    3578.97615981102,
    3607.047320127487,
    3600.393972158432,
    3608.214605808258,
    3643.4883308410645,
    3637.026027441025,
    3641.0596907138824,
    3676.4505507946014,
    3679.1925551891327,
    3675.9514286518097,
    3709.3189775943756,
    3705.730973958969,
    3751.5453407764435,
    3666.7508594989777,
    3703.8538389205933
  ]
}