{
  "target_distribution": "RoughCarpet",
  "dimension": 10,
  "num_iterations": 500000,
  "seed": 16,
  "total_time": 25261.406617879868,
  "max_esjd": 0.016334977689041474,
  "max_actual_acceptance_rate": 0.23293863509080726,
  "max_constr_acceptance_rate": 0.2296551724137931,
  "expected_squared_jump_distances": [
    0.0030767070573108277,
    0.004632377766625726,
    0.007780265372604743,
    0.01041847706828406,
    0.009510955591847359,
    0.010237660323168694,
    0.011904104018227885,
    0.013173766326097298,
    0.014712414377168992,
    0.012957785822678442,
    0.013922556836033669,
    0.014798628130665714,
    0.014679797818817737,
    0.016334977689041474,
    0.0138626532083022,
    0.013795359530289516,
    0.014813531197928076,
    0.014958629798935086,
    0.015295448378631499,
    0.013979098277528884,
    0.014149508593312779,
    0.014583455808486771,
    0.014729648576761041,
    0.01486286419044259,
    0.013081900844495098,
    0.012929291416854503,
    0.013067074483729471,
    0.013055286414930919,
    0.01189511839721722,
    0.011799419518487151
  ],
  "acceptance_rates": [
    0.006402974284829082,
    0.06361696452387303,
    0.054012551742555745,
    0.05347843503805581,
    0.2048602430121506,
    0.15468093618723744,
    0.1432071603580179,
    0.1368568428421421,
    0.14108527131782947,
    0.2944,
    0.26332,
    0.24104,
    0.22908,
    0.23293863509080726,
    0.3621,
    0.337477915930531,
    0.324999166583325,
    0.31644050278398295,
    0.3127062981362318,
    0.4132571428571429,
    0.40105714285714283,
    0.3929714285714286,
    0.38802857142857144,
    0.39025714285714286,
    0.4582,
    0.44735,
    0.4456611415285382,
    0.452375,
    0.5039333333333333,
    0.5007111111111111
  ],
  "swap_acceptance_rates_range": [
    0.01,
    0.026896551724137928,
    0.04379310344827586,
    0.060689655172413794,
    0.07758620689655171,
    0.09448275862068964,
    0.11137931034482758,
    0.12827586206896552,
    0.14517241379310344,
    0.16206896551724137,
    0.1789655172413793,
    0.19586206896551722,
    0.21275862068965518,
    0.2296551724137931,
    0.24655172413793103,
    0.2634482758620689,
    0.2803448275862069,
    0.29724137931034483,
    0.31413793103448273,
    0.3310344827586207,
    0.3479310344827586,
    0.36482758620689654,
    0.38172413793103444,
    0.3986206896551724,
    0.41551724137931034,
    0.43241379310344824,
    0.4493103448275862,
    0.4662068965517241,
    0.48310344827586205,
    0.5
  ],
  "times": [
    714.5416195392609,
    731.203042268753,
    737.1355931758881,
    750.5225412845612,
    785.2173483371735,
    781.8816010951996,
    780.9534039497375,
    777.1310842037201,
    781.134147644043,
    805.7679646015167,
    804.5436708927155,
    799.379890203476,
    794.4996876716614,
    797.8013665676117,
    827.8116054534912,
    812.9482572078705,
    808.6081917285919,
    808.9980945587158,
    805.9212467670441,
    831.4842956066132,
    898.0478327274323,
    932.6083908081055,
    940.4759411811829,
    936.4603931903839,
    964.8449711799622,
    966.4648492336273,
    958.9343767166138,
    950.8163945674896,
    980.8476853370667,
    994.3837840557098
  ]
}