{
  "target_distribution": "RoughCarpet",
  "dimension": 10,
  "num_iterations": 500000,
  "seed": 7,
  "total_time": 26149.89173436165,
  "max_esjd": 0.01598540474404203,
  "max_actual_acceptance_rate": 0.22985838867109368,
  "max_constr_acceptance_rate": 0.2296551724137931,
  "expected_squared_jump_distances": [
    0.002982088354468836,
    0.004346916021830934,
    0.007532655627074537,
    0.009982063058046558,
    0.008841652823001957,
    0.009796905618048728,
    0.011576907926797447,
    0.014092811141763884,
    0.014508254141731737,
    0.012546592051714156,
    0.013171909601791367,
    0.015071577395757017,
    0.015385515860460698,
    0.01598540474404203,
    0.014257528231704529,
    0.01497822561498772,
    0.01518135680661801,
    0.015840090689096448,
    0.01582468006919466,
    0.013959828053610427,
    0.014125840910997459,
    0.014554507476670467,
    0.014887218932957297,
    0.014918458894456619,
    0.013364176494044313,
    0.013283483580244308,
    0.013342713749170985,
    0.013410892984221707,
    0.011914163706556175,
    0.012028603641625953
  ],
  "acceptance_rates": [
    0.0063006300630063005,
    0.06450103602700354,
    0.052536595147383194,
    0.05321137668580585,
    0.2078207820782078,
    0.15830289688297394,
    0.1424142414241424,
    0.14152737463717346,
    0.1385762169193056,
    0.29472,
    0.2588,
    0.24272,
    0.22812,
    0.22985838867109368,
    0.3661,
    0.34163333333333334,
    0.3228666666666667,
    0.3219666666666667,
    0.31606666666666666,
    0.4140285714285714,
    0.4027428571428571,
    0.3923142857142857,
    0.3898857142857143,
    0.39277142857142855,
    0.461175,
    0.45378634465861645,
    0.4518612965324133,
    0.45522276113805693,
    0.5037889730882908,
    0.5052556723482744
  ],
  "swap_acceptance_rates_range": [
    0.01,
    0.026896551724137928,
    0.04379310344827586,
    0.060689655172413794,
    0.07758620689655171,
    0.09448275862068964,
    0.11137931034482758,
    0.12827586206896552,
    0.14517241379310344,
    0.16206896551724137,
    0.1789655172413793,
    0.19586206896551722,
    0.21275862068965518,
    0.2296551724137931,
    0.24655172413793103,
    0.2634482758620689,
    0.2803448275862069,
    0.29724137931034483,
    0.31413793103448273,
    0.3310344827586207,
    0.3479310344827586,
    0.36482758620689654,
    0.38172413793103444,
    0.3986206896551724,
    0.41551724137931034,
    0.43241379310344824,
    0.4493103448275862,
    0.4662068965517241,
    0.48310344827586205,
    0.5
  ],
  "times": [
    795.6033155918121,
    802.6534144878387,
    799.3381459712982,
    799.330796957016,
    835.0101683139801,
    833.3163042068481,
    831.6931517124176,
    831.5898146629333,
    830.7409482002258,
    854.370014667511,
    855.4159591197968,
    854.8238248825073,
    854.1887800693512,
    854.0260365009308,
    878.2047610282898,
    880.2087936401367,
    878.6933360099792,
    879.076905965805,
    877.5905568599701,
    902.6238422393799,
    903.2879781723022,
    903.4468848705292,
    903.4129559993744,
    904.1950023174286,
    926.2113282680511,
    927.0960671901703,
    926.7961354255676,
    926.8039901256561,
    949.04119348526,
    951.0697054862976
  ]
}