{
  "target_distribution": "RoughCarpetScaled",
  "proposal_distribution": "Normal",
  "dimension": 2,
  "num_iterations": 100000,
  "seed": 8,
  "total_time": 1944.117333650589,
  "max_esjd": 5.12933874130249,
  "max_acceptance_rate": 0.24867,
  "max_scale_param": 6.776410256410256,
  "expected_squared_jump_distances": [
    9.946474165190011e-05,
    0.2774641215801239,
    0.8160110712051392,
    1.5381999015808105,
    2.3787734508514404,
    3.218194007873535,
    3.9001224040985107,
    4.521876335144043,
    4.863964080810547,
    5.057474136352539,
    5.10913610458374,
    5.12933874130249,
    4.9924798011779785,
    4.849012851715088,
    4.591212272644043,
    4.363204479217529,
    4.135922431945801,
    3.8243026733398438,
    3.7078912258148193,
    3.45292592048645,
    3.192103147506714,
    3.1117043495178223,
    2.822561740875244,
    2.6779706478118896,
    2.449258804321289,
    2.2974390983581543,
    2.1872732639312744,
    2.0784800052642822,
    1.965834617614746,
    1.8276346921920776,
    1.6784067153930664,
    1.6241395473480225,
    1.5425204038619995,
    1.4837146997451782,
    1.446975588798523,
    1.3327953815460205,
    1.2332000732421875,
    1.249169111251831,
    1.223678708076477,
    1.0792405605316162
  ],
  "acceptance_rates": [
    0.99767,
    0.8005,
    0.64939,
    0.55574,
    0.49609,
    0.44839,
    0.40524,
    0.36995,
    0.3355,
    0.29896,
    0.27261,
    0.24867,
    0.22343,
    0.20498,
    0.18553,
    0.16926,
    0.15481,
    0.14004,
    0.12985,
    0.11943,
    0.1084,
    0.10327,
    0.09395,
    0.08715,
    0.07949,
    0.07492,
    0.06977,
    0.06575,
    0.06143,
    0.05762,
    0.05306,
    0.05076,
    0.04808,
    0.04594,
    0.04401,
    0.0412,
    0.03783,
    0.03679,
    0.03521,
    0.03308
  ],
  "scale_param_range": [
    0.01,
    0.6251282051282051,
    1.2402564102564102,
    1.8553846153846154,
    2.47051282051282,
    3.085641025641025,
    3.7007692307692306,
    4.315897435897435,
    4.931025641025641,
    5.546153846153846,
    6.1612820512820505,
    6.776410256410256,
    7.391538461538461,
    8.006666666666666,
    8.62179487179487,
    9.236923076923077,
    9.852051282051281,
    10.467179487179486,
    11.082307692307692,
    11.697435897435897,
    12.312564102564101,
    12.927692307692308,
    13.542820512820512,
    14.157948717948717,
    14.773076923076923,
    15.388205128205128,
    16.003333333333334,
    16.61846153846154,
    17.233589743589743,
    17.84871794871795,
    18.463846153846156,
    19.07897435897436,
    19.694102564102565,
    20.30923076923077,
    20.924358974358974,
    21.53948717948718,
    22.154615384615386,
    22.76974358974359,
    23.384871794871795,
    24.0
  ],
  "times": [
    49.177361249923706,
    48.65496325492859,
    48.791709184646606,
    48.68681359291077,
    48.80172634124756,
    48.546335220336914,
    48.64295935630798,
    48.51444172859192,
    48.47884440422058,
    48.644115924835205,
    48.67191529273987,
    48.596282720565796,
    48.494900703430176,
    48.48321843147278,
    48.71498918533325,
    48.597047090530396,
    48.48994493484497,
    48.572265625,
    48.582316875457764,
    48.60066294670105,
    48.64149880409241,
    48.49190402030945,
    48.481337785720825,
    48.5413556098938,
    48.65361547470093,
    48.62136721611023,
    48.47752809524536,
    48.4850800037384,
    48.59880042076111,
    48.63145184516907,
    48.54469609260559,
    48.640711545944214,
    48.493757009506226,
    48.61977958679199,
    48.64415740966797,
    48.6483998298645,
    48.58367586135864,
    48.41070222854614,
    48.511462688446045,
    48.616028785705566
  ]
}