{
  "target_distribution": "RoughCarpet",
  "dimension": 30,
  "num_iterations": 500000,
  "seed": 8,
  "total_time": 68472.48866224289,
  "max_esjd": 0.005803818887076264,
  "max_actual_acceptance_rate": 0.24624444444444443,
  "max_constr_acceptance_rate": 0.2634482758620689,
  "expected_squared_jump_distances": [
    0.0007825198805431933,
    0.0015036195829672468,
    0.0019770952357707075,
    0.0028731373701929544,
    0.0034923371918206903,
    0.0035351167120456824,
    0.003964879043589056,
    0.004522479798861684,
    0.004167627040650657,
    0.004509953163959166,
    0.005091794486649532,
    0.005277641699329148,
    0.005031588196385097,
    0.005226330759500877,
    0.005296158900235734,
    0.005803818887076264,
    0.005313410571390863,
    0.005424271330574591,
    0.005557973258546224,
    0.005126015437882134,
    0.005251523660878768,
    0.0053224140535040165,
    0.005020780820155311,
    0.005136925041285929,
    0.005081811063029603,
    0.004716801977199645,
    0.004761955643340815,
    0.004388289061420626,
    0.00438695972664749,
    0.00408894157062286
  ],
  "acceptance_rates": [
    0.0104005200260013,
    0.0390046805616674,
    0.18186666666666668,
    0.09150653856418468,
    0.0804026800893363,
    0.18497142857142856,
    0.14222857142857143,
    0.13082857142857143,
    0.22938646932346618,
    0.19548966172462934,
    0.1851888891666875,
    0.1858889416706253,
    0.2525777777777778,
    0.23695555555555556,
    0.2368,
    0.24624444444444443,
    0.2879057581151623,
    0.28796879687968796,
    0.29475179007160285,
    0.32954524792261397,
    0.3329636161972471,
    0.3425153184603356,
    0.3715228587143119,
    0.37973966232770545,
    0.39021300710023665,
    0.4150664697193501,
    0.4256811852854747,
    0.4497128489385411,
    0.4600131432326638,
    0.48111308150775345
  ],
  "swap_acceptance_rates_range": [
    0.01,
    0.026896551724137928,
    0.04379310344827586,
    0.060689655172413794,
    0.07758620689655171,
    0.09448275862068964,
    0.11137931034482758,
    0.12827586206896552,
    0.14517241379310344,
    0.16206896551724137,
    0.1789655172413793,
    0.19586206896551722,
    0.21275862068965518,
    0.2296551724137931,
    0.24655172413793103,
    0.2634482758620689,
    0.2803448275862069,
    0.29724137931034483,
    0.31413793103448273,
    0.3310344827586207,
    0.3479310344827586,
    0.36482758620689654,
    0.38172413793103444,
    0.3986206896551724,
    0.41551724137931034,
    0.43241379310344824,
    0.4493103448275862,
    0.4662068965517241,
    0.48310344827586205,
    0.5
  ],
  "times": [
    1874.8183772563934,
    1908.5392920970917,
    1946.1959879398346,
    1944.5387477874756,
    1934.156720161438,
    2226.513359308243,
    2247.103110074997,
    2245.7542901039124,
    2281.4587726593018,
    2299.8817932605743,
    2310.5005095005035,
    2301.894788503647,
    2348.4102766513824,
    2319.564980506897,
    2308.038514852524,
    2347.618184328079,
    2398.9692602157593,
    2381.69323182106,
    2403.758850336075,
    2386.4550931453705,
    2367.580489397049,
    2381.7553458213806,
    2436.8813877105713,
    2391.5437762737274,
    2391.412424325943,
    2441.3201837539673,
    2429.2062771320343,
    2415.432790517807,
    2387.1459410190582,
    2414.308459043503
  ]
}