{
  "target_distribution": "RoughCarpet",
  "dimension": 10,
  "num_iterations": 500000,
  "seed": 10,
  "total_time": 39410.61684679985,
  "max_esjd": 0.01729139103450725,
  "max_actual_acceptance_rate": 0.23676947077883115,
  "max_constr_acceptance_rate": 0.24655172413793103,
  "expected_squared_jump_distances": [
    0.0025104344107644023,
    0.0043311032613009386,
    0.007046824108398295,
    0.009483853438769112,
    0.008880389300335322,
    0.009938602660689064,
    0.011473887847934582,
    0.013181532490776752,
    0.014772174249060068,
    0.01197238282462152,
    0.013187927104974455,
    0.014046583205360185,
    0.015305138303001516,
    0.015774628902645506,
    0.01729139103450725,
    0.015207087155500138,
    0.015283975231175528,
    0.01528459429703804,
    0.01570517371337877,
    0.01399877822498194,
    0.014076784113049367,
    0.014450035350004662,
    0.014580658780188724,
    0.015245200285600672,
    0.012967102845180187,
    0.013044644162424972,
    0.013206662022060391,
    0.013262894223054267,
    0.01192541453831054,
    0.011854277882011552
  ],
  "acceptance_rates": [
    0.006019865556335909,
    0.0638127625525105,
    0.05451391205711617,
    0.0528143152834346,
    0.2048,
    0.1566,
    0.13935,
    0.1373,
    0.1427,
    0.2894,
    0.2605408432674614,
    0.23511761881901105,
    0.2327479297515702,
    0.2294491779671187,
    0.23676947077883115,
    0.3422,
    0.32693333333333335,
    0.3147876525101673,
    0.31583158315831583,
    0.4144,
    0.4024857142857143,
    0.3936857142857143,
    0.38762857142857143,
    0.39254285714285714,
    0.456025,
    0.452475,
    0.44938370377778336,
    0.45562278113905696,
    0.5070112669170426,
    0.5034334096313251
  ],
  "swap_acceptance_rates_range": [
    0.01,
    0.026896551724137928,
    0.04379310344827586,
    0.060689655172413794,
    0.07758620689655171,
    0.09448275862068964,
    0.11137931034482758,
    0.12827586206896552,
    0.14517241379310344,
    0.16206896551724137,
    0.1789655172413793,
    0.19586206896551722,
    0.21275862068965518,
    0.2296551724137931,
    0.24655172413793103,
    0.2634482758620689,
    0.2803448275862069,
    0.29724137931034483,
    0.31413793103448273,
    0.3310344827586207,
    0.3479310344827586,
    0.36482758620689654,
    0.38172413793103444,
    0.3986206896551724,
    0.41551724137931034,
    0.43241379310344824,
    0.4493103448275862,
    0.4662068965517241,
    0.48310344827586205,
    0.5
  ],
  "times": [
    1221.1741228103638,
    1239.5985713005066,
    1212.1006882190704,
    1213.5450959205627,
    1262.258586883545,
    1256.8861255645752,
    1258.4355006217957,
    1258.8276948928833,
    1255.9720695018768,
    1290.9150369167328,
    1289.9928901195526,
    1289.918729543686,
    1290.737216949463,
    1288.1238749027252,
    1290.2811946868896,
    1323.8438384532928,
    1324.326851606369,
    1321.9567861557007,
    1324.9967408180237,
    1357.3123784065247,
    1359.885198354721,
    1356.5486469268799,
    1357.0843336582184,
    1356.0497579574585,
    1391.4044420719147,
    1388.8203387260437,
    1391.3291823863983,
    1389.7628257274628,
    1425.4441752433777,
    1423.0411322116852
  ]
}