{
  "target_distribution": "RoughCarpet",
  "dimension": 10,
  "num_iterations": 200000,
  "seed": 8,
  "total_time": 14253.641353845596,
  "max_esjd": 0.0039227374617584465,
  "max_actual_acceptance_rate": 0.10270449643271944,
  "max_constr_acceptance_rate": 0.026896551724137928,
  "expected_squared_jump_distances": [
    0.00288961547392561,
    0.0039227374617584465,
    0.0039227374617584465,
    0.0039227374617584465,
    0.0039227374617584465,
    0.0039227374617584465,
    0.0039227374617584465,
    0.0039227374617584465,
    0.0039227374617584465,
    0.0039227374617584465,
    0.0039227374617584465,
    0.0039227374617584465,
    0.0039227374617584465,
    0.0039227374617584465,
    0.0039227374617584465,
    0.0039227374617584465,
    0.0039227374617584465,
    0.0039227374617584465,
    0.0039227374617584465,
    0.0039227374617584465,
    0.0039227374617584465,
    0.0039227374617584465,
    0.0039227374617584465,
    0.0039227374617584465,
    0.0039227374617584465,
    0.0039227374617584465,
    0.0039227374617584465,
    0.0039227374617584465,
    0.0039227374617584465,
    0.0039227374617584465
  ],
  "acceptance_rates": [
    0.1018748962999834,
    0.10270449643271944,
    0.10270449643271944,
    0.10270449643271944,
    0.10270449643271944,
    0.10270449643271944,
    0.10270449643271944,
    0.10270449643271944,
    0.10270449643271944,
    0.10270449643271944,
    0.10270449643271944,
    0.10270449643271944,
    0.10270449643271944,
    0.10270449643271944,
    0.10270449643271944,
    0.10270449643271944,
    0.10270449643271944,
    0.10270449643271944,
    0.10270449643271944,
    0.10270449643271944,
    0.10270449643271944,
    0.10270449643271944,
    0.10270449643271944,
    0.10270449643271944,
    0.10270449643271944,
    0.10270449643271944,
    0.10270449643271944,
    0.10270449643271944,
    0.10270449643271944,
    0.10270449643271944
  ],
  "swap_acceptance_rates_range": [
    0.01,
    0.026896551724137928,
    0.04379310344827586,
    0.060689655172413794,
    0.07758620689655171,
    0.09448275862068964,
    0.11137931034482758,
    0.12827586206896552,
    0.14517241379310344,
    0.16206896551724137,
    0.1789655172413793,
    0.19586206896551722,
    0.21275862068965518,
    0.2296551724137931,
    0.24655172413793103,
    0.2634482758620689,
    0.2803448275862069,
    0.29724137931034483,
    0.31413793103448273,
    0.3310344827586207,
    0.3479310344827586,
    0.36482758620689654,
    0.38172413793103444,
    0.3986206896551724,
    0.41551724137931034,
    0.43241379310344824,
    0.4493103448275862,
    0.4662068965517241,
    0.48310344827586205,
    0.5
  ],
  "times": [
    469.0565106868744,
    466.45901894569397,
    465.95213198661804,
    467.4115626811981,
    467.47307109832764,
    465.6010308265686,
    465.5107753276825,
    465.2323272228241,
    465.8307292461395,
    465.9500136375427,
    465.2600963115692,
    465.6938445568085,
    481.8568730354309,
    480.27998781204224,
    481.6153838634491,
    480.15766978263855,
    481.206862449646,
    480.4336256980896,
    481.6441099643707,
    481.3966157436371,
    480.848105430603,
    481.28890657424927,
    481.30638122558594,
    480.5827889442444,
    480.5534236431122,
    481.0151331424713,
    481.4219424724579,
    480.51993560791016,
    481.51178646087646,
    480.5491154193878
  ],
  "beta_ladder": [
    1.0,
    0.18771579901306037,
    0.029548883095312953,
    0.01
  ]
}