{
  "target_distribution": "RoughCarpet",
  "dimension": 20,
  "num_iterations": 200000,
  "seed": 33,
  "total_time": 19927.466513633728,
  "max_esjd": 0.008122258978566029,
  "max_actual_acceptance_rate": 0.33555555555555555,
  "max_constr_acceptance_rate": 0.3479310344827586,
  "expected_squared_jump_distances": [
    0.0012704091589447965,
    0.00245121188406694,
    0.00319070946303412,
    0.0034171674494960177,
    0.0048948077336688,
    0.005737646937432033,
    0.005787664019607949,
    0.0053505328913834695,
    0.006813556121731973,
    0.007481738964127687,
    0.00699507368703246,
    0.007467972429415586,
    0.00735177078999982,
    0.007987288667597611,
    0.007373256327006197,
    0.0075541421362518,
    0.008094281727708508,
    0.008073901004261759,
    0.007661019120516124,
    0.007886278756629329,
    0.008122258978566029,
    0.008090832841899162,
    0.007378888582526677,
    0.007201099996297632,
    0.007360016185102597,
    0.006647154006722037,
    0.006761516905706984,
    0.00681906107188638,
    0.006301489495195881,
    0.006231641297374009
  ],
  "acceptance_rates": [
    0.155875,
    0.03475533249686324,
    0.208,
    0.1074,
    0.0873,
    0.086,
    0.19758333333333333,
    0.15941303985325997,
    0.14940803735200933,
    0.15271757252417473,
    0.24757142857142858,
    0.22192857142857142,
    0.22035714285714286,
    0.21845076461340573,
    0.29866233279159893,
    0.28399074826529974,
    0.2791424464029002,
    0.2797049815613476,
    0.33616666666666667,
    0.3327777777777778,
    0.33555555555555555,
    0.3421125743179419,
    0.3869080362054308,
    0.3857192859642982,
    0.39085862879431915,
    0.42414874755648496,
    0.4345137973360004,
    0.4372869027594672,
    0.4735175230237113,
    0.4777282386766115
  ],
  "swap_acceptance_rates_range": [
    0.01,
    0.026896551724137928,
    0.04379310344827586,
    0.060689655172413794,
    0.07758620689655171,
    0.09448275862068964,
    0.11137931034482758,
    0.12827586206896552,
    0.14517241379310344,
    0.16206896551724137,
    0.1789655172413793,
    0.19586206896551722,
    0.21275862068965518,
    0.2296551724137931,
    0.24655172413793103,
    0.2634482758620689,
    0.2803448275862069,
    0.29724137931034483,
    0.31413793103448273,
    0.3310344827586207,
    0.3479310344827586,
    0.36482758620689654,
    0.38172413793103444,
    0.3986206896551724,
    0.41551724137931034,
    0.43241379310344824,
    0.4493103448275862,
    0.4662068965517241,
    0.48310344827586205,
    0.5
  ],
  "times": [
    622.3692171573639,
    616.6161222457886,
    634.1705281734467,
    631.7093329429626,
    631.6439847946167,
    631.1533107757568,
    649.1288857460022,
    648.4507186412811,
    646.094339132309,
    647.0672173500061,
    656.2327382564545,
    653.2868299484253,
    655.2477402687073,
    656.0533907413483,
    664.9374444484711,
    666.5620019435883,
    666.1830937862396,
    666.1219851970673,
    677.8490009307861,
    676.2146611213684,
    676.5085768699646,
    677.8231317996979,
    686.6788201332092,
    687.463267326355,
    686.3850569725037,
    699.7577314376831,
    699.3495163917542,
    697.5301961898804,
    708.9659445285797,
    709.878582239151
  ]
}