{
  "target_distribution": "RoughCarpet",
  "dimension": 30,
  "num_iterations": 500000,
  "seed": 4,
  "total_time": 63606.85488152504,
  "max_esjd": 0.005719348593899983,
  "max_actual_acceptance_rate": 0.296831873274931,
  "max_constr_acceptance_rate": 0.31413793103448273,
  "expected_squared_jump_distances": [
    0.0008669029706399289,
    0.001678701964645414,
    0.002263353724791064,
    0.002544156515547791,
    0.0033978342960097802,
    0.0036334852646487184,
    0.004141956776916371,
    0.004701371005727525,
    0.0042356885212281965,
    0.004791145073403516,
    0.004934008544039208,
    0.005557271942568782,
    0.00503952354865595,
    0.005131965559586932,
    0.005405433531492176,
    0.005571687468922572,
    0.005291424499952348,
    0.005447376953813763,
    0.005719348593899983,
    0.005172136982614228,
    0.005307249541399742,
    0.005378298322810053,
    0.004986217997735482,
    0.00504461983897268,
    0.005189416016549024,
    0.004709084060454561,
    0.00476820123406232,
    0.004398833327298791,
    0.0044534750205906075,
    0.004116532687832987
  ],
  "acceptance_rates": [
    0.01037802065577058,
    0.03834914535046635,
    0.18483333333333332,
    0.09258209701616936,
    0.07577374599786553,
    0.18671428571428572,
    0.14303674495685467,
    0.1299751421469185,
    0.2287,
    0.198175,
    0.18629362936293628,
    0.1894094704735237,
    0.25136684891318845,
    0.2360876522357543,
    0.23690468253439118,
    0.24454963664244284,
    0.2859971598295898,
    0.2876515060602424,
    0.296831873274931,
    0.33190909090909093,
    0.3336969961451742,
    0.3447761736790429,
    0.3732957765258842,
    0.3783459448648288,
    0.39169638987966265,
    0.415529469684149,
    0.4252900089233515,
    0.44661428571428574,
    0.46157033058087377,
    0.4822133333333333
  ],
  "swap_acceptance_rates_range": [
    0.01,
    0.026896551724137928,
    0.04379310344827586,
    0.060689655172413794,
    0.07758620689655171,
    0.09448275862068964,
    0.11137931034482758,
    0.12827586206896552,
    0.14517241379310344,
    0.16206896551724137,
    0.1789655172413793,
    0.19586206896551722,
    0.21275862068965518,
    0.2296551724137931,
    0.24655172413793103,
    0.2634482758620689,
    0.2803448275862069,
    0.29724137931034483,
    0.31413793103448273,
    0.3310344827586207,
    0.3479310344827586,
    0.36482758620689654,
    0.38172413793103444,
    0.3986206896551724,
    0.41551724137931034,
    0.43241379310344824,
    0.4493103448275862,
    0.4662068965517241,
    0.48310344827586205,
    0.5
  ],
  "times": [
    1991.3716123104095,
    2014.0099699497223,
    2051.4420080184937,
    2047.318882226944,
    2046.1081402301788,
    2070.113131761551,
    2064.29340839386,
    2063.265871286392,
    2085.9689741134644,
    2078.1998348236084,
    2087.4466598033905,
    2078.940432071686,
    2107.600836992264,
    2105.94411945343,
    2103.888060092926,
    2110.446073293686,
    2130.741688489914,
    2130.7040350437164,
    2131.107420682907,
    2155.0442390441895,
    2152.4659085273743,
    2152.7797796726227,
    2182.647855758667,
    2178.237020254135,
    2180.559324502945,
    2206.7619037628174,
    2198.5678095817566,
    2227.521879673004,
    2224.3801822662354,
    2248.9385781288147
  ]
}