{
  "target_distribution": "ThreeMixture",
  "dimension": 10,
  "num_iterations": 200000,
  "seed": 18,
  "total_time": 6248.854765415192,
  "max_esjd": 0.004878710268169125,
  "max_actual_acceptance_rate": 0.02848575712143928,
  "max_constr_acceptance_rate": 0.01,
  "expected_squared_jump_distances": [
    0.004878710268169125,
    0.0030491557353417667,
    0.0030491557353417667,
    0.0030491557353417667,
    0.0030491557353417667,
    0.0030491557353417667,
    0.0030491557353417667,
    0.0030491557353417667,
    0.0030491557353417667,
    0.0030491557353417667,
    0.0030491557353417667,
    0.0030491557353417667,
    0.0030491557353417667,
    0.0030491557353417667,
    0.0030491557353417667,
    0.0030491557353417667,
    0.0030491557353417667,
    0.0030491557353417667,
    0.0030491557353417667,
    0.0030491557353417667,
    0.0030491557353417667,
    0.0030491557353417667,
    0.0030491557353417667,
    0.0030491557353417667,
    0.0030491557353417667,
    0.0030491557353417667,
    0.0030491557353417667,
    0.0030491557353417667,
    0.0030491557353417667,
    0.0030491557353417667
  ],
  "acceptance_rates": [
    0.02848575712143928,
    0.0261535898717308,
    0.0261535898717308,
    0.0261535898717308,
    0.0261535898717308,
    0.0261535898717308,
    0.0261535898717308,
    0.0261535898717308,
    0.0261535898717308,
    0.0261535898717308,
    0.0261535898717308,
    0.0261535898717308,
    0.0261535898717308,
    0.0261535898717308,
    0.0261535898717308,
    0.0261535898717308,
    0.0261535898717308,
    0.0261535898717308,
    0.0261535898717308,
    0.0261535898717308,
    0.0261535898717308,
    0.0261535898717308,
    0.0261535898717308,
    0.0261535898717308,
    0.0261535898717308,
    0.0261535898717308,
    0.0261535898717308,
    0.0261535898717308,
    0.0261535898717308,
    0.0261535898717308
  ],
  "swap_acceptance_rates_range": [
    0.01,
    0.026896551724137928,
    0.04379310344827586,
    0.060689655172413794,
    0.07758620689655171,
    0.09448275862068964,
    0.11137931034482758,
    0.12827586206896552,
    0.14517241379310344,
    0.16206896551724137,
    0.1789655172413793,
    0.19586206896551722,
    0.21275862068965518,
    0.2296551724137931,
    0.24655172413793103,
    0.2634482758620689,
    0.2803448275862069,
    0.29724137931034483,
    0.31413793103448273,
    0.3310344827586207,
    0.3479310344827586,
    0.36482758620689654,
    0.38172413793103444,
    0.3986206896551724,
    0.41551724137931034,
    0.43241379310344824,
    0.4493103448275862,
    0.4662068965517241,
    0.48310344827586205,
    0.5
  ],
  "times": [
    209.67113518714905,
    208.6537206172943,
    208.7655439376831,
    208.2769913673401,
    208.29093170166016,
    207.63690972328186,
    208.43209981918335,
    208.20658469200134,
    208.62172770500183,
    207.83514857292175,
    208.3425509929657,
    208.08575582504272,
    208.3523600101471,
    207.61990690231323,
    208.31850385665894,
    208.12785458564758,
    208.42469811439514,
    207.77797031402588,
    208.44855499267578,
    207.9819095134735,
    208.58891534805298,
    207.91613149642944,
    208.54779744148254,
    208.32690691947937,
    208.28780126571655,
    207.87051463127136,
    208.42478919029236,
    208.52021408081055,
    208.4513053894043,
    208.03026795387268
  ],
  "beta_ladder": [
    1.0,
    0.19526953597390728,
    0.03834007773373423,
    0.01
  ]
}