{
  "target_distribution": "ThreeMixtureScaled",
  "dimension": 20,
  "num_iterations": 300000,
  "seed": 13,
  "total_time": 3072.54833650589,
  "max_esjd": 0.2724964916706085,
  "max_acceptance_rate": 0.2178494983277592,
  "max_variance_value": 1.1733333333333333,
  "expected_squared_jump_distances": [
    9.910467633744702e-05,
    0.00897712167352438,
    0.029412345960736275,
    0.05751419439911842,
    0.09004344046115875,
    0.12388260662555695,
    0.15684032440185547,
    0.18681982159614563,
    0.21272782981395721,
    0.23435227572917938,
    0.25022444128990173,
    0.2629052400588989,
    0.2689674496650696,
    0.2724964916706085,
    0.2705523371696472,
    0.2666429579257965,
    0.26036760210990906,
    0.2496483325958252,
    0.23892195522785187,
    0.226832777261734,
    0.21706731617450714,
    0.20780889689922333,
    0.19155928492546082,
    0.17680923640727997,
    0.16095252335071564,
    0.1528349220752716,
    0.1396074742078781,
    0.12512661516666412,
    0.11655633896589279,
    0.11188147962093353,
    0.09965932369232178,
    0.08779962360858917,
    0.08500116318464279,
    0.07669733464717865,
    0.06915729492902756,
    0.06389537453651428,
    0.05454491823911667,
    0.05441240966320038,
    0.044048458337783813,
    0.038825083523988724
  ],
  "acceptance_rates": [
    0.9912943143812709,
    0.9112240802675585,
    0.8317357859531772,
    0.7535551839464883,
    0.6799264214046823,
    0.6096020066889632,
    0.5436354515050167,
    0.4821739130434783,
    0.4256053511705686,
    0.3747190635451505,
    0.3283110367892977,
    0.28767558528428094,
    0.25018394648829434,
    0.2178494983277592,
    0.18863210702341138,
    0.1637190635451505,
    0.14189966555183947,
    0.1217056856187291,
    0.10531772575250836,
    0.09055518394648829,
    0.07903678929765887,
    0.06907357859531772,
    0.058551839464882946,
    0.050193979933110366,
    0.04228428093645485,
    0.03734448160535117,
    0.03175250836120402,
    0.026759197324414716,
    0.02327759197324415,
    0.02117391304347826,
    0.017645484949832774,
    0.014886287625418061,
    0.013354515050167224,
    0.011501672240802676,
    0.009866220735785953,
    0.008759197324414715,
    0.0070100334448160535,
    0.006749163879598662,
    0.005200668896321071,
    0.0043678929765886285
  ],
  "var_value_range": [
    0.01,
    0.09948717948717949,
    0.188974358974359,
    0.2784615384615385,
    0.367948717948718,
    0.45743589743589746,
    0.546923076923077,
    0.6364102564102565,
    0.7258974358974359,
    0.8153846153846154,
    0.9048717948717949,
    0.9943589743589745,
    1.083846153846154,
    1.1733333333333333,
    1.262820512820513,
    1.3523076923076924,
    1.4417948717948719,
    1.5312820512820513,
    1.6207692307692307,
    1.7102564102564104,
    1.7997435897435898,
    1.8892307692307693,
    1.978717948717949,
    2.068205128205128,
    2.1576923076923076,
    2.247179487179487,
    2.3366666666666664,
    2.426153846153846,
    2.5156410256410258,
    2.605128205128205,
    2.6946153846153846,
    2.784102564102564,
    2.8735897435897435,
    2.963076923076923,
    3.0525641025641024,
    3.142051282051282,
    3.2315384615384612,
    3.321025641025641,
    3.4105128205128206,
    3.5
  ],
  "times": [
    77.43687343597412,
    76.76465487480164,
    77.00288987159729,
    76.67514514923096,
    77.03611445426941,
    76.86368370056152,
    76.70198130607605,
    76.66286015510559,
    76.90340876579285,
    76.79393911361694,
    76.9502067565918,
    76.76719498634338,
    76.82683110237122,
    76.70802426338196,
    76.90278744697571,
    76.71611905097961,
    76.85993456840515,
    76.77751183509827,
    76.98633098602295,
    77.0404143333435,
    76.99154210090637,
    76.66213989257812,
    77.04778480529785,
    76.62904930114746,
    76.7271614074707,
    76.79949045181274,
    76.92512583732605,
    76.78359460830688,
    76.40127992630005,
    76.13056445121765,
    76.8450870513916,
    76.82436752319336,
    76.81358098983765,
    76.63506841659546,
    76.80949974060059,
    76.6808693408966,
    76.95843267440796,
    76.78191781044006,
    76.75983905792236,
    76.94071888923645
  ]
}