{
  "target_distribution": "ThreeMixture",
  "proposal_distribution": "Normal",
  "dimension": 2,
  "num_iterations": 100000,
  "seed": 8,
  "total_time": 2730.9121878147125,
  "max_esjd": 2.536630868911743,
  "max_acceptance_rate": 0.18176,
  "max_scale_param": 5.673333333333332,
  "expected_squared_jump_distances": [
    9.907750063575804e-05,
    0.15380476415157318,
    0.45225951075553894,
    0.7587701082229614,
    1.0148459672927856,
    1.2677719593048096,
    1.5014846324920654,
    1.7511178255081177,
    1.9735329151153564,
    2.1190009117126465,
    2.2674784660339355,
    2.3337016105651855,
    2.466674327850342,
    2.536630868911743,
    2.495270013809204,
    2.525617837905884,
    2.5223135948181152,
    2.503673791885376,
    2.4913270473480225,
    2.416194200515747,
    2.3700084686279297,
    2.372293472290039,
    2.2710812091827393,
    2.1787984371185303,
    2.1077990531921387,
    2.0392024517059326,
    1.9492443799972534,
    1.966805100440979,
    1.8918414115905762,
    1.7816181182861328,
    1.7515584230422974,
    1.6754430532455444,
    1.611075758934021,
    1.5480555295944214,
    1.4506254196166992,
    1.416424036026001,
    1.3608691692352295,
    1.323506236076355,
    1.2656450271606445,
    1.2313446998596191
  ],
  "acceptance_rates": [
    0.99785,
    0.85031,
    0.71427,
    0.59883,
    0.50282,
    0.431,
    0.37199,
    0.33005,
    0.29277,
    0.26274,
    0.23961,
    0.21559,
    0.19902,
    0.18176,
    0.16597,
    0.15137,
    0.14112,
    0.13096,
    0.12272,
    0.11395,
    0.10508,
    0.0994,
    0.09259,
    0.08616,
    0.08144,
    0.07634,
    0.07103,
    0.06831,
    0.06515,
    0.06016,
    0.05733,
    0.05366,
    0.0518,
    0.04856,
    0.04583,
    0.04358,
    0.04181,
    0.04002,
    0.03879,
    0.03653
  ],
  "scale_param_range": [
    0.01,
    0.4456410256410256,
    0.8812820512820512,
    1.3169230769230766,
    1.7525641025641023,
    2.188205128205128,
    2.623846153846153,
    3.0594871794871787,
    3.4951282051282044,
    3.93076923076923,
    4.366410256410256,
    4.8020512820512815,
    5.237692307692306,
    5.673333333333332,
    6.108974358974358,
    6.544615384615383,
    6.980256410256409,
    7.415897435897435,
    7.8515384615384605,
    8.287179487179486,
    8.722820512820512,
    9.158461538461538,
    9.594102564102563,
    10.029743589743589,
    10.465384615384613,
    10.901025641025639,
    11.336666666666664,
    11.77230769230769,
    12.207948717948716,
    12.643589743589741,
    13.079230769230767,
    13.514871794871793,
    13.950512820512818,
    14.386153846153844,
    14.82179487179487,
    15.257435897435895,
    15.693076923076921,
    16.12871794871795,
    16.564358974358974,
    17.0
  ],
  "times": [
    68.14600324630737,
    68.33594632148743,
    68.38622999191284,
    68.2172064781189,
    68.17314720153809,
    68.10900235176086,
    68.28752017021179,
    68.25492405891418,
    68.51619672775269,
    68.00324773788452,
    68.17513298988342,
    68.13890886306763,
    68.20253992080688,
    68.35239434242249,
    68.13028478622437,
    68.00867509841919,
    68.31409454345703,
    68.14021372795105,
    68.41271877288818,
    68.4049801826477,
    68.05534148216248,
    68.03903889656067,
    68.23565459251404,
    68.19061422348022,
    68.4651734828949,
    68.25507020950317,
    68.0121283531189,
    68.13535618782043,
    68.23035144805908,
    68.16078782081604,
    68.388747215271,
    68.98886346817017,
    69.0876407623291,
    68.54997706413269,
    68.47744345664978,
    68.0669915676117,
    68.22189426422119,
    67.99713802337646,
    68.39459300041199,
    68.20926475524902
  ]
}