{
  "target_distribution": "ThreeMixture",
  "dimension": 20,
  "num_iterations": 500000,
  "seed": 1,
  "total_time": 13385.315863370895,
  "max_esjd": 0.007912319461015538,
  "max_actual_acceptance_rate": 0.22138053451336284,
  "max_constr_acceptance_rate": 0.24655172413793103,
  "expected_squared_jump_distances": [
    0.0011651195134255365,
    0.0025174134813482395,
    0.003663127544230488,
    0.00424858537888258,
    0.004992678195778835,
    0.005922080353389115,
    0.006236080404555934,
    0.006261466936087167,
    0.00639064556360386,
    0.0069241849153194,
    0.007752170662481921,
    0.006855626858907192,
    0.0073003514171872995,
    0.007679455648351354,
    0.007912319461015538,
    0.007096486414381415,
    0.007652386658076074,
    0.007642867948945142,
    0.007749162040591758,
    0.007005239508988093,
    0.007260472007318354,
    0.007366086149122959,
    0.006792564035349598,
    0.006839605405820955,
    0.0068619617894660105,
    0.006380338759237354,
    0.006426886083624663,
    0.006400368326581515,
    0.005899184525516837,
    0.005844203818783094
  ],
  "acceptance_rates": [
    0.015230460921843688,
    0.07964,
    0.047231792324332986,
    0.14373333333333332,
    0.10783333333333334,
    0.0973,
    0.09887655432209888,
    0.16456600645917288,
    0.15289445111149208,
    0.1525888672991199,
    0.1627328837581438,
    0.212525,
    0.2073,
    0.21605540138503462,
    0.22138053451336284,
    0.264084272284819,
    0.26795119674644974,
    0.2745577384656414,
    0.2853079094161833,
    0.31652633052661056,
    0.3250665013300266,
    0.33378667573351467,
    0.3628793250786378,
    0.3731886034291533,
    0.38377061401116386,
    0.4104735078917982,
    0.42048068268942296,
    0.4330144338144605,
    0.45660702472345727,
    0.4673764211757104
  ],
  "swap_acceptance_rates_range": [
    0.01,
    0.026896551724137928,
    0.04379310344827586,
    0.060689655172413794,
    0.07758620689655171,
    0.09448275862068964,
    0.11137931034482758,
    0.12827586206896552,
    0.14517241379310344,
    0.16206896551724137,
    0.1789655172413793,
    0.19586206896551722,
    0.21275862068965518,
    0.2296551724137931,
    0.24655172413793103,
    0.2634482758620689,
    0.2803448275862069,
    0.29724137931034483,
    0.31413793103448273,
    0.3310344827586207,
    0.3479310344827586,
    0.36482758620689654,
    0.38172413793103444,
    0.3986206896551724,
    0.41551724137931034,
    0.43241379310344824,
    0.4493103448275862,
    0.4662068965517241,
    0.48310344827586205,
    0.5
  ],
  "times": [
    340.6313533782959,
    351.47721099853516,
    353.74908208847046,
    393.80792713165283,
    387.5161521434784,
    391.3044683933258,
    387.08416867256165,
    408.6252808570862,
    411.9682602882385,
    416.9531044960022,
    415.4479947090149,
    435.2919626235962,
    437.0680091381073,
    430.23273062705994,
    434.7211203575134,
    455.58364629745483,
    455.69317746162415,
    449.0093710422516,
    449.798006772995,
    477.99243927001953,
    478.1729197502136,
    476.04403948783875,
    498.4358069896698,
    497.93682837486267,
    490.06209802627563,
    520.2661623954773,
    525.5896992683411,
    528.7923862934113,
    543.3170125484467,
    542.7091870307922
  ]
}