{
  "target_distribution": "ThreeMixtureScaled",
  "proposal_distribution": "Normal",
  "dimension": 2,
  "num_iterations": 200000,
  "seed": 14,
  "total_time": 5720.885315179825,
  "max_esjd": 2.1690409183502197,
  "max_acceptance_rate": 0.26272,
  "max_scale_param": 4.0,
  "expected_squared_jump_distances": [
    9.920235606841743e-05,
    0.011823139153420925,
    0.04050195589661598,
    0.08249691128730774,
    0.13488876819610596,
    0.19443769752979279,
    0.25908714532852173,
    0.3262268602848053,
    0.39489710330963135,
    0.4638970196247101,
    0.5319917798042297,
    0.6016883850097656,
    0.6673712134361267,
    0.7412673234939575,
    0.8088288307189941,
    0.8864961266517639,
    0.9548161625862122,
    1.025089144706726,
    1.108365774154663,
    1.1797192096710205,
    1.244956374168396,
    1.3304649591445923,
    1.39552640914917,
    1.460521936416626,
    1.551117181777954,
    1.6031442880630493,
    1.6680645942687988,
    1.7152007818222046,
    1.7806968688964844,
    1.8416798114776611,
    1.8960658311843872,
    1.9218358993530273,
    1.9786245822906494,
    1.9869321584701538,
    2.0338878631591797,
    2.050427198410034,
    2.0938456058502197,
    2.135406255722046,
    2.148144006729126,
    2.1690409183502197
  ],
  "acceptance_rates": [
    0.9956,
    0.958845,
    0.920725,
    0.881285,
    0.844,
    0.806365,
    0.771335,
    0.736585,
    0.70378,
    0.673705,
    0.642925,
    0.61529,
    0.58864,
    0.56576,
    0.542355,
    0.522725,
    0.503125,
    0.483595,
    0.469385,
    0.452435,
    0.43733,
    0.42462,
    0.411645,
    0.39899,
    0.390825,
    0.377935,
    0.367175,
    0.356795,
    0.34922,
    0.34133,
    0.331655,
    0.32232,
    0.314845,
    0.305215,
    0.29803,
    0.288995,
    0.28167,
    0.276785,
    0.26932,
    0.26272
  ],
  "scale_param_range": [
    0.01,
    0.1123076923076923,
    0.21461538461538462,
    0.3169230769230769,
    0.41923076923076924,
    0.5215384615384615,
    0.6238461538461538,
    0.7261538461538461,
    0.8284615384615385,
    0.9307692307692308,
    1.033076923076923,
    1.1353846153846154,
    1.2376923076923076,
    1.34,
    1.4423076923076923,
    1.5446153846153847,
    1.646923076923077,
    1.7492307692307691,
    1.8515384615384616,
    1.9538461538461538,
    2.0561538461538458,
    2.1584615384615384,
    2.2607692307692306,
    2.363076923076923,
    2.465384615384615,
    2.5676923076923073,
    2.67,
    2.772307692307692,
    2.8746153846153844,
    2.9769230769230766,
    3.079230769230769,
    3.1815384615384614,
    3.2838461538461536,
    3.386153846153846,
    3.488461538461538,
    3.5907692307692307,
    3.693076923076923,
    3.795384615384615,
    3.8976923076923073,
    4.0
  ],
  "times": [
    148.929181098938,
    148.66503477096558,
    151.41651320457458,
    150.28598475456238,
    152.0726408958435,
    151.92906594276428,
    146.86537623405457,
    147.28235936164856,
    151.72174072265625,
    151.61026120185852,
    151.7106204032898,
    142.5162763595581,
    120.127690076828,
    149.81956100463867,
    151.37506747245789,
    151.1890413761139,
    151.47195529937744,
    147.8802125453949,
    148.77628993988037,
    148.72167110443115,
    151.332293510437,
    149.65249156951904,
    149.74604749679565,
    149.7549068927765,
    151.09533596038818,
    150.08766198158264,
    147.69580078125,
    113.21505570411682,
    116.14292740821838,
    113.60248064994812,
    112.00601291656494,
    113.57659935951233,
    117.55942869186401,
    148.57907843589783,
    141.60536170005798,
    149.05082035064697,
    148.98196148872375,
    151.35274934768677,
    136.6982388496399,
    144.73611617088318
  ]
}