{
  "max_esjd": 0.004423911731382312,
  "expected_squared_jump_distances": [
    0.004123539405015621,
    0.003974239985063604,
    0.003974239985063604,
    0.003974239985063604,
    0.003974239985063604,
    0.003974239985063604,
    0.003974239985063604,
    0.003974239985063604,
    0.003974239985063604,
    0.003974239985063604,
    0.003974239985063604,
    0.003974239985063604,
    0.003974239985063604,
    0.003974239985063604,
    0.003974239985063604,
    0.003974239985063604,
    0.003974239985063604,
    0.003974239985063604,
    0.003974239985063604,
    0.003974239985063604,
    0.003974239985063604,
    0.003974239985063604,
    0.003974239985063604,
    0.003974239985063604,
    0.003974239985063604,
    0.003974239985063604,
    0.003974239985063604,
    0.003974239985063604,
    0.003974239985063604,
    0.003974239985063604
  ],
  "acceptance_rates": [
    0.028708515586074707,
    0.02866894306291765,
    0.02866894306291765,
    0.02866894306291765,
    0.02866894306291765,
    0.02866894306291765,
    0.02866894306291765,
    0.02866894306291765,
    0.02866894306291765,
    0.02866894306291765,
    0.02866894306291765,
    0.02866894306291765,
    0.02866894306291765,
    0.02866894306291765,
    0.02866894306291765,
    0.02866894306291765,
    0.02866894306291765,
    0.02866894306291765,
    0.02866894306291765,
    0.02866894306291765,
    0.02866894306291765,
    0.02866894306291765,
    0.02866894306291765,
    0.02866894306291765,
    0.02866894306291765,
    0.02866894306291765,
    0.02866894306291765,
    0.02866894306291765,
    0.02866894306291765,
    0.02866894306291765
  ],
  "target_distribution": "ThreeMixture",
  "dimension": 10,
  "num_iterations": 200000,
  "averaged_from_seeds": [
    9,
    10,
    1,
    20,
    17,
    4,
    18,
    11,
    15,
    16,
    3,
    5,
    7,
    13,
    14,
    19,
    8,
    2,
    6
  ],
  "num_files_averaged": 19,
  "source_files": [
    "ThreeMixture_PT_GPU_dim10_200000iters_seed9.json",
    "ThreeMixture_PT_GPU_dim10_200000iters_seed10.json",
    "ThreeMixture_PT_GPU_dim10_200000iters_seed1.json",
    "ThreeMixture_PT_GPU_dim10_200000iters_seed20.json",
    "ThreeMixture_PT_GPU_dim10_200000iters_seed17.json",
    "ThreeMixture_PT_GPU_dim10_200000iters_seed4.json",
    "ThreeMixture_PT_GPU_dim10_200000iters_seed18.json",
    "ThreeMixture_PT_GPU_dim10_200000iters_seed11.json",
    "ThreeMixture_PT_GPU_dim10_200000iters_seed15.json",
    "ThreeMixture_PT_GPU_dim10_200000iters_seed16.json",
    "ThreeMixture_PT_GPU_dim10_200000iters_seed3.json",
    "ThreeMixture_PT_GPU_dim10_200000iters_seed5.json",
    "ThreeMixture_PT_GPU_dim10_200000iters_seed7.json",
    "ThreeMixture_PT_GPU_dim10_200000iters_seed13.json",
    "ThreeMixture_PT_GPU_dim10_200000iters_seed14.json",
    "ThreeMixture_PT_GPU_dim10_200000iters_seed19.json",
    "ThreeMixture_PT_GPU_dim10_200000iters_seed8.json",
    "ThreeMixture_PT_GPU_dim10_200000iters_seed2.json",
    "ThreeMixture_PT_GPU_dim10_200000iters_seed6.json"
  ]
}