{
  "target_distribution": "ThreeMixture",
  "dimension": 20,
  "num_iterations": 200000,
  "seed": 17,
  "total_time": 5530.467189073563,
  "max_esjd": 0.007977530908305601,
  "max_actual_acceptance_rate": 0.2210276284535567,
  "max_constr_acceptance_rate": 0.2634482758620689,
  "expected_squared_jump_distances": [
    0.0017354051606201452,
    0.002393814195298582,
    0.0038319786788995887,
    0.003951477710109509,
    0.004548529617910441,
    0.00558380818852881,
    0.006230201303158976,
    0.005765798734036067,
    0.006601371148281054,
    0.006836408234344184,
    0.007112137573170624,
    0.006462514444815179,
    0.007096740971118943,
    0.007055541915173312,
    0.007557293335650158,
    0.007977530908305601,
    0.006884359882410827,
    0.007609134251114353,
    0.007417563002277014,
    0.007204454747455939,
    0.0072086812204957326,
    0.007346274331111992,
    0.007462127848450877,
    0.006878556521253163,
    0.006946798975909696,
    0.006235331858847052,
    0.006253704862776886,
    0.006184229624715622,
    0.00586437674249911,
    0.005853548410785014
  ],
  "acceptance_rates": [
    0.1621,
    0.05842921460730365,
    0.05342671335667834,
    0.18441666666666667,
    0.1180931744312026,
    0.09969158956405769,
    0.09685754772026339,
    0.17792857142857144,
    0.15681931842537686,
    0.15136795485391813,
    0.15560477245123955,
    0.21362925914348233,
    0.20916421829092954,
    0.20593935604876523,
    0.21790223777972245,
    0.2210276284535567,
    0.2615581240275617,
    0.27018167675981997,
    0.2787932662925718,
    0.31505,
    0.32011600580029004,
    0.3298,
    0.34053405340534054,
    0.3688181818181818,
    0.37852336788507,
    0.4021005251312828,
    0.4131838826617776,
    0.4187674486436935,
    0.44974806723335514,
    0.4606331012731259
  ],
  "swap_acceptance_rates_range": [
    0.01,
    0.026896551724137928,
    0.04379310344827586,
    0.060689655172413794,
    0.07758620689655171,
    0.09448275862068964,
    0.11137931034482758,
    0.12827586206896552,
    0.14517241379310344,
    0.16206896551724137,
    0.1789655172413793,
    0.19586206896551722,
    0.21275862068965518,
    0.2296551724137931,
    0.24655172413793103,
    0.2634482758620689,
    0.2803448275862069,
    0.29724137931034483,
    0.31413793103448273,
    0.3310344827586207,
    0.3479310344827586,
    0.36482758620689654,
    0.38172413793103444,
    0.3986206896551724,
    0.41551724137931034,
    0.43241379310344824,
    0.4493103448275862,
    0.4662068965517241,
    0.48310344827586205,
    0.5
  ],
  "times": [
    152.04302501678467,
    149.4265341758728,
    149.73725652694702,
    158.90996408462524,
    158.90091013908386,
    159.10711240768433,
    159.02790141105652,
    173.11783576011658,
    172.70260858535767,
    172.480633020401,
    172.87213349342346,
    181.07863974571228,
    180.57381534576416,
    180.37342524528503,
    181.39593601226807,
    181.07456612586975,
    188.8887231349945,
    190.59191131591797,
    188.74467420578003,
    196.81339192390442,
    196.62010431289673,
    196.3345241546631,
    196.49713253974915,
    204.43411493301392,
    204.83458018302917,
    213.3195288181305,
    213.85507798194885,
    213.09503698349,
    221.81483793258667,
    221.75484919548035
  ]
}