{
  "target_distribution": "ThreeMixture",
  "proposal_distribution": "Normal",
  "dimension": 30,
  "num_iterations": 200000,
  "seed": 1,
  "total_time": 3605.330310821533,
  "max_esjd": 1.3081886768341064,
  "max_acceptance_rate": 0.22786,
  "max_scale_param": 2.4815384615384612,
  "expected_squared_jump_distances": [
    9.982362826121971e-05,
    0.015449701808393002,
    0.05414701998233795,
    0.1123707965016365,
    0.1863420605659485,
    0.2721405327320099,
    0.36620691418647766,
    0.4657613933086395,
    0.5675797462463379,
    0.670178234577179,
    0.7673333883285522,
    0.8643059730529785,
    0.9494833946228027,
    1.0298728942871094,
    1.1014825105667114,
    1.1643329858779907,
    1.2109068632125854,
    1.2500331401824951,
    1.2811516523361206,
    1.2898420095443726,
    1.3076457977294922,
    1.3081886768341064,
    1.275573492050171,
    1.276663064956665,
    1.2582541704177856,
    1.2122200727462769,
    1.1652957201004028,
    1.1272029876708984,
    1.0882799625396729,
    1.0376008749008179,
    0.9855451583862305,
    0.9253596663475037,
    0.8624721765518188,
    0.7902716398239136,
    0.7634106278419495,
    0.6861189007759094,
    0.6524584293365479,
    0.606035053730011,
    0.5724388360977173,
    0.52459317445755
  ],
  "acceptance_rates": [
    0.99802,
    0.949085,
    0.90258,
    0.85707,
    0.8121,
    0.76721,
    0.72275,
    0.679885,
    0.637805,
    0.598305,
    0.557935,
    0.521625,
    0.484245,
    0.449525,
    0.416375,
    0.384935,
    0.35395,
    0.32493,
    0.29897,
    0.27146,
    0.249585,
    0.22786,
    0.203725,
    0.187525,
    0.170745,
    0.152325,
    0.136165,
    0.12325,
    0.1112,
    0.099375,
    0.088535,
    0.07839,
    0.06921,
    0.06035,
    0.05476,
    0.047045,
    0.042595,
    0.037965,
    0.03399,
    0.02982
  ],
  "scale_param_range": [
    0.01,
    0.1276923076923077,
    0.2453846153846154,
    0.3630769230769231,
    0.4807692307692308,
    0.5984615384615385,
    0.7161538461538461,
    0.8338461538461539,
    0.9515384615384616,
    1.0692307692307692,
    1.186923076923077,
    1.3046153846153847,
    1.4223076923076923,
    1.54,
    1.6576923076923078,
    1.7753846153846153,
    1.893076923076923,
    2.0107692307692306,
    2.128461538461538,
    2.246153846153846,
    2.3638461538461537,
    2.4815384615384612,
    2.5992307692307692,
    2.7169230769230768,
    2.8346153846153843,
    2.9523076923076923,
    3.07,
    3.1876923076923074,
    3.3053846153846154,
    3.423076923076923,
    3.5407692307692304,
    3.6584615384615384,
    3.776153846153846,
    3.8938461538461535,
    4.0115384615384615,
    4.1292307692307695,
    4.246923076923077,
    4.364615384615385,
    4.4823076923076925,
    4.6
  ],
  "times": [
    90.72037863731384,
    87.41713094711304,
    88.44860029220581,
    90.11466455459595,
    89.93492722511292,
    90.23760890960693,
    90.89923191070557,
    91.26208972930908,
    90.61567401885986,
    90.90568995475769,
    90.02482295036316,
    90.02990055084229,
    91.8506555557251,
    91.28824424743652,
    89.70332384109497,
    89.98434400558472,
    89.0864098072052,
    89.96350264549255,
    88.66556239128113,
    88.81436085700989,
    89.48228883743286,
    90.25317215919495,
    88.2752857208252,
    88.48284435272217,
    90.63403487205505,
    90.56221103668213,
    91.44082903862,
    90.43906307220459,
    89.6310043334961,
    91.16953039169312,
    90.75847840309143,
    90.75080847740173,
    91.84125709533691,
    90.4080400466919,
    90.0704562664032,
    89.83351731300354,
    89.08304595947266,
    90.79553246498108,
    89.32325887680054,
    92.05616521835327
  ]
}