{
  "target_distribution": "ThreeMixture",
  "proposal_distribution": "Normal",
  "dimension": 5,
  "num_iterations": 200000,
  "seed": 18,
  "total_time": 4855.894100427628,
  "max_esjd": 1.2390629053115845,
  "max_acceptance_rate": 0.253075,
  "max_scale_param": 2.67,
  "expected_squared_jump_distances": [
    9.970489190891385e-05,
    0.011992924846708775,
    0.04167087748646736,
    0.08620940148830414,
    0.14314855635166168,
    0.2094704657793045,
    0.28418928384780884,
    0.36193639039993286,
    0.44230079650878906,
    0.525390625,
    0.6050148010253906,
    0.6838362216949463,
    0.758991539478302,
    0.829673171043396,
    0.8954283595085144,
    0.9558340311050415,
    1.0063968896865845,
    1.056729793548584,
    1.101886510848999,
    1.1433117389678955,
    1.1652358770370483,
    1.1929047107696533,
    1.2111822366714478,
    1.2226678133010864,
    1.2283989191055298,
    1.236806869506836,
    1.2390629053115845,
    1.2273310422897339,
    1.2290109395980835,
    1.2086247205734253,
    1.204864501953125,
    1.1946511268615723,
    1.1657439470291138,
    1.170014500617981,
    1.15234375,
    1.1112897396087646,
    1.1097332239151,
    1.0714983940124512,
    1.0683932304382324,
    1.0268831253051758
  ],
  "acceptance_rates": [
    0.997595,
    0.95905,
    0.92037,
    0.881915,
    0.84518,
    0.80786,
    0.77365,
    0.73652,
    0.700655,
    0.667235,
    0.63301,
    0.600765,
    0.569795,
    0.53932,
    0.510495,
    0.482875,
    0.455255,
    0.430265,
    0.406835,
    0.384565,
    0.36136,
    0.3417,
    0.32099,
    0.302595,
    0.284625,
    0.268305,
    0.253075,
    0.23714,
    0.224255,
    0.209645,
    0.19908,
    0.186765,
    0.17523,
    0.166795,
    0.15773,
    0.147045,
    0.13986,
    0.13107,
    0.12527,
    0.11635
  ],
  "scale_param_range": [
    0.01,
    0.1123076923076923,
    0.21461538461538462,
    0.3169230769230769,
    0.41923076923076924,
    0.5215384615384615,
    0.6238461538461538,
    0.7261538461538461,
    0.8284615384615385,
    0.9307692307692308,
    1.033076923076923,
    1.1353846153846154,
    1.2376923076923076,
    1.34,
    1.4423076923076923,
    1.5446153846153847,
    1.646923076923077,
    1.7492307692307691,
    1.8515384615384616,
    1.9538461538461538,
    2.0561538461538458,
    2.1584615384615384,
    2.2607692307692306,
    2.363076923076923,
    2.465384615384615,
    2.5676923076923073,
    2.67,
    2.772307692307692,
    2.8746153846153844,
    2.9769230769230766,
    3.079230769230769,
    3.1815384615384614,
    3.2838461538461536,
    3.386153846153846,
    3.488461538461538,
    3.5907692307692307,
    3.693076923076923,
    3.795384615384615,
    3.8976923076923073,
    4.0
  ],
  "times": [
    122.64585518836975,
    120.85492944717407,
    121.73439359664917,
    121.85699701309204,
    122.30103468894958,
    122.3467583656311,
    122.59288167953491,
    122.16374802589417,
    121.70019745826721,
    120.79871916770935,
    120.56046962738037,
    120.20914125442505,
    120.11542510986328,
    121.55999827384949,
    121.85918045043945,
    121.56179809570312,
    121.59158778190613,
    121.75428867340088,
    122.37283754348755,
    122.12506651878357,
    122.02188396453857,
    121.98895621299744,
    122.27251744270325,
    122.12948894500732,
    121.56420707702637,
    120.06466174125671,
    120.11907863616943,
    120.00582933425903,
    120.02784371376038,
    119.81569385528564,
    120.22474932670593,
    120.54151964187622,
    120.1352891921997,
    120.49392294883728,
    121.90529799461365,
    121.7229676246643,
    121.95579624176025,
    122.22539377212524,
    122.0639214515686,
    121.86313366889954
  ]
}