{
  "target_distribution": "ThreeMixtureScaled",
  "dimension": 30,
  "num_iterations": 300000,
  "seed": 15,
  "total_time": 3246.5301327705383,
  "max_esjd": 0.10270927846431732,
  "max_acceptance_rate": 0.11125083612040133,
  "max_variance_value": 0.9943589743589745,
  "expected_squared_jump_distances": [
    9.810162737267092e-05,
    0.007995077408850193,
    0.023329859599471092,
    0.0406387522816658,
    0.057166822254657745,
    0.07115769386291504,
    0.08264380693435669,
    0.09142228960990906,
    0.09686224162578583,
    0.10116701573133469,
    0.10230721533298492,
    0.10270927846431732,
    0.1017620712518692,
    0.09805821627378464,
    0.09412186592817307,
    0.09121941775083542,
    0.08737633377313614,
    0.07882216572761536,
    0.07613107562065125,
    0.07147575169801712,
    0.06305985897779465,
    0.05758536979556084,
    0.0535011850297451,
    0.050677232444286346,
    0.042263712733983994,
    0.04301898926496506,
    0.03685539960861206,
    0.030827410519123077,
    0.026386039331555367,
    0.025819195434451103,
    0.02415773645043373,
    0.018972476944327354,
    0.019073020666837692,
    0.015769118443131447,
    0.010855301283299923,
    0.00987650454044342,
    0.007194419391453266,
    0.005021832417696714,
    0.006014420185238123,
    0.006750071421265602
  ],
  "acceptance_rates": [
    0.9811839464882943,
    0.813056856187291,
    0.6625752508361205,
    0.5353578595317726,
    0.4343979933110368,
    0.35215384615384615,
    0.2875317725752508,
    0.23636120401337793,
    0.19348160535117057,
    0.16110702341137123,
    0.1329163879598662,
    0.11125083612040133,
    0.09312709030100334,
    0.07700334448160535,
    0.0642876254180602,
    0.0545685618729097,
    0.04612709030100334,
    0.03730434782608696,
    0.03222073578595318,
    0.02733779264214047,
    0.022013377926421406,
    0.018411371237458195,
    0.015602006688963211,
    0.013618729096989966,
    0.010605351170568562,
    0.009909698996655518,
    0.007923076923076923,
    0.006214046822742475,
    0.005033444816053512,
    0.004568561872909699,
    0.00403010033444816,
    0.0030100334448160534,
    0.002849498327759197,
    0.0022207357859531773,
    0.0014648829431438126,
    0.001274247491638796,
    0.0008595317725752508,
    0.0005719063545150502,
    0.0006655518394648829,
    0.0006822742474916388
  ],
  "var_value_range": [
    0.01,
    0.09948717948717949,
    0.188974358974359,
    0.2784615384615385,
    0.367948717948718,
    0.45743589743589746,
    0.546923076923077,
    0.6364102564102565,
    0.7258974358974359,
    0.8153846153846154,
    0.9048717948717949,
    0.9943589743589745,
    1.083846153846154,
    1.1733333333333333,
    1.262820512820513,
    1.3523076923076924,
    1.4417948717948719,
    1.5312820512820513,
    1.6207692307692307,
    1.7102564102564104,
    1.7997435897435898,
    1.8892307692307693,
    1.978717948717949,
    2.068205128205128,
    2.1576923076923076,
    2.247179487179487,
    2.3366666666666664,
    2.426153846153846,
    2.5156410256410258,
    2.605128205128205,
    2.6946153846153846,
    2.784102564102564,
    2.8735897435897435,
    2.963076923076923,
    3.0525641025641024,
    3.142051282051282,
    3.2315384615384612,
    3.321025641025641,
    3.4105128205128206,
    3.5
  ],
  "times": [
    81.48103356361389,
    81.17958426475525,
    81.0377836227417,
    81.25746726989746,
    81.21601295471191,
    81.19714784622192,
    81.1525068283081,
    81.1704432964325,
    81.14733529090881,
    81.08071660995483,
    81.01904916763306,
    81.0757007598877,
    80.99077105522156,
    81.17006278038025,
    81.1401789188385,
    81.19958066940308,
    81.20746397972107,
    81.28829002380371,
    81.32980370521545,
    81.27528643608093,
    81.15289998054504,
    81.39364242553711,
    81.22277235984802,
    81.12400436401367,
    81.15028166770935,
    81.12662243843079,
    81.05904245376587,
    81.2813036441803,
    81.05769324302673,
    81.17280578613281,
    81.21839880943298,
    81.1688780784607,
    81.04027366638184,
    81.31861186027527,
    81.12061882019043,
    81.17404198646545,
    81.05298328399658,
    80.98513889312744,
    81.00564861297607,
    81.03432130813599
  ]
}