{
  "target_distribution": "ThreeMixtureScaled",
  "proposal_distribution": "Normal",
  "dimension": 5,
  "num_iterations": 200000,
  "seed": 1,
  "total_time": 4210.073558092117,
  "max_esjd": 3.325174570083618,
  "max_acceptance_rate": 0.288465,
  "max_scale_param": 4.0,
  "expected_squared_jump_distances": [
    9.981670154957101e-05,
    0.012212331406772137,
    0.043304212391376495,
    0.0915580615401268,
    0.15531209111213684,
    0.232555091381073,
    0.32200688123703003,
    0.42174655199050903,
    0.5301756262779236,
    0.6457342505455017,
    0.7671554684638977,
    0.8920609951019287,
    1.0224758386611938,
    1.1511504650115967,
    1.2843575477600098,
    1.4132108688354492,
    1.5439140796661377,
    1.6709924936294556,
    1.7979398965835571,
    1.920109510421753,
    2.0427632331848145,
    2.1568264961242676,
    2.2656354904174805,
    2.363412380218506,
    2.478801727294922,
    2.5538697242736816,
    2.643709897994995,
    2.746650218963623,
    2.8341081142425537,
    2.8909177780151367,
    2.951709270477295,
    3.024916887283325,
    3.0704262256622314,
    3.1196205615997314,
    3.148898124694824,
    3.200291156768799,
    3.235707998275757,
    3.273559331893921,
    3.2943310737609863,
    3.325174570083618
  ],
  "acceptance_rates": [
    0.99853,
    0.9734,
    0.949945,
    0.926475,
    0.90341,
    0.879305,
    0.85606,
    0.832555,
    0.80931,
    0.786065,
    0.763585,
    0.741025,
    0.718955,
    0.697145,
    0.67647,
    0.65511,
    0.63456,
    0.61373,
    0.594455,
    0.57572,
    0.5573,
    0.53905,
    0.521255,
    0.502635,
    0.48762,
    0.4692,
    0.45377,
    0.440475,
    0.42593,
    0.40995,
    0.39561,
    0.38241,
    0.3688,
    0.355865,
    0.342685,
    0.33092,
    0.319685,
    0.3078,
    0.29846,
    0.288465
  ],
  "scale_param_range": [
    0.01,
    0.1123076923076923,
    0.21461538461538462,
    0.3169230769230769,
    0.41923076923076924,
    0.5215384615384615,
    0.6238461538461538,
    0.7261538461538461,
    0.8284615384615385,
    0.9307692307692308,
    1.033076923076923,
    1.1353846153846154,
    1.2376923076923076,
    1.34,
    1.4423076923076923,
    1.5446153846153847,
    1.646923076923077,
    1.7492307692307691,
    1.8515384615384616,
    1.9538461538461538,
    2.0561538461538458,
    2.1584615384615384,
    2.2607692307692306,
    2.363076923076923,
    2.465384615384615,
    2.5676923076923073,
    2.67,
    2.772307692307692,
    2.8746153846153844,
    2.9769230769230766,
    3.079230769230769,
    3.1815384615384614,
    3.2838461538461536,
    3.386153846153846,
    3.488461538461538,
    3.5907692307692307,
    3.693076923076923,
    3.795384615384615,
    3.8976923076923073,
    4.0
  ],
  "times": [
    106.02955555915833,
    105.14492702484131,
    105.15596175193787,
    105.16107702255249,
    105.4210102558136,
    105.50342988967896,
    104.99394798278809,
    105.2762610912323,
    105.26016283035278,
    105.37336158752441,
    105.22473406791687,
    105.46751642227173,
    105.14759469032288,
    105.50354146957397,
    105.35756182670593,
    105.15844821929932,
    105.36089324951172,
    105.40228033065796,
    104.8216803073883,
    105.1275634765625,
    105.19473481178284,
    105.1555769443512,
    105.22899174690247,
    105.05852556228638,
    105.01021718978882,
    105.18960857391357,
    105.20902991294861,
    105.28120613098145,
    105.2777373790741,
    105.2696762084961,
    105.30288910865784,
    105.29364728927612,
    104.95208191871643,
    105.48406267166138,
    105.47484016418457,
    105.1551263332367,
    105.04154372215271,
    105.31628751754761,
    105.13515448570251,
    105.1073055267334
  ]
}