{
  "target_distribution": "ThreeMixture",
  "proposal_distribution": "Normal",
  "dimension": 30,
  "num_iterations": 200000,
  "seed": 15,
  "total_time": 1622.7776892185211,
  "max_esjd": 1.2988827228546143,
  "max_acceptance_rate": 0.248235,
  "max_scale_param": 2.3638461538461537,
  "expected_squared_jump_distances": [
    9.981150651583448e-05,
    0.015462171286344528,
    0.05423762649297714,
    0.11249155551195145,
    0.18632586300373077,
    0.27269116044044495,
    0.3676769435405731,
    0.4674564003944397,
    0.5707041621208191,
    0.6719442009925842,
    0.7697944641113281,
    0.863806962966919,
    0.952915370464325,
    1.0286678075790405,
    1.0987539291381836,
    1.1583154201507568,
    1.215492844581604,
    1.245192527770996,
    1.2782925367355347,
    1.2953996658325195,
    1.2988827228546143,
    1.2958413362503052,
    1.2854911088943481,
    1.269789457321167,
    1.2325056791305542,
    1.199817419052124,
    1.1685227155685425,
    1.1490123271942139,
    1.0810712575912476,
    1.009101152420044,
    0.9755670428276062,
    0.9131006002426147,
    0.8805581331253052,
    0.8066325187683105,
    0.7424530982971191,
    0.6724626421928406,
    0.6418894529342651,
    0.6262753009796143,
    0.5674694776535034,
    0.49861639738082886
  ],
  "acceptance_rates": [
    0.99798,
    0.949635,
    0.903605,
    0.85773,
    0.812425,
    0.76884,
    0.725455,
    0.682265,
    0.641165,
    0.59993,
    0.55941,
    0.521175,
    0.48548,
    0.448675,
    0.41535,
    0.38346,
    0.3544,
    0.32422,
    0.297975,
    0.272405,
    0.248235,
    0.225765,
    0.20496,
    0.186345,
    0.166935,
    0.15095,
    0.136695,
    0.12499,
    0.11049,
    0.096795,
    0.087815,
    0.07768,
    0.070725,
    0.06141,
    0.053675,
    0.046325,
    0.04186,
    0.038915,
    0.03386,
    0.02863
  ],
  "scale_param_range": [
    0.01,
    0.1276923076923077,
    0.2453846153846154,
    0.3630769230769231,
    0.4807692307692308,
    0.5984615384615385,
    0.7161538461538461,
    0.8338461538461539,
    0.9515384615384616,
    1.0692307692307692,
    1.186923076923077,
    1.3046153846153847,
    1.4223076923076923,
    1.54,
    1.6576923076923078,
    1.7753846153846153,
    1.893076923076923,
    2.0107692307692306,
    2.128461538461538,
    2.246153846153846,
    2.3638461538461537,
    2.4815384615384612,
    2.5992307692307692,
    2.7169230769230768,
    2.8346153846153843,
    2.9523076923076923,
    3.07,
    3.1876923076923074,
    3.3053846153846154,
    3.423076923076923,
    3.5407692307692304,
    3.6584615384615384,
    3.776153846153846,
    3.8938461538461535,
    4.0115384615384615,
    4.1292307692307695,
    4.246923076923077,
    4.364615384615385,
    4.4823076923076925,
    4.6
  ],
  "times": [
    39.527469635009766,
    39.991527795791626,
    40.36811852455139,
    40.47561240196228,
    40.54485034942627,
    40.396881341934204,
    40.744184494018555,
    40.81822967529297,
    40.63664960861206,
    40.53962683677673,
    40.53294491767883,
    40.97587823867798,
    40.937004804611206,
    40.553881883621216,
    40.52051329612732,
    40.481720209121704,
    40.44192576408386,
    41.106489419937134,
    40.56358885765076,
    40.57255029678345,
    40.60952281951904,
    40.5956027507782,
    40.81568765640259,
    40.405473470687866,
    40.42706751823425,
    40.40221929550171,
    40.455604553222656,
    40.406317949295044,
    40.34843873977661,
    40.32225227355957,
    40.46010088920593,
    40.40376424789429,
    40.37375354766846,
    40.44901633262634,
    40.71712779998779,
    40.620906591415405,
    40.45561599731445,
    40.40852379798889,
    40.479127645492554,
    40.52121829986572
  ]
}