{
  "target_distribution": "ThreeMixtureScaled",
  "proposal_distribution": "Normal",
  "dimension": 20,
  "num_iterations": 200000,
  "seed": 20,
  "total_time": 4433.174518585205,
  "max_esjd": 0.946444034576416,
  "max_acceptance_rate": 0.230985,
  "max_scale_param": 2.128461538461538,
  "expected_squared_jump_distances": [
    9.959125600289553e-05,
    0.015277589671313763,
    0.05299512669444084,
    0.10866204649209976,
    0.17798486351966858,
    0.2561343014240265,
    0.34039005637168884,
    0.42628490924835205,
    0.5106439590454102,
    0.591188371181488,
    0.6683832406997681,
    0.7342365980148315,
    0.7921965718269348,
    0.8456035852432251,
    0.8837005496025085,
    0.9105333089828491,
    0.9331294894218445,
    0.937035083770752,
    0.946444034576416,
    0.935578465461731,
    0.9169309139251709,
    0.903167188167572,
    0.8862453103065491,
    0.8490110039710999,
    0.8083594441413879,
    0.7764663696289062,
    0.7439181804656982,
    0.7153409123420715,
    0.6775310039520264,
    0.6259031891822815,
    0.5709846615791321,
    0.5630216598510742,
    0.513578474521637,
    0.47526606917381287,
    0.4619905352592468,
    0.40692999958992004,
    0.3791036605834961,
    0.35930413007736206,
    0.32987460494041443,
    0.3023669421672821
  ],
  "acceptance_rates": [
    0.996215,
    0.940075,
    0.886055,
    0.83273,
    0.78079,
    0.728315,
    0.67878,
    0.629605,
    0.582655,
    0.53713,
    0.49554,
    0.45295,
    0.4139,
    0.379195,
    0.344715,
    0.31189,
    0.28265,
    0.254055,
    0.230985,
    0.20657,
    0.184475,
    0.166215,
    0.149625,
    0.13275,
    0.11693,
    0.104885,
    0.09362,
    0.083945,
    0.074555,
    0.065175,
    0.055885,
    0.05212,
    0.04503,
    0.039545,
    0.03642,
    0.03081,
    0.02737,
    0.024755,
    0.021765,
    0.01908
  ],
  "scale_param_range": [
    0.01,
    0.1276923076923077,
    0.2453846153846154,
    0.3630769230769231,
    0.4807692307692308,
    0.5984615384615385,
    0.7161538461538461,
    0.8338461538461539,
    0.9515384615384616,
    1.0692307692307692,
    1.186923076923077,
    1.3046153846153847,
    1.4223076923076923,
    1.54,
    1.6576923076923078,
    1.7753846153846153,
    1.893076923076923,
    2.0107692307692306,
    2.128461538461538,
    2.246153846153846,
    2.3638461538461537,
    2.4815384615384612,
    2.5992307692307692,
    2.7169230769230768,
    2.8346153846153843,
    2.9523076923076923,
    3.07,
    3.1876923076923074,
    3.3053846153846154,
    3.423076923076923,
    3.5407692307692304,
    3.6584615384615384,
    3.776153846153846,
    3.8938461538461535,
    4.0115384615384615,
    4.1292307692307695,
    4.246923076923077,
    4.364615384615385,
    4.4823076923076925,
    4.6
  ],
  "times": [
    110.16439890861511,
    110.06887626647949,
    108.95167922973633,
    108.88906574249268,
    108.76365041732788,
    110.89659857749939,
    112.10213828086853,
    113.08233189582825,
    113.78090190887451,
    112.40303659439087,
    112.59216833114624,
    112.66540241241455,
    111.2203221321106,
    110.19307589530945,
    109.95836043357849,
    106.5031418800354,
    107.90709805488586,
    109.7265784740448,
    107.56652927398682,
    108.12808012962341,
    108.23649477958679,
    109.91449499130249,
    114.06828427314758,
    113.58587837219238,
    113.07497811317444,
    111.35164141654968,
    111.11701822280884,
    109.79388284683228,
    111.78835868835449,
    112.58774447441101,
    109.54537773132324,
    110.46092247962952,
    109.97547888755798,
    111.74191188812256,
    111.30902528762817,
    111.74097418785095,
    112.89513373374939,
    112.62652468681335,
    111.20548391342163,
    110.55503749847412
  ]
}