{
  "target_distribution": "ThreeMixture",
  "proposal_distribution": "Normal",
  "dimension": 30,
  "num_iterations": 200000,
  "seed": 5,
  "total_time": 4688.898670434952,
  "max_esjd": 1.3000411987304688,
  "max_acceptance_rate": 0.248085,
  "max_scale_param": 2.363076923076923,
  "expected_squared_jump_distances": [
    9.982084156945348e-05,
    0.012034140527248383,
    0.04200289025902748,
    0.08747783303260803,
    0.14598824083805084,
    0.21522480249404907,
    0.29209232330322266,
    0.37503522634506226,
    0.46129554510116577,
    0.5509179830551147,
    0.6386880874633789,
    0.723412036895752,
    0.80887770652771,
    0.8872043490409851,
    0.9604259133338928,
    1.031259298324585,
    1.0916249752044678,
    1.1414579153060913,
    1.1911108493804932,
    1.2292112112045288,
    1.2517575025558472,
    1.2740490436553955,
    1.2846312522888184,
    1.3000411987304688,
    1.2957744598388672,
    1.285529375076294,
    1.2751699686050415,
    1.2509350776672363,
    1.220327377319336,
    1.1975070238113403,
    1.1681663990020752,
    1.1072734594345093,
    1.0889968872070312,
    1.0364123582839966,
    0.9961569905281067,
    0.9503816962242126,
    0.8982307314872742,
    0.859293520450592,
    0.8353790640830994,
    0.7579324841499329
  ],
  "acceptance_rates": [
    0.99783,
    0.955285,
    0.914445,
    0.87467,
    0.83563,
    0.797595,
    0.758145,
    0.720185,
    0.68229,
    0.64679,
    0.61058,
    0.574355,
    0.5414,
    0.508925,
    0.476735,
    0.4478,
    0.418365,
    0.389055,
    0.363305,
    0.337665,
    0.312145,
    0.28937,
    0.26715,
    0.248085,
    0.228625,
    0.209825,
    0.193525,
    0.17669,
    0.16117,
    0.148265,
    0.13596,
    0.121575,
    0.112635,
    0.10131,
    0.092435,
    0.08377,
    0.07513,
    0.068515,
    0.06342,
    0.055125
  ],
  "scale_param_range": [
    0.01,
    0.1123076923076923,
    0.21461538461538462,
    0.3169230769230769,
    0.41923076923076924,
    0.5215384615384615,
    0.6238461538461538,
    0.7261538461538461,
    0.8284615384615385,
    0.9307692307692308,
    1.033076923076923,
    1.1353846153846154,
    1.2376923076923076,
    1.34,
    1.4423076923076923,
    1.5446153846153847,
    1.646923076923077,
    1.7492307692307691,
    1.8515384615384616,
    1.9538461538461538,
    2.0561538461538458,
    2.1584615384615384,
    2.2607692307692306,
    2.363076923076923,
    2.465384615384615,
    2.5676923076923073,
    2.67,
    2.772307692307692,
    2.8746153846153844,
    2.9769230769230766,
    3.079230769230769,
    3.1815384615384614,
    3.2838461538461536,
    3.386153846153846,
    3.488461538461538,
    3.5907692307692307,
    3.693076923076923,
    3.795384615384615,
    3.8976923076923073,
    4.0
  ],
  "times": [
    118.2096893787384,
    118.00439858436584,
    117.44797444343567,
    117.06790089607239,
    116.64317727088928,
    116.96231722831726,
    117.36779856681824,
    116.50275230407715,
    116.28803825378418,
    116.32068800926208,
    116.39604210853577,
    116.73795914649963,
    116.33116841316223,
    116.27931547164917,
    116.76692390441895,
    116.76040387153625,
    116.69107270240784,
    116.92658162117004,
    116.74001741409302,
    116.31919527053833,
    117.96591019630432,
    118.12870836257935,
    117.95574426651001,
    117.67779350280762,
    117.63888788223267,
    117.93227195739746,
    117.42841148376465,
    117.77406191825867,
    117.5921642780304,
    118.58984637260437,
    117.80828595161438,
    117.80770635604858,
    117.57925271987915,
    117.77863812446594,
    117.60313415527344,
    117.61638116836548,
    117.91107559204102,
    116.29891681671143,
    116.5205090045929,
    116.4756166934967
  ]
}