{
  "target_distribution": "ThreeMixtureScaled",
  "proposal_distribution": "Normal",
  "dimension": 50,
  "num_iterations": 200000,
  "seed": 12,
  "total_time": 4443.421650648117,
  "max_esjd": 1.010544776916504,
  "max_acceptance_rate": 0.232265,
  "max_scale_param": 2.128461538461538,
  "expected_squared_jump_distances": [
    9.976659202948213e-05,
    0.015340268611907959,
    0.053401220589876175,
    0.10983685404062271,
    0.18032307922840118,
    0.26122134923934937,
    0.3482094705104828,
    0.4385719299316406,
    0.5268150568008423,
    0.6144263744354248,
    0.6948476433753967,
    0.7686125636100769,
    0.8321757316589355,
    0.8866387009620667,
    0.9333133101463318,
    0.9678891897201538,
    0.9902779459953308,
    1.0059560537338257,
    1.010544776916504,
    1.0004425048828125,
    0.9977099895477295,
    0.969160258769989,
    0.9407742023468018,
    0.9040364623069763,
    0.865119993686676,
    0.8310955762863159,
    0.7821624279022217,
    0.7336876392364502,
    0.6760379672050476,
    0.6357209086418152,
    0.6101668477058411,
    0.5562858581542969,
    0.4968493580818176,
    0.45351800322532654,
    0.39736708998680115,
    0.3928600251674652,
    0.3373522460460663,
    0.3152942955493927,
    0.2585366666316986,
    0.1881750375032425
  ],
  "acceptance_rates": [
    0.997245,
    0.94166,
    0.88857,
    0.83593,
    0.783945,
    0.733765,
    0.68448,
    0.637055,
    0.589015,
    0.544985,
    0.501685,
    0.46045,
    0.42064,
    0.38308,
    0.349255,
    0.316795,
    0.286195,
    0.258465,
    0.232265,
    0.207465,
    0.18729,
    0.165885,
    0.14718,
    0.12981,
    0.114565,
    0.10203,
    0.089,
    0.077855,
    0.06712,
    0.059095,
    0.053025,
    0.045715,
    0.0385,
    0.03326,
    0.027445,
    0.025685,
    0.02102,
    0.01869,
    0.014665,
    0.01009
  ],
  "scale_param_range": [
    0.01,
    0.1276923076923077,
    0.2453846153846154,
    0.3630769230769231,
    0.4807692307692308,
    0.5984615384615385,
    0.7161538461538461,
    0.8338461538461539,
    0.9515384615384616,
    1.0692307692307692,
    1.186923076923077,
    1.3046153846153847,
    1.4223076923076923,
    1.54,
    1.6576923076923078,
    1.7753846153846153,
    1.893076923076923,
    2.0107692307692306,
    2.128461538461538,
    2.246153846153846,
    2.3638461538461537,
    2.4815384615384612,
    2.5992307692307692,
    2.7169230769230768,
    2.8346153846153843,
    2.9523076923076923,
    3.07,
    3.1876923076923074,
    3.3053846153846154,
    3.423076923076923,
    3.5407692307692304,
    3.6584615384615384,
    3.776153846153846,
    3.8938461538461535,
    4.0115384615384615,
    4.1292307692307695,
    4.246923076923077,
    4.364615384615385,
    4.4823076923076925,
    4.6
  ],
  "times": [
    113.77292776107788,
    113.17976832389832,
    112.86175155639648,
    112.61560320854187,
    111.99786710739136,
    108.9607801437378,
    108.87625908851624,
    109.16420674324036,
    110.96318054199219,
    111.86263656616211,
    110.37740349769592,
    111.37276935577393,
    110.17206382751465,
    111.5839273929596,
    111.06380367279053,
    111.80712866783142,
    112.53840160369873,
    111.23890709877014,
    111.94069623947144,
    109.56054615974426,
    108.69023299217224,
    110.66875100135803,
    110.01910185813904,
    109.49957227706909,
    111.67267370223999,
    111.90521812438965,
    111.26697087287903,
    111.898202419281,
    111.61644148826599,
    109.38699746131897,
    110.2011775970459,
    109.66839218139648,
    110.38654518127441,
    112.73164200782776,
    111.59906911849976,
    111.38610243797302,
    110.9641444683075,
    109.79615187644958,
    112.30020713806152,
    111.79649114608765
  ]
}