{
  "target_distribution": "ThreeMixture",
  "dimension": 30,
  "num_iterations": 200000,
  "seed": 5,
  "total_time": 3781.5294790267944,
  "max_esjd": 0.00552301966858362,
  "max_actual_acceptance_rate": 0.24763714557183578,
  "max_constr_acceptance_rate": 0.2803448275862069,
  "expected_squared_jump_distances": [
    0.0006178940700063231,
    0.0013945334450218404,
    0.0023215147428030302,
    0.002592603212099846,
    0.003122107530790175,
    0.003927025332298431,
    0.003935778544986805,
    0.004174399201656529,
    0.004772659672966554,
    0.005084471215863602,
    0.004558203762262963,
    0.0050216558132100166,
    0.00520122993229332,
    0.004927149491793587,
    0.005066583421613446,
    0.00544823579089309,
    0.00552301966858362,
    0.0051145516108266455,
    0.005021298333551756,
    0.005372078345422097,
    0.004922731882214186,
    0.004882296978224669,
    0.004623426584744627,
    0.004709542498879226,
    0.004773482281106156,
    0.004489611996498852,
    0.00440335347195255,
    0.0041989558865792335,
    0.004171724939238543,
    0.00393080505602153
  ],
  "acceptance_rates": [
    0.01757910597689603,
    0.10283333333333333,
    0.04104104104104104,
    0.11091259915672122,
    0.08125491317087115,
    0.08029718531218745,
    0.13225725725725726,
    0.11835688383143679,
    0.12864108013501688,
    0.1375601825798787,
    0.16936156026004334,
    0.17414013446685558,
    0.18186364394065677,
    0.21792179217921792,
    0.22433365004750713,
    0.23411170558527927,
    0.24763714557183578,
    0.2696976585587634,
    0.2816549215730848,
    0.2954814074006728,
    0.31884661860910873,
    0.3288053668902871,
    0.3538213008192623,
    0.36524481710835033,
    0.38018309100700054,
    0.4000285734695335,
    0.41305046608807455,
    0.4326144204806827,
    0.4501150038334611,
    0.46749796862303894
  ],
  "swap_acceptance_rates_range": [
    0.01,
    0.026896551724137928,
    0.04379310344827586,
    0.060689655172413794,
    0.07758620689655171,
    0.09448275862068964,
    0.11137931034482758,
    0.12827586206896552,
    0.14517241379310344,
    0.16206896551724137,
    0.1789655172413793,
    0.19586206896551722,
    0.21275862068965518,
    0.2296551724137931,
    0.24655172413793103,
    0.2634482758620689,
    0.2803448275862069,
    0.29724137931034483,
    0.31413793103448273,
    0.3310344827586207,
    0.3479310344827586,
    0.36482758620689654,
    0.38172413793103444,
    0.3986206896551724,
    0.41551724137931034,
    0.43241379310344824,
    0.4493103448275862,
    0.4662068965517241,
    0.48310344827586205,
    0.5
  ],
  "times": [
    93.21730971336365,
    99.30773043632507,
    99.09431338310242,
    108.16180443763733,
    107.95547652244568,
    107.58196878433228,
    114.19175052642822,
    113.5197925567627,
    114.22968983650208,
    113.82431316375732,
    119.89253449440002,
    119.18737983703613,
    119.42478680610657,
    125.53620195388794,
    125.00960111618042,
    124.59433102607727,
    124.87271499633789,
    130.30490016937256,
    131.0059051513672,
    130.3661186695099,
    136.0020570755005,
    136.04287958145142,
    142.30748867988586,
    141.75380492210388,
    141.88872075080872,
    148.3267047405243,
    147.76906490325928,
    153.56824278831482,
    153.73268222808838,
    158.82739543914795
  ]
}