{
  "target_distribution": "ThreeMixtureScaled",
  "dimension": 20,
  "num_iterations": 200000,
  "seed": 14,
  "total_time": 5822.5328233242035,
  "max_esjd": 0.6120079755783081,
  "max_acceptance_rate": 0.255545,
  "max_variance_value": 1.6207692307692307,
  "expected_squared_jump_distances": [
    9.949497325578704e-05,
    0.00929800234735012,
    0.03166879713535309,
    0.06481573730707169,
    0.10612160712480545,
    0.1535016894340515,
    0.2045234888792038,
    0.25735580921173096,
    0.30964869260787964,
    0.3611520230770111,
    0.4092573821544647,
    0.45353421568870544,
    0.4933520257472992,
    0.5283989906311035,
    0.5548986196517944,
    0.5795602202415466,
    0.5927792191505432,
    0.6067986488342285,
    0.6120079755783081,
    0.6058399677276611,
    0.6106780171394348,
    0.598488450050354,
    0.5857954621315002,
    0.5611845850944519,
    0.5466499328613281,
    0.5255689024925232,
    0.5191330909729004,
    0.4756636321544647,
    0.4475939869880676,
    0.42235350608825684,
    0.4054749608039856,
    0.3848070502281189,
    0.3612397611141205,
    0.32453566789627075,
    0.3145543932914734,
    0.2998198866844177,
    0.26244840025901794,
    0.23581553995609283,
    0.21774762868881226,
    0.20231403410434723
  ],
  "acceptance_rates": [
    0.99497,
    0.94242,
    0.892025,
    0.84312,
    0.793415,
    0.74539,
    0.69756,
    0.65128,
    0.60528,
    0.561985,
    0.52011,
    0.480145,
    0.442215,
    0.40646,
    0.370895,
    0.34004,
    0.308635,
    0.281775,
    0.255545,
    0.22901,
    0.209805,
    0.188155,
    0.169165,
    0.14982,
    0.135245,
    0.1209,
    0.1114,
    0.095815,
    0.08492,
    0.075165,
    0.068085,
    0.06107,
    0.05412,
    0.04661,
    0.04285,
    0.038715,
    0.03242,
    0.02793,
    0.024745,
    0.02192
  ],
  "var_value_range": [
    0.01,
    0.09948717948717949,
    0.188974358974359,
    0.2784615384615385,
    0.367948717948718,
    0.45743589743589746,
    0.546923076923077,
    0.6364102564102565,
    0.7258974358974359,
    0.8153846153846154,
    0.9048717948717949,
    0.9943589743589745,
    1.083846153846154,
    1.1733333333333333,
    1.262820512820513,
    1.3523076923076924,
    1.4417948717948719,
    1.5312820512820513,
    1.6207692307692307,
    1.7102564102564104,
    1.7997435897435898,
    1.8892307692307693,
    1.978717948717949,
    2.068205128205128,
    2.1576923076923076,
    2.247179487179487,
    2.3366666666666664,
    2.426153846153846,
    2.5156410256410258,
    2.605128205128205,
    2.6946153846153846,
    2.784102564102564,
    2.8735897435897435,
    2.963076923076923,
    3.0525641025641024,
    3.142051282051282,
    3.2315384615384612,
    3.321025641025641,
    3.4105128205128206,
    3.5
  ],
  "times": [
    143.47420287132263,
    140.22389101982117,
    141.244549036026,
    141.35164189338684,
    142.74865460395813,
    137.68326044082642,
    188.29571413993835,
    188.11917972564697,
    180.35446786880493,
    136.4938027858734,
    137.20523977279663,
    136.5907802581787,
    137.5576455593109,
    137.58581638336182,
    138.3164885044098,
    139.35676765441895,
    140.4632043838501,
    139.9407570362091,
    140.50233936309814,
    140.88881635665894,
    170.01457595825195,
    188.17163825035095,
    187.84341478347778,
    157.56160926818848,
    137.85959553718567,
    139.73470163345337,
    139.38044834136963,
    137.4372854232788,
    138.4937551021576,
    139.15175247192383,
    135.58644580841064,
    136.2425844669342,
    135.74022579193115,
    135.94012641906738,
    135.66991257667542,
    135.81161284446716,
    135.68858361244202,
    135.8633587360382,
    135.60543990135193,
    136.29177498817444
  ]
}