{
  "target_distribution": "ThreeMixture",
  "dimension": 10,
  "num_iterations": 200000,
  "seed": 34,
  "total_time": 4709.071497440338,
  "max_esjd": 0.015076889697945815,
  "max_actual_acceptance_rate": 0.32454636376625234,
  "max_constr_acceptance_rate": 0.3479310344827586,
  "expected_squared_jump_distances": [
    0.0023789415403887185,
    0.004024673179415533,
    0.006932065365460367,
    0.008619454911446238,
    0.01231567523332114,
    0.009937229718627389,
    0.010674225313873803,
    0.011919980742784012,
    0.012337856846147322,
    0.013871212495981127,
    0.01215681476412732,
    0.012601281791722442,
    0.013556332968123835,
    0.01457221327334108,
    0.014834282995772663,
    0.015015641852469869,
    0.014161414984782258,
    0.013833935552792128,
    0.014317164478602455,
    0.01488694575157037,
    0.015076889697945815,
    0.012902355951711955,
    0.013294645260365556,
    0.013460184271463855,
    0.013642689285592506,
    0.011689852934472536,
    0.01218733400396633,
    0.012091215363576041,
    0.012305701428636368,
    0.010927428889599649
  ],
  "acceptance_rates": [
    0.0485,
    0.247,
    0.14525,
    0.10153497735279315,
    0.08731756416708605,
    0.2528,
    0.2164,
    0.1944,
    0.17601760176017603,
    0.1712,
    0.2896666666666667,
    0.271,
    0.25816666666666666,
    0.25233333333333335,
    0.24641666666666667,
    0.24741666666666667,
    0.33359531294655614,
    0.3238782509288368,
    0.3211402443380724,
    0.3234516751196514,
    0.32454636376625234,
    0.38433652103256455,
    0.3819375,
    0.3868850409451772,
    0.3923125,
    0.43677777777777776,
    0.44001778074123465,
    0.4443518364171806,
    0.44904989443271476,
    0.4886244312215611
  ],
  "swap_acceptance_rates_range": [
    0.01,
    0.026896551724137928,
    0.04379310344827586,
    0.060689655172413794,
    0.07758620689655171,
    0.09448275862068964,
    0.11137931034482758,
    0.12827586206896552,
    0.14517241379310344,
    0.16206896551724137,
    0.1789655172413793,
    0.19586206896551722,
    0.21275862068965518,
    0.2296551724137931,
    0.24655172413793103,
    0.2634482758620689,
    0.2803448275862069,
    0.29724137931034483,
    0.31413793103448273,
    0.3310344827586207,
    0.3479310344827586,
    0.36482758620689654,
    0.38172413793103444,
    0.3986206896551724,
    0.41551724137931034,
    0.43241379310344824,
    0.4493103448275862,
    0.4662068965517241,
    0.48310344827586205,
    0.5
  ],
  "times": [
    132.66035723686218,
    138.98797869682312,
    136.43658137321472,
    136.18454122543335,
    135.47592449188232,
    149.9412145614624,
    148.29943251609802,
    148.39808535575867,
    149.0156443119049,
    147.40263104438782,
    156.4958417415619,
    158.35360169410706,
    155.4428322315216,
    157.20268058776855,
    157.9482021331787,
    156.51136422157288,
    159.83746933937073,
    159.34983825683594,
    159.07891845703125,
    158.9534456729889,
    160.24056839942932,
    168.09005403518677,
    166.3507537841797,
    165.71670937538147,
    165.9620132446289,
    173.77643251419067,
    174.39724946022034,
    174.35967779159546,
    174.95215106010437,
    183.21054887771606
  ]
}