{
  "target_distribution": "ThreeMixtureScaled",
  "proposal_distribution": "Normal",
  "dimension": 20,
  "num_iterations": 200000,
  "seed": 8,
  "total_time": 4336.102669239044,
  "max_esjd": 0.9391804337501526,
  "max_acceptance_rate": 0.25473,
  "max_scale_param": 2.0107692307692306,
  "expected_squared_jump_distances": [
    9.960246825357899e-05,
    0.015266980975866318,
    0.05297228321433067,
    0.10860081762075424,
    0.1775864064693451,
    0.2562580108642578,
    0.33981117606163025,
    0.425391286611557,
    0.5104100704193115,
    0.5905064940452576,
    0.6655066013336182,
    0.7340636253356934,
    0.7936124205589294,
    0.8386454582214355,
    0.8765516877174377,
    0.9057363867759705,
    0.9282499551773071,
    0.9391804337501526,
    0.9362727999687195,
    0.9310176372528076,
    0.9187995791435242,
    0.895154595375061,
    0.8654010891914368,
    0.8346527218818665,
    0.8169650435447693,
    0.7826963067054749,
    0.7452868819236755,
    0.7014647722244263,
    0.6539977788925171,
    0.6096908450126648,
    0.5658348798751831,
    0.5263185501098633,
    0.48578545451164246,
    0.4549427926540375,
    0.39898714423179626,
    0.40086206793785095,
    0.35092905163764954,
    0.3354649245738983,
    0.3286281228065491,
    0.2879745662212372
  ],
  "acceptance_rates": [
    0.996275,
    0.93946,
    0.885685,
    0.83242,
    0.77913,
    0.728375,
    0.67784,
    0.628955,
    0.582315,
    0.536345,
    0.493335,
    0.452815,
    0.414895,
    0.376675,
    0.342455,
    0.310825,
    0.282055,
    0.25473,
    0.229,
    0.20575,
    0.18468,
    0.165065,
    0.146855,
    0.130805,
    0.11813,
    0.105565,
    0.0936,
    0.082725,
    0.072675,
    0.063635,
    0.05596,
    0.04921,
    0.0431,
    0.03858,
    0.03184,
    0.030675,
    0.02582,
    0.02324,
    0.021805,
    0.018425
  ],
  "scale_param_range": [
    0.01,
    0.1276923076923077,
    0.2453846153846154,
    0.3630769230769231,
    0.4807692307692308,
    0.5984615384615385,
    0.7161538461538461,
    0.8338461538461539,
    0.9515384615384616,
    1.0692307692307692,
    1.186923076923077,
    1.3046153846153847,
    1.4223076923076923,
    1.54,
    1.6576923076923078,
    1.7753846153846153,
    1.893076923076923,
    2.0107692307692306,
    2.128461538461538,
    2.246153846153846,
    2.3638461538461537,
    2.4815384615384612,
    2.5992307692307692,
    2.7169230769230768,
    2.8346153846153843,
    2.9523076923076923,
    3.07,
    3.1876923076923074,
    3.3053846153846154,
    3.423076923076923,
    3.5407692307692304,
    3.6584615384615384,
    3.776153846153846,
    3.8938461538461535,
    4.0115384615384615,
    4.1292307692307695,
    4.246923076923077,
    4.364615384615385,
    4.4823076923076925,
    4.6
  ],
  "times": [
    109.15460276603699,
    110.07642602920532,
    110.02077054977417,
    109.48401594161987,
    109.55167818069458,
    108.15383291244507,
    110.39988231658936,
    108.66631937026978,
    107.05107760429382,
    109.40156626701355,
    107.11294364929199,
    105.26148080825806,
    106.21532201766968,
    104.15457129478455,
    105.01353669166565,
    106.82154774665833,
    108.17948412895203,
    106.26822757720947,
    108.21580457687378,
    107.82532978057861,
    110.02886867523193,
    109.69337248802185,
    110.81103873252869,
    109.0797791481018,
    108.07230687141418,
    107.51016330718994,
    107.74938297271729,
    108.6552197933197,
    105.09216547012329,
    106.01190948486328,
    109.84019660949707,
    110.83794164657593,
    109.23152565956116,
    111.13210821151733,
    109.54832720756531,
    108.06619095802307,
    110.82674431800842,
    110.69072651863098,
    107.4720344543457,
    108.68392705917358
  ]
}