{
  "target_distribution": "ThreeMixture",
  "dimension": 20,
  "num_iterations": 200000,
  "seed": 1,
  "total_time": 8521.9341943264,
  "max_esjd": 0.007909357109759298,
  "max_actual_acceptance_rate": 0.27494444444444444,
  "max_constr_acceptance_rate": 0.29724137931034483,
  "expected_squared_jump_distances": [
    0.0016322964838250212,
    0.0034758753945737094,
    0.003529948866848054,
    0.00389384306427801,
    0.004352360281139486,
    0.004984262129357537,
    0.006276591043333571,
    0.005810383490675394,
    0.0061059671693398975,
    0.006412150330004178,
    0.007256844269530543,
    0.007295402638596389,
    0.007092226828086033,
    0.007779270168424263,
    0.007873755299647948,
    0.007304338032705617,
    0.007040299121340632,
    0.007909357109759298,
    0.007905795206527021,
    0.007245282508129751,
    0.007146499317829516,
    0.007235665566915265,
    0.007678327454702886,
    0.006743386358869287,
    0.006906300850797465,
    0.00636185665247818,
    0.006218787442633407,
    0.006219194459146775,
    0.005865298654467472,
    0.00593405786352616
  ],
  "acceptance_rates": [
    0.1629,
    0.0636063606360636,
    0.05382691345672837,
    0.17308333333333334,
    0.1195,
    0.095,
    0.09792780748663102,
    0.1737857142857143,
    0.1500750375187594,
    0.1516560555118392,
    0.1553141305124723,
    0.220625,
    0.2114542953607603,
    0.21115139392424054,
    0.22179158592236045,
    0.26711111111111113,
    0.26266666666666666,
    0.27494444444444444,
    0.2837777777777778,
    0.3169316931693169,
    0.31683168316831684,
    0.32938293829382936,
    0.34503450345034503,
    0.3657649465787679,
    0.3798072552050186,
    0.40820068339028254,
    0.4133261105092091,
    0.4256188015667972,
    0.45103469497653664,
    0.46049696130471574
  ],
  "swap_acceptance_rates_range": [
    0.01,
    0.026896551724137928,
    0.04379310344827586,
    0.060689655172413794,
    0.07758620689655171,
    0.09448275862068964,
    0.11137931034482758,
    0.12827586206896552,
    0.14517241379310344,
    0.16206896551724137,
    0.1789655172413793,
    0.19586206896551722,
    0.21275862068965518,
    0.2296551724137931,
    0.24655172413793103,
    0.2634482758620689,
    0.2803448275862069,
    0.29724137931034483,
    0.31413793103448273,
    0.3310344827586207,
    0.3479310344827586,
    0.36482758620689654,
    0.38172413793103444,
    0.3986206896551724,
    0.41551724137931034,
    0.43241379310344824,
    0.4493103448275862,
    0.4662068965517241,
    0.48310344827586205,
    0.5
  ],
  "times": [
    228.21850109100342,
    225.93638586997986,
    226.206561088562,
    241.99884867668152,
    242.2075641155243,
    242.15801095962524,
    242.04336833953857,
    261.8187983036041,
    261.85432171821594,
    261.7929985523224,
    262.27587819099426,
    276.412654876709,
    276.86604928970337,
    276.1356897354126,
    276.383367061615,
    290.69496512413025,
    290.6067750453949,
    290.5675046443939,
    291.21158504486084,
    304.9209153652191,
    305.19089913368225,
    305.04104471206665,
    306.31184005737305,
    319.42504477500916,
    319.4707760810852,
    333.55786538124084,
    333.4598398208618,
    333.2745404243469,
    347.927960395813,
    347.9182081222534
  ]
}