{
  "target_distribution": "ThreeMixtureScaled",
  "proposal_distribution": "Normal",
  "dimension": 10,
  "num_iterations": 200000,
  "seed": 12,
  "total_time": 4145.347931146622,
  "max_esjd": 1.0554224252700806,
  "max_acceptance_rate": 0.228795,
  "max_scale_param": 2.363076923076923,
  "expected_squared_jump_distances": [
    9.95509690255858e-05,
    0.011920934543013573,
    0.04126662015914917,
    0.08513439446687698,
    0.1407480239868164,
    0.20492210984230042,
    0.2758141756057739,
    0.3500070571899414,
    0.42669713497161865,
    0.5037086606025696,
    0.5784412622451782,
    0.6487591862678528,
    0.715912938117981,
    0.7756320238113403,
    0.8344963192939758,
    0.8804294466972351,
    0.9221733212471008,
    0.9615296721458435,
    0.9998906850814819,
    1.0215579271316528,
    1.0418922901153564,
    1.0529179573059082,
    1.0498360395431519,
    1.0554224252700806,
    1.053672194480896,
    1.0545134544372559,
    1.0413720607757568,
    1.0276395082473755,
    1.0273241996765137,
    0.9901848435401917,
    0.9838800430297852,
    0.9521490335464478,
    0.9411481022834778,
    0.8997193574905396,
    0.8817973136901855,
    0.8562878966331482,
    0.8236158490180969,
    0.7961801290512085,
    0.777431845664978,
    0.7392008900642395
  ],
  "acceptance_rates": [
    0.99611,
    0.95005,
    0.90534,
    0.86152,
    0.8188,
    0.77546,
    0.7344,
    0.69296,
    0.65384,
    0.61575,
    0.578715,
    0.542065,
    0.507885,
    0.473815,
    0.443975,
    0.412605,
    0.384045,
    0.358695,
    0.335975,
    0.31115,
    0.28966,
    0.268395,
    0.246905,
    0.228795,
    0.212385,
    0.19815,
    0.18249,
    0.169435,
    0.158435,
    0.144185,
    0.135125,
    0.1241,
    0.11624,
    0.105455,
    0.097925,
    0.09109,
    0.08373,
    0.07758,
    0.07215,
    0.0662
  ],
  "scale_param_range": [
    0.01,
    0.1123076923076923,
    0.21461538461538462,
    0.3169230769230769,
    0.41923076923076924,
    0.5215384615384615,
    0.6238461538461538,
    0.7261538461538461,
    0.8284615384615385,
    0.9307692307692308,
    1.033076923076923,
    1.1353846153846154,
    1.2376923076923076,
    1.34,
    1.4423076923076923,
    1.5446153846153847,
    1.646923076923077,
    1.7492307692307691,
    1.8515384615384616,
    1.9538461538461538,
    2.0561538461538458,
    2.1584615384615384,
    2.2607692307692306,
    2.363076923076923,
    2.465384615384615,
    2.5676923076923073,
    2.67,
    2.772307692307692,
    2.8746153846153844,
    2.9769230769230766,
    3.079230769230769,
    3.1815384615384614,
    3.2838461538461536,
    3.386153846153846,
    3.488461538461538,
    3.5907692307692307,
    3.693076923076923,
    3.795384615384615,
    3.8976923076923073,
    4.0
  ],
  "times": [
    105.91324639320374,
    105.89719319343567,
    105.52837300300598,
    105.44307827949524,
    105.4057104587555,
    104.13742160797119,
    103.36944365501404,
    103.48921513557434,
    103.83166790008545,
    103.79187560081482,
    103.62414574623108,
    102.66345262527466,
    102.7698745727539,
    104.3963975906372,
    102.88892865180969,
    103.12510418891907,
    102.94198727607727,
    103.48092269897461,
    103.2148711681366,
    103.38823223114014,
    103.27859568595886,
    102.97877955436707,
    103.44054627418518,
    104.11274194717407,
    104.0767548084259,
    102.95852899551392,
    103.6698865890503,
    102.8208646774292,
    102.91341590881348,
    103.09598422050476,
    102.59307956695557,
    103.3364999294281,
    105.01659274101257,
    102.79621076583862,
    103.30660796165466,
    103.10093188285828,
    102.89621996879578,
    102.85843205451965,
    103.21364665031433,
    103.53795790672302
  ]
}