{
  "target_distribution": "ThreeMixtureScaled",
  "dimension": 30,
  "num_iterations": 200000,
  "seed": 9,
  "total_time": 2035.436428308487,
  "max_esjd": 0.9365395307540894,
  "max_acceptance_rate": 0.2361,
  "max_variance_value": 2.0561538461538458,
  "expected_squared_jump_distances": [
    9.972774569178e-05,
    0.011934789828956127,
    0.04124807193875313,
    0.08501284569501877,
    0.14024703204631805,
    0.2039470076560974,
    0.2740648686885834,
    0.347430020570755,
    0.4218823313713074,
    0.4953179657459259,
    0.5657570958137512,
    0.6330836415290833,
    0.6944780349731445,
    0.74947589635849,
    0.7993727922439575,
    0.8410704731941223,
    0.8730149865150452,
    0.8984898328781128,
    0.9124348163604736,
    0.930329442024231,
    0.9365395307540894,
    0.9294784665107727,
    0.9256846904754639,
    0.9094868302345276,
    0.8846545815467834,
    0.8609862923622131,
    0.8293500542640686,
    0.7984525561332703,
    0.7726206183433533,
    0.7330527901649475,
    0.7072663903236389,
    0.6747567653656006,
    0.6355906128883362,
    0.5927287340164185,
    0.5650365352630615,
    0.5253794193267822,
    0.5081940293312073,
    0.46215948462486267,
    0.41731390357017517,
    0.38289874792099
  ],
  "acceptance_rates": [
    0.996715,
    0.947485,
    0.898215,
    0.850625,
    0.80385,
    0.757015,
    0.71272,
    0.66864,
    0.625435,
    0.583705,
    0.54254,
    0.50469,
    0.46739,
    0.43201,
    0.399565,
    0.367695,
    0.33718,
    0.308975,
    0.281965,
    0.258555,
    0.2361,
    0.21397,
    0.195215,
    0.176325,
    0.1588,
    0.14308,
    0.12791,
    0.11507,
    0.10419,
    0.092515,
    0.08376,
    0.075615,
    0.067055,
    0.05913,
    0.05365,
    0.04753,
    0.04343,
    0.037625,
    0.03262,
    0.02866
  ],
  "var_value_range": [
    0.01,
    0.1123076923076923,
    0.21461538461538462,
    0.3169230769230769,
    0.41923076923076924,
    0.5215384615384615,
    0.6238461538461538,
    0.7261538461538461,
    0.8284615384615385,
    0.9307692307692308,
    1.033076923076923,
    1.1353846153846154,
    1.2376923076923076,
    1.34,
    1.4423076923076923,
    1.5446153846153847,
    1.646923076923077,
    1.7492307692307691,
    1.8515384615384616,
    1.9538461538461538,
    2.0561538461538458,
    2.1584615384615384,
    2.2607692307692306,
    2.363076923076923,
    2.465384615384615,
    2.5676923076923073,
    2.67,
    2.772307692307692,
    2.8746153846153844,
    2.9769230769230766,
    3.079230769230769,
    3.1815384615384614,
    3.2838461538461536,
    3.386153846153846,
    3.488461538461538,
    3.5907692307692307,
    3.693076923076923,
    3.795384615384615,
    3.8976923076923073,
    4.0
  ],
  "times": [
    51.393470764160156,
    50.92877745628357,
    50.947813272476196,
    50.99224376678467,
    50.92606067657471,
    50.93588876724243,
    50.84543037414551,
    50.92946243286133,
    50.900251150131226,
    50.82681369781494,
    50.75213932991028,
    50.84259819984436,
    50.786824464797974,
    50.931323289871216,
    50.83088207244873,
    50.941150188446045,
    50.857288122177124,
    50.94481611251831,
    50.818724393844604,
    50.93145132064819,
    50.773595571517944,
    50.883371114730835,
    50.84286904335022,
    50.87431073188782,
    50.846720457077026,
    50.95021343231201,
    50.82848238945007,
    50.92071270942688,
    50.91323280334473,
    50.96186399459839,
    50.91879916191101,
    50.9611759185791,
    50.78977012634277,
    50.57526683807373,
    50.64077425003052,
    50.89545488357544,
    50.84473490715027,
    50.95036959648132,
    50.857661724090576,
    50.91723871231079
  ]
}