{
  "target_distribution": "ThreeMixtureScaled",
  "dimension": 20,
  "num_iterations": 200000,
  "seed": 1,
  "total_time": 4515.227322101593,
  "max_esjd": 1.3926912546157837,
  "max_acceptance_rate": 0.25881,
  "max_variance_value": 2.426153846153846,
  "expected_squared_jump_distances": [
    9.976703586289659e-05,
    0.009498776867985725,
    0.03299449756741524,
    0.06885851174592972,
    0.11547015607357025,
    0.17103518545627594,
    0.23419174551963806,
    0.30308225750923157,
    0.3767833411693573,
    0.45377546548843384,
    0.5324831604957581,
    0.6114760041236877,
    0.6909650564193726,
    0.7661869525909424,
    0.8418688774108887,
    0.9145154356956482,
    0.980159342288971,
    1.0464681386947632,
    1.1019350290298462,
    1.1595704555511475,
    1.2092390060424805,
    1.252049207687378,
    1.2877213954925537,
    1.3184846639633179,
    1.3471083641052246,
    1.3628054857254028,
    1.3846499919891357,
    1.3926912546157837,
    1.3920923471450806,
    1.3893929719924927,
    1.3886066675186157,
    1.384713053703308,
    1.372564673423767,
    1.3525336980819702,
    1.3455283641815186,
    1.308584213256836,
    1.29720139503479,
    1.2829996347427368,
    1.2393741607666016,
    1.2172093391418457
  ],
  "acceptance_rates": [
    0.997495,
    0.961665,
    0.927515,
    0.89334,
    0.859835,
    0.82595,
    0.79297,
    0.759835,
    0.72795,
    0.696765,
    0.665895,
    0.6353,
    0.60573,
    0.575305,
    0.54753,
    0.5201,
    0.49248,
    0.46774,
    0.441405,
    0.41858,
    0.39583,
    0.37346,
    0.35139,
    0.331035,
    0.31195,
    0.29221,
    0.27653,
    0.25881,
    0.24213,
    0.22613,
    0.21206,
    0.199435,
    0.186075,
    0.17362,
    0.163,
    0.15109,
    0.141735,
    0.133235,
    0.123175,
    0.11549
  ],
  "var_value_range": [
    0.01,
    0.09948717948717949,
    0.188974358974359,
    0.2784615384615385,
    0.367948717948718,
    0.45743589743589746,
    0.546923076923077,
    0.6364102564102565,
    0.7258974358974359,
    0.8153846153846154,
    0.9048717948717949,
    0.9943589743589745,
    1.083846153846154,
    1.1733333333333333,
    1.262820512820513,
    1.3523076923076924,
    1.4417948717948719,
    1.5312820512820513,
    1.6207692307692307,
    1.7102564102564104,
    1.7997435897435898,
    1.8892307692307693,
    1.978717948717949,
    2.068205128205128,
    2.1576923076923076,
    2.247179487179487,
    2.3366666666666664,
    2.426153846153846,
    2.5156410256410258,
    2.605128205128205,
    2.6946153846153846,
    2.784102564102564,
    2.8735897435897435,
    2.963076923076923,
    3.0525641025641024,
    3.142051282051282,
    3.2315384615384612,
    3.321025641025641,
    3.4105128205128206,
    3.5
  ],
  "times": [
    114.07021999359131,
    113.15746068954468,
    112.70022439956665,
    112.7374267578125,
    112.53641700744629,
    112.44836521148682,
    112.32944130897522,
    112.85710334777832,
    112.683429479599,
    112.969069480896,
    112.95228433609009,
    112.52216935157776,
    112.69928240776062,
    112.77946496009827,
    112.53618550300598,
    112.9216628074646,
    113.16836142539978,
    113.37286233901978,
    113.64104890823364,
    113.14219069480896,
    113.25759768486023,
    113.04396605491638,
    113.32406044006348,
    112.86232542991638,
    113.17764687538147,
    113.4955985546112,
    112.4675772190094,
    112.87394332885742,
    112.70836281776428,
    112.86127138137817,
    112.45947885513306,
    112.6845428943634,
    112.66281509399414,
    113.13959121704102,
    112.51421165466309,
    113.42559933662415,
    112.24270606040955,
    112.56131219863892,
    112.25278210639954,
    112.94179821014404
  ]
}