{
  "target_distribution": "ThreeMixtureScaled",
  "dimension": 50,
  "num_iterations": 100000,
  "seed": 11,
  "total_time": 1057.4895927906036,
  "max_esjd": 0.06558984518051147,
  "max_acceptance_rate": 0.1739090909090909,
  "max_variance_value": 0.6238461538461538,
  "expected_squared_jump_distances": [
    9.754142229212448e-05,
    0.009493040852248669,
    0.02582721784710884,
    0.04155175760388374,
    0.053015075623989105,
    0.060574986040592194,
    0.06558984518051147,
    0.06531611829996109,
    0.06370770186185837,
    0.060808900743722916,
    0.05443041771650314,
    0.05186951532959938,
    0.04590960219502449,
    0.04085598513484001,
    0.03533114865422249,
    0.03186868503689766,
    0.02827686443924904,
    0.024877170100808144,
    0.018143044784665108,
    0.01726546883583069,
    0.01354407612234354,
    0.012176928110420704,
    0.011799345724284649,
    0.005624235607683659,
    0.005769664887338877,
    0.00389712187461555,
    0.002994105452671647,
    0.002558630658313632,
    5.306198727339506e-05,
    5.690614489139989e-05,
    6.088473674026318e-05,
    6.499774463009089e-05,
    6.924518675077707e-05,
    7.362704491242766e-05,
    7.814331911504269e-05,
    8.279401663457975e-05,
    0.0,
    0.0,
    0.0,
    0.0
  ],
  "acceptance_rates": [
    0.9754545454545455,
    0.7563636363636363,
    0.5666666666666667,
    0.42074747474747476,
    0.3088080808080808,
    0.229,
    0.1739090909090909,
    0.12866666666666668,
    0.09692929292929293,
    0.07352525252525252,
    0.05404040404040404,
    0.0425959595959596,
    0.0318989898989899,
    0.024505050505050505,
    0.018343434343434342,
    0.014545454545454545,
    0.011393939393939394,
    0.008818181818181819,
    0.005868686868686869,
    0.00497979797979798,
    0.0036363636363636364,
    0.002919191919191919,
    0.0025252525252525255,
    0.0011515151515151514,
    0.001090909090909091,
    0.0006868686868686869,
    0.00048484848484848484,
    0.00038383838383838383,
    1.0101010101010101e-05,
    1.0101010101010101e-05,
    1.0101010101010101e-05,
    1.0101010101010101e-05,
    1.0101010101010101e-05,
    1.0101010101010101e-05,
    1.0101010101010101e-05,
    1.0101010101010101e-05,
    0.0,
    0.0,
    0.0,
    0.0
  ],
  "var_value_range": [
    0.01,
    0.1123076923076923,
    0.21461538461538462,
    0.3169230769230769,
    0.41923076923076924,
    0.5215384615384615,
    0.6238461538461538,
    0.7261538461538461,
    0.8284615384615385,
    0.9307692307692308,
    1.033076923076923,
    1.1353846153846154,
    1.2376923076923076,
    1.34,
    1.4423076923076923,
    1.5446153846153847,
    1.646923076923077,
    1.7492307692307691,
    1.8515384615384616,
    1.9538461538461538,
    2.0561538461538458,
    2.1584615384615384,
    2.2607692307692306,
    2.363076923076923,
    2.465384615384615,
    2.5676923076923073,
    2.67,
    2.772307692307692,
    2.8746153846153844,
    2.9769230769230766,
    3.079230769230769,
    3.1815384615384614,
    3.2838461538461536,
    3.386153846153846,
    3.488461538461538,
    3.5907692307692307,
    3.693076923076923,
    3.795384615384615,
    3.8976923076923073,
    4.0
  ],
  "times": [
    26.778015851974487,
    26.397488117218018,
    26.486608743667603,
    26.39331579208374,
    26.41783833503723,
    26.522493362426758,
    26.48093295097351,
    26.56138586997986,
    26.47925901412964,
    26.46695876121521,
    26.41346025466919,
    26.519917488098145,
    26.33949375152588,
    26.539812564849854,
    26.504034519195557,
    26.518595457077026,
    26.52047348022461,
    26.56453514099121,
    26.511945009231567,
    26.592434406280518,
    26.495569705963135,
    26.44482922554016,
    26.429856061935425,
    26.508208513259888,
    26.429309606552124,
    26.47233271598816,
    26.320876359939575,
    26.462937831878662,
    26.341123819351196,
    26.381464958190918,
    26.221281051635742,
    26.342918634414673,
    26.258588790893555,
    26.385945796966553,
    26.394279718399048,
    26.343444347381592,
    26.337399005889893,
    26.31693434715271,
    26.220752477645874,
    26.34751296043396
  ]
}