{
  "target_distribution": "ThreeMixtureScaled",
  "dimension": 20,
  "num_iterations": 200000,
  "seed": 11,
  "total_time": 6176.598583698273,
  "max_esjd": 0.9666913151741028,
  "max_acceptance_rate": 0.229465,
  "max_variance_value": 2.1576923076923076,
  "expected_squared_jump_distances": [
    9.96547460090369e-05,
    0.00941723957657814,
    0.0324176587164402,
    0.06713095307350159,
    0.11158697307109833,
    0.16380320489406586,
    0.2218928039073944,
    0.2842923402786255,
    0.349137544631958,
    0.41545581817626953,
    0.48122161626815796,
    0.5464217662811279,
    0.6083100438117981,
    0.664341390132904,
    0.7188286781311035,
    0.7673571705818176,
    0.8108117580413818,
    0.8499499559402466,
    0.8814290165901184,
    0.9140753746032715,
    0.9312527179718018,
    0.9497310519218445,
    0.9621662497520447,
    0.9629960656166077,
    0.9666913151741028,
    0.9591137170791626,
    0.9469255805015564,
    0.9454596638679504,
    0.915571391582489,
    0.910184919834137,
    0.8846977949142456,
    0.8641573786735535,
    0.8353546857833862,
    0.8069901466369629,
    0.7847641706466675,
    0.749336838722229,
    0.7118139863014221,
    0.6783379316329956,
    0.6647781133651733,
    0.6203946471214294
  ],
  "acceptance_rates": [
    0.99652,
    0.95373,
    0.912085,
    0.87188,
    0.832035,
    0.792725,
    0.753255,
    0.715005,
    0.67723,
    0.640835,
    0.60489,
    0.571245,
    0.53717,
    0.50301,
    0.47204,
    0.441665,
    0.412395,
    0.38513,
    0.357975,
    0.335395,
    0.310055,
    0.288715,
    0.268095,
    0.247505,
    0.229465,
    0.21087,
    0.19396,
    0.180015,
    0.164145,
    0.15268,
    0.13985,
    0.128355,
    0.117055,
    0.10745,
    0.09937,
    0.090355,
    0.081905,
    0.07386,
    0.069325,
    0.06183
  ],
  "var_value_range": [
    0.01,
    0.09948717948717949,
    0.188974358974359,
    0.2784615384615385,
    0.367948717948718,
    0.45743589743589746,
    0.546923076923077,
    0.6364102564102565,
    0.7258974358974359,
    0.8153846153846154,
    0.9048717948717949,
    0.9943589743589745,
    1.083846153846154,
    1.1733333333333333,
    1.262820512820513,
    1.3523076923076924,
    1.4417948717948719,
    1.5312820512820513,
    1.6207692307692307,
    1.7102564102564104,
    1.7997435897435898,
    1.8892307692307693,
    1.978717948717949,
    2.068205128205128,
    2.1576923076923076,
    2.247179487179487,
    2.3366666666666664,
    2.426153846153846,
    2.5156410256410258,
    2.605128205128205,
    2.6946153846153846,
    2.784102564102564,
    2.8735897435897435,
    2.963076923076923,
    3.0525641025641024,
    3.142051282051282,
    3.2315384615384612,
    3.321025641025641,
    3.4105128205128206,
    3.5
  ],
  "times": [
    134.38691687583923,
    132.68205404281616,
    132.5520076751709,
    132.65028381347656,
    132.4293088912964,
    132.6058669090271,
    132.43455410003662,
    132.5710060596466,
    132.4385735988617,
    132.6804118156433,
    132.40464735031128,
    132.5837857723236,
    132.41640543937683,
    132.54039359092712,
    132.38306784629822,
    132.55393147468567,
    132.43288278579712,
    132.57312631607056,
    132.40559577941895,
    132.45770907402039,
    132.35606169700623,
    132.60867023468018,
    132.43329620361328,
    132.66780042648315,
    134.84305429458618,
    191.28471660614014,
    190.58417677879333,
    190.6868896484375,
    190.43533658981323,
    190.86874890327454,
    190.45037364959717,
    190.83997774124146,
    190.41734743118286,
    190.67061758041382,
    190.36639213562012,
    190.66626071929932,
    190.46810054779053,
    190.66594433784485,
    190.4862768650055,
    190.57790088653564
  ]
}