{
  "target_distribution": "ThreeMixtureScaled",
  "proposal_distribution": "Normal",
  "dimension": 30,
  "num_iterations": 200000,
  "seed": 18,
  "total_time": 2239.7875006198883,
  "max_esjd": 1.0794891119003296,
  "max_acceptance_rate": 0.207845,
  "max_scale_param": 2.3638461538461537,
  "expected_squared_jump_distances": [
    9.965297795133665e-05,
    0.015387685969471931,
    0.05363715812563896,
    0.11051847785711288,
    0.18159997463226318,
    0.2632935047149658,
    0.3517390191555023,
    0.44342100620269775,
    0.5343435406684875,
    0.6231701374053955,
    0.7081584930419922,
    0.7880042195320129,
    0.8552331328392029,
    0.9210982918739319,
    0.96849125623703,
    1.0037915706634521,
    1.0358065366744995,
    1.061424732208252,
    1.0764673948287964,
    1.0794111490249634,
    1.0794891119003296,
    1.0606935024261475,
    1.0332714319229126,
    1.0064538717269897,
    0.9692711234092712,
    0.9356065392494202,
    0.8918203115463257,
    0.8427571654319763,
    0.8164119720458984,
    0.7704526782035828,
    0.7368420362472534,
    0.6758257150650024,
    0.6484146118164062,
    0.6001193523406982,
    0.5463548302650452,
    0.5331339836120605,
    0.4636031985282898,
    0.4470224678516388,
    0.38147976994514465,
    0.36397987604141235
  ],
  "acceptance_rates": [
    0.996635,
    0.9453,
    0.893865,
    0.843115,
    0.792265,
    0.74317,
    0.69518,
    0.648465,
    0.60221,
    0.558145,
    0.5166,
    0.47786,
    0.437865,
    0.403715,
    0.36786,
    0.33455,
    0.304775,
    0.277935,
    0.25289,
    0.228655,
    0.207845,
    0.1861,
    0.16591,
    0.148795,
    0.13289,
    0.11854,
    0.10535,
    0.092895,
    0.08419,
    0.074515,
    0.066975,
    0.05788,
    0.052375,
    0.045845,
    0.03968,
    0.036655,
    0.030555,
    0.02792,
    0.02292,
    0.02085
  ],
  "scale_param_range": [
    0.01,
    0.1276923076923077,
    0.2453846153846154,
    0.3630769230769231,
    0.4807692307692308,
    0.5984615384615385,
    0.7161538461538461,
    0.8338461538461539,
    0.9515384615384616,
    1.0692307692307692,
    1.186923076923077,
    1.3046153846153847,
    1.4223076923076923,
    1.54,
    1.6576923076923078,
    1.7753846153846153,
    1.893076923076923,
    2.0107692307692306,
    2.128461538461538,
    2.246153846153846,
    2.3638461538461537,
    2.4815384615384612,
    2.5992307692307692,
    2.7169230769230768,
    2.8346153846153843,
    2.9523076923076923,
    3.07,
    3.1876923076923074,
    3.3053846153846154,
    3.423076923076923,
    3.5407692307692304,
    3.6584615384615384,
    3.776153846153846,
    3.8938461538461535,
    4.0115384615384615,
    4.1292307692307695,
    4.246923076923077,
    4.364615384615385,
    4.4823076923076925,
    4.6
  ],
  "times": [
    55.98366594314575,
    57.53474140167236,
    58.976136207580566,
    58.514198541641235,
    58.03574752807617,
    58.53660440444946,
    59.136784076690674,
    55.12333416938782,
    54.601006746292114,
    51.60201334953308,
    51.41935157775879,
    51.3480761051178,
    50.539689779281616,
    51.81897592544556,
    52.290528535842896,
    57.232722997665405,
    55.20651078224182,
    56.03404879570007,
    56.3606116771698,
    56.59837293624878,
    54.360621213912964,
    51.67886996269226,
    55.15046668052673,
    56.00606060028076,
    58.14199948310852,
    57.82465744018555,
    56.4142005443573,
    56.58288860321045,
    57.516199827194214,
    58.104443073272705,
    57.202874183654785,
    57.262064933776855,
    57.4762327671051,
    57.834452390670776,
    57.6591854095459,
    56.9505672454834,
    58.50118088722229,
    54.865713596343994,
    55.661056995391846,
    55.99602246284485
  ]
}