{
  "target_distribution": "ThreeMixtureScaled",
  "dimension": 50,
  "num_iterations": 200000,
  "seed": 7,
  "total_time": 1980.401181936264,
  "max_esjd": 1.1373372077941895,
  "max_acceptance_rate": 0.25319,
  "max_variance_value": 2.1584615384615384,
  "expected_squared_jump_distances": [
    9.973612759495154e-05,
    0.011987246572971344,
    0.04167431592941284,
    0.08653245866298676,
    0.14356061816215515,
    0.21044503152370453,
    0.28476038575172424,
    0.36401280760765076,
    0.44578036665916443,
    0.5290591716766357,
    0.610138475894928,
    0.6893675327301025,
    0.7641204595565796,
    0.8345398902893066,
    0.8983227014541626,
    0.9571685791015625,
    1.00922691822052,
    1.047128438949585,
    1.0824490785598755,
    1.1093676090240479,
    1.1259759664535522,
    1.1373372077941895,
    1.1311423778533936,
    1.1308058500289917,
    1.121230959892273,
    1.1027140617370605,
    1.0887484550476074,
    1.0673344135284424,
    1.0294456481933594,
    0.9938281774520874,
    0.9404515624046326,
    0.9088576436042786,
    0.8831439018249512,
    0.8276710510253906,
    0.7867393493652344,
    0.7381390333175659,
    0.6901895999908447,
    0.6555659174919128,
    0.6162348985671997,
    0.5861997604370117
  ],
  "acceptance_rates": [
    0.997425,
    0.951515,
    0.90665,
    0.8641,
    0.82006,
    0.77776,
    0.736385,
    0.69593,
    0.655705,
    0.61756,
    0.57905,
    0.542525,
    0.50716,
    0.473385,
    0.44072,
    0.41022,
    0.381285,
    0.35155,
    0.32492,
    0.30012,
    0.275585,
    0.25319,
    0.230335,
    0.21148,
    0.192925,
    0.175635,
    0.16087,
    0.146595,
    0.13183,
    0.119155,
    0.10573,
    0.09603,
    0.08789,
    0.077905,
    0.069895,
    0.061985,
    0.055045,
    0.049715,
    0.044595,
    0.040285
  ],
  "var_value_range": [
    0.01,
    0.1123076923076923,
    0.21461538461538462,
    0.3169230769230769,
    0.41923076923076924,
    0.5215384615384615,
    0.6238461538461538,
    0.7261538461538461,
    0.8284615384615385,
    0.9307692307692308,
    1.033076923076923,
    1.1353846153846154,
    1.2376923076923076,
    1.34,
    1.4423076923076923,
    1.5446153846153847,
    1.646923076923077,
    1.7492307692307691,
    1.8515384615384616,
    1.9538461538461538,
    2.0561538461538458,
    2.1584615384615384,
    2.2607692307692306,
    2.363076923076923,
    2.465384615384615,
    2.5676923076923073,
    2.67,
    2.772307692307692,
    2.8746153846153844,
    2.9769230769230766,
    3.079230769230769,
    3.1815384615384614,
    3.2838461538461536,
    3.386153846153846,
    3.488461538461538,
    3.5907692307692307,
    3.693076923076923,
    3.795384615384615,
    3.8976923076923073,
    4.0
  ],
  "times": [
    49.899420499801636,
    49.4902880191803,
    49.556251764297485,
    49.55485463142395,
    49.50632309913635,
    49.426756858825684,
    49.55888652801514,
    49.337873458862305,
    49.53254842758179,
    49.4247465133667,
    49.47522735595703,
    49.493711709976196,
    49.34205985069275,
    49.46984100341797,
    49.37286949157715,
    49.549416303634644,
    49.48797941207886,
    49.545060873031616,
    49.45629024505615,
    49.316659450531006,
    49.51593255996704,
    49.52162504196167,
    49.53883767127991,
    49.50994038581848,
    49.509570598602295,
    49.50082302093506,
    49.514742851257324,
    49.47903752326965,
    49.50713658332825,
    49.59805750846863,
    49.62843465805054,
    49.537352323532104,
    49.5243616104126,
    49.43741798400879,
    49.51276254653931,
    49.5700581073761,
    49.534952878952026,
    49.50598359107971,
    49.48501491546631,
    49.641016721725464
  ]
}