{
  "target_distribution": "ThreeMixture",
  "proposal_distribution": "Normal",
  "dimension": 2,
  "num_iterations": 200000,
  "seed": 13,
  "total_time": 4731.167326211929,
  "max_esjd": 2.1634669303894043,
  "max_acceptance_rate": 0.257745,
  "max_scale_param": 4.0,
  "expected_squared_jump_distances": [
    9.935233538271859e-05,
    0.011905351653695107,
    0.041132885962724686,
    0.0844479650259018,
    0.13896705210208893,
    0.20181381702423096,
    0.2705056071281433,
    0.34286460280418396,
    0.4173676371574402,
    0.49134960770606995,
    0.5621256232261658,
    0.6374223828315735,
    0.7047252655029297,
    0.7720812559127808,
    0.8358621001243591,
    0.9041523337364197,
    0.9603471755981445,
    1.0256502628326416,
    1.07730233669281,
    1.1442240476608276,
    1.2017712593078613,
    1.254277229309082,
    1.3190299272537231,
    1.3730661869049072,
    1.4248104095458984,
    1.4961105585098267,
    1.557549238204956,
    1.5967577695846558,
    1.6554502248764038,
    1.7196025848388672,
    1.772051215171814,
    1.8223633766174316,
    1.8683576583862305,
    1.9113402366638184,
    1.9698330163955688,
    2.035177707672119,
    2.0448694229125977,
    2.092845916748047,
    2.116748332977295,
    2.1634669303894043
  ],
  "acceptance_rates": [
    0.99644,
    0.96369,
    0.929605,
    0.894495,
    0.860205,
    0.82648,
    0.79373,
    0.76216,
    0.73158,
    0.700915,
    0.670575,
    0.64441,
    0.617205,
    0.59161,
    0.567075,
    0.545895,
    0.5231,
    0.504375,
    0.48234,
    0.46666,
    0.449565,
    0.43303,
    0.417965,
    0.40357,
    0.389925,
    0.37891,
    0.367675,
    0.35433,
    0.345335,
    0.33529,
    0.32616,
    0.317545,
    0.308835,
    0.299885,
    0.29389,
    0.287905,
    0.27763,
    0.270445,
    0.264435,
    0.257745
  ],
  "scale_param_range": [
    0.01,
    0.1123076923076923,
    0.21461538461538462,
    0.3169230769230769,
    0.41923076923076924,
    0.5215384615384615,
    0.6238461538461538,
    0.7261538461538461,
    0.8284615384615385,
    0.9307692307692308,
    1.033076923076923,
    1.1353846153846154,
    1.2376923076923076,
    1.34,
    1.4423076923076923,
    1.5446153846153847,
    1.646923076923077,
    1.7492307692307691,
    1.8515384615384616,
    1.9538461538461538,
    2.0561538461538458,
    2.1584615384615384,
    2.2607692307692306,
    2.363076923076923,
    2.465384615384615,
    2.5676923076923073,
    2.67,
    2.772307692307692,
    2.8746153846153844,
    2.9769230769230766,
    3.079230769230769,
    3.1815384615384614,
    3.2838461538461536,
    3.386153846153846,
    3.488461538461538,
    3.5907692307692307,
    3.693076923076923,
    3.795384615384615,
    3.8976923076923073,
    4.0
  ],
  "times": [
    118.9263072013855,
    118.24655985832214,
    118.17801022529602,
    118.00701069831848,
    117.95163917541504,
    118.11921668052673,
    118.31617975234985,
    118.36823010444641,
    118.14847016334534,
    118.3402488231659,
    118.1279923915863,
    118.31870603561401,
    117.7598147392273,
    118.27830839157104,
    118.37948560714722,
    118.02120542526245,
    118.12876892089844,
    118.41195321083069,
    118.58977675437927,
    118.48942399024963,
    118.09366917610168,
    118.2990300655365,
    118.34496068954468,
    118.17097330093384,
    117.92691922187805,
    118.58502149581909,
    118.44740986824036,
    117.9889407157898,
    118.21746850013733,
    118.14945483207703,
    118.56779861450195,
    118.2534716129303,
    118.00764489173889,
    118.10373544692993,
    118.4278416633606,
    118.0934476852417,
    118.22874093055725,
    118.82620620727539,
    118.79029202461243,
    118.47982788085938
  ]
}