{
  "target_distribution": "ThreeMixtureScaled",
  "dimension": 20,
  "num_iterations": 300000,
  "seed": 19,
  "total_time": 9818.0326898098,
  "max_esjd": 0.07535948604345322,
  "max_acceptance_rate": 0.10202341137123745,
  "max_variance_value": 0.9048717948717949,
  "expected_squared_jump_distances": [
    9.769613097887486e-05,
    0.007764066569507122,
    0.021902861073613167,
    0.03673909232020378,
    0.04920758306980133,
    0.059107307344675064,
    0.0659148320555687,
    0.07108955830335617,
    0.0738387331366539,
    0.07491300255060196,
    0.07535948604345322,
    0.07523588091135025,
    0.07447918504476547,
    0.07441127300262451,
    0.07284300029277802,
    0.07095086574554443,
    0.07025719434022903,
    0.06846600770950317,
    0.06651955842971802,
    0.06213630363345146,
    0.06130219250917435,
    0.05992703512310982,
    0.05625046417117119,
    0.054288964718580246,
    0.05188455805182457,
    0.05012292414903641,
    0.046653199940919876,
    0.04308227449655533,
    0.04248274862766266,
    0.042432233691215515,
    0.038265012204647064,
    0.036061882972717285,
    0.034992069005966187,
    0.031925834715366364,
    0.029997436329722404,
    0.02863232046365738,
    0.027965491637587547,
    0.026405757293105125,
    0.02664361707866192,
    0.02429787442088127
  ],
  "acceptance_rates": [
    0.9779063545150501,
    0.7941371237458194,
    0.6291471571906354,
    0.4925183946488294,
    0.3831036789297659,
    0.3010133779264214,
    0.2371638795986622,
    0.1906989966555184,
    0.15284615384615385,
    0.124,
    0.10202341137123745,
    0.0848561872909699,
    0.07079598662207358,
    0.06077591973244147,
    0.05131103678929766,
    0.04395317725752508,
    0.03841137123745819,
    0.033280936454849495,
    0.029214046822742475,
    0.0245685618729097,
    0.021869565217391303,
    0.019555183946488294,
    0.016816053511705686,
    0.014799331103678929,
    0.013150501672240803,
    0.011719063545150501,
    0.010083612040133779,
    0.008826086956521739,
    0.00797324414715719,
    0.007474916387959866,
    0.006377926421404682,
    0.005678929765886288,
    0.005210702341137124,
    0.004468227424749164,
    0.003989966555183947,
    0.003605351170568562,
    0.0033210702341137125,
    0.003043478260869565,
    0.002822742474916388,
    0.0025050167224080267
  ],
  "var_value_range": [
    0.01,
    0.09948717948717949,
    0.188974358974359,
    0.2784615384615385,
    0.367948717948718,
    0.45743589743589746,
    0.546923076923077,
    0.6364102564102565,
    0.7258974358974359,
    0.8153846153846154,
    0.9048717948717949,
    0.9943589743589745,
    1.083846153846154,
    1.1733333333333333,
    1.262820512820513,
    1.3523076923076924,
    1.4417948717948719,
    1.5312820512820513,
    1.6207692307692307,
    1.7102564102564104,
    1.7997435897435898,
    1.8892307692307693,
    1.978717948717949,
    2.068205128205128,
    2.1576923076923076,
    2.247179487179487,
    2.3366666666666664,
    2.426153846153846,
    2.5156410256410258,
    2.605128205128205,
    2.6946153846153846,
    2.784102564102564,
    2.8735897435897435,
    2.963076923076923,
    3.0525641025641024,
    3.142051282051282,
    3.2315384615384612,
    3.321025641025641,
    3.4105128205128206,
    3.5
  ],
  "times": [
    247.6805191040039,
    245.6949532032013,
    245.05190873146057,
    245.61422109603882,
    245.29778242111206,
    245.27638721466064,
    245.2377414703369,
    245.51094889640808,
    246.18851494789124,
    245.5463421344757,
    245.32699728012085,
    245.449702501297,
    245.2334587574005,
    245.49907803535461,
    245.0303192138672,
    245.17752265930176,
    245.18260145187378,
    245.29146265983582,
    245.44884252548218,
    245.49649786949158,
    245.29717683792114,
    245.62265157699585,
    245.68411707878113,
    245.90045022964478,
    245.38819193840027,
    245.4796552658081,
    245.27362251281738,
    245.16197443008423,
    245.20079565048218,
    245.44940900802612,
    245.20899438858032,
    245.55666613578796,
    245.27901816368103,
    245.42979645729065,
    245.20301342010498,
    245.1834168434143,
    245.0118386745453,
    245.52419304847717,
    245.63547658920288,
    245.2179298400879
  ]
}