{
  "target_distribution": "ThreeMixtureScaled",
  "proposal_distribution": "Normal",
  "dimension": 50,
  "num_iterations": 200000,
  "seed": 9,
  "total_time": 4274.317671298981,
  "max_esjd": 0.8990262150764465,
  "max_acceptance_rate": 0.23144,
  "max_scale_param": 2.0107692307692306,
  "expected_squared_jump_distances": [
    9.974349814001471e-05,
    0.015297270379960537,
    0.05305244028568268,
    0.10866538435220718,
    0.1776292324066162,
    0.2557426989078522,
    0.33895254135131836,
    0.42415812611579895,
    0.5072882175445557,
    0.5864671468734741,
    0.6611384153366089,
    0.7248765230178833,
    0.7784819602966309,
    0.8232582807540894,
    0.8615784645080566,
    0.8810514807701111,
    0.8918230533599854,
    0.8990262150764465,
    0.8909913897514343,
    0.8755288124084473,
    0.8553249835968018,
    0.8301254510879517,
    0.8010910749435425,
    0.7554557919502258,
    0.7094153761863708,
    0.6615528464317322,
    0.619315505027771,
    0.5935187339782715,
    0.5325151681900024,
    0.4900931119918823,
    0.4445510804653168,
    0.40740296244621277,
    0.3641788065433502,
    0.3211894929409027,
    0.2912958264350891,
    0.247392937541008,
    0.19536475837230682,
    0.17089730501174927,
    0.17201237380504608,
    0.14429156482219696
  ],
  "acceptance_rates": [
    0.997035,
    0.938985,
    0.883045,
    0.827295,
    0.772515,
    0.719125,
    0.66672,
    0.61681,
    0.567955,
    0.52132,
    0.47809,
    0.43505,
    0.394245,
    0.356605,
    0.323085,
    0.28906,
    0.258375,
    0.23144,
    0.20532,
    0.182235,
    0.16097,
    0.142515,
    0.125885,
    0.109315,
    0.094565,
    0.08181,
    0.071145,
    0.06351,
    0.053315,
    0.046015,
    0.039185,
    0.03355,
    0.02853,
    0.023785,
    0.02031,
    0.016465,
    0.012385,
    0.01034,
    0.00984,
    0.00788
  ],
  "scale_param_range": [
    0.01,
    0.1276923076923077,
    0.2453846153846154,
    0.3630769230769231,
    0.4807692307692308,
    0.5984615384615385,
    0.7161538461538461,
    0.8338461538461539,
    0.9515384615384616,
    1.0692307692307692,
    1.186923076923077,
    1.3046153846153847,
    1.4223076923076923,
    1.54,
    1.6576923076923078,
    1.7753846153846153,
    1.893076923076923,
    2.0107692307692306,
    2.128461538461538,
    2.246153846153846,
    2.3638461538461537,
    2.4815384615384612,
    2.5992307692307692,
    2.7169230769230768,
    2.8346153846153843,
    2.9523076923076923,
    3.07,
    3.1876923076923074,
    3.3053846153846154,
    3.423076923076923,
    3.5407692307692304,
    3.6584615384615384,
    3.776153846153846,
    3.8938461538461535,
    4.0115384615384615,
    4.1292307692307695,
    4.246923076923077,
    4.364615384615385,
    4.4823076923076925,
    4.6
  ],
  "times": [
    105.31038737297058,
    105.28315329551697,
    105.745356798172,
    105.6673150062561,
    105.90648365020752,
    105.58256411552429,
    105.78603720664978,
    105.63950252532959,
    106.25360441207886,
    106.0543315410614,
    106.04809999465942,
    105.70591044425964,
    105.70475554466248,
    105.771160364151,
    106.15225410461426,
    105.6271665096283,
    106.51246047019958,
    105.84997630119324,
    105.97786355018616,
    109.58205699920654,
    110.52621579170227,
    110.8740029335022,
    110.76294302940369,
    110.87078142166138,
    110.71108961105347,
    108.06917428970337,
    106.69624304771423,
    106.51366543769836,
    106.65718388557434,
    106.76528191566467,
    107.02255916595459,
    106.95769238471985,
    106.19895076751709,
    106.46458148956299,
    106.45533776283264,
    106.20668435096741,
    106.17871809005737,
    106.4512779712677,
    106.7190375328064,
    106.99848961830139
  ]
}