{
  "target_distribution": "ThreeMixture",
  "proposal_distribution": "Normal",
  "dimension": 10,
  "num_iterations": 200000,
  "seed": 10,
  "total_time": 4550.993693828583,
  "max_esjd": 1.263251543045044,
  "max_acceptance_rate": 0.25175,
  "max_scale_param": 2.465384615384615,
  "expected_squared_jump_distances": [
    9.967687219614163e-05,
    0.012002907693386078,
    0.04184542968869209,
    0.08693669736385345,
    0.14467380940914154,
    0.21233850717544556,
    0.28736937046051025,
    0.36852777004241943,
    0.45330241322517395,
    0.5384804606437683,
    0.6250126957893372,
    0.7081234455108643,
    0.7872819304466248,
    0.8654099106788635,
    0.9369162321090698,
    0.9992196559906006,
    1.0608019828796387,
    1.1099615097045898,
    1.1494042873382568,
    1.1849446296691895,
    1.2165721654891968,
    1.2332797050476074,
    1.244131326675415,
    1.25916588306427,
    1.263251543045044,
    1.260398268699646,
    1.2421329021453857,
    1.23616361618042,
    1.2235584259033203,
    1.183544635772705,
    1.1617337465286255,
    1.1277161836624146,
    1.099499225616455,
    1.073103427886963,
    1.030168056488037,
    0.9919295310974121,
    0.9577327370643616,
    0.9455429315567017,
    0.8710867166519165,
    0.8465107679367065
  ],
  "acceptance_rates": [
    0.99718,
    0.95608,
    0.91663,
    0.87743,
    0.838855,
    0.80042,
    0.76171,
    0.7259,
    0.68967,
    0.65353,
    0.620395,
    0.586495,
    0.553165,
    0.52324,
    0.492555,
    0.462515,
    0.43553,
    0.40801,
    0.38093,
    0.35664,
    0.33409,
    0.31061,
    0.28934,
    0.27052,
    0.25175,
    0.23437,
    0.21687,
    0.201445,
    0.187595,
    0.171955,
    0.159465,
    0.147385,
    0.136565,
    0.12685,
    0.116175,
    0.106815,
    0.099125,
    0.09321,
    0.083095,
    0.077585
  ],
  "scale_param_range": [
    0.01,
    0.1123076923076923,
    0.21461538461538462,
    0.3169230769230769,
    0.41923076923076924,
    0.5215384615384615,
    0.6238461538461538,
    0.7261538461538461,
    0.8284615384615385,
    0.9307692307692308,
    1.033076923076923,
    1.1353846153846154,
    1.2376923076923076,
    1.34,
    1.4423076923076923,
    1.5446153846153847,
    1.646923076923077,
    1.7492307692307691,
    1.8515384615384616,
    1.9538461538461538,
    2.0561538461538458,
    2.1584615384615384,
    2.2607692307692306,
    2.363076923076923,
    2.465384615384615,
    2.5676923076923073,
    2.67,
    2.772307692307692,
    2.8746153846153844,
    2.9769230769230766,
    3.079230769230769,
    3.1815384615384614,
    3.2838461538461536,
    3.386153846153846,
    3.488461538461538,
    3.5907692307692307,
    3.693076923076923,
    3.795384615384615,
    3.8976923076923073,
    4.0
  ],
  "times": [
    115.69417190551758,
    116.39907336235046,
    116.1597466468811,
    116.24534869194031,
    115.8373486995697,
    115.90609765052795,
    116.10116457939148,
    115.89705443382263,
    115.91490292549133,
    116.10888409614563,
    116.7959976196289,
    116.185720205307,
    115.21063375473022,
    113.56990694999695,
    112.63408422470093,
    112.73470330238342,
    112.40791630744934,
    112.77171087265015,
    113.11062121391296,
    113.48299431800842,
    112.85143303871155,
    112.3966064453125,
    112.79250240325928,
    113.02513027191162,
    112.61501121520996,
    112.30809235572815,
    112.66828203201294,
    112.26520466804504,
    112.47028088569641,
    112.31787371635437,
    112.4153618812561,
    112.59734272956848,
    112.00037050247192,
    112.69541549682617,
    112.53014397621155,
    112.44726824760437,
    112.61332893371582,
    113.23339557647705,
    113.19425654411316,
    112.34459495544434
  ]
}