{
  "target_distribution": "ThreeMixtureScaled",
  "proposal_distribution": "Normal",
  "dimension": 5,
  "num_iterations": 200000,
  "seed": 16,
  "total_time": 4925.20179104805,
  "max_esjd": 1.8123984336853027,
  "max_acceptance_rate": 0.177655,
  "max_scale_param": 3.8976923076923073,
  "expected_squared_jump_distances": [
    9.968359518097714e-05,
    0.012015856802463531,
    0.04188855364918709,
    0.08704006671905518,
    0.14491041004657745,
    0.21297305822372437,
    0.2888084352016449,
    0.37015703320503235,
    0.45597225427627563,
    0.5447047352790833,
    0.6325992941856384,
    0.7188227772712708,
    0.8066807389259338,
    0.8903385996818542,
    0.9712780117988586,
    1.0502941608428955,
    1.1211299896240234,
    1.2001386880874634,
    1.2638300657272339,
    1.3291237354278564,
    1.378186583518982,
    1.433595895767212,
    1.4844735860824585,
    1.5166856050491333,
    1.5643173456192017,
    1.6020206212997437,
    1.6417951583862305,
    1.6673307418823242,
    1.6895352602005005,
    1.7051596641540527,
    1.7306432723999023,
    1.7558443546295166,
    1.7732112407684326,
    1.773781180381775,
    1.778627872467041,
    1.7995911836624146,
    1.7897396087646484,
    1.8087619543075562,
    1.8123984336853027,
    1.8036446571350098
  ],
  "acceptance_rates": [
    0.997565,
    0.960615,
    0.92443,
    0.888545,
    0.852745,
    0.81778,
    0.782295,
    0.74907,
    0.71628,
    0.68473,
    0.654035,
    0.62306,
    0.594965,
    0.567065,
    0.54115,
    0.51603,
    0.490985,
    0.469445,
    0.446835,
    0.42735,
    0.40546,
    0.38648,
    0.368675,
    0.34975,
    0.33427,
    0.319295,
    0.30479,
    0.291545,
    0.27682,
    0.26423,
    0.252725,
    0.242255,
    0.232455,
    0.22062,
    0.21047,
    0.20298,
    0.192955,
    0.18463,
    0.177655,
    0.170275
  ],
  "scale_param_range": [
    0.01,
    0.1123076923076923,
    0.21461538461538462,
    0.3169230769230769,
    0.41923076923076924,
    0.5215384615384615,
    0.6238461538461538,
    0.7261538461538461,
    0.8284615384615385,
    0.9307692307692308,
    1.033076923076923,
    1.1353846153846154,
    1.2376923076923076,
    1.34,
    1.4423076923076923,
    1.5446153846153847,
    1.646923076923077,
    1.7492307692307691,
    1.8515384615384616,
    1.9538461538461538,
    2.0561538461538458,
    2.1584615384615384,
    2.2607692307692306,
    2.363076923076923,
    2.465384615384615,
    2.5676923076923073,
    2.67,
    2.772307692307692,
    2.8746153846153844,
    2.9769230769230766,
    3.079230769230769,
    3.1815384615384614,
    3.2838461538461536,
    3.386153846153846,
    3.488461538461538,
    3.5907692307692307,
    3.693076923076923,
    3.795384615384615,
    3.8976923076923073,
    4.0
  ],
  "times": [
    123.3531744480133,
    123.61862874031067,
    123.29194378852844,
    123.4882800579071,
    123.37501788139343,
    123.56028389930725,
    122.72530484199524,
    122.39748859405518,
    124.53262877464294,
    122.73177695274353,
    123.3761510848999,
    122.80392074584961,
    122.41591954231262,
    123.31205439567566,
    123.48943638801575,
    123.28680229187012,
    123.10602283477783,
    122.46059656143188,
    122.52434515953064,
    123.62892937660217,
    122.92042779922485,
    122.8471565246582,
    122.89402961730957,
    122.46039319038391,
    123.82466793060303,
    123.83031177520752,
    123.211021900177,
    122.94180464744568,
    123.49182081222534,
    123.26491832733154,
    122.43560981750488,
    122.56541180610657,
    123.20617914199829,
    122.65730834007263,
    123.33529138565063,
    123.45315861701965,
    122.88784599304199,
    123.13391375541687,
    122.54708623886108,
    123.7646644115448
  ]
}