{
  "target_distribution": "ThreeMixtureScaled",
  "proposal_distribution": "Normal",
  "dimension": 2,
  "num_iterations": 200000,
  "seed": 16,
  "total_time": 4316.649318933487,
  "max_esjd": 4.976181507110596,
  "max_acceptance_rate": 0.486985,
  "max_scale_param": 4.0,
  "expected_squared_jump_distances": [
    9.96972230495885e-05,
    0.012309654615819454,
    0.043839119374752045,
    0.09326628595590591,
    0.1590064913034439,
    0.23975850641727448,
    0.3340563476085663,
    0.4407992959022522,
    0.5575557947158813,
    0.6840267777442932,
    0.8178805112838745,
    0.9605762362480164,
    1.1095341444015503,
    1.2596276998519897,
    1.4190067052841187,
    1.5794808864593506,
    1.7414709329605103,
    1.9022016525268555,
    2.0672593116760254,
    2.222912549972534,
    2.385331869125366,
    2.5410537719726562,
    2.713374376296997,
    2.8655545711517334,
    3.0148284435272217,
    3.168837308883667,
    3.315711259841919,
    3.453364610671997,
    3.6035842895507812,
    3.7550971508026123,
    3.88171124458313,
    4.024628639221191,
    4.166801929473877,
    4.264961242675781,
    4.395892143249512,
    4.530618190765381,
    4.663975715637207,
    4.724865913391113,
    4.843239784240723,
    4.976181507110596
  ],
  "acceptance_rates": [
    0.998775,
    0.9848,
    0.96892,
    0.953235,
    0.937175,
    0.921805,
    0.906105,
    0.890905,
    0.875275,
    0.85918,
    0.843615,
    0.82911,
    0.81432,
    0.79939,
    0.784745,
    0.77031,
    0.756145,
    0.74106,
    0.727115,
    0.712875,
    0.69904,
    0.685845,
    0.67384,
    0.65974,
    0.64724,
    0.635025,
    0.623205,
    0.609625,
    0.59843,
    0.588055,
    0.576525,
    0.56637,
    0.55605,
    0.54343,
    0.53367,
    0.52467,
    0.51417,
    0.50344,
    0.495295,
    0.486985
  ],
  "scale_param_range": [
    0.01,
    0.1123076923076923,
    0.21461538461538462,
    0.3169230769230769,
    0.41923076923076924,
    0.5215384615384615,
    0.6238461538461538,
    0.7261538461538461,
    0.8284615384615385,
    0.9307692307692308,
    1.033076923076923,
    1.1353846153846154,
    1.2376923076923076,
    1.34,
    1.4423076923076923,
    1.5446153846153847,
    1.646923076923077,
    1.7492307692307691,
    1.8515384615384616,
    1.9538461538461538,
    2.0561538461538458,
    2.1584615384615384,
    2.2607692307692306,
    2.363076923076923,
    2.465384615384615,
    2.5676923076923073,
    2.67,
    2.772307692307692,
    2.8746153846153844,
    2.9769230769230766,
    3.079230769230769,
    3.1815384615384614,
    3.2838461538461536,
    3.386153846153846,
    3.488461538461538,
    3.5907692307692307,
    3.693076923076923,
    3.795384615384615,
    3.8976923076923073,
    4.0
  ],
  "times": [
    108.50831151008606,
    108.2302417755127,
    108.3963680267334,
    108.28025484085083,
    108.77972483634949,
    108.75467538833618,
    108.38765025138855,
    108.83215117454529,
    108.75256538391113,
    108.39327502250671,
    108.18838572502136,
    108.18532347679138,
    107.8011109828949,
    108.0928852558136,
    107.33421635627747,
    107.2338695526123,
    108.13250875473022,
    107.9000551700592,
    108.00044584274292,
    108.04021191596985,
    108.12862229347229,
    108.11387872695923,
    108.18019652366638,
    106.35394191741943,
    105.0496575832367,
    108.15126180648804,
    108.2937662601471,
    108.19774436950684,
    106.79052543640137,
    108.02945446968079,
    108.07471704483032,
    108.16673564910889,
    108.38645792007446,
    108.05721020698547,
    108.2067506313324,
    107.38804888725281,
    106.7542474269867,
    107.30996346473694,
    107.35970664024353,
    107.3866810798645
  ]
}