{
  "target_distribution": "ThreeMixtureScaled",
  "dimension": 50,
  "num_iterations": 100000,
  "seed": 1,
  "total_time": 867.5729365348816,
  "max_esjd": 0.20985855162143707,
  "max_acceptance_rate": 0.20494949494949494,
  "max_variance_value": 1.033076923076923,
  "expected_squared_jump_distances": [
    9.907261846819893e-05,
    0.01112197432667017,
    0.035746924579143524,
    0.06776808202266693,
    0.10170650482177734,
    0.13457410037517548,
    0.16141968965530396,
    0.18288573622703552,
    0.1973571628332138,
    0.2049538791179657,
    0.20985855162143707,
    0.20257069170475006,
    0.20130440592765808,
    0.18546634912490845,
    0.17449945211410522,
    0.16132043302059174,
    0.14652612805366516,
    0.12643969058990479,
    0.11929462850093842,
    0.10044221580028534,
    0.08923239260911942,
    0.07571536302566528,
    0.06747423857450485,
    0.060623638331890106,
    0.044839173555374146,
    0.034968301653862,
    0.027355892583727837,
    0.009649236686527729,
    0.0,
    0.0,
    0.0,
    0.0,
    0.0,
    0.0,
    0.0,
    0.0,
    0.0,
    0.0,
    0.0,
    0.0
  ],
  "acceptance_rates": [
    0.990909090909091,
    0.8843737373737374,
    0.7802121212121212,
    0.6806666666666666,
    0.5857979797979798,
    0.502979797979798,
    0.4234949494949495,
    0.3558181818181818,
    0.2964242424242424,
    0.24529292929292928,
    0.20494949494949494,
    0.16452525252525252,
    0.13830303030303032,
    0.10927272727272727,
    0.08916161616161616,
    0.07233333333333333,
    0.05812121212121212,
    0.04494949494949495,
    0.03807070707070707,
    0.028777777777777777,
    0.02327272727272727,
    0.01797979797979798,
    0.014757575757575758,
    0.012171717171717172,
    0.008313131313131314,
    0.00601010101010101,
    0.004404040404040404,
    0.001484848484848485,
    0.0,
    0.0,
    0.0,
    0.0,
    0.0,
    0.0,
    0.0,
    0.0,
    0.0,
    0.0,
    0.0,
    0.0
  ],
  "var_value_range": [
    0.01,
    0.1123076923076923,
    0.21461538461538462,
    0.3169230769230769,
    0.41923076923076924,
    0.5215384615384615,
    0.6238461538461538,
    0.7261538461538461,
    0.8284615384615385,
    0.9307692307692308,
    1.033076923076923,
    1.1353846153846154,
    1.2376923076923076,
    1.34,
    1.4423076923076923,
    1.5446153846153847,
    1.646923076923077,
    1.7492307692307691,
    1.8515384615384616,
    1.9538461538461538,
    2.0561538461538458,
    2.1584615384615384,
    2.2607692307692306,
    2.363076923076923,
    2.465384615384615,
    2.5676923076923073,
    2.67,
    2.772307692307692,
    2.8746153846153844,
    2.9769230769230766,
    3.079230769230769,
    3.1815384615384614,
    3.2838461538461536,
    3.386153846153846,
    3.488461538461538,
    3.5907692307692307,
    3.693076923076923,
    3.795384615384615,
    3.8976923076923073,
    4.0
  ],
  "times": [
    21.378076314926147,
    21.305519819259644,
    21.44250988960266,
    21.828298568725586,
    21.719269037246704,
    21.593568086624146,
    21.866618633270264,
    21.662083625793457,
    21.65038800239563,
    21.35165572166443,
    21.526326656341553,
    21.30580759048462,
    21.63238525390625,
    21.37715244293213,
    21.54822850227356,
    21.531219482421875,
    21.630986213684082,
    21.661043167114258,
    21.621302843093872,
    21.610632181167603,
    21.609721183776855,
    21.66686177253723,
    21.749844789505005,
    21.753448247909546,
    21.632893562316895,
    21.846760511398315,
    21.77957797050476,
    21.72562026977539,
    21.785970211029053,
    21.504600524902344,
    21.600116968154907,
    21.63524866104126,
    21.648743867874146,
    21.65674138069153,
    21.577284574508667,
    21.581413984298706,
    21.7215096950531,
    21.63673996925354,
    21.725296020507812,
    21.680119037628174
  ]
}