{
  "target_distribution": "ThreeMixtureScaled",
  "dimension": 20,
  "num_iterations": 100000,
  "seed": 21,
  "total_time": 1071.3049421310425,
  "max_esjd": 0.3495297133922577,
  "max_acceptance_rate": 0.21511111111111111,
  "max_variance_value": 1.34,
  "expected_squared_jump_distances": [
    9.932358079822734e-05,
    0.011469787918031216,
    0.0381026454269886,
    0.07511060684919357,
    0.1178208440542221,
    0.16256555914878845,
    0.20615065097808838,
    0.24471458792686462,
    0.27947181463241577,
    0.30752381682395935,
    0.3228943645954132,
    0.3405705988407135,
    0.3445240259170532,
    0.3495297133922577,
    0.33895155787467957,
    0.32924768328666687,
    0.3148491084575653,
    0.3064396381378174,
    0.28134065866470337,
    0.2627445161342621,
    0.24301433563232422,
    0.22848547995090485,
    0.19440214335918427,
    0.18634508550167084,
    0.16414064168930054,
    0.15332315862178802,
    0.13883352279663086,
    0.11891529709100723,
    0.09896989166736603,
    0.09047719091176987,
    0.08297301083803177,
    0.06368828564882278,
    0.06387041509151459,
    0.033303964883089066,
    0.013688565231859684,
    0.016913071274757385,
    0.02480260655283928,
    0.014620360918343067,
    0.007421556860208511,
    0.011544072069227695
  ],
  "acceptance_rates": [
    0.9922828282828283,
    0.9124848484848485,
    0.8337373737373738,
    0.7575353535353535,
    0.6832323232323232,
    0.6133838383838384,
    0.5477878787878788,
    0.4845252525252525,
    0.42805050505050507,
    0.37656565656565655,
    0.3247878787878788,
    0.2852222222222222,
    0.2459090909090909,
    0.21511111111111111,
    0.18217171717171718,
    0.15584848484848485,
    0.13262626262626262,
    0.11558585858585858,
    0.09641414141414141,
    0.08132323232323233,
    0.06841414141414141,
    0.05924242424242424,
    0.0471010101010101,
    0.041363636363636366,
    0.03388888888888889,
    0.029777777777777778,
    0.02494949494949495,
    0.020323232323232323,
    0.01601010101010101,
    0.013747474747474748,
    0.011858585858585858,
    0.008676767676767677,
    0.008434343434343435,
    0.004121212121212121,
    0.0017171717171717172,
    0.0019393939393939393,
    0.002565656565656566,
    0.0015151515151515152,
    0.0007474747474747475,
    0.0010808080808080809
  ],
  "var_value_range": [
    0.01,
    0.1123076923076923,
    0.21461538461538462,
    0.3169230769230769,
    0.41923076923076924,
    0.5215384615384615,
    0.6238461538461538,
    0.7261538461538461,
    0.8284615384615385,
    0.9307692307692308,
    1.033076923076923,
    1.1353846153846154,
    1.2376923076923076,
    1.34,
    1.4423076923076923,
    1.5446153846153847,
    1.646923076923077,
    1.7492307692307691,
    1.8515384615384616,
    1.9538461538461538,
    2.0561538461538458,
    2.1584615384615384,
    2.2607692307692306,
    2.363076923076923,
    2.465384615384615,
    2.5676923076923073,
    2.67,
    2.772307692307692,
    2.8746153846153844,
    2.9769230769230766,
    3.079230769230769,
    3.1815384615384614,
    3.2838461538461536,
    3.386153846153846,
    3.488461538461538,
    3.5907692307692307,
    3.693076923076923,
    3.795384615384615,
    3.8976923076923073,
    4.0
  ],
  "times": [
    27.05207848548889,
    26.622304916381836,
    26.804190635681152,
    26.849202394485474,
    26.823317766189575,
    26.807607412338257,
    26.81742548942566,
    26.809895753860474,
    26.688931226730347,
    26.84217119216919,
    26.77407479286194,
    26.7612202167511,
    26.773916244506836,
    26.800148010253906,
    26.810154676437378,
    26.779001235961914,
    26.801904678344727,
    26.781705379486084,
    26.82016682624817,
    26.7696635723114,
    26.74169135093689,
    26.722609043121338,
    26.669980764389038,
    26.709797382354736,
    26.780316591262817,
    26.662119388580322,
    26.767351388931274,
    26.76436948776245,
    26.830276250839233,
    26.738012552261353,
    26.860859394073486,
    26.74102544784546,
    26.774653911590576,
    26.820733308792114,
    26.819878101348877,
    26.738855361938477,
    26.77375078201294,
    26.77681565284729,
    26.84002423286438,
    26.75426173210144
  ]
}