{
  "target_distribution": "ThreeMixtureScaled",
  "dimension": 30,
  "num_iterations": 300000,
  "seed": 26,
  "total_time": 5645.375113964081,
  "max_esjd": 0.09845128655433655,
  "max_acceptance_rate": 0.15867558528428094,
  "max_variance_value": 0.8153846153846154,
  "expected_squared_jump_distances": [
    9.835727541940287e-05,
    0.00822217296808958,
    0.024625517427921295,
    0.04361864551901817,
    0.06157291308045387,
    0.0761297419667244,
    0.08719008415937424,
    0.09434852004051208,
    0.09757033735513687,
    0.09845128655433655,
    0.09600359201431274,
    0.09221629798412323,
    0.08724663406610489,
    0.0832488164305687,
    0.07603324949741364,
    0.0690021961927414,
    0.06354311108589172,
    0.05675659701228142,
    0.05276793986558914,
    0.04575126990675926,
    0.03980892896652222,
    0.03427421674132347,
    0.030101817101240158,
    0.02720910869538784,
    0.02226293459534645,
    0.018631167709827423,
    0.018242616206407547,
    0.012754101306200027,
    0.012672444805502892,
    0.009673340246081352,
    0.007351111155003309,
    0.004305045586079359,
    0.004528712946921587,
    0.005742270965129137,
    0.0034192949533462524,
    0.0,
    0.0,
    0.0,
    0.0,
    0.0
  ],
  "acceptance_rates": [
    0.9836153846153847,
    0.8354448160535117,
    0.6983277591973244,
    0.5739498327759197,
    0.4676989966555184,
    0.37725083612040133,
    0.3047224080267559,
    0.24540802675585285,
    0.19668227424749163,
    0.15867558528428094,
    0.12666220735785952,
    0.10152173913043479,
    0.0817056856187291,
    0.06676923076923078,
    0.05320066889632107,
    0.04252842809364549,
    0.0345819397993311,
    0.02754515050167224,
    0.023110367892976588,
    0.01809030100334448,
    0.014327759197324414,
    0.011337792642140469,
    0.009240802675585285,
    0.007612040133779264,
    0.0057424749163879595,
    0.004565217391304348,
    0.004066889632107024,
    0.0027123745819397993,
    0.0024949832775919734,
    0.001806020066889632,
    0.0012842809364548495,
    0.0007090301003344481,
    0.000725752508361204,
    0.0008394648829431438,
    0.0004882943143812709,
    0.0,
    0.0,
    0.0,
    0.0,
    0.0
  ],
  "var_value_range": [
    0.01,
    0.09948717948717949,
    0.188974358974359,
    0.2784615384615385,
    0.367948717948718,
    0.45743589743589746,
    0.546923076923077,
    0.6364102564102565,
    0.7258974358974359,
    0.8153846153846154,
    0.9048717948717949,
    0.9943589743589745,
    1.083846153846154,
    1.1733333333333333,
    1.262820512820513,
    1.3523076923076924,
    1.4417948717948719,
    1.5312820512820513,
    1.6207692307692307,
    1.7102564102564104,
    1.7997435897435898,
    1.8892307692307693,
    1.978717948717949,
    2.068205128205128,
    2.1576923076923076,
    2.247179487179487,
    2.3366666666666664,
    2.426153846153846,
    2.5156410256410258,
    2.605128205128205,
    2.6946153846153846,
    2.784102564102564,
    2.8735897435897435,
    2.963076923076923,
    3.0525641025641024,
    3.142051282051282,
    3.2315384615384612,
    3.321025641025641,
    3.4105128205128206,
    3.5
  ],
  "times": [
    141.42722249031067,
    141.0383837223053,
    141.20659518241882,
    140.89485239982605,
    141.12165451049805,
    140.98537492752075,
    140.99543833732605,
    141.04491209983826,
    140.99441838264465,
    141.01934599876404,
    141.0649802684784,
    141.03919219970703,
    141.10222959518433,
    141.22403860092163,
    141.15249371528625,
    141.19190979003906,
    141.53288078308105,
    141.1352972984314,
    141.285395860672,
    141.1090362071991,
    141.09605932235718,
    141.1838037967682,
    141.08524084091187,
    141.02564454078674,
    141.28271746635437,
    141.06495928764343,
    141.3270571231842,
    141.07053208351135,
    141.2396104335785,
    141.08329391479492,
    141.30814409255981,
    141.16574335098267,
    141.22634100914001,
    140.91581344604492,
    141.27568817138672,
    141.11685943603516,
    141.28336906433105,
    141.02566719055176,
    141.08999705314636,
    140.88192296028137
  ]
}