{
  "target_distribution": "ThreeMixture",
  "dimension": 20,
  "num_iterations": 500000,
  "seed": 13,
  "total_time": 14712.911267518997,
  "max_esjd": 0.0079744057422501,
  "max_actual_acceptance_rate": 0.21395,
  "max_constr_acceptance_rate": 0.2296551724137931,
  "expected_squared_jump_distances": [
    0.0014288802000506247,
    0.0026793760195428645,
    0.003896363590773637,
    0.004481793270207005,
    0.005017097941406607,
    0.005681791897207412,
    0.006530762661516622,
    0.006215285717420213,
    0.006615464237420191,
    0.007186485763028033,
    0.007313618347850436,
    0.007088225746620631,
    0.00741949443430438,
    0.0079744057422501,
    0.007953838064325008,
    0.007364089117718336,
    0.0074694730333398395,
    0.007533277504345747,
    0.007812455779210548,
    0.007243851901796944,
    0.007287319540761369,
    0.0074337137747231925,
    0.006763424195180812,
    0.006900594775821513,
    0.006907915471423459,
    0.006402781341766673,
    0.00636996964460369,
    0.006389471148175494,
    0.00584967877049075,
    0.005837905788440076
  ],
  "acceptance_rates": [
    0.015662530024019215,
    0.07848162088572115,
    0.04628257997357569,
    0.1448,
    0.10863333333333333,
    0.09746666666666666,
    0.1013371569575511,
    0.1659142857142857,
    0.1541890501771631,
    0.1555409498771218,
    0.15913247228254657,
    0.212575,
    0.2089,
    0.21395,
    0.224975,
    0.26686666666666664,
    0.2679896884305969,
    0.2724343304146851,
    0.2832062934731883,
    0.3144725789031561,
    0.32315292611704466,
    0.3347134713471347,
    0.3641520754922817,
    0.37270446198043566,
    0.38318878525064093,
    0.41050684178069635,
    0.4164472149071636,
    0.43253108436947896,
    0.45383775135002075,
    0.4642379113524823
  ],
  "swap_acceptance_rates_range": [
    0.01,
    0.026896551724137928,
    0.04379310344827586,
    0.060689655172413794,
    0.07758620689655171,
    0.09448275862068964,
    0.11137931034482758,
    0.12827586206896552,
    0.14517241379310344,
    0.16206896551724137,
    0.1789655172413793,
    0.19586206896551722,
    0.21275862068965518,
    0.2296551724137931,
    0.24655172413793103,
    0.2634482758620689,
    0.2803448275862069,
    0.29724137931034483,
    0.31413793103448273,
    0.3310344827586207,
    0.3479310344827586,
    0.36482758620689654,
    0.38172413793103444,
    0.3986206896551724,
    0.41551724137931034,
    0.43241379310344824,
    0.4493103448275862,
    0.4662068965517241,
    0.48310344827586205,
    0.5
  ],
  "times": [
    381.5539438724518,
    393.7826066017151,
    392.61453914642334,
    430.7300498485565,
    430.4117600917816,
    429.39604091644287,
    430.1921947002411,
    453.26985692977905,
    452.073184967041,
    452.85207080841064,
    452.9818971157074,
    476.6769177913666,
    476.54440927505493,
    476.1135530471802,
    475.0821509361267,
    500.0959436893463,
    499.0167543888092,
    499.32553482055664,
    499.3987672328949,
    522.237352848053,
    522.7321100234985,
    523.9382185935974,
    547.6900568008423,
    546.1502132415771,
    546.3137633800507,
    570.3055019378662,
    571.293535232544,
    571.3140375614166,
    595.2448880672455,
    593.544093132019
  ]
}