{
  "target_distribution": "ThreeMixture",
  "dimension": 20,
  "num_iterations": 200000,
  "seed": 28,
  "total_time": 6267.088806629181,
  "max_esjd": 0.00764736262868566,
  "max_actual_acceptance_rate": 0.22315289411176398,
  "max_constr_acceptance_rate": 0.24655172413793103,
  "expected_squared_jump_distances": [
    0.001631533367626375,
    0.002250995593784243,
    0.0037468200367204688,
    0.004081107439407726,
    0.004906766375557718,
    0.005986979983890111,
    0.0062279510618144214,
    0.005814279074478437,
    0.00601152034287616,
    0.007444370188548932,
    0.006927010815956695,
    0.006714746505765975,
    0.007220017595968785,
    0.007518559319737394,
    0.00764736262868566,
    0.007061615248127605,
    0.007298498410709861,
    0.007399599837410491,
    0.007506402786513264,
    0.0073831240211768715,
    0.007391859071123604,
    0.007450363688653821,
    0.006806477058997004,
    0.006826536492079654,
    0.006794896755644834,
    0.006216245829370362,
    0.006308934529051984,
    0.006331867691062897,
    0.0058837649768058,
    0.005839389002455973
  ],
  "acceptance_rates": [
    0.015549324496558756,
    0.076,
    0.04704233810429386,
    0.1426304801670146,
    0.1114171256885328,
    0.09712140175219024,
    0.09787234042553192,
    0.1615,
    0.14905323329760628,
    0.15470403202745212,
    0.15111460417262074,
    0.20897948974487243,
    0.20898974743685922,
    0.2075884485560695,
    0.22315289411176398,
    0.26441826869652185,
    0.26379243291293963,
    0.2746568872589876,
    0.2802533614846094,
    0.31605,
    0.32351617580879044,
    0.3323666183309165,
    0.3604127835613947,
    0.37194290390035456,
    0.3796990772307832,
    0.4069336222342598,
    0.4176424017667403,
    0.4288869442013585,
    0.45359436901419287,
    0.4619201477036695
  ],
  "swap_acceptance_rates_range": [
    0.01,
    0.026896551724137928,
    0.04379310344827586,
    0.060689655172413794,
    0.07758620689655171,
    0.09448275862068964,
    0.11137931034482758,
    0.12827586206896552,
    0.14517241379310344,
    0.16206896551724137,
    0.1789655172413793,
    0.19586206896551722,
    0.21275862068965518,
    0.2296551724137931,
    0.24655172413793103,
    0.2634482758620689,
    0.2803448275862069,
    0.29724137931034483,
    0.31413793103448273,
    0.3310344827586207,
    0.3479310344827586,
    0.36482758620689654,
    0.38172413793103444,
    0.3986206896551724,
    0.41551724137931034,
    0.43241379310344824,
    0.4493103448275862,
    0.4662068965517241,
    0.48310344827586205,
    0.5
  ],
  "times": [
    165.91029834747314,
    169.11909556388855,
    167.3176188468933,
    184.35419607162476,
    183.43563532829285,
    183.13246130943298,
    182.5151014328003,
    193.40085911750793,
    192.55830478668213,
    192.11477661132812,
    192.65352416038513,
    203.0352177619934,
    202.38277673721313,
    202.0058798789978,
    201.99963760375977,
    211.96927499771118,
    212.0467653274536,
    212.39768624305725,
    212.48103404045105,
    222.27658987045288,
    222.23275423049927,
    222.20741510391235,
    232.91562032699585,
    232.79154253005981,
    232.34996938705444,
    243.33309412002563,
    243.06470561027527,
    243.42255210876465,
    253.42557096481323,
    254.20582175254822
  ]
}