{
  "target_distribution": "ThreeMixtureScaled",
  "dimension": 30,
  "num_iterations": 100000,
  "seed": 27,
  "total_time": 1024.5956432819366,
  "max_esjd": 0.7070336937904358,
  "max_acceptance_rate": 0.24471717171717172,
  "max_variance_value": 1.7492307692307691,
  "expected_squared_jump_distances": [
    9.9892720754724e-05,
    0.011822502128779888,
    0.04055293649435043,
    0.0827098935842514,
    0.13468165695667267,
    0.1940453201532364,
    0.2566811442375183,
    0.32148075103759766,
    0.38596686720848083,
    0.44616085290908813,
    0.5026298761367798,
    0.5535488724708557,
    0.5964108109474182,
    0.6342695951461792,
    0.6603108644485474,
    0.6869969367980957,
    0.6976295709609985,
    0.7070336937904358,
    0.6998963952064514,
    0.7003738880157471,
    0.6954442262649536,
    0.675968587398529,
    0.6527154445648193,
    0.626483678817749,
    0.5995580554008484,
    0.5763718485832214,
    0.5460730195045471,
    0.5262410044670105,
    0.5050236582756042,
    0.4718351364135742,
    0.4430510103702545,
    0.42136508226394653,
    0.3735521733760834,
    0.33528971672058105,
    0.3289230167865753,
    0.2985880374908447,
    0.2791578769683838,
    0.2290022224187851,
    0.22894079983234406,
    0.2024044692516327
  ],
  "acceptance_rates": [
    0.9971818181818182,
    0.9375858585858586,
    0.8824343434343435,
    0.8273434343434344,
    0.7721313131313131,
    0.7203434343434344,
    0.6683636363636364,
    0.6194949494949495,
    0.5736060606060606,
    0.5272323232323233,
    0.4835656565656566,
    0.4423030303030303,
    0.4029090909090909,
    0.3672929292929293,
    0.33146464646464646,
    0.3018989898989899,
    0.2716868686868687,
    0.24471717171717172,
    0.21775757575757576,
    0.19605050505050506,
    0.17732323232323233,
    0.15761616161616163,
    0.1397878787878788,
    0.12331313131313132,
    0.10841414141414141,
    0.09675757575757576,
    0.0857070707070707,
    0.0767878787878788,
    0.06897979797979797,
    0.060343434343434345,
    0.053242424242424244,
    0.0478989898989899,
    0.04028282828282828,
    0.03402020202020202,
    0.03176767676767677,
    0.027252525252525254,
    0.02425252525252525,
    0.019313131313131313,
    0.018313131313131312,
    0.015323232323232324
  ],
  "var_value_range": [
    0.01,
    0.1123076923076923,
    0.21461538461538462,
    0.3169230769230769,
    0.41923076923076924,
    0.5215384615384615,
    0.6238461538461538,
    0.7261538461538461,
    0.8284615384615385,
    0.9307692307692308,
    1.033076923076923,
    1.1353846153846154,
    1.2376923076923076,
    1.34,
    1.4423076923076923,
    1.5446153846153847,
    1.646923076923077,
    1.7492307692307691,
    1.8515384615384616,
    1.9538461538461538,
    2.0561538461538458,
    2.1584615384615384,
    2.2607692307692306,
    2.363076923076923,
    2.465384615384615,
    2.5676923076923073,
    2.67,
    2.772307692307692,
    2.8746153846153844,
    2.9769230769230766,
    3.079230769230769,
    3.1815384615384614,
    3.2838461538461536,
    3.386153846153846,
    3.488461538461538,
    3.5907692307692307,
    3.693076923076923,
    3.795384615384615,
    3.8976923076923073,
    4.0
  ],
  "times": [
    25.930503368377686,
    25.661613941192627,
    25.67336082458496,
    25.55135154724121,
    25.603939294815063,
    25.70873761177063,
    25.68456244468689,
    25.681294679641724,
    25.679795265197754,
    25.683396577835083,
    25.650064706802368,
    25.730478048324585,
    25.738511085510254,
    25.70564579963684,
    25.72951912879944,
    25.58766198158264,
    25.477247714996338,
    25.577216625213623,
    25.648491144180298,
    25.63939356803894,
    25.64254331588745,
    25.497737884521484,
    25.47750234603882,
    25.53796076774597,
    25.462642192840576,
    25.58716893196106,
    25.518280029296875,
    25.498467206954956,
    25.465349435806274,
    25.504786252975464,
    25.47814655303955,
    25.486146688461304,
    25.47711420059204,
    25.514525651931763,
    25.63616394996643,
    25.700600385665894,
    25.667808294296265,
    25.696188926696777,
    25.673840761184692,
    25.705033779144287
  ]
}