{"max_esjd": 0.9742117474286548, "max_acceptance_rate": 0.23730162698373017, "max_variance_value": 2.4615388461538465, "expected_squared_jump_distances": [9.983756733238711e-13, 0.00993019308698024, 0.037554629472906186, 0.07962003665407294, 0.1330568861100216, 0.19470294637206798, 0.2621864229714056, 0.332622893484726, 0.40352451603792366, 0.4741158147968334, 0.5446206749139267, 0.6082441397459989, 0.6716816400430434, 0.7250236296528402, 0.7772165333824571, 0.8175468389375654, 0.8547648039663608, 0.8907969140044694, 0.9163979467732469, 0.9411309215135384, 0.9570507991568956, 0.9667185973042199, 0.9682367478556781, 0.9738442202316371, 0.9742117474286548, 0.9691281302342428, 0.9604595188538558, 0.9513970452327628, 0.9411848177210747, 0.936266733591312, 0.9233051943077492, 0.9079293890702539, 0.8938266964062282, 0.8720651987218476, 0.8737815539325602, 0.8525910906525208, 0.8345203219027052, 0.8250313878896567, 0.8050033711687258, 0.790767906246234], "acceptance_rates": [0.9999900000999989, 0.9548164518354817, 0.9115848841511583, 0.8676653233467665, 0.8260837391626084, 0.783330166698333, 0.7423865761342388, 0.7017829821701784, 0.6622013779862201, 0.6237117628823711, 0.5890541094589055, 0.5531864681353186, 0.521338786612134, 0.4891391086089139, 0.45963340366596334, 0.4297757022429776, 0.4021419785802142, 0.3771362286377136, 0.35328246717532824, 0.33164068359316407, 0.3099949000509995, 0.2895111048889511, 0.2701212987870121, 0.25299747002529976, 0.23730162698373017, 0.2213917860821392, 0.2059879401205988, 0.19357406425935741, 0.18147618523814762, 0.17011829881701185, 0.15981640183598164, 0.14915050849491507, 0.13988260117398826, 0.13064669353306466, 0.12410275897241027, 0.11597084029159707, 0.10877291227087729, 0.10324896751032489, 0.0965850341496585, 0.09111708882911171], "var_value_range": [1e-06, 0.10256507692307693, 0.20512915384615385, 0.3076932307692308, 0.41025730769230767, 0.5128213846153846, 0.6153854615384616, 0.7179495384615385, 0.8205136153846154, 0.9230776923076923, 1.025641769230769, 1.128205846153846, 1.2307699230769231, 1.333334, 1.435898076923077, 1.5384621538461538, 1.6410262307692307, 1.7435903076923076, 1.8461543846153845, 1.9487184615384614, 2.0512825384615385, 2.1538466153846154, 2.2564106923076923, 2.358974769230769, 2.4615388461538465, 2.5641029230769234, 2.6666670000000003, 2.7692310769230772, 2.871795153846154, 2.974359230769231, 3.076923307692308, 3.179487384615385, 3.2820514615384617, 3.3846155384615386, 3.4871796153846155, 3.5897436923076924, 3.6923077692307693, 3.794871846153846, 3.897435923076923, 4.0]}