{
  "target_distribution": "ThreeMixture",
  "dimension": 10,
  "num_iterations": 200000,
  "seed": 26,
  "total_time": 5182.958140134811,
  "max_esjd": 0.015542393537718023,
  "max_actual_acceptance_rate": 0.251,
  "max_constr_acceptance_rate": 0.2634482758620689,
  "expected_squared_jump_distances": [
    0.0018992293817557259,
    0.004045170951947987,
    0.006241771775484094,
    0.008409713241556194,
    0.010129521453938575,
    0.008776918606844573,
    0.011434455630655652,
    0.011645451560687558,
    0.013935246434753579,
    0.013620148460222387,
    0.012358019875067782,
    0.013316075646602667,
    0.013315073725455744,
    0.014554698680087142,
    0.015212664219036519,
    0.015542393537718023,
    0.013642224353106783,
    0.013086610697156817,
    0.014139255670479902,
    0.014503175857185002,
    0.014478800172381168,
    0.013302202839700182,
    0.013577376946456271,
    0.013475539788183435,
    0.013641244124068334,
    0.011948071209297093,
    0.011944100770440006,
    0.0118512578339645,
    0.012182586056757842,
    0.010794667278458075
  ],
  "acceptance_rates": [
    0.04671338004671338,
    0.250875,
    0.14925,
    0.10675,
    0.089375,
    0.2491,
    0.21940970485242622,
    0.1919959979989995,
    0.17498749374687345,
    0.1678839419709855,
    0.29,
    0.2703333333333333,
    0.25925,
    0.2515,
    0.2493123280820205,
    0.251,
    0.33471428571428574,
    0.3236428571428571,
    0.32357142857142857,
    0.32007142857142856,
    0.3262857142857143,
    0.3885,
    0.3890868179261204,
    0.38571160697543594,
    0.39152447027939247,
    0.43780210011667314,
    0.43627777777777776,
    0.44266666666666665,
    0.45022222222222225,
    0.48552427621381067
  ],
  "swap_acceptance_rates_range": [
    0.01,
    0.026896551724137928,
    0.04379310344827586,
    0.060689655172413794,
    0.07758620689655171,
    0.09448275862068964,
    0.11137931034482758,
    0.12827586206896552,
    0.14517241379310344,
    0.16206896551724137,
    0.1789655172413793,
    0.19586206896551722,
    0.21275862068965518,
    0.2296551724137931,
    0.24655172413793103,
    0.2634482758620689,
    0.2803448275862069,
    0.29724137931034483,
    0.31413793103448273,
    0.3310344827586207,
    0.3479310344827586,
    0.36482758620689654,
    0.38172413793103444,
    0.3986206896551724,
    0.41551724137931034,
    0.43241379310344824,
    0.4493103448275862,
    0.4662068965517241,
    0.48310344827586205,
    0.5
  ],
  "times": [
    143.6888885498047,
    149.62013125419617,
    148.0940842628479,
    147.0116913318634,
    146.96676564216614,
    161.09627747535706,
    161.03503036499023,
    160.22768545150757,
    160.13598918914795,
    160.02327871322632,
    169.39238739013672,
    169.7041027545929,
    169.50949549674988,
    169.44772005081177,
    169.48605871200562,
    169.86077547073364,
    178.6725697517395,
    178.56280899047852,
    178.52445197105408,
    178.68784165382385,
    178.5158793926239,
    187.8275716304779,
    187.53271651268005,
    186.40615963935852,
    186.2796380519867,
    195.5326759815216,
    195.70686316490173,
    195.28743410110474,
    195.7037227153778,
    204.37942671775818
  ]
}