{
    "max_esjd": 0.005542984522686067,
    "max_actual_acceptance_rate": 0.2405737184725149,
    "max_constr_acceptance_rate": 0.23692307692307693,
    "expected_squared_jump_distances": [
        0.0008990404722758183,
        0.0019088013291751241,
        0.0021259769892329377,
        0.002746942434258055,
        0.00347401400576485,
        0.003532324393217833,
        0.004175536318581973,
        0.004445823701529194,
        0.004299915691341275,
        0.004458412035567053,
        0.005017151233666634,
        0.005411768483564505,
        0.004940298890964392,
        0.005225588984579924,
        0.005405626859650578,
        0.005542984522686067,
        0.005193659964924813,
        0.005371399388212679,
        0.005505398324297209,
        0.00517216376405033,
        0.0052208676747631955,
        0.005280337453658178,
        0.004917188997659683,
        0.004967695492131616,
        0.00502318754421396,
        0.004684695881079051,
        0.004747132062561463,
        0.004766062396959471,
        0.004452730285761533,
        0.004459095890592962,
        0.004164137443202925,
        0.004150052745690163,
        0.0038617278700785263,
        0.0038788771928276815,
        0.0036427229512878945,
        0.003595058923133243,
        0.003356929951706606,
        0.0033272221741238056,
        0.003098711053064207,
        0.002929031186550088
    ],
    "acceptance_rates": [
        0.14447772914582918,
        0.06680303760671136,
        0.16168107914708268,
        0.11901716277847471,
        0.0890030887806699,
        0.18490452833423826,
        0.16011913962358598,
        0.13994264997021846,
        0.23584,
        0.2151560682767069,
        0.20016197649543205,
        0.19129829187685815,
        0.2672977777777778,
        0.2548656414131313,
        0.2460387515159251,
        0.2405737184725149,
        0.3036129002320186,
        0.29536706602396146,
        0.29248136468889907,
        0.35063782516414416,
        0.34221090909090907,
        0.33561577542732185,
        0.3871259120859584,
        0.38162969386035905,
        0.37835711771613006,
        0.4215582159252154,
        0.4177343670770761,
        0.41664613073495244,
        0.452512726018535,
        0.45032358021039476,
        0.4832319068076464,
        0.48038518437002536,
        0.5095650457193214,
        0.5081188108601358,
        0.5356732786198869,
        0.534074353623968,
        0.5569014931608831,
        0.5567091355089131,
        0.5758562675651868,
        0.5964371909519095
    ],
    "swap_acceptance_rates_range": [
        0.01,
        0.025128205128205128,
        0.040256410256410254,
        0.055384615384615386,
        0.07051282051282051,
        0.08564102564102563,
        0.10076923076923076,
        0.11589743589743588,
        0.13102564102564102,
        0.14615384615384616,
        0.16128205128205128,
        0.1764102564102564,
        0.19153846153846155,
        0.20666666666666667,
        0.22179487179487178,
        0.23692307692307693,
        0.252051282051282,
        0.2671794871794872,
        0.2823076923076923,
        0.29743589743589743,
        0.31256410256410255,
        0.32769230769230767,
        0.3428205128205128,
        0.35794871794871796,
        0.3730769230769231,
        0.3882051282051282,
        0.4033333333333333,
        0.41846153846153844,
        0.43358974358974356,
        0.44871794871794873,
        0.46384615384615385,
        0.47897435897435897,
        0.4941025641025641,
        0.5092307692307692,
        0.5243589743589744,
        0.5394871794871795,
        0.5546153846153846,
        0.5697435897435897,
        0.5848717948717949,
        0.6
    ]
}