{
  "target_distribution": "ThreeMixtureScaled",
  "proposal_distribution": "Normal",
  "dimension": 20,
  "num_iterations": 200000,
  "seed": 1,
  "total_time": 4374.916105747223,
  "max_esjd": 1.029972791671753,
  "max_acceptance_rate": 0.22515,
  "max_scale_param": 2.246153846153846,
  "expected_squared_jump_distances": [
    9.958566079149023e-05,
    0.015331587754189968,
    0.05328195542097092,
    0.10939695686101913,
    0.17926232516765594,
    0.2592109739780426,
    0.3448559641838074,
    0.4338197112083435,
    0.5223052501678467,
    0.6058042049407959,
    0.6872063875198364,
    0.7614042162895203,
    0.8273798227310181,
    0.8822784423828125,
    0.929706871509552,
    0.9707888960838318,
    1.005925178527832,
    1.0200499296188354,
    1.0284688472747803,
    1.029972791671753,
    1.0227676630020142,
    1.012812614440918,
    1.0002013444900513,
    0.9654621481895447,
    0.9417215585708618,
    0.9280909299850464,
    0.885558545589447,
    0.8416190147399902,
    0.8130993247032166,
    0.7857087850570679,
    0.7504696846008301,
    0.7037668824195862,
    0.670079231262207,
    0.6271874308586121,
    0.6102237105369568,
    0.5654629468917847,
    0.5119284391403198,
    0.4807276427745819,
    0.4544713497161865,
    0.419389545917511
  ],
  "acceptance_rates": [
    0.996125,
    0.943265,
    0.89064,
    0.83776,
    0.78594,
    0.736475,
    0.68725,
    0.640615,
    0.59496,
    0.5495,
    0.508755,
    0.468475,
    0.43116,
    0.39458,
    0.36095,
    0.33061,
    0.30302,
    0.27476,
    0.248825,
    0.22515,
    0.203465,
    0.184325,
    0.16671,
    0.148855,
    0.13448,
    0.1224,
    0.10925,
    0.09727,
    0.08791,
    0.080055,
    0.071475,
    0.063565,
    0.057025,
    0.05067,
    0.04656,
    0.04114,
    0.03568,
    0.032005,
    0.02867,
    0.025515
  ],
  "scale_param_range": [
    0.01,
    0.1276923076923077,
    0.2453846153846154,
    0.3630769230769231,
    0.4807692307692308,
    0.5984615384615385,
    0.7161538461538461,
    0.8338461538461539,
    0.9515384615384616,
    1.0692307692307692,
    1.186923076923077,
    1.3046153846153847,
    1.4223076923076923,
    1.54,
    1.6576923076923078,
    1.7753846153846153,
    1.893076923076923,
    2.0107692307692306,
    2.128461538461538,
    2.246153846153846,
    2.3638461538461537,
    2.4815384615384612,
    2.5992307692307692,
    2.7169230769230768,
    2.8346153846153843,
    2.9523076923076923,
    3.07,
    3.1876923076923074,
    3.3053846153846154,
    3.423076923076923,
    3.5407692307692304,
    3.6584615384615384,
    3.776153846153846,
    3.8938461538461535,
    4.0115384615384615,
    4.1292307692307695,
    4.246923076923077,
    4.364615384615385,
    4.4823076923076925,
    4.6
  ],
  "times": [
    110.96989321708679,
    110.2774772644043,
    110.1826114654541,
    111.48175764083862,
    109.8563380241394,
    110.38062620162964,
    109.55566883087158,
    106.26979637145996,
    105.08516812324524,
    105.60762190818787,
    105.46124339103699,
    105.56611704826355,
    105.22353267669678,
    104.92402720451355,
    104.2258472442627,
    107.333811044693,
    114.22834205627441,
    111.21830201148987,
    110.65208125114441,
    110.7928819656372,
    110.53225779533386,
    110.79816770553589,
    111.18386435508728,
    109.62521696090698,
    110.99225759506226,
    111.04463815689087,
    110.29218125343323,
    108.64808511734009,
    106.62774443626404,
    107.14498567581177,
    113.44095516204834,
    111.65784621238708,
    110.04299330711365,
    110.37338089942932,
    111.8212742805481,
    111.49702763557434,
    110.85719442367554,
    110.47548604011536,
    108.78189039230347,
    109.73777151107788
  ]
}