{
  "target_distribution": "ThreeMixtureScaled",
  "dimension": 50,
  "num_iterations": 300000,
  "seed": 30,
  "total_time": 3122.9867215156555,
  "max_esjd": 0.14732249081134796,
  "max_acceptance_rate": 0.1879799331103679,
  "max_variance_value": 0.9048717948717949,
  "expected_squared_jump_distances": [
    9.876671538222581e-05,
    0.008664109744131565,
    0.027473054826259613,
    0.051749203354120255,
    0.0772838145494461,
    0.10101934522390366,
    0.12104488164186478,
    0.13551269471645355,
    0.14396187663078308,
    0.14703822135925293,
    0.14732249081134796,
    0.14039045572280884,
    0.13335612416267395,
    0.12307588011026382,
    0.11156067252159119,
    0.10139033198356628,
    0.08915784955024719,
    0.07915481179952621,
    0.06585516035556793,
    0.05740203708410263,
    0.048998743295669556,
    0.04230407625436783,
    0.03286190330982208,
    0.031847160309553146,
    0.0229420755058527,
    0.017787810415029526,
    0.016806546598672867,
    0.014686216600239277,
    0.012932769022881985,
    0.008100020699203014,
    0.008112204261124134,
    0.0,
    0.0,
    0.0,
    0.0,
    0.0,
    0.0,
    0.0,
    0.0,
    0.0
  ],
  "acceptance_rates": [
    0.9879130434782609,
    0.8777826086956522,
    0.7734816053511706,
    0.6733076923076923,
    0.5781772575250836,
    0.4909264214046823,
    0.41346822742474915,
    0.3433913043478261,
    0.28224080267558527,
    0.2295551839464883,
    0.1879799331103679,
    0.1493010033444816,
    0.12005016722408027,
    0.09510367892976589,
    0.07478595317725753,
    0.05966220735785953,
    0.046558528428093646,
    0.03683277591973244,
    0.027585284280936456,
    0.021668896321070233,
    0.016839464882943144,
    0.013307692307692307,
    0.00945819397993311,
    0.008431438127090301,
    0.005588628762541806,
    0.004040133779264214,
    0.003588628762541806,
    0.0029063545150501673,
    0.0024046822742474915,
    0.0013979933110367894,
    0.0013210702341137123,
    0.0,
    0.0,
    0.0,
    0.0,
    0.0,
    0.0,
    0.0,
    0.0,
    0.0
  ],
  "var_value_range": [
    0.01,
    0.09948717948717949,
    0.188974358974359,
    0.2784615384615385,
    0.367948717948718,
    0.45743589743589746,
    0.546923076923077,
    0.6364102564102565,
    0.7258974358974359,
    0.8153846153846154,
    0.9048717948717949,
    0.9943589743589745,
    1.083846153846154,
    1.1733333333333333,
    1.262820512820513,
    1.3523076923076924,
    1.4417948717948719,
    1.5312820512820513,
    1.6207692307692307,
    1.7102564102564104,
    1.7997435897435898,
    1.8892307692307693,
    1.978717948717949,
    2.068205128205128,
    2.1576923076923076,
    2.247179487179487,
    2.3366666666666664,
    2.426153846153846,
    2.5156410256410258,
    2.605128205128205,
    2.6946153846153846,
    2.784102564102564,
    2.8735897435897435,
    2.963076923076923,
    3.0525641025641024,
    3.142051282051282,
    3.2315384615384612,
    3.321025641025641,
    3.4105128205128206,
    3.5
  ],
  "times": [
    78.53126311302185,
    78.503253698349,
    78.16723036766052,
    78.24258303642273,
    78.02171015739441,
    78.21734428405762,
    77.82062649726868,
    78.08163380622864,
    77.95697832107544,
    78.0880377292633,
    77.92488312721252,
    78.18531942367554,
    77.82245898246765,
    78.04200387001038,
    78.01830244064331,
    78.0383083820343,
    77.92073678970337,
    78.1191234588623,
    77.94204473495483,
    78.12642073631287,
    78.28334021568298,
    78.31868386268616,
    78.2076907157898,
    78.31553101539612,
    78.2167477607727,
    78.36705112457275,
    77.77051639556885,
    78.1057538986206,
    78.07053446769714,
    78.09430623054504,
    77.63524603843689,
    78.04200410842896,
    77.88211011886597,
    78.03005194664001,
    77.99708223342896,
    77.97634792327881,
    77.94427180290222,
    77.93048429489136,
    77.91933178901672,
    78.05531167984009
  ]
}