{
  "target_distribution": "ThreeMixtureScaled",
  "proposal_distribution": "Normal",
  "dimension": 5,
  "num_iterations": 200000,
  "seed": 8,
  "total_time": 4119.395882844925,
  "max_esjd": 1.2257815599441528,
  "max_acceptance_rate": 0.247315,
  "max_scale_param": 2.67,
  "expected_squared_jump_distances": [
    9.956794383469969e-05,
    0.011947661638259888,
    0.041391562670469284,
    0.08551294356584549,
    0.1413426399230957,
    0.20613612234592438,
    0.27736377716064453,
    0.35324716567993164,
    0.43107742071151733,
    0.5095646977424622,
    0.5871797800064087,
    0.6622185111045837,
    0.7313395738601685,
    0.8017385005950928,
    0.8643277287483215,
    0.9198471903800964,
    0.9756626486778259,
    1.0191518068313599,
    1.0596449375152588,
    1.1038402318954468,
    1.1288812160491943,
    1.164706826210022,
    1.1795271635055542,
    1.193830966949463,
    1.2083163261413574,
    1.2064908742904663,
    1.2257815599441528,
    1.2138261795043945,
    1.2072296142578125,
    1.2070890665054321,
    1.1933318376541138,
    1.1975892782211304,
    1.1815823316574097,
    1.1551628112792969,
    1.1498003005981445,
    1.137598991394043,
    1.095078706741333,
    1.0914000272750854,
    1.0583417415618896,
    1.0707688331604004
  ],
  "acceptance_rates": [
    0.996405,
    0.955885,
    0.91532,
    0.8758,
    0.836625,
    0.79717,
    0.759005,
    0.72226,
    0.68613,
    0.651025,
    0.617235,
    0.585235,
    0.552535,
    0.523395,
    0.49457,
    0.465815,
    0.44115,
    0.41568,
    0.392515,
    0.37179,
    0.349455,
    0.33115,
    0.31128,
    0.293125,
    0.27723,
    0.259945,
    0.247315,
    0.231575,
    0.21852,
    0.206105,
    0.19405,
    0.18453,
    0.173785,
    0.1627,
    0.1558,
    0.146605,
    0.13706,
    0.13025,
    0.12192,
    0.117475
  ],
  "scale_param_range": [
    0.01,
    0.1123076923076923,
    0.21461538461538462,
    0.3169230769230769,
    0.41923076923076924,
    0.5215384615384615,
    0.6238461538461538,
    0.7261538461538461,
    0.8284615384615385,
    0.9307692307692308,
    1.033076923076923,
    1.1353846153846154,
    1.2376923076923076,
    1.34,
    1.4423076923076923,
    1.5446153846153847,
    1.646923076923077,
    1.7492307692307691,
    1.8515384615384616,
    1.9538461538461538,
    2.0561538461538458,
    2.1584615384615384,
    2.2607692307692306,
    2.363076923076923,
    2.465384615384615,
    2.5676923076923073,
    2.67,
    2.772307692307692,
    2.8746153846153844,
    2.9769230769230766,
    3.079230769230769,
    3.1815384615384614,
    3.2838461538461536,
    3.386153846153846,
    3.488461538461538,
    3.5907692307692307,
    3.693076923076923,
    3.795384615384615,
    3.8976923076923073,
    4.0
  ],
  "times": [
    103.85305666923523,
    102.76584672927856,
    103.20262622833252,
    103.0143666267395,
    103.3680317401886,
    103.18573927879333,
    102.8468656539917,
    103.01806640625,
    103.88271737098694,
    104.0171468257904,
    103.36719560623169,
    102.95461177825928,
    103.33024549484253,
    103.34953141212463,
    103.06816124916077,
    103.19904589653015,
    103.3529212474823,
    103.2110583782196,
    103.42392468452454,
    103.29599142074585,
    103.19653654098511,
    103.53441190719604,
    104.0276837348938,
    104.03630638122559,
    103.83218955993652,
    103.2904908657074,
    103.5687243938446,
    103.80445289611816,
    103.57303190231323,
    102.38038277626038,
    101.79135489463806,
    101.63101124763489,
    101.95169258117676,
    101.60667037963867,
    101.64631223678589,
    101.67948198318481,
    101.89309191703796,
    101.94745302200317,
    102.22494411468506,
    102.02988362312317
  ]
}