{
  "target_distribution": "ThreeMixtureScaled",
  "dimension": 20,
  "num_iterations": 300000,
  "seed": 1,
  "total_time": 5675.991658210754,
  "max_esjd": 0.38784992694854736,
  "max_acceptance_rate": 0.23354515050167224,
  "max_variance_value": 1.3523076923076924,
  "expected_squared_jump_distances": [
    9.922611207002774e-05,
    0.009150632657110691,
    0.030598558485507965,
    0.061166636645793915,
    0.0979192927479744,
    0.13790249824523926,
    0.179387629032135,
    0.22008700668811798,
    0.2577560245990753,
    0.2906894087791443,
    0.3207072913646698,
    0.34491166472435,
    0.36505326628685,
    0.3769172728061676,
    0.3874604403972626,
    0.38784992694854736,
    0.3860393464565277,
    0.38313865661621094,
    0.3720802962779999,
    0.35953575372695923,
    0.3471086919307709,
    0.33301955461502075,
    0.3128741681575775,
    0.2973617911338806,
    0.2794070243835449,
    0.26216650009155273,
    0.2413705587387085,
    0.22670140862464905,
    0.21099220216274261,
    0.19480420649051666,
    0.17402270436286926,
    0.16724060475826263,
    0.15258465707302094,
    0.13757626712322235,
    0.1253938525915146,
    0.11453911662101746,
    0.10282319039106369,
    0.0914677232503891,
    0.08683527261018753,
    0.07296215742826462
  ],
  "acceptance_rates": [
    0.9924782608695653,
    0.9279197324414715,
    0.8632775919732442,
    0.7983311036789298,
    0.7359163879598662,
    0.6742675585284281,
    0.6171270903010033,
    0.562428093645485,
    0.5094481605351171,
    0.45885284280936456,
    0.4137123745819398,
    0.3717391304347826,
    0.33352173913043476,
    0.2966488294314381,
    0.2649397993311037,
    0.23354515050167224,
    0.20639799331103678,
    0.1829030100334448,
    0.16036454849498327,
    0.14053511705685617,
    0.1235819397993311,
    0.10847491638795986,
    0.09418394648829431,
    0.08262876254180603,
    0.07216722408026756,
    0.06308026755852843,
    0.05412040133779264,
    0.04750167224080268,
    0.04150501672240803,
    0.03622742474916388,
    0.030521739130434784,
    0.02782274247491639,
    0.023953177257525084,
    0.020591973244147157,
    0.017842809364548497,
    0.015494983277591974,
    0.013357859531772575,
    0.011307692307692309,
    0.010277591973244148,
    0.00820401337792642
  ],
  "var_value_range": [
    0.01,
    0.09948717948717949,
    0.188974358974359,
    0.2784615384615385,
    0.367948717948718,
    0.45743589743589746,
    0.546923076923077,
    0.6364102564102565,
    0.7258974358974359,
    0.8153846153846154,
    0.9048717948717949,
    0.9943589743589745,
    1.083846153846154,
    1.1733333333333333,
    1.262820512820513,
    1.3523076923076924,
    1.4417948717948719,
    1.5312820512820513,
    1.6207692307692307,
    1.7102564102564104,
    1.7997435897435898,
    1.8892307692307693,
    1.978717948717949,
    2.068205128205128,
    2.1576923076923076,
    2.247179487179487,
    2.3366666666666664,
    2.426153846153846,
    2.5156410256410258,
    2.605128205128205,
    2.6946153846153846,
    2.784102564102564,
    2.8735897435897435,
    2.963076923076923,
    3.0525641025641024,
    3.142051282051282,
    3.2315384615384612,
    3.321025641025641,
    3.4105128205128206,
    3.5
  ],
  "times": [
    142.38385581970215,
    141.84495639801025,
    141.78503036499023,
    141.8903648853302,
    141.77095127105713,
    141.76277256011963,
    141.7389681339264,
    141.86360120773315,
    141.87559700012207,
    141.94213151931763,
    141.7339768409729,
    141.96152138710022,
    141.7947313785553,
    141.884122133255,
    141.73455929756165,
    141.78571796417236,
    141.8673825263977,
    141.9877154827118,
    142.2327482700348,
    142.28981471061707,
    142.11112523078918,
    142.12471628189087,
    141.93101143836975,
    141.9622073173523,
    141.90144777297974,
    142.00746369361877,
    141.66593599319458,
    141.88781571388245,
    141.74246454238892,
    141.9855079650879,
    141.89294338226318,
    141.78377223014832,
    141.76285529136658,
    141.95149946212769,
    141.66586470603943,
    142.0311803817749,
    141.75884366035461,
    141.72684478759766,
    141.77825021743774,
    142.12275552749634
  ]
}