{
  "target_distribution": "ThreeMixture",
  "dimension": 10,
  "num_iterations": 200000,
  "seed": 9,
  "total_time": 6204.4237513542175,
  "max_esjd": 0.004556711287152485,
  "max_actual_acceptance_rate": 0.031027044964327195,
  "max_constr_acceptance_rate": 0.01,
  "expected_squared_jump_distances": [
    0.004556711287152485,
    0.004326348143404468,
    0.004326348143404468,
    0.004326348143404468,
    0.004326348143404468,
    0.004326348143404468,
    0.004326348143404468,
    0.004326348143404468,
    0.004326348143404468,
    0.004326348143404468,
    0.004326348143404468,
    0.004326348143404468,
    0.004326348143404468,
    0.004326348143404468,
    0.004326348143404468,
    0.004326348143404468,
    0.004326348143404468,
    0.004326348143404468,
    0.004326348143404468,
    0.004326348143404468,
    0.004326348143404468,
    0.004326348143404468,
    0.004326348143404468,
    0.004326348143404468,
    0.004326348143404468,
    0.004326348143404468,
    0.004326348143404468,
    0.004326348143404468,
    0.004326348143404468,
    0.004326348143404468
  ],
  "acceptance_rates": [
    0.031027044964327195,
    0.030529284884685582,
    0.030529284884685582,
    0.030529284884685582,
    0.030529284884685582,
    0.030529284884685582,
    0.030529284884685582,
    0.030529284884685582,
    0.030529284884685582,
    0.030529284884685582,
    0.030529284884685582,
    0.030529284884685582,
    0.030529284884685582,
    0.030529284884685582,
    0.030529284884685582,
    0.030529284884685582,
    0.030529284884685582,
    0.030529284884685582,
    0.030529284884685582,
    0.030529284884685582,
    0.030529284884685582,
    0.030529284884685582,
    0.030529284884685582,
    0.030529284884685582,
    0.030529284884685582,
    0.030529284884685582,
    0.030529284884685582,
    0.030529284884685582,
    0.030529284884685582,
    0.030529284884685582
  ],
  "swap_acceptance_rates_range": [
    0.01,
    0.026896551724137928,
    0.04379310344827586,
    0.060689655172413794,
    0.07758620689655171,
    0.09448275862068964,
    0.11137931034482758,
    0.12827586206896552,
    0.14517241379310344,
    0.16206896551724137,
    0.1789655172413793,
    0.19586206896551722,
    0.21275862068965518,
    0.2296551724137931,
    0.24655172413793103,
    0.2634482758620689,
    0.2803448275862069,
    0.29724137931034483,
    0.31413793103448273,
    0.3310344827586207,
    0.3479310344827586,
    0.36482758620689654,
    0.38172413793103444,
    0.3986206896551724,
    0.41551724137931034,
    0.43241379310344824,
    0.4493103448275862,
    0.4662068965517241,
    0.48310344827586205,
    0.5
  ],
  "times": [
    208.64054822921753,
    206.5818874835968,
    207.16636610031128,
    207.06640553474426,
    206.6886386871338,
    206.87026524543762,
    207.10624814033508,
    206.5094599723816,
    206.779287815094,
    206.39105796813965,
    207.05433082580566,
    206.73074316978455,
    206.94909930229187,
    206.0211296081543,
    206.94094610214233,
    207.24158787727356,
    206.88340854644775,
    206.35754919052124,
    206.97689080238342,
    206.70014834403992,
    206.94846034049988,
    205.99770402908325,
    206.84504008293152,
    206.60389637947083,
    206.97567868232727,
    206.2401819229126,
    207.19918704032898,
    206.8200490474701,
    206.99355292320251,
    206.12403631210327
  ],
  "beta_ladder": [
    1.0,
    0.19688722937479308,
    0.038146067402406364,
    0.01
  ]
}