{
  "target_distribution": "ThreeMixture",
  "dimension": 10,
  "num_iterations": 200000,
  "seed": 29,
  "total_time": 5411.910707950592,
  "max_esjd": 0.015338214769504767,
  "max_actual_acceptance_rate": 0.24964574476952572,
  "max_constr_acceptance_rate": 0.2634482758620689,
  "expected_squared_jump_distances": [
    0.0021484262360318626,
    0.003955756627143004,
    0.0055007316737502995,
    0.008423577400323661,
    0.009678830179211874,
    0.009495507913443424,
    0.010855515772959196,
    0.011884059170964844,
    0.013387987626069046,
    0.014862308099798752,
    0.012027955617942794,
    0.012823421467433795,
    0.01357265721251613,
    0.014035389489115483,
    0.014798906850009914,
    0.015338214769504767,
    0.013129444718193032,
    0.013659374192146969,
    0.013891478832880355,
    0.014192903432460099,
    0.014051985745650523,
    0.01292250845908631,
    0.013022380353753448,
    0.013270407783320136,
    0.013600044212253424,
    0.012087942404938398,
    0.01213672515639597,
    0.012337534765318046,
    0.012208642579174003,
    0.010751545436431711
  ],
  "acceptance_rates": [
    0.04878863826232247,
    0.247875,
    0.14794897448724362,
    0.10565848773159739,
    0.09172932330827067,
    0.2462,
    0.21608643457382953,
    0.1851555466639992,
    0.1783248273791654,
    0.1723517055116535,
    0.29183333333333333,
    0.26723347503542555,
    0.25652137678139847,
    0.24960413367780648,
    0.2483120780195049,
    0.24964574476952572,
    0.3325,
    0.3286428571428571,
    0.32445174655332526,
    0.3214515322523037,
    0.31987999142795914,
    0.38577411088193014,
    0.3834375,
    0.38089880617538596,
    0.3918994937183574,
    0.4378264251583509,
    0.43851753069956106,
    0.44212924376284934,
    0.4480497833092566,
    0.482
  ],
  "swap_acceptance_rates_range": [
    0.01,
    0.026896551724137928,
    0.04379310344827586,
    0.060689655172413794,
    0.07758620689655171,
    0.09448275862068964,
    0.11137931034482758,
    0.12827586206896552,
    0.14517241379310344,
    0.16206896551724137,
    0.1789655172413793,
    0.19586206896551722,
    0.21275862068965518,
    0.2296551724137931,
    0.24655172413793103,
    0.2634482758620689,
    0.2803448275862069,
    0.29724137931034483,
    0.31413793103448273,
    0.3310344827586207,
    0.3479310344827586,
    0.36482758620689654,
    0.38172413793103444,
    0.3986206896551724,
    0.41551724137931034,
    0.43241379310344824,
    0.4493103448275862,
    0.4662068965517241,
    0.48310344827586205,
    0.5
  ],
  "times": [
    150.4396574497223,
    155.07485008239746,
    152.45020365715027,
    150.41672682762146,
    150.58912110328674,
    165.1356315612793,
    164.3310363292694,
    163.22343063354492,
    163.2306249141693,
    163.1192820072174,
    173.82151556015015,
    173.99596977233887,
    173.63830184936523,
    173.7564616203308,
    173.79031801223755,
    173.65369868278503,
    183.5337643623352,
    183.5314450263977,
    183.08053255081177,
    182.9831006526947,
    182.8672595024109,
    192.78945064544678,
    198.62974977493286,
    202.8723759651184,
    203.65248608589172,
    213.66613340377808,
    213.13472056388855,
    213.22354078292847,
    213.49830079078674,
    223.74626302719116
  ]
}