{
  "target_distribution": "ThreeMixture",
  "dimension": 20,
  "num_iterations": 200000,
  "seed": 14,
  "total_time": 5753.735136270523,
  "max_esjd": 0.008028414631399921,
  "max_actual_acceptance_rate": 0.22927865983247905,
  "max_constr_acceptance_rate": 0.2634482758620689,
  "expected_squared_jump_distances": [
    0.0013772519849484337,
    0.00266621423448054,
    0.003110613612077919,
    0.0033594243456056693,
    0.004227784776746946,
    0.005047181970725947,
    0.005821424295527094,
    0.0059415001544944925,
    0.00616969093333914,
    0.007063083652614351,
    0.006906713954174305,
    0.007577752191697502,
    0.0073802146417957445,
    0.007454835851999421,
    0.007728845659578693,
    0.008028414631399921,
    0.007331878765797737,
    0.007493743941954375,
    0.007985643962223591,
    0.007136160391806497,
    0.0073426040719664545,
    0.007206870834324559,
    0.007470899555588841,
    0.0068812726420063265,
    0.006967263510839548,
    0.00633277369982913,
    0.006377209093026503,
    0.0064258024396388995,
    0.00587369572000728,
    0.005974661905279169
  ],
  "acceptance_rates": [
    0.1637,
    0.061318395518655595,
    0.05406218655967904,
    0.17491666666666666,
    0.11537819335448322,
    0.09409901650275046,
    0.09484914152358727,
    0.17285714285714285,
    0.1569019719919977,
    0.15302186026575226,
    0.15736838345596113,
    0.16599942808121246,
    0.21232577036064754,
    0.2139508719294956,
    0.2165270658832354,
    0.22927865983247905,
    0.26391821313479275,
    0.2710046677039342,
    0.28236470718968776,
    0.3167316731673167,
    0.32464869730459567,
    0.3266826682668267,
    0.33953395339533954,
    0.36636814111015137,
    0.3817338728008365,
    0.40464186007750325,
    0.41371118983121485,
    0.42325484475932484,
    0.4498249932689719,
    0.46297649728814866
  ],
  "swap_acceptance_rates_range": [
    0.01,
    0.026896551724137928,
    0.04379310344827586,
    0.060689655172413794,
    0.07758620689655171,
    0.09448275862068964,
    0.11137931034482758,
    0.12827586206896552,
    0.14517241379310344,
    0.16206896551724137,
    0.1789655172413793,
    0.19586206896551722,
    0.21275862068965518,
    0.2296551724137931,
    0.24655172413793103,
    0.2634482758620689,
    0.2803448275862069,
    0.29724137931034483,
    0.31413793103448273,
    0.3310344827586207,
    0.3479310344827586,
    0.36482758620689654,
    0.38172413793103444,
    0.3986206896551724,
    0.41551724137931034,
    0.43241379310344824,
    0.4493103448275862,
    0.4662068965517241,
    0.48310344827586205,
    0.5
  ],
  "times": [
    155.57393217086792,
    155.21765112876892,
    155.8827028274536,
    166.42390656471252,
    166.46591114997864,
    166.6530110836029,
    166.21379828453064,
    180.55756378173828,
    180.3454532623291,
    180.00756740570068,
    180.24138164520264,
    180.17344045639038,
    189.25207591056824,
    189.78851962089539,
    189.47449827194214,
    189.45992064476013,
    197.86452794075012,
    195.92685770988464,
    195.97801542282104,
    204.6439073085785,
    204.414568901062,
    204.20324516296387,
    204.37549352645874,
    212.860178232193,
    213.26528763771057,
    222.13710975646973,
    222.05138683319092,
    221.96307373046875,
    231.12267351150513,
    231.158855676651
  ]
}