{
  "target_distribution": "ThreeMixtureScaled",
  "dimension": 50,
  "num_iterations": 100000,
  "seed": 10,
  "total_time": 1056.8995685577393,
  "max_esjd": 0.05112553387880325,
  "max_acceptance_rate": 0.13623232323232323,
  "max_variance_value": 0.6238461538461538,
  "expected_squared_jump_distances": [
    9.750726167112589e-05,
    0.009014328010380268,
    0.02331836335361004,
    0.035748738795518875,
    0.0446644090116024,
    0.04965987801551819,
    0.05112553387880325,
    0.05048922821879387,
    0.04721915349364281,
    0.0454365611076355,
    0.039943378418684006,
    0.03623896837234497,
    0.03384770452976227,
    0.02734258584678173,
    0.025102173909544945,
    0.020823592320084572,
    0.01463639922440052,
    0.014369944110512733,
    0.01025574840605259,
    0.0066641103476285934,
    0.006786569487303495,
    0.0014615287072956562,
    0.0007079517235979438,
    0.0005289064138196409,
    0.0,
    0.0,
    0.0,
    0.0,
    0.0,
    0.0,
    0.0,
    0.0,
    0.0,
    0.0,
    0.0,
    0.0,
    0.0,
    0.0,
    0.0,
    0.0
  ],
  "acceptance_rates": [
    0.9751111111111112,
    0.7190606060606061,
    0.5131212121212121,
    0.36338383838383836,
    0.260989898989899,
    0.18846464646464647,
    0.13623232323232323,
    0.10028282828282828,
    0.07228282828282828,
    0.05533333333333333,
    0.0397979797979798,
    0.030090909090909092,
    0.023696969696969696,
    0.016575757575757577,
    0.01306060606060606,
    0.009616161616161616,
    0.00598989898989899,
    0.005131313131313132,
    0.003363636363636364,
    0.0019292929292929293,
    0.0017777777777777779,
    0.0003636363636363636,
    0.00017171717171717173,
    0.00012121212121212121,
    0.0,
    0.0,
    0.0,
    0.0,
    0.0,
    0.0,
    0.0,
    0.0,
    0.0,
    0.0,
    0.0,
    0.0,
    0.0,
    0.0,
    0.0,
    0.0
  ],
  "var_value_range": [
    0.01,
    0.1123076923076923,
    0.21461538461538462,
    0.3169230769230769,
    0.41923076923076924,
    0.5215384615384615,
    0.6238461538461538,
    0.7261538461538461,
    0.8284615384615385,
    0.9307692307692308,
    1.033076923076923,
    1.1353846153846154,
    1.2376923076923076,
    1.34,
    1.4423076923076923,
    1.5446153846153847,
    1.646923076923077,
    1.7492307692307691,
    1.8515384615384616,
    1.9538461538461538,
    2.0561538461538458,
    2.1584615384615384,
    2.2607692307692306,
    2.363076923076923,
    2.465384615384615,
    2.5676923076923073,
    2.67,
    2.772307692307692,
    2.8746153846153844,
    2.9769230769230766,
    3.079230769230769,
    3.1815384615384614,
    3.2838461538461536,
    3.386153846153846,
    3.488461538461538,
    3.5907692307692307,
    3.693076923076923,
    3.795384615384615,
    3.8976923076923073,
    4.0
  ],
  "times": [
    26.73557424545288,
    26.446601152420044,
    26.464878797531128,
    26.41751003265381,
    26.404767513275146,
    26.506014585494995,
    26.497637510299683,
    26.58438205718994,
    26.481058597564697,
    26.517714262008667,
    26.324378728866577,
    26.44712734222412,
    26.443042755126953,
    26.5071280002594,
    26.460960865020752,
    26.49014711380005,
    26.429792881011963,
    26.470402717590332,
    26.436075687408447,
    26.510621547698975,
    26.51693344116211,
    26.512800216674805,
    26.462908506393433,
    26.484936475753784,
    26.37265133857727,
    26.45296287536621,
    26.26873016357422,
    26.399636268615723,
    26.298686027526855,
    26.33209991455078,
    26.162983417510986,
    26.40885019302368,
    26.321436882019043,
    26.4424786567688,
    26.383199453353882,
    26.300163507461548,
    26.323412656784058,
    26.298128128051758,
    26.23792600631714,
    26.313713788986206
  ]
}