{
  "target_distribution": "ThreeMixture",
  "dimension": 10,
  "num_iterations": 200000,
  "seed": 11,
  "total_time": 6276.894822597504,
  "max_esjd": 0.004343620529375997,
  "max_actual_acceptance_rate": 0.0259222333000997,
  "max_constr_acceptance_rate": 0.026896551724137928,
  "expected_squared_jump_distances": [
    0.0035017078898113814,
    0.004343620529375997,
    0.004343620529375997,
    0.004343620529375997,
    0.004343620529375997,
    0.004343620529375997,
    0.004343620529375997,
    0.004343620529375997,
    0.004343620529375997,
    0.004343620529375997,
    0.004343620529375997,
    0.004343620529375997,
    0.004343620529375997,
    0.004343620529375997,
    0.004343620529375997,
    0.004343620529375997,
    0.004343620529375997,
    0.004343620529375997,
    0.004343620529375997,
    0.004343620529375997,
    0.004343620529375997,
    0.004343620529375997,
    0.004343620529375997,
    0.004343620529375997,
    0.004343620529375997,
    0.004343620529375997,
    0.004343620529375997,
    0.004343620529375997,
    0.004343620529375997,
    0.004343620529375997
  ],
  "acceptance_rates": [
    0.0259222333000997,
    0.0259222333000997,
    0.0259222333000997,
    0.0259222333000997,
    0.0259222333000997,
    0.0259222333000997,
    0.0259222333000997,
    0.0259222333000997,
    0.0259222333000997,
    0.0259222333000997,
    0.0259222333000997,
    0.0259222333000997,
    0.0259222333000997,
    0.0259222333000997,
    0.0259222333000997,
    0.0259222333000997,
    0.0259222333000997,
    0.0259222333000997,
    0.0259222333000997,
    0.0259222333000997,
    0.0259222333000997,
    0.0259222333000997,
    0.0259222333000997,
    0.0259222333000997,
    0.0259222333000997,
    0.0259222333000997,
    0.0259222333000997,
    0.0259222333000997,
    0.0259222333000997,
    0.0259222333000997
  ],
  "swap_acceptance_rates_range": [
    0.01,
    0.026896551724137928,
    0.04379310344827586,
    0.060689655172413794,
    0.07758620689655171,
    0.09448275862068964,
    0.11137931034482758,
    0.12827586206896552,
    0.14517241379310344,
    0.16206896551724137,
    0.1789655172413793,
    0.19586206896551722,
    0.21275862068965518,
    0.2296551724137931,
    0.24655172413793103,
    0.2634482758620689,
    0.2803448275862069,
    0.29724137931034483,
    0.31413793103448273,
    0.3310344827586207,
    0.3479310344827586,
    0.36482758620689654,
    0.38172413793103444,
    0.3986206896551724,
    0.41551724137931034,
    0.43241379310344824,
    0.4493103448275862,
    0.4662068965517241,
    0.48310344827586205,
    0.5
  ],
  "times": [
    210.73220539093018,
    209.63013529777527,
    209.79948353767395,
    208.87294626235962,
    209.15415930747986,
    209.3654043674469,
    209.441721200943,
    209.90010952949524,
    209.36958241462708,
    208.5957953929901,
    209.44199585914612,
    208.8672432899475,
    209.15211367607117,
    208.69629073143005,
    209.4346182346344,
    209.3062698841095,
    209.60005450248718,
    208.61787581443787,
    209.35101747512817,
    208.80800437927246,
    209.75518465042114,
    208.5683434009552,
    209.34993624687195,
    209.324152469635,
    209.07336044311523,
    208.6301543712616,
    209.34438371658325,
    209.06147146224976,
    208.96532011032104,
    208.6649181842804
  ],
  "beta_ladder": [
    1.0,
    0.19630611956249114,
    0.04056250303655625,
    0.01
  ]
}