{
  "target_distribution": "ThreeMixture",
  "dimension": 20,
  "num_iterations": 500000,
  "seed": 7,
  "total_time": 14176.461159467697,
  "max_esjd": 0.007870586841901521,
  "max_actual_acceptance_rate": 0.22472247224722472,
  "max_constr_acceptance_rate": 0.24655172413793103,
  "expected_squared_jump_distances": [
    0.0013031665864244406,
    0.0027431338280105824,
    0.0039177228162908815,
    0.004055199456638002,
    0.004941136789216913,
    0.005648813169151221,
    0.006448116850352407,
    0.006339714178994742,
    0.006570209414321899,
    0.007224984136368789,
    0.0076683611910242705,
    0.006990252046625001,
    0.007256021855745001,
    0.007596769107531889,
    0.007870586841901521,
    0.007470496096297911,
    0.007626568136376027,
    0.007686450634800981,
    0.00786542312648263,
    0.007161957316733822,
    0.007439228168176896,
    0.007455679155746014,
    0.006823648059012659,
    0.006912574606505362,
    0.006892762183286421,
    0.00639509312088857,
    0.006338443455449091,
    0.0063195655304731065,
    0.005894980562268233,
    0.005901660786381443
  ],
  "acceptance_rates": [
    0.016505636070853463,
    0.07881576315263053,
    0.04755043227665706,
    0.14353333333333335,
    0.10556148306214991,
    0.09797646431309798,
    0.1001100110011001,
    0.1646806686669524,
    0.15422871352216538,
    0.15481566161760504,
    0.16178908259502714,
    0.2147125747005726,
    0.21110416406152308,
    0.21609862218999276,
    0.22472247224722472,
    0.2640058667970399,
    0.268183737416387,
    0.27476166137025265,
    0.28585079668437074,
    0.31495889753385203,
    0.3233929357174287,
    0.3342866857337147,
    0.36614724439514884,
    0.37490454198334483,
    0.38623222662642276,
    0.4114901915031917,
    0.41762362706045103,
    0.4297714885744287,
    0.4554909381827133,
    0.46549840761881317
  ],
  "swap_acceptance_rates_range": [
    0.01,
    0.026896551724137928,
    0.04379310344827586,
    0.060689655172413794,
    0.07758620689655171,
    0.09448275862068964,
    0.11137931034482758,
    0.12827586206896552,
    0.14517241379310344,
    0.16206896551724137,
    0.1789655172413793,
    0.19586206896551722,
    0.21275862068965518,
    0.2296551724137931,
    0.24655172413793103,
    0.2634482758620689,
    0.2803448275862069,
    0.29724137931034483,
    0.31413793103448273,
    0.3310344827586207,
    0.3479310344827586,
    0.36482758620689654,
    0.38172413793103444,
    0.3986206896551724,
    0.41551724137931034,
    0.43241379310344824,
    0.4493103448275862,
    0.4662068965517241,
    0.48310344827586205,
    0.5
  ],
  "times": [
    365.31372261047363,
    381.47332668304443,
    379.9829649925232,
    416.96520614624023,
    416.36102771759033,
    415.5977294445038,
    416.0513505935669,
    438.67563819885254,
    437.24113273620605,
    438.44590735435486,
    438.20678877830505,
    459.5207049846649,
    460.2094602584839,
    459.02884316444397,
    459.92698192596436,
    480.8702564239502,
    481.51282835006714,
    481.2727270126343,
    481.3337593078613,
    502.38071870803833,
    503.511358499527,
    503.64314365386963,
    526.7946336269379,
    524.6217818260193,
    525.4352550506592,
    546.4667522907257,
    548.8304543495178,
    547.37965965271,
    569.8590657711029,
    569.5115957260132
  ]
}