{
  "target_distribution": "ThreeMixtureScaled",
  "proposal_distribution": "Normal",
  "dimension": 5,
  "num_iterations": 200000,
  "seed": 15,
  "total_time": 4798.313885450363,
  "max_esjd": 0.6470452547073364,
  "max_acceptance_rate": 0.228485,
  "max_scale_param": 2.0561538461538458,
  "expected_squared_jump_distances": [
    9.943443728843704e-05,
    0.011757979169487953,
    0.03994806855916977,
    0.0807255282998085,
    0.13053594529628754,
    0.1860542744398117,
    0.24375709891319275,
    0.30291947722435,
    0.3588099181652069,
    0.4115588665008545,
    0.4594174027442932,
    0.5031088590621948,
    0.5369489789009094,
    0.5724595785140991,
    0.5984461307525635,
    0.6171061992645264,
    0.62580806016922,
    0.637624204158783,
    0.6430315375328064,
    0.6394844055175781,
    0.6470452547073364,
    0.6400184035301208,
    0.6274760365486145,
    0.6179999113082886,
    0.6082037091255188,
    0.6010242700576782,
    0.58199143409729,
    0.5679587721824646,
    0.5497496128082275,
    0.5393696427345276,
    0.531782329082489,
    0.5180589556694031,
    0.48961836099624634,
    0.48589468002319336,
    0.49362826347351074,
    0.4520554840564728,
    0.44802325963974,
    0.44286060333251953,
    0.4192688465118408,
    0.4062950611114502
  ],
  "acceptance_rates": [
    0.99551,
    0.943785,
    0.88979,
    0.836175,
    0.784635,
    0.7348,
    0.685115,
    0.63937,
    0.59343,
    0.54994,
    0.509655,
    0.471845,
    0.434935,
    0.40346,
    0.37291,
    0.343815,
    0.31466,
    0.289425,
    0.267805,
    0.245565,
    0.228485,
    0.20858,
    0.19162,
    0.176825,
    0.16254,
    0.1517,
    0.139055,
    0.12889,
    0.11797,
    0.10972,
    0.102275,
    0.095675,
    0.087185,
    0.08215,
    0.078995,
    0.07033,
    0.06643,
    0.063235,
    0.058395,
    0.054425
  ],
  "scale_param_range": [
    0.01,
    0.1123076923076923,
    0.21461538461538462,
    0.3169230769230769,
    0.41923076923076924,
    0.5215384615384615,
    0.6238461538461538,
    0.7261538461538461,
    0.8284615384615385,
    0.9307692307692308,
    1.033076923076923,
    1.1353846153846154,
    1.2376923076923076,
    1.34,
    1.4423076923076923,
    1.5446153846153847,
    1.646923076923077,
    1.7492307692307691,
    1.8515384615384616,
    1.9538461538461538,
    2.0561538461538458,
    2.1584615384615384,
    2.2607692307692306,
    2.363076923076923,
    2.465384615384615,
    2.5676923076923073,
    2.67,
    2.772307692307692,
    2.8746153846153844,
    2.9769230769230766,
    3.079230769230769,
    3.1815384615384614,
    3.2838461538461536,
    3.386153846153846,
    3.488461538461538,
    3.5907692307692307,
    3.693076923076923,
    3.795384615384615,
    3.8976923076923073,
    4.0
  ],
  "times": [
    120.74446845054626,
    120.18160581588745,
    120.12589764595032,
    120.09937739372253,
    120.1283597946167,
    120.28685784339905,
    119.4998049736023,
    120.13522362709045,
    120.08343029022217,
    119.92462849617004,
    120.16188287734985,
    120.08731532096863,
    119.24961256980896,
    120.12854027748108,
    120.10339403152466,
    119.85349917411804,
    119.97247171401978,
    119.77693271636963,
    119.49151539802551,
    120.31764268875122,
    119.67328405380249,
    120.06481051445007,
    119.98949241638184,
    119.97334742546082,
    119.44815301895142,
    120.16805839538574,
    119.73446273803711,
    120.01611328125,
    120.16114592552185,
    120.11591792106628,
    119.48993015289307,
    119.65362906455994,
    119.88865876197815,
    119.96753716468811,
    119.73816084861755,
    120.2618157863617,
    119.5566177368164,
    119.9136872291565,
    119.90795826911926,
    120.1957471370697
  ]
}