{
  "target_distribution": "ThreeMixtureScaled",
  "proposal_distribution": "Normal",
  "dimension": 5,
  "num_iterations": 200000,
  "seed": 18,
  "total_time": 5015.91499710083,
  "max_esjd": 0.8841494917869568,
  "max_acceptance_rate": 0.23095,
  "max_scale_param": 2.363076923076923,
  "expected_squared_jump_distances": [
    9.954721463145688e-05,
    0.011850091628730297,
    0.04070345684885979,
    0.08323188871145248,
    0.13606864213943481,
    0.19601698219776154,
    0.2612318992614746,
    0.32834601402282715,
    0.39506974816322327,
    0.4605601727962494,
    0.5199626684188843,
    0.5777544379234314,
    0.6314767003059387,
    0.6787180304527283,
    0.7170528769493103,
    0.7570741772651672,
    0.7928956747055054,
    0.8190546631813049,
    0.8354243636131287,
    0.8531471490859985,
    0.8603330254554749,
    0.8696470856666565,
    0.8691338896751404,
    0.8841494917869568,
    0.8674032092094421,
    0.8821925520896912,
    0.8589090704917908,
    0.8639209866523743,
    0.8452704548835754,
    0.8298443555831909,
    0.8246827721595764,
    0.8201642036437988,
    0.8084765672683716,
    0.7958603501319885,
    0.7723402380943298,
    0.7839526534080505,
    0.7489802837371826,
    0.7671914100646973,
    0.7229471802711487,
    0.7152458429336548
  ],
  "acceptance_rates": [
    0.996485,
    0.94979,
    0.90293,
    0.85647,
    0.810235,
    0.76497,
    0.722795,
    0.680565,
    0.63995,
    0.60041,
    0.560805,
    0.525575,
    0.492185,
    0.459695,
    0.427845,
    0.40133,
    0.3758,
    0.35,
    0.32497,
    0.30457,
    0.283185,
    0.263825,
    0.24489,
    0.23095,
    0.213585,
    0.201555,
    0.186075,
    0.175875,
    0.162925,
    0.15211,
    0.14302,
    0.13501,
    0.12609,
    0.119,
    0.11064,
    0.105595,
    0.098045,
    0.09476,
    0.08639,
    0.081805
  ],
  "scale_param_range": [
    0.01,
    0.1123076923076923,
    0.21461538461538462,
    0.3169230769230769,
    0.41923076923076924,
    0.5215384615384615,
    0.6238461538461538,
    0.7261538461538461,
    0.8284615384615385,
    0.9307692307692308,
    1.033076923076923,
    1.1353846153846154,
    1.2376923076923076,
    1.34,
    1.4423076923076923,
    1.5446153846153847,
    1.646923076923077,
    1.7492307692307691,
    1.8515384615384616,
    1.9538461538461538,
    2.0561538461538458,
    2.1584615384615384,
    2.2607692307692306,
    2.363076923076923,
    2.465384615384615,
    2.5676923076923073,
    2.67,
    2.772307692307692,
    2.8746153846153844,
    2.9769230769230766,
    3.079230769230769,
    3.1815384615384614,
    3.2838461538461536,
    3.386153846153846,
    3.488461538461538,
    3.5907692307692307,
    3.693076923076923,
    3.795384615384615,
    3.8976923076923073,
    4.0
  ],
  "times": [
    126.31411385536194,
    124.11424922943115,
    125.23691916465759,
    125.27322459220886,
    124.84228587150574,
    125.28161430358887,
    124.60799527168274,
    125.89819717407227,
    126.04430770874023,
    126.0321958065033,
    125.99659395217896,
    125.09086871147156,
    125.41578078269958,
    125.57027006149292,
    125.07793283462524,
    125.78915810585022,
    125.94796848297119,
    125.31880450248718,
    124.9284119606018,
    126.03558135032654,
    125.63189744949341,
    125.64819979667664,
    125.1384449005127,
    126.14358615875244,
    124.53750944137573,
    125.54211521148682,
    125.67130422592163,
    125.45735049247742,
    125.29602193832397,
    125.3679428100586,
    125.11609244346619,
    125.40085816383362,
    125.09666299819946,
    125.10442900657654,
    125.42674493789673,
    125.11329412460327,
    124.85427021980286,
    125.90252470970154,
    124.98661684989929,
    125.61736726760864
  ]
}