{
  "target_distribution": "ThreeMixture",
  "dimension": 30,
  "num_iterations": 200000,
  "seed": 14,
  "total_time": 3671.012768507004,
  "max_esjd": 0.005560073299934309,
  "max_actual_acceptance_rate": 0.25367610283084924,
  "max_constr_acceptance_rate": 0.2803448275862069,
  "expected_squared_jump_distances": [
    0.00046476027956430155,
    0.001188701161250388,
    0.002343718119163006,
    0.002663345166083959,
    0.0030019320895785825,
    0.003869701426223098,
    0.004323395333416837,
    0.004395362461672615,
    0.004471182632407964,
    0.004744504418744222,
    0.004739861378084907,
    0.005190578302583675,
    0.005385523650703063,
    0.0048248900102346925,
    0.005151248348972612,
    0.0054435828598242,
    0.005560073299934309,
    0.005034267931373493,
    0.005150953150706595,
    0.005379042797609883,
    0.004993471196183846,
    0.005074113172349729,
    0.004594112861925897,
    0.004703711779514176,
    0.004764142129293299,
    0.004413459640643205,
    0.004482065791045034,
    0.004185335907585841,
    0.004128788505228487,
    0.003879789347198781
  ],
  "acceptance_rates": [
    0.018492462311557788,
    0.10608333333333334,
    0.04127673796791444,
    0.11169072459625554,
    0.07741243745532524,
    0.08061749571183534,
    0.09226700971983991,
    0.12228057014253563,
    0.12677377008189036,
    0.1347127586422454,
    0.17135237248583177,
    0.17135237248583177,
    0.18672522096836955,
    0.2135,
    0.2223,
    0.23274654930986197,
    0.25367610283084924,
    0.2714129841789416,
    0.2855194362355081,
    0.298118010728248,
    0.3152214675611484,
    0.3334027835652971,
    0.35133471805523503,
    0.36386014846724873,
    0.38001461594676716,
    0.39985711734238255,
    0.4118655570239669,
    0.43264775492516416,
    0.4426147538251275,
    0.4633871925493015
  ],
  "swap_acceptance_rates_range": [
    0.01,
    0.026896551724137928,
    0.04379310344827586,
    0.060689655172413794,
    0.07758620689655171,
    0.09448275862068964,
    0.11137931034482758,
    0.12827586206896552,
    0.14517241379310344,
    0.16206896551724137,
    0.1789655172413793,
    0.19586206896551722,
    0.21275862068965518,
    0.2296551724137931,
    0.24655172413793103,
    0.2634482758620689,
    0.2803448275862069,
    0.29724137931034483,
    0.31413793103448273,
    0.3310344827586207,
    0.3479310344827586,
    0.36482758620689654,
    0.38172413793103444,
    0.3986206896551724,
    0.41551724137931034,
    0.43241379310344824,
    0.4493103448275862,
    0.4662068965517241,
    0.48310344827586205,
    0.5
  ],
  "times": [
    90.66329979896545,
    96.35206437110901,
    96.37180638313293,
    105.13137412071228,
    104.97739171981812,
    104.8476574420929,
    104.81379675865173,
    110.43072533607483,
    110.61516857147217,
    110.54160690307617,
    116.01938676834106,
    116.16518330574036,
    115.92632460594177,
    121.49163770675659,
    121.15454411506653,
    121.29980039596558,
    121.56922101974487,
    126.81990218162537,
    127.1135048866272,
    127.30848264694214,
    132.78542304039001,
    132.8595793247223,
    138.10743975639343,
    138.4153573513031,
    138.51265120506287,
    143.68982028961182,
    143.92306447029114,
    149.09071326255798,
    149.42690324783325,
    154.55597019195557
  ]
}