{
  "target_distribution": "ThreeMixture",
  "dimension": 10,
  "num_iterations": 500000,
  "seed": 10,
  "total_time": 11834.890388965607,
  "max_esjd": 0.015579873859900964,
  "max_actual_acceptance_rate": 0.25143333333333334,
  "max_constr_acceptance_rate": 0.2634482758620689,
  "expected_squared_jump_distances": [
    0.002420725112770528,
    0.004323254795674604,
    0.0067420521082266986,
    0.00873557548183715,
    0.0099569441837062,
    0.009804100052494507,
    0.010967790607745042,
    0.01241434446830883,
    0.012315467648915534,
    0.01341247371883597,
    0.01255174358491669,
    0.013215305758969505,
    0.013480296546292405,
    0.01381759590596771,
    0.014755732670602059,
    0.015579873859900964,
    0.013542784702810172,
    0.013939096401451237,
    0.014216840936798666,
    0.014599928217376261,
    0.014805602827003649,
    0.012832149244130588,
    0.013301596186094904,
    0.013274952233302611,
    0.013269173066059015,
    0.01205831310432377,
    0.01205272140941996,
    0.011997693733209289,
    0.011960245242995623,
    0.010796851520031174
  ],
  "acceptance_rates": [
    0.0444,
    0.25185,
    0.14655,
    0.1034,
    0.08934828311142257,
    0.24788,
    0.21132,
    0.18636,
    0.17224,
    0.16782685229636743,
    0.2917666666666667,
    0.27003333333333335,
    0.2577333333333333,
    0.24683333333333332,
    0.24783333333333332,
    0.25143333333333334,
    0.3334285714285714,
    0.32645714285714283,
    0.3215142857142857,
    0.32234285714285715,
    0.3268857142857143,
    0.387175,
    0.385325,
    0.3854,
    0.388175,
    0.43753333333333333,
    0.4368444444444444,
    0.4432888888888889,
    0.4488666666666667,
    0.48586971739434787
  ],
  "swap_acceptance_rates_range": [
    0.01,
    0.026896551724137928,
    0.04379310344827586,
    0.060689655172413794,
    0.07758620689655171,
    0.09448275862068964,
    0.11137931034482758,
    0.12827586206896552,
    0.14517241379310344,
    0.16206896551724137,
    0.1789655172413793,
    0.19586206896551722,
    0.21275862068965518,
    0.2296551724137931,
    0.24655172413793103,
    0.2634482758620689,
    0.2803448275862069,
    0.29724137931034483,
    0.31413793103448273,
    0.3310344827586207,
    0.3479310344827586,
    0.36482758620689654,
    0.38172413793103444,
    0.3986206896551724,
    0.41551724137931034,
    0.43241379310344824,
    0.4493103448275862,
    0.4662068965517241,
    0.48310344827586205,
    0.5
  ],
  "times": [
    322.1678764820099,
    342.57056856155396,
    336.60167479515076,
    336.88322734832764,
    333.44997096061707,
    362.6523196697235,
    366.295307636261,
    372.9353594779968,
    369.8585660457611,
    370.09838485717773,
    388.0441610813141,
    390.08274269104004,
    385.7486550807953,
    392.273583650589,
    392.46373462677,
    388.7378034591675,
    401.8968548774719,
    405.3988766670227,
    402.41862201690674,
    399.51269006729126,
    399.1276636123657,
    423.9499578475952,
    423.94736337661743,
    425.86915040016174,
    431.93632793426514,
    450.988135099411,
    448.04046177864075,
    451.27529406547546,
    452.52731466293335,
    467.09817028045654
  ]
}