{
  "target_distribution": "ThreeMixture",
  "dimension": 10,
  "num_iterations": 500000,
  "seed": 6,
  "total_time": 12882.661746263504,
  "max_esjd": 0.015112905515461586,
  "max_actual_acceptance_rate": 0.24693333333333334,
  "max_constr_acceptance_rate": 0.2634482758620689,
  "expected_squared_jump_distances": [
    0.002325793272505831,
    0.004042949730084544,
    0.006663720349914284,
    0.00814986945111908,
    0.010590113764485537,
    0.009560075879477624,
    0.011015041016240045,
    0.012037704539925195,
    0.013478384762718017,
    0.014015400812897951,
    0.012477109577703961,
    0.013168246125357616,
    0.013651489125556674,
    0.014509150038897469,
    0.014595777985018816,
    0.015112905515461586,
    0.01334988771113787,
    0.013973878120301039,
    0.013817621402000492,
    0.014555486818884387,
    0.01461487770525207,
    0.01332446264161801,
    0.013405060732074179,
    0.013306515951331229,
    0.013591857809839573,
    0.012055033711705809,
    0.012224500629662656,
    0.011947402823067705,
    0.01209515827073522,
    0.010849650934026995
  ],
  "acceptance_rates": [
    0.0438,
    0.24935,
    0.1466,
    0.10443354683746997,
    0.08967173738991192,
    0.24920984196839369,
    0.21095375260041607,
    0.18361468917513402,
    0.17281382510600848,
    0.16709336746939754,
    0.29473333333333335,
    0.27286666666666665,
    0.2562,
    0.2505,
    0.24603333333333333,
    0.24693333333333334,
    0.3309142857142857,
    0.3263714285714286,
    0.31902857142857144,
    0.3214,
    0.32356134636264927,
    0.38397879840988075,
    0.38327874590594296,
    0.3846884688468847,
    0.3896597414935373,
    0.43835555555555555,
    0.4424222222222222,
    0.44044444444444447,
    0.45116558145736574,
    0.48962979259585193
  ],
  "swap_acceptance_rates_range": [
    0.01,
    0.026896551724137928,
    0.04379310344827586,
    0.060689655172413794,
    0.07758620689655171,
    0.09448275862068964,
    0.11137931034482758,
    0.12827586206896552,
    0.14517241379310344,
    0.16206896551724137,
    0.1789655172413793,
    0.19586206896551722,
    0.21275862068965518,
    0.2296551724137931,
    0.24655172413793103,
    0.2634482758620689,
    0.2803448275862069,
    0.29724137931034483,
    0.31413793103448273,
    0.3310344827586207,
    0.3479310344827586,
    0.36482758620689654,
    0.38172413793103444,
    0.3986206896551724,
    0.41551724137931034,
    0.43241379310344824,
    0.4493103448275862,
    0.4662068965517241,
    0.48310344827586205,
    0.5
  ],
  "times": [
    348.4334239959717,
    367.6690480709076,
    366.36590337753296,
    365.38458275794983,
    365.25344800949097,
    398.6115894317627,
    399.15243458747864,
    398.00790667533875,
    398.679176568985,
    398.6091549396515,
    422.06442403793335,
    421.2663950920105,
    421.8967926502228,
    422.1925745010376,
    422.2721951007843,
    421.8988630771637,
    444.04518151283264,
    443.6302478313446,
    443.85018515586853,
    443.00253462791443,
    443.2225124835968,
    465.42671966552734,
    466.8441209793091,
    465.9351427555084,
    466.4245309829712,
    488.2393476963043,
    488.3173999786377,
    487.5380823612213,
    488.7271227836609,
    509.66265201568604
  ]
}