{
  "target_distribution": "ThreeMixtureScaled",
  "proposal_distribution": "Normal",
  "dimension": 30,
  "num_iterations": 200000,
  "seed": 4,
  "total_time": 2223.9586775302887,
  "max_esjd": 1.1234065294265747,
  "max_acceptance_rate": 0.215395,
  "max_scale_param": 2.3638461538461537,
  "expected_squared_jump_distances": [
    9.955462155630812e-05,
    0.015400215052068233,
    0.05363772064447403,
    0.11070579290390015,
    0.18234242498874664,
    0.26480749249458313,
    0.3543996214866638,
    0.44752028584480286,
    0.542182207107544,
    0.6334851384162903,
    0.7219147086143494,
    0.801657497882843,
    0.8785034418106079,
    0.9423152208328247,
    1.0000478029251099,
    1.0476690530776978,
    1.081186056137085,
    1.1038644313812256,
    1.1198573112487793,
    1.1195460557937622,
    1.1234065294265747,
    1.1112329959869385,
    1.089186668395996,
    1.0659058094024658,
    1.0398039817810059,
    0.998856246471405,
    0.9666980504989624,
    0.9273114204406738,
    0.8816232681274414,
    0.8515076637268066,
    0.7825591564178467,
    0.7469441294670105,
    0.7187209129333496,
    0.6567030549049377,
    0.6075595021247864,
    0.5806264877319336,
    0.5360420346260071,
    0.4949311316013336,
    0.46314170956611633,
    0.4028075039386749
  ],
  "acceptance_rates": [
    0.99654,
    0.94715,
    0.895145,
    0.84571,
    0.79635,
    0.748165,
    0.70088,
    0.654855,
    0.61085,
    0.567245,
    0.526035,
    0.4857,
    0.449565,
    0.41311,
    0.379445,
    0.347985,
    0.317545,
    0.28875,
    0.262605,
    0.237005,
    0.215395,
    0.194675,
    0.174915,
    0.15713,
    0.14206,
    0.12657,
    0.113605,
    0.101575,
    0.0903,
    0.081825,
    0.070955,
    0.063695,
    0.05771,
    0.05004,
    0.043885,
    0.039715,
    0.03512,
    0.030635,
    0.02743,
    0.02265
  ],
  "scale_param_range": [
    0.01,
    0.1276923076923077,
    0.2453846153846154,
    0.3630769230769231,
    0.4807692307692308,
    0.5984615384615385,
    0.7161538461538461,
    0.8338461538461539,
    0.9515384615384616,
    1.0692307692307692,
    1.186923076923077,
    1.3046153846153847,
    1.4223076923076923,
    1.54,
    1.6576923076923078,
    1.7753846153846153,
    1.893076923076923,
    2.0107692307692306,
    2.128461538461538,
    2.246153846153846,
    2.3638461538461537,
    2.4815384615384612,
    2.5992307692307692,
    2.7169230769230768,
    2.8346153846153843,
    2.9523076923076923,
    3.07,
    3.1876923076923074,
    3.3053846153846154,
    3.423076923076923,
    3.5407692307692304,
    3.6584615384615384,
    3.776153846153846,
    3.8938461538461535,
    4.0115384615384615,
    4.1292307692307695,
    4.246923076923077,
    4.364615384615385,
    4.4823076923076925,
    4.6
  ],
  "times": [
    49.636813163757324,
    53.09885001182556,
    56.80393671989441,
    56.89549279212952,
    56.96854543685913,
    57.72568416595459,
    56.77041172981262,
    57.04643678665161,
    56.70490312576294,
    57.126410484313965,
    56.61975717544556,
    57.14500904083252,
    56.8601188659668,
    56.76741933822632,
    56.29057049751282,
    57.42515563964844,
    57.113338470458984,
    55.39514994621277,
    56.02438426017761,
    56.190160036087036,
    54.8580858707428,
    53.3466272354126,
    53.888108015060425,
    54.049755573272705,
    55.96555256843567,
    54.433656215667725,
    54.123008728027344,
    54.824084520339966,
    53.744890451431274,
    55.37858200073242,
    55.65873646736145,
    55.53171253204346,
    55.059730529785156,
    55.29453921318054,
    54.42949366569519,
    56.573007583618164,
    54.86837148666382,
    55.53134274482727,
    55.73169827461243,
    53.61223006248474
  ]
}