{
  "target_distribution": "ThreeMixture",
  "dimension": 20,
  "num_iterations": 200000,
  "seed": 21,
  "total_time": 5912.997349739075,
  "max_esjd": 0.008259902261080447,
  "max_actual_acceptance_rate": 0.22554228917922112,
  "max_constr_acceptance_rate": 0.24655172413793103,
  "expected_squared_jump_distances": [
    0.0016653445393358995,
    0.0024809605179023347,
    0.003527540264289402,
    0.003982887808540757,
    0.005062532522823162,
    0.005435497901846348,
    0.006239966915530765,
    0.0057724770289806215,
    0.005848144677421949,
    0.00677937392629093,
    0.007329619553985156,
    0.00741780789661092,
    0.007828868042040799,
    0.008171762028532748,
    0.008259902261080447,
    0.0073843387652763786,
    0.0074197513587666835,
    0.007730731440924174,
    0.0076679034329376295,
    0.007189606552895089,
    0.007357908323601117,
    0.0074332227356081445,
    0.006732024364411985,
    0.006821053729347042,
    0.006803813339682982,
    0.006330117748524373,
    0.0063067429886175435,
    0.0063567613016532855,
    0.005918473105601653,
    0.005939871841824059
  ],
  "acceptance_rates": [
    0.016721146592909228,
    0.0779,
    0.04539078156312625,
    0.14633333333333334,
    0.10775,
    0.09429714857428714,
    0.0969409018921397,
    0.16428571428571428,
    0.14831749660641566,
    0.15595740118647702,
    0.15858275591113652,
    0.21372757392011002,
    0.21416515596674376,
    0.21585297243233106,
    0.22554228917922112,
    0.2682669333777852,
    0.26384799155508637,
    0.2719595533085171,
    0.28284904716928716,
    0.31433143314331435,
    0.3252825282528253,
    0.3334833483348335,
    0.36265284785672075,
    0.37451702350106825,
    0.3821537342606482,
    0.4104508709059088,
    0.418659888324027,
    0.43303608634052837,
    0.4528040618509116,
    0.4687668282175552
  ],
  "swap_acceptance_rates_range": [
    0.01,
    0.026896551724137928,
    0.04379310344827586,
    0.060689655172413794,
    0.07758620689655171,
    0.09448275862068964,
    0.11137931034482758,
    0.12827586206896552,
    0.14517241379310344,
    0.16206896551724137,
    0.1789655172413793,
    0.19586206896551722,
    0.21275862068965518,
    0.2296551724137931,
    0.24655172413793103,
    0.2634482758620689,
    0.2803448275862069,
    0.29724137931034483,
    0.31413793103448273,
    0.3310344827586207,
    0.3479310344827586,
    0.36482758620689654,
    0.38172413793103444,
    0.3986206896551724,
    0.41551724137931034,
    0.43241379310344824,
    0.4493103448275862,
    0.4662068965517241,
    0.48310344827586205,
    0.5
  ],
  "times": [
    157.07319116592407,
    159.6697714328766,
    158.5632607936859,
    174.01688408851624,
    173.5872404575348,
    173.22312879562378,
    173.819669008255,
    182.57119345664978,
    182.3736047744751,
    182.64381527900696,
    181.9865562915802,
    190.82137799263,
    192.10394644737244,
    192.07183957099915,
    190.88521671295166,
    200.22583556175232,
    200.89703583717346,
    200.64828515052795,
    200.52172136306763,
    209.6101131439209,
    209.78563499450684,
    210.02316093444824,
    219.171626329422,
    218.91195154190063,
    218.8431534767151,
    227.5322504043579,
    228.13682889938354,
    228.2024266719818,
    237.5978319644928,
    237.441748380661
  ]
}