{
  "target_distribution": "ThreeMixtureScaled",
  "dimension": 50,
  "num_iterations": 100000,
  "seed": 9,
  "total_time": 1026.4476642608643,
  "max_esjd": 0.10954467207193375,
  "max_acceptance_rate": 0.1661010101010101,
  "max_variance_value": 0.8284615384615385,
  "expected_squared_jump_distances": [
    9.859981946647167e-05,
    0.010377416387200356,
    0.0310773104429245,
    0.05431535094976425,
    0.0747566968202591,
    0.09134028851985931,
    0.10187596827745438,
    0.10844637453556061,
    0.10954467207193375,
    0.10917799919843674,
    0.10330384224653244,
    0.09899238497018814,
    0.09306209534406662,
    0.0838337168097496,
    0.07367124408483505,
    0.06814168393611908,
    0.0573640912771225,
    0.05196358636021614,
    0.0468648299574852,
    0.04017888009548187,
    0.03074577823281288,
    0.027892330661416054,
    0.020878223702311516,
    0.013934708200395107,
    0.017233381047844887,
    0.0066665648482739925,
    0.006738230586051941,
    0.005206115078181028,
    0.0,
    0.0,
    0.0,
    0.0,
    0.0,
    0.0,
    0.0,
    0.0,
    0.0,
    0.0,
    0.0,
    0.0
  ],
  "acceptance_rates": [
    0.9856868686868687,
    0.8255353535353536,
    0.6800101010101011,
    0.5476464646464646,
    0.43324242424242426,
    0.3442020202020202,
    0.2697373737373737,
    0.21262626262626264,
    0.1661010101010101,
    0.1317171717171717,
    0.10176767676767677,
    0.08109090909090909,
    0.06424242424242424,
    0.04968686868686869,
    0.03792929292929293,
    0.030585858585858584,
    0.02301010101010101,
    0.018515151515151516,
    0.014909090909090908,
    0.011646464646464646,
    0.00806060606060606,
    0.006676767676767677,
    0.004636363636363636,
    0.002787878787878788,
    0.0032222222222222222,
    0.0011717171717171718,
    0.0011212121212121212,
    0.0007878787878787879,
    0.0,
    0.0,
    0.0,
    0.0,
    0.0,
    0.0,
    0.0,
    0.0,
    0.0,
    0.0,
    0.0,
    0.0
  ],
  "var_value_range": [
    0.01,
    0.1123076923076923,
    0.21461538461538462,
    0.3169230769230769,
    0.41923076923076924,
    0.5215384615384615,
    0.6238461538461538,
    0.7261538461538461,
    0.8284615384615385,
    0.9307692307692308,
    1.033076923076923,
    1.1353846153846154,
    1.2376923076923076,
    1.34,
    1.4423076923076923,
    1.5446153846153847,
    1.646923076923077,
    1.7492307692307691,
    1.8515384615384616,
    1.9538461538461538,
    2.0561538461538458,
    2.1584615384615384,
    2.2607692307692306,
    2.363076923076923,
    2.465384615384615,
    2.5676923076923073,
    2.67,
    2.772307692307692,
    2.8746153846153844,
    2.9769230769230766,
    3.079230769230769,
    3.1815384615384614,
    3.2838461538461536,
    3.386153846153846,
    3.488461538461538,
    3.5907692307692307,
    3.693076923076923,
    3.795384615384615,
    3.8976923076923073,
    4.0
  ],
  "times": [
    25.962824821472168,
    25.61948823928833,
    25.724769115447998,
    25.648113489151,
    25.607524156570435,
    25.682307481765747,
    25.664177179336548,
    25.76191735267639,
    25.615070819854736,
    25.747496604919434,
    25.58070659637451,
    25.741279125213623,
    25.667300701141357,
    25.76339292526245,
    25.664886474609375,
    25.771605730056763,
    25.666202068328857,
    25.75086808204651,
    25.633111715316772,
    25.854792594909668,
    25.739742517471313,
    25.80147671699524,
    25.71542978286743,
    25.656117916107178,
    25.679396390914917,
    25.72113275527954,
    25.531341075897217,
    25.645994186401367,
    25.616949796676636,
    25.625083446502686,
    25.550745010375977,
    25.565922021865845,
    25.51988935470581,
    25.552783250808716,
    25.621012926101685,
    25.688248872756958,
    25.472564220428467,
    25.61822485923767,
    25.461228609085083,
    25.50796866416931
  ]
}