{
  "target_distribution": "ThreeMixture",
  "dimension": 10,
  "num_iterations": 200000,
  "seed": 7,
  "total_time": 6416.052645921707,
  "max_esjd": 0.00435090788596406,
  "max_actual_acceptance_rate": 0.03038904658540658,
  "max_constr_acceptance_rate": 0.026896551724137928,
  "expected_squared_jump_distances": [
    0.004124940619319099,
    0.00435090788596406,
    0.00435090788596406,
    0.00435090788596406,
    0.00435090788596406,
    0.00435090788596406,
    0.00435090788596406,
    0.00435090788596406,
    0.00435090788596406,
    0.00435090788596406,
    0.00435090788596406,
    0.00435090788596406,
    0.00435090788596406,
    0.00435090788596406,
    0.00435090788596406,
    0.00435090788596406,
    0.00435090788596406,
    0.00435090788596406,
    0.00435090788596406,
    0.00435090788596406,
    0.00435090788596406,
    0.00435090788596406,
    0.00435090788596406,
    0.00435090788596406,
    0.00435090788596406,
    0.00435090788596406,
    0.00435090788596406,
    0.00435090788596406,
    0.00435090788596406,
    0.00435090788596406
  ],
  "acceptance_rates": [
    0.02939222849551644,
    0.03038904658540658,
    0.03038904658540658,
    0.03038904658540658,
    0.03038904658540658,
    0.03038904658540658,
    0.03038904658540658,
    0.03038904658540658,
    0.03038904658540658,
    0.03038904658540658,
    0.03038904658540658,
    0.03038904658540658,
    0.03038904658540658,
    0.03038904658540658,
    0.03038904658540658,
    0.03038904658540658,
    0.03038904658540658,
    0.03038904658540658,
    0.03038904658540658,
    0.03038904658540658,
    0.03038904658540658,
    0.03038904658540658,
    0.03038904658540658,
    0.03038904658540658,
    0.03038904658540658,
    0.03038904658540658,
    0.03038904658540658,
    0.03038904658540658,
    0.03038904658540658,
    0.03038904658540658
  ],
  "swap_acceptance_rates_range": [
    0.01,
    0.026896551724137928,
    0.04379310344827586,
    0.060689655172413794,
    0.07758620689655171,
    0.09448275862068964,
    0.11137931034482758,
    0.12827586206896552,
    0.14517241379310344,
    0.16206896551724137,
    0.1789655172413793,
    0.19586206896551722,
    0.21275862068965518,
    0.2296551724137931,
    0.24655172413793103,
    0.2634482758620689,
    0.2803448275862069,
    0.29724137931034483,
    0.31413793103448273,
    0.3310344827586207,
    0.3479310344827586,
    0.36482758620689654,
    0.38172413793103444,
    0.3986206896551724,
    0.41551724137931034,
    0.43241379310344824,
    0.4493103448275862,
    0.4662068965517241,
    0.48310344827586205,
    0.5
  ],
  "times": [
    215.16214203834534,
    214.36455464363098,
    214.56742429733276,
    213.22011017799377,
    214.19124937057495,
    213.32763957977295,
    213.95055747032166,
    213.77627229690552,
    214.4822919368744,
    213.2191710472107,
    214.21519923210144,
    213.83356165885925,
    213.98912858963013,
    213.0846185684204,
    213.96099734306335,
    213.49947309494019,
    214.33221650123596,
    213.36518836021423,
    214.06142020225525,
    213.72047519683838,
    214.19012093544006,
    213.11960625648499,
    213.88074016571045,
    213.6699502468109,
    214.17629170417786,
    213.3633360862732,
    214.10270047187805,
    213.9273340702057,
    214.14647769927979,
    213.1338119506836
  ],
  "beta_ladder": [
    1.0,
    0.19759363258053464,
    0.03891748218968643,
    0.01
  ]
}