{
  "target_distribution": "ThreeMixture",
  "dimension": 30,
  "num_iterations": 200000,
  "seed": 18,
  "total_time": 3660.7992749214172,
  "max_esjd": 0.005371690136763261,
  "max_actual_acceptance_rate": 0.24378656798519777,
  "max_constr_acceptance_rate": 0.2803448275862069,
  "expected_squared_jump_distances": [
    0.000932254026431203,
    0.0013373183665671353,
    0.00250539893506639,
    0.002667824460008112,
    0.0034225794054994615,
    0.004017101863522892,
    0.00394357868113062,
    0.0043411980716596315,
    0.004814710909522551,
    0.004858080108531586,
    0.0050024681003000065,
    0.005016681492688194,
    0.005297529316395659,
    0.00496257669759743,
    0.005160932488562801,
    0.005301999728643834,
    0.005371690136763261,
    0.004952532272128729,
    0.005318650491622552,
    0.005120151581136977,
    0.005142750679254815,
    0.005135236260709713,
    0.004716149505528234,
    0.004705120676647972,
    0.004755957502531079,
    0.004405142657955986,
    0.004415368760978335,
    0.004249785070843878,
    0.004219882107040766,
    0.003903707560357702
  ],
  "acceptance_rates": [
    0.019507803121248498,
    0.10425,
    0.04108333333333333,
    0.11271428571428571,
    0.08395855662736691,
    0.07910533085608118,
    0.129125,
    0.12225489582681599,
    0.12657198273165238,
    0.13719607475467216,
    0.1743888888888889,
    0.1749541641202289,
    0.18796532948105346,
    0.21593238985847876,
    0.22298344751712756,
    0.23358503775566336,
    0.24378656798519777,
    0.26941262047645026,
    0.28191489361702127,
    0.29337152209492634,
    0.31837312997458017,
    0.3335000208359378,
    0.35285972537405286,
    0.3700911573522059,
    0.38024539405361746,
    0.39758562805814496,
    0.414943390835387,
    0.4350290019334622,
    0.44594819827327575,
    0.46485827682115066
  ],
  "swap_acceptance_rates_range": [
    0.01,
    0.026896551724137928,
    0.04379310344827586,
    0.060689655172413794,
    0.07758620689655171,
    0.09448275862068964,
    0.11137931034482758,
    0.12827586206896552,
    0.14517241379310344,
    0.16206896551724137,
    0.1789655172413793,
    0.19586206896551722,
    0.21275862068965518,
    0.2296551724137931,
    0.24655172413793103,
    0.2634482758620689,
    0.2803448275862069,
    0.29724137931034483,
    0.31413793103448273,
    0.3310344827586207,
    0.3479310344827586,
    0.36482758620689654,
    0.38172413793103444,
    0.3986206896551724,
    0.41551724137931034,
    0.43241379310344824,
    0.4493103448275862,
    0.4662068965517241,
    0.48310344827586205,
    0.5
  ],
  "times": [
    90.64731812477112,
    95.89041447639465,
    95.83681273460388,
    104.67366576194763,
    104.26577067375183,
    104.29885339736938,
    109.77620649337769,
    110.59787082672119,
    109.9010922908783,
    109.83752250671387,
    115.40172338485718,
    115.69194769859314,
    115.20872950553894,
    121.12327337265015,
    121.37939786911011,
    121.11450052261353,
    121.41145777702332,
    126.28366756439209,
    127.1290774345398,
    126.64785838127136,
    132.0038869380951,
    132.31004309654236,
    137.52549600601196,
    137.59474563598633,
    137.4773395061493,
    142.89726853370667,
    142.59466361999512,
    148.4966151714325,
    148.56438970565796,
    154.1862289905548
  ]
}