{
  "target_distribution": "ThreeMixtureScaled",
  "dimension": 20,
  "num_iterations": 200000,
  "seed": 9,
  "total_time": 5361.599730730057,
  "max_esjd": 0.8370343446731567,
  "max_acceptance_rate": 0.25702,
  "max_variance_value": 1.8892307692307693,
  "expected_squared_jump_distances": [
    9.958467853721231e-05,
    0.009389218874275684,
    0.032234467566013336,
    0.06655485183000565,
    0.11017279326915741,
    0.16118493676185608,
    0.21726328134536743,
    0.27670007944107056,
    0.33789288997650146,
    0.39962631464004517,
    0.46047160029411316,
    0.5185431241989136,
    0.5750960111618042,
    0.625095784664154,
    0.6722370386123657,
    0.7141779661178589,
    0.7482759356498718,
    0.7758877277374268,
    0.8014031052589417,
    0.8163892030715942,
    0.8283445239067078,
    0.8370343446731567,
    0.8363921046257019,
    0.8321877121925354,
    0.8247159123420715,
    0.8033176064491272,
    0.7992329001426697,
    0.77861487865448,
    0.7593370676040649,
    0.7241092920303345,
    0.7066639065742493,
    0.6705734729766846,
    0.6443759799003601,
    0.6154389977455139,
    0.5816680192947388,
    0.5483722686767578,
    0.5242946147918701,
    0.48128631711006165,
    0.45907747745513916,
    0.4371214807033539
  ],
  "acceptance_rates": [
    0.99581,
    0.950985,
    0.907005,
    0.86474,
    0.822105,
    0.78031,
    0.73867,
    0.697275,
    0.65689,
    0.618095,
    0.58055,
    0.54398,
    0.51008,
    0.47523,
    0.44321,
    0.41277,
    0.382475,
    0.35403,
    0.327755,
    0.30196,
    0.27835,
    0.25702,
    0.235605,
    0.216185,
    0.197915,
    0.179705,
    0.1662,
    0.15071,
    0.13797,
    0.12384,
    0.1136,
    0.102005,
    0.09288,
    0.084285,
    0.07552,
    0.06785,
    0.06224,
    0.05434,
    0.049395,
    0.04531
  ],
  "var_value_range": [
    0.01,
    0.09948717948717949,
    0.188974358974359,
    0.2784615384615385,
    0.367948717948718,
    0.45743589743589746,
    0.546923076923077,
    0.6364102564102565,
    0.7258974358974359,
    0.8153846153846154,
    0.9048717948717949,
    0.9943589743589745,
    1.083846153846154,
    1.1733333333333333,
    1.262820512820513,
    1.3523076923076924,
    1.4417948717948719,
    1.5312820512820513,
    1.6207692307692307,
    1.7102564102564104,
    1.7997435897435898,
    1.8892307692307693,
    1.978717948717949,
    2.068205128205128,
    2.1576923076923076,
    2.247179487179487,
    2.3366666666666664,
    2.426153846153846,
    2.5156410256410258,
    2.605128205128205,
    2.6946153846153846,
    2.784102564102564,
    2.8735897435897435,
    2.963076923076923,
    3.0525641025641024,
    3.142051282051282,
    3.2315384615384612,
    3.321025641025641,
    3.4105128205128206,
    3.5
  ],
  "times": [
    136.19706320762634,
    134.7616367340088,
    134.04395461082458,
    133.82044982910156,
    133.83383989334106,
    134.056049823761,
    133.88475441932678,
    134.05714964866638,
    133.9291741847992,
    134.15385794639587,
    133.86869597434998,
    134.165709733963,
    133.87003898620605,
    133.91758131980896,
    133.83022475242615,
    134.42577981948853,
    133.80407238006592,
    133.79930114746094,
    133.76364994049072,
    134.15326809883118,
    133.81745529174805,
    134.0782401561737,
    133.73911881446838,
    133.88544297218323,
    133.9092891216278,
    133.98174452781677,
    134.12849116325378,
    134.37466025352478,
    133.9308021068573,
    134.62208342552185,
    133.96604418754578,
    134.66261792182922,
    133.74122953414917,
    134.39865565299988,
    133.56384563446045,
    133.85053968429565,
    133.51214027404785,
    133.74977135658264,
    133.45216917991638,
    133.85694980621338
  ]
}