{
  "target_distribution": "ThreeMixture",
  "proposal_distribution": "Normal",
  "dimension": 2,
  "num_iterations": 100000,
  "seed": 2,
  "total_time": 2317.526381254196,
  "max_esjd": 2.550656795501709,
  "max_acceptance_rate": 0.15206,
  "max_scale_param": 6.544615384615383,
  "expected_squared_jump_distances": [
    9.935932030202821e-05,
    0.15392300486564636,
    0.45179060101509094,
    0.7616901993751526,
    1.0235717296600342,
    1.2754799127578735,
    1.5347806215286255,
    1.7739547491073608,
    1.9830260276794434,
    2.117730140686035,
    2.2776191234588623,
    2.3630247116088867,
    2.430683135986328,
    2.458554267883301,
    2.5264229774475098,
    2.550656795501709,
    2.491344451904297,
    2.4578933715820312,
    2.381988286972046,
    2.456392526626587,
    2.368352174758911,
    2.311690092086792,
    2.2144181728363037,
    2.2169318199157715,
    2.1108343601226807,
    2.0189523696899414,
    1.958875298500061,
    1.984117031097412,
    1.7940480709075928,
    1.7180404663085938,
    1.6834371089935303,
    1.5982916355133057,
    1.6568303108215332,
    1.5028187036514282,
    1.4943126440048218,
    1.3947149515151978,
    1.2957013845443726,
    1.2485517263412476,
    1.2821354866027832,
    1.1848533153533936
  ],
  "acceptance_rates": [
    0.99697,
    0.84863,
    0.71355,
    0.5982,
    0.50291,
    0.4274,
    0.37279,
    0.32904,
    0.29318,
    0.26072,
    0.2383,
    0.215,
    0.19753,
    0.17782,
    0.16419,
    0.15206,
    0.13983,
    0.12927,
    0.11836,
    0.11291,
    0.10602,
    0.0976,
    0.09025,
    0.08669,
    0.08139,
    0.07496,
    0.0704,
    0.0675,
    0.06233,
    0.0583,
    0.05669,
    0.05303,
    0.05107,
    0.04807,
    0.04633,
    0.04359,
    0.04028,
    0.0389,
    0.03771,
    0.03559
  ],
  "scale_param_range": [
    0.01,
    0.4456410256410256,
    0.8812820512820512,
    1.3169230769230766,
    1.7525641025641023,
    2.188205128205128,
    2.623846153846153,
    3.0594871794871787,
    3.4951282051282044,
    3.93076923076923,
    4.366410256410256,
    4.8020512820512815,
    5.237692307692306,
    5.673333333333332,
    6.108974358974358,
    6.544615384615383,
    6.980256410256409,
    7.415897435897435,
    7.8515384615384605,
    8.287179487179486,
    8.722820512820512,
    9.158461538461538,
    9.594102564102563,
    10.029743589743589,
    10.465384615384613,
    10.901025641025639,
    11.336666666666664,
    11.77230769230769,
    12.207948717948716,
    12.643589743589741,
    13.079230769230767,
    13.514871794871793,
    13.950512820512818,
    14.386153846153844,
    14.82179487179487,
    15.257435897435895,
    15.693076923076921,
    16.12871794871795,
    16.564358974358974,
    17.0
  ],
  "times": [
    60.868056297302246,
    58.845043897628784,
    57.89712715148926,
    57.72949433326721,
    58.03250241279602,
    57.74637961387634,
    57.73081660270691,
    57.60205101966858,
    57.91985535621643,
    57.780983448028564,
    57.61134099960327,
    57.695767641067505,
    57.93173384666443,
    57.722543478012085,
    57.49343967437744,
    57.46615743637085,
    57.81438088417053,
    57.56617760658264,
    57.870383739471436,
    57.93449950218201,
    58.03286647796631,
    57.81488823890686,
    57.865087032318115,
    57.74070453643799,
    57.59316539764404,
    57.78470182418823,
    57.81912422180176,
    57.62894678115845,
    57.533405780792236,
    57.53705930709839,
    60.837827920913696,
    58.30030608177185,
    57.797322273254395,
    57.75190758705139,
    57.802762269973755,
    57.434205293655396,
    57.79031944274902,
    57.80472159385681,
    57.74990177154541,
    57.608277559280396
  ]
}