{
  "target_distribution": "ThreeMixture",
  "proposal_distribution": "Normal",
  "dimension": 30,
  "num_iterations": 200000,
  "seed": 17,
  "total_time": 4543.900635242462,
  "max_esjd": 1.299573540687561,
  "max_acceptance_rate": 0.248065,
  "max_scale_param": 2.363076923076923,
  "expected_squared_jump_distances": [
    9.982223127735779e-05,
    0.012035360559821129,
    0.0420181043446064,
    0.08752505481243134,
    0.14606893062591553,
    0.21503157913684845,
    0.2923337519168854,
    0.37536394596099854,
    0.46159064769744873,
    0.5496766567230225,
    0.6388498544692993,
    0.7249564528465271,
    0.8081790208816528,
    0.8884766697883606,
    0.9623010158538818,
    1.029991626739502,
    1.0939726829528809,
    1.1423174142837524,
    1.1932203769683838,
    1.2266253232955933,
    1.2531222105026245,
    1.272028923034668,
    1.296249508857727,
    1.299573540687561,
    1.2930841445922852,
    1.2858145236968994,
    1.2706353664398193,
    1.2490074634552002,
    1.2333749532699585,
    1.1867873668670654,
    1.1593842506408691,
    1.1220769882202148,
    1.0880292654037476,
    1.0373231172561646,
    1.011728286743164,
    0.944212794303894,
    0.8879093527793884,
    0.8428235650062561,
    0.8182088732719421,
    0.7585793733596802
  ],
  "acceptance_rates": [
    0.99784,
    0.95539,
    0.914705,
    0.875175,
    0.836175,
    0.797025,
    0.758795,
    0.72086,
    0.682725,
    0.645655,
    0.6106,
    0.575555,
    0.54147,
    0.509165,
    0.47761,
    0.447085,
    0.41908,
    0.38936,
    0.3641,
    0.337515,
    0.31258,
    0.2892,
    0.269365,
    0.248065,
    0.227855,
    0.21029,
    0.192825,
    0.176545,
    0.162695,
    0.14686,
    0.13514,
    0.122675,
    0.112175,
    0.10148,
    0.09357,
    0.08317,
    0.074215,
    0.06712,
    0.062225,
    0.054965
  ],
  "scale_param_range": [
    0.01,
    0.1123076923076923,
    0.21461538461538462,
    0.3169230769230769,
    0.41923076923076924,
    0.5215384615384615,
    0.6238461538461538,
    0.7261538461538461,
    0.8284615384615385,
    0.9307692307692308,
    1.033076923076923,
    1.1353846153846154,
    1.2376923076923076,
    1.34,
    1.4423076923076923,
    1.5446153846153847,
    1.646923076923077,
    1.7492307692307691,
    1.8515384615384616,
    1.9538461538461538,
    2.0561538461538458,
    2.1584615384615384,
    2.2607692307692306,
    2.363076923076923,
    2.465384615384615,
    2.5676923076923073,
    2.67,
    2.772307692307692,
    2.8746153846153844,
    2.9769230769230766,
    3.079230769230769,
    3.1815384615384614,
    3.2838461538461536,
    3.386153846153846,
    3.488461538461538,
    3.5907692307692307,
    3.693076923076923,
    3.795384615384615,
    3.8976923076923073,
    4.0
  ],
  "times": [
    113.03371834754944,
    113.49614429473877,
    113.40271878242493,
    113.54080080986023,
    113.41523814201355,
    113.52187490463257,
    113.21144604682922,
    113.99862885475159,
    114.42353343963623,
    113.10128164291382,
    114.69107723236084,
    113.16555094718933,
    113.29879808425903,
    113.23849368095398,
    113.11823749542236,
    113.64280438423157,
    113.15001821517944,
    113.34848093986511,
    113.32002925872803,
    113.5384829044342,
    113.12230825424194,
    113.5945496559143,
    112.89404225349426,
    113.23949909210205,
    112.9769172668457,
    113.24857568740845,
    113.52580857276917,
    114.33566308021545,
    113.86896586418152,
    114.01336765289307,
    114.17434358596802,
    114.35998320579529,
    113.1087532043457,
    113.52352142333984,
    114.16656637191772,
    113.85622572898865,
    113.68545079231262,
    114.26422619819641,
    114.051274061203,
    114.18806982040405
  ]
}