{
  "target_distribution": "ThreeMixtureScaled",
  "dimension": 50,
  "num_iterations": 300000,
  "seed": 2,
  "total_time": 5669.59868645668,
  "max_esjd": 0.13764242827892303,
  "max_acceptance_rate": 0.17523076923076922,
  "max_variance_value": 0.9048717948717949,
  "expected_squared_jump_distances": [
    9.867916378425434e-05,
    0.008597807958722115,
    0.026895491406321526,
    0.04995028302073479,
    0.07386282831430435,
    0.09549342095851898,
    0.11351431906223297,
    0.12644842267036438,
    0.13423438370227814,
    0.1370505839586258,
    0.13764242827892303,
    0.13353490829467773,
    0.12711447477340698,
    0.12007947266101837,
    0.1106417253613472,
    0.10184787213802338,
    0.09265334904193878,
    0.08169884234666824,
    0.07148159295320511,
    0.06580021977424622,
    0.05249751731753349,
    0.04741126671433449,
    0.03968530520796776,
    0.03604592755436897,
    0.03007293865084648,
    0.025648895651102066,
    0.026471834629774094,
    0.018176784738898277,
    0.01738930679857731,
    0.014616410247981548,
    0.011867821216583252,
    0.008541829884052277,
    0.0,
    0.0,
    0.0,
    0.0,
    0.0,
    0.0,
    0.0,
    0.0
  ],
  "acceptance_rates": [
    0.9870334448160535,
    0.8711103678929766,
    0.7576120401337793,
    0.6502341137123746,
    0.5528561872909699,
    0.46440468227424747,
    0.3879665551839465,
    0.3207324414715719,
    0.2628829431438127,
    0.21381939799331104,
    0.17523076923076922,
    0.14160535117056855,
    0.1141438127090301,
    0.09231103678929765,
    0.0738829431438127,
    0.05953177257525084,
    0.048016722408026756,
    0.037665551839464885,
    0.02976588628762542,
    0.02454515050167224,
    0.017765886287625418,
    0.014755852842809364,
    0.011334448160535117,
    0.00937123745819398,
    0.007297658862876254,
    0.0057558528428093645,
    0.005491638795986622,
    0.0035351170568561872,
    0.003120401337792642,
    0.002454849498327759,
    0.0018695652173913043,
    0.0012909698996655518,
    0.0,
    0.0,
    0.0,
    0.0,
    0.0,
    0.0,
    0.0,
    0.0
  ],
  "var_value_range": [
    0.01,
    0.09948717948717949,
    0.188974358974359,
    0.2784615384615385,
    0.367948717948718,
    0.45743589743589746,
    0.546923076923077,
    0.6364102564102565,
    0.7258974358974359,
    0.8153846153846154,
    0.9048717948717949,
    0.9943589743589745,
    1.083846153846154,
    1.1733333333333333,
    1.262820512820513,
    1.3523076923076924,
    1.4417948717948719,
    1.5312820512820513,
    1.6207692307692307,
    1.7102564102564104,
    1.7997435897435898,
    1.8892307692307693,
    1.978717948717949,
    2.068205128205128,
    2.1576923076923076,
    2.247179487179487,
    2.3366666666666664,
    2.426153846153846,
    2.5156410256410258,
    2.605128205128205,
    2.6946153846153846,
    2.784102564102564,
    2.8735897435897435,
    2.963076923076923,
    3.0525641025641024,
    3.142051282051282,
    3.2315384615384612,
    3.321025641025641,
    3.4105128205128206,
    3.5
  ],
  "times": [
    142.24120354652405,
    141.869726896286,
    141.54676175117493,
    141.75905299186707,
    141.61737656593323,
    141.7819459438324,
    141.65089225769043,
    141.91394209861755,
    141.6430892944336,
    141.86649370193481,
    141.73473501205444,
    141.71435022354126,
    141.5186734199524,
    141.63288640975952,
    141.52799773216248,
    142.03146195411682,
    141.68610072135925,
    141.81099891662598,
    141.59309649467468,
    141.87206411361694,
    141.6238193511963,
    141.88734197616577,
    141.58326983451843,
    141.75234508514404,
    141.620126247406,
    141.71729636192322,
    141.62115383148193,
    141.79577374458313,
    141.58273267745972,
    141.8558292388916,
    141.713303565979,
    141.79224467277527,
    141.6819086074829,
    141.7634539604187,
    141.6674518585205,
    141.8124556541443,
    141.76931595802307,
    141.80771160125732,
    141.64506816864014,
    141.82754278182983
  ]
}