{
  "target_distribution": "ThreeMixture",
  "dimension": 20,
  "num_iterations": 200000,
  "seed": 15,
  "total_time": 5883.832838058472,
  "max_esjd": 0.007872776736715185,
  "max_actual_acceptance_rate": 0.21671458932366547,
  "max_constr_acceptance_rate": 0.24655172413793103,
  "expected_squared_jump_distances": [
    0.0016040520063384277,
    0.002881221588250256,
    0.003255566278300504,
    0.004117283732846744,
    0.0049305429028345385,
    0.006089419624736571,
    0.006464373562004013,
    0.005665296876211101,
    0.006362022393749888,
    0.006968955016022144,
    0.007446380174242407,
    0.006692417425208086,
    0.007347634772173081,
    0.00762679762232436,
    0.007872776736715185,
    0.007054458510433946,
    0.007159258138343904,
    0.007407324738460902,
    0.007665071123465388,
    0.007407674091419013,
    0.007255468646844354,
    0.007601110078956987,
    0.0075194910118771725,
    0.007007105109770122,
    0.006875619580954644,
    0.006293145782205746,
    0.006436658260706801,
    0.006351438625491985,
    0.005854385748853641,
    0.0058530943660631595
  ],
  "acceptance_rates": [
    0.1697,
    0.059619238476953905,
    0.0508,
    0.17241666666666666,
    0.12341666666666666,
    0.1003584229390681,
    0.0988313856427379,
    0.18096735014645995,
    0.15977134690961056,
    0.15387912558936992,
    0.1592711682743837,
    0.2135625,
    0.21136534133533383,
    0.20982170785111043,
    0.21671458932366547,
    0.2645702539029946,
    0.26325147238582064,
    0.26903412248527286,
    0.2835713095171954,
    0.31786589329466475,
    0.32031601580079005,
    0.33176658832941647,
    0.3411170558527926,
    0.3695790526411492,
    0.3779717259875449,
    0.4059504958746562,
    0.4124265533191649,
    0.42588656915447765,
    0.45088083698746056,
    0.46290241932382015
  ],
  "swap_acceptance_rates_range": [
    0.01,
    0.026896551724137928,
    0.04379310344827586,
    0.060689655172413794,
    0.07758620689655171,
    0.09448275862068964,
    0.11137931034482758,
    0.12827586206896552,
    0.14517241379310344,
    0.16206896551724137,
    0.1789655172413793,
    0.19586206896551722,
    0.21275862068965518,
    0.2296551724137931,
    0.24655172413793103,
    0.2634482758620689,
    0.2803448275862069,
    0.29724137931034483,
    0.31413793103448273,
    0.3310344827586207,
    0.3479310344827586,
    0.36482758620689654,
    0.38172413793103444,
    0.3986206896551724,
    0.41551724137931034,
    0.43241379310344824,
    0.4493103448275862,
    0.4662068965517241,
    0.48310344827586205,
    0.5
  ],
  "times": [
    161.89083456993103,
    159.04704403877258,
    159.46226048469543,
    169.9409909248352,
    170.23787426948547,
    169.8428611755371,
    169.6908609867096,
    184.32948303222656,
    184.29521989822388,
    184.11986899375916,
    184.37477350234985,
    193.55977630615234,
    193.27633118629456,
    193.3660306930542,
    193.30375170707703,
    200.2488911151886,
    199.3144199848175,
    199.4111671447754,
    199.27138447761536,
    208.47067952156067,
    208.1480369567871,
    208.0286009311676,
    208.574542760849,
    217.22704195976257,
    217.08179783821106,
    226.0801432132721,
    226.15209007263184,
    226.0510847568512,
    235.62665057182312,
    233.36511206626892
  ]
}