{
  "target_distribution": "ThreeMixtureScaled",
  "proposal_distribution": "Normal",
  "dimension": 30,
  "num_iterations": 200000,
  "seed": 16,
  "total_time": 2039.9209876060486,
  "max_esjd": 0.9209242463111877,
  "max_acceptance_rate": 0.242455,
  "max_scale_param": 2.0107692307692306,
  "expected_squared_jump_distances": [
    9.978518210118636e-05,
    0.01528850570321083,
    0.052925240248441696,
    0.10850296914577484,
    0.1770462691783905,
    0.25468817353248596,
    0.338358998298645,
    0.4228541851043701,
    0.5066264867782593,
    0.5855400562286377,
    0.6574938297271729,
    0.7244200110435486,
    0.7855598330497742,
    0.8312885761260986,
    0.8679380416870117,
    0.8939685821533203,
    0.9110501408576965,
    0.9209242463111877,
    0.9148591160774231,
    0.9050450921058655,
    0.8774293065071106,
    0.8586775064468384,
    0.8248094320297241,
    0.7969554662704468,
    0.7598394751548767,
    0.719852864742279,
    0.6668608784675598,
    0.6249809265136719,
    0.5960206389427185,
    0.5476571321487427,
    0.5185284614562988,
    0.46738484501838684,
    0.4276079833507538,
    0.4069570302963257,
    0.3495265543460846,
    0.3170621395111084,
    0.3043169677257538,
    0.23842400312423706,
    0.2192092388868332,
    0.2060568481683731
  ],
  "acceptance_rates": [
    0.99726,
    0.938775,
    0.88208,
    0.82801,
    0.772845,
    0.71948,
    0.669675,
    0.619475,
    0.572135,
    0.525805,
    0.481045,
    0.44059,
    0.40336,
    0.36605,
    0.33128,
    0.299185,
    0.269125,
    0.242455,
    0.216135,
    0.192925,
    0.17029,
    0.15206,
    0.133815,
    0.119285,
    0.105355,
    0.092515,
    0.08013,
    0.069785,
    0.062295,
    0.053775,
    0.04781,
    0.040875,
    0.035305,
    0.031745,
    0.025935,
    0.02235,
    0.02043,
    0.015445,
    0.01353,
    0.012105
  ],
  "scale_param_range": [
    0.01,
    0.1276923076923077,
    0.2453846153846154,
    0.3630769230769231,
    0.4807692307692308,
    0.5984615384615385,
    0.7161538461538461,
    0.8338461538461539,
    0.9515384615384616,
    1.0692307692307692,
    1.186923076923077,
    1.3046153846153847,
    1.4223076923076923,
    1.54,
    1.6576923076923078,
    1.7753846153846153,
    1.893076923076923,
    2.0107692307692306,
    2.128461538461538,
    2.246153846153846,
    2.3638461538461537,
    2.4815384615384612,
    2.5992307692307692,
    2.7169230769230768,
    2.8346153846153843,
    2.9523076923076923,
    3.07,
    3.1876923076923074,
    3.3053846153846154,
    3.423076923076923,
    3.5407692307692304,
    3.6584615384615384,
    3.776153846153846,
    3.8938461538461535,
    4.0115384615384615,
    4.1292307692307695,
    4.246923076923077,
    4.364615384615385,
    4.4823076923076925,
    4.6
  ],
  "times": [
    49.88463068008423,
    51.38537311553955,
    50.95402383804321,
    51.562843322753906,
    50.56972575187683,
    50.73491621017456,
    50.57649564743042,
    50.90961956977844,
    51.46941065788269,
    51.03974366188049,
    50.84586215019226,
    50.6695442199707,
    50.680405139923096,
    50.760026693344116,
    50.6923611164093,
    50.38414692878723,
    51.07935452461243,
    51.784581661224365,
    51.30696773529053,
    50.80166697502136,
    51.00402235984802,
    50.79200077056885,
    50.686936378479004,
    50.932389974594116,
    50.70946907997131,
    51.16135931015015,
    51.0261492729187,
    51.226818561553955,
    51.73603653907776,
    51.582555294036865,
    51.61898159980774,
    51.36027765274048,
    50.86737632751465,
    51.52727437019348,
    51.78092694282532,
    50.43835473060608,
    50.46871376037598,
    50.231494426727295,
    50.04708933830261,
    50.262791872024536
  ]
}