{
  "target_distribution": "ThreeMixtureScaled",
  "proposal_distribution": "Normal",
  "dimension": 20,
  "num_iterations": 200000,
  "seed": 6,
  "total_time": 4452.2346386909485,
  "max_esjd": 1.3059492111206055,
  "max_acceptance_rate": 0.234475,
  "max_scale_param": 2.4815384615384612,
  "expected_squared_jump_distances": [
    9.96761373244226e-05,
    0.01541692204773426,
    0.054072488099336624,
    0.11207257211208344,
    0.1853863000869751,
    0.27088508009910583,
    0.3648488223552704,
    0.4638017416000366,
    0.5647698044776917,
    0.6665745377540588,
    0.7633363604545593,
    0.8581518530845642,
    0.9445816874504089,
    1.0232785940170288,
    1.0916600227355957,
    1.1557440757751465,
    1.2046116590499878,
    1.2508715391159058,
    1.2744245529174805,
    1.2999892234802246,
    1.3016520738601685,
    1.3059492111206055,
    1.2942066192626953,
    1.2935436964035034,
    1.2773404121398926,
    1.2381492853164673,
    1.2157500982284546,
    1.193863868713379,
    1.153000831604004,
    1.1092714071273804,
    1.0796732902526855,
    1.0151236057281494,
    0.9666476249694824,
    0.9192038774490356,
    0.8557966947555542,
    0.826593279838562,
    0.7751007080078125,
    0.7370747327804565,
    0.7195293307304382,
    0.6392227411270142
  ],
  "acceptance_rates": [
    0.99699,
    0.948345,
    0.90307,
    0.85742,
    0.8116,
    0.76795,
    0.72479,
    0.68218,
    0.640575,
    0.601085,
    0.56107,
    0.52475,
    0.48871,
    0.453775,
    0.420125,
    0.389475,
    0.359635,
    0.33253,
    0.30446,
    0.280795,
    0.255655,
    0.234475,
    0.21327,
    0.196495,
    0.1797,
    0.161625,
    0.14751,
    0.13512,
    0.122615,
    0.11079,
    0.101745,
    0.09052,
    0.081285,
    0.073365,
    0.065155,
    0.059715,
    0.053195,
    0.048335,
    0.045055,
    0.038505
  ],
  "scale_param_range": [
    0.01,
    0.1276923076923077,
    0.2453846153846154,
    0.3630769230769231,
    0.4807692307692308,
    0.5984615384615385,
    0.7161538461538461,
    0.8338461538461539,
    0.9515384615384616,
    1.0692307692307692,
    1.186923076923077,
    1.3046153846153847,
    1.4223076923076923,
    1.54,
    1.6576923076923078,
    1.7753846153846153,
    1.893076923076923,
    2.0107692307692306,
    2.128461538461538,
    2.246153846153846,
    2.3638461538461537,
    2.4815384615384612,
    2.5992307692307692,
    2.7169230769230768,
    2.8346153846153843,
    2.9523076923076923,
    3.07,
    3.1876923076923074,
    3.3053846153846154,
    3.423076923076923,
    3.5407692307692304,
    3.6584615384615384,
    3.776153846153846,
    3.8938461538461535,
    4.0115384615384615,
    4.1292307692307695,
    4.246923076923077,
    4.364615384615385,
    4.4823076923076925,
    4.6
  ],
  "times": [
    114.06969213485718,
    113.78551411628723,
    113.27385759353638,
    113.35320472717285,
    109.49671697616577,
    111.11084008216858,
    109.23268532752991,
    107.87498879432678,
    108.27434277534485,
    110.33277797698975,
    110.3737576007843,
    110.52366876602173,
    108.57441973686218,
    110.16775703430176,
    108.079598903656,
    107.78129172325134,
    108.52081298828125,
    107.39226412773132,
    107.4112663269043,
    106.53562831878662,
    107.04283380508423,
    111.44611525535583,
    112.96695828437805,
    112.50601983070374,
    108.78540849685669,
    109.53156208992004,
    107.7908923625946,
    107.84736752510071,
    110.94220161437988,
    113.2509024143219,
    114.964111328125,
    113.83629202842712,
    115.48770833015442,
    116.39131331443787,
    116.32363295555115,
    115.45033097267151,
    115.70802998542786,
    114.50036787986755,
    115.70451164245605,
    115.55531477928162
  ]
}