{
  "target_distribution": "ThreeMixtureScaled",
  "proposal_distribution": "Normal",
  "dimension": 30,
  "num_iterations": 200000,
  "seed": 19,
  "total_time": 4323.991729736328,
  "max_esjd": 0.8159999251365662,
  "max_acceptance_rate": 0.216385,
  "max_scale_param": 2.0107692307692306,
  "expected_squared_jump_distances": [
    9.972383850254118e-05,
    0.015227497555315495,
    0.05255275219678879,
    0.10713745653629303,
    0.1742921769618988,
    0.24964451789855957,
    0.32905521988868713,
    0.40926557779312134,
    0.48664945363998413,
    0.5586096048355103,
    0.6223902106285095,
    0.6816580891609192,
    0.7279888391494751,
    0.7648680806159973,
    0.7896640300750732,
    0.8075513243675232,
    0.8141899704933167,
    0.8159999251365662,
    0.8002641797065735,
    0.7774473428726196,
    0.7478803992271423,
    0.7160374522209167,
    0.6825322508811951,
    0.6492967009544373,
    0.6047074198722839,
    0.5657800436019897,
    0.5274888277053833,
    0.4827927350997925,
    0.4372188150882721,
    0.3905840218067169,
    0.37352877855300903,
    0.33629128336906433,
    0.30303946137428284,
    0.26183784008026123,
    0.23820659518241882,
    0.22105196118354797,
    0.17113769054412842,
    0.16675804555416107,
    0.12032759189605713,
    0.1335463970899582
  ],
  "acceptance_rates": [
    0.99691,
    0.93561,
    0.876735,
    0.81853,
    0.761715,
    0.70623,
    0.65232,
    0.600785,
    0.55091,
    0.502865,
    0.45691,
    0.416195,
    0.375905,
    0.33822,
    0.303355,
    0.27172,
    0.24222,
    0.216385,
    0.19064,
    0.16758,
    0.14635,
    0.12858,
    0.112315,
    0.09825,
    0.085165,
    0.07391,
    0.06388,
    0.055095,
    0.04649,
    0.039195,
    0.035195,
    0.02992,
    0.025605,
    0.02099,
    0.01803,
    0.01607,
    0.01178,
    0.011015,
    0.007765,
    0.008015
  ],
  "scale_param_range": [
    0.01,
    0.1276923076923077,
    0.2453846153846154,
    0.3630769230769231,
    0.4807692307692308,
    0.5984615384615385,
    0.7161538461538461,
    0.8338461538461539,
    0.9515384615384616,
    1.0692307692307692,
    1.186923076923077,
    1.3046153846153847,
    1.4223076923076923,
    1.54,
    1.6576923076923078,
    1.7753846153846153,
    1.893076923076923,
    2.0107692307692306,
    2.128461538461538,
    2.246153846153846,
    2.3638461538461537,
    2.4815384615384612,
    2.5992307692307692,
    2.7169230769230768,
    2.8346153846153843,
    2.9523076923076923,
    3.07,
    3.1876923076923074,
    3.3053846153846154,
    3.423076923076923,
    3.5407692307692304,
    3.6584615384615384,
    3.776153846153846,
    3.8938461538461535,
    4.0115384615384615,
    4.1292307692307695,
    4.246923076923077,
    4.364615384615385,
    4.4823076923076925,
    4.6
  ],
  "times": [
    107.68110179901123,
    107.797616481781,
    108.47885465621948,
    108.02005314826965,
    106.84085726737976,
    106.57764267921448,
    106.71426677703857,
    108.97462725639343,
    108.91488027572632,
    108.55225205421448,
    108.09163212776184,
    108.11928749084473,
    108.21576356887817,
    108.15205645561218,
    107.98286294937134,
    107.61751699447632,
    107.7933578491211,
    108.04562997817993,
    108.12594318389893,
    108.66340827941895,
    108.39894032478333,
    108.41355037689209,
    108.012939453125,
    108.54460740089417,
    108.08588242530823,
    108.68149161338806,
    107.94896626472473,
    107.69155311584473,
    108.25217008590698,
    107.68603348731995,
    108.43373513221741,
    108.77250838279724,
    108.3590087890625,
    108.15138697624207,
    108.34155750274658,
    108.26573753356934,
    108.1687741279602,
    108.23617029190063,
    108.13215351104736,
    107.98044157028198
  ]
}