{
  "target_distribution": "ThreeMixture",
  "dimension": 30,
  "num_iterations": 500000,
  "seed": 20,
  "total_time": 15998.194045066833,
  "max_esjd": 0.0054080208564323915,
  "max_actual_acceptance_rate": 0.2374789983198656,
  "max_constr_acceptance_rate": 0.2634482758620689,
  "expected_squared_jump_distances": [
    0.0008441956497544792,
    0.0015299566928331076,
    0.0026455304344527096,
    0.00291683132803013,
    0.0034111670561383593,
    0.003959434442116449,
    0.00394993042156823,
    0.004240640801944391,
    0.0046427947560708045,
    0.004993455623542828,
    0.004776838395515744,
    0.005185340871547045,
    0.005272449313275643,
    0.0049143121067586875,
    0.005184133171837218,
    0.0054080208564323915,
    0.004947104168961234,
    0.005165729975208711,
    0.005184518654323904,
    0.004909162927395155,
    0.004973134231325971,
    0.004991225150876117,
    0.004647588186849397,
    0.004695880502016866,
    0.004404736496108893,
    0.004425066589623337,
    0.004425659712263742,
    0.0041250935179934665,
    0.00414528041894728,
    0.0038803774075638923
  ],
  "acceptance_rates": [
    0.01877877877877878,
    0.06106106106106106,
    0.04272933635999466,
    0.09315350325751515,
    0.07561728395061729,
    0.08272826024812761,
    0.12430932319923994,
    0.1219591469360202,
    0.13050978823411755,
    0.14198564892366927,
    0.16985199342192986,
    0.17631502922287162,
    0.1885375230560679,
    0.21748869954798192,
    0.2249289971598864,
    0.2374789983198656,
    0.26086403141932435,
    0.27180988399578165,
    0.28615586021309863,
    0.30962977780000334,
    0.32210536842280707,
    0.3350112509375781,
    0.3542778897487576,
    0.3694056831643564,
    0.38973970684876713,
    0.4029771853883627,
    0.417691681309733,
    0.4361907809645719,
    0.4499259990133202,
    0.46905586319828996
  ],
  "swap_acceptance_rates_range": [
    0.01,
    0.026896551724137928,
    0.04379310344827586,
    0.060689655172413794,
    0.07758620689655171,
    0.09448275862068964,
    0.11137931034482758,
    0.12827586206896552,
    0.14517241379310344,
    0.16206896551724137,
    0.1789655172413793,
    0.19586206896551722,
    0.21275862068965518,
    0.2296551724137931,
    0.24655172413793103,
    0.2634482758620689,
    0.2803448275862069,
    0.29724137931034483,
    0.31413793103448273,
    0.3310344827586207,
    0.3479310344827586,
    0.36482758620689654,
    0.38172413793103444,
    0.3986206896551724,
    0.41551724137931034,
    0.43241379310344824,
    0.4493103448275862,
    0.4662068965517241,
    0.48310344827586205,
    0.5
  ],
  "times": [
    391.3286430835724,
    428.1858048439026,
    424.22878861427307,
    461.3367156982422,
    458.63483572006226,
    457.95064544677734,
    481.05842423439026,
    480.1658308506012,
    479.6037788391113,
    479.12361884117126,
    502.82225465774536,
    503.1161050796509,
    503.0400869846344,
    525.7824227809906,
    526.4061312675476,
    525.552027463913,
    549.6004493236542,
    548.5567741394043,
    548.5713427066803,
    571.8673944473267,
    572.9914469718933,
    572.7391576766968,
    595.1442520618439,
    595.5307288169861,
    618.8136308193207,
    620.173180103302,
    620.7449333667755,
    643.8686909675598,
    643.4227511882782,
    667.8025276660919
  ]
}