{
  "target_distribution": "ThreeMixture",
  "proposal_distribution": "Normal",
  "dimension": 50,
  "num_iterations": 200000,
  "seed": 20,
  "total_time": 5546.76816034317,
  "max_esjd": 1.3078551292419434,
  "max_acceptance_rate": 0.24365,
  "max_scale_param": 2.363076923076923,
  "expected_squared_jump_distances": [
    9.988070087274536e-05,
    0.012043008580803871,
    0.042052894830703735,
    0.08759453147649765,
    0.14614982903003693,
    0.21540944278240204,
    0.2928001880645752,
    0.375917911529541,
    0.46329444646835327,
    0.5527489185333252,
    0.6411110162734985,
    0.729369044303894,
    0.8140271902084351,
    0.8952363729476929,
    0.9721882343292236,
    1.0407054424285889,
    1.100548267364502,
    1.1563807725906372,
    1.2041678428649902,
    1.2377127408981323,
    1.2671064138412476,
    1.2852200269699097,
    1.2975493669509888,
    1.3078551292419434,
    1.304756999015808,
    1.289042353630066,
    1.275204062461853,
    1.2650943994522095,
    1.2419309616088867,
    1.1914551258087158,
    1.1514064073562622,
    1.1246140003204346,
    1.0763201713562012,
    1.0396631956100464,
    0.9890570640563965,
    0.940555214881897,
    0.8853492140769958,
    0.8779309391975403,
    0.7997984290122986,
    0.7380489706993103
  ],
  "acceptance_rates": [
    0.998365,
    0.955305,
    0.9143,
    0.874175,
    0.834465,
    0.79542,
    0.75647,
    0.717795,
    0.68061,
    0.64418,
    0.60754,
    0.573345,
    0.53945,
    0.50704,
    0.476215,
    0.445335,
    0.41496,
    0.38746,
    0.36089,
    0.333975,
    0.30937,
    0.28568,
    0.263405,
    0.24365,
    0.223935,
    0.204575,
    0.187925,
    0.173215,
    0.158535,
    0.14218,
    0.12918,
    0.11843,
    0.10661,
    0.097215,
    0.087415,
    0.079,
    0.070305,
    0.066265,
    0.057475,
    0.05055
  ],
  "scale_param_range": [
    0.01,
    0.1123076923076923,
    0.21461538461538462,
    0.3169230769230769,
    0.41923076923076924,
    0.5215384615384615,
    0.6238461538461538,
    0.7261538461538461,
    0.8284615384615385,
    0.9307692307692308,
    1.033076923076923,
    1.1353846153846154,
    1.2376923076923076,
    1.34,
    1.4423076923076923,
    1.5446153846153847,
    1.646923076923077,
    1.7492307692307691,
    1.8515384615384616,
    1.9538461538461538,
    2.0561538461538458,
    2.1584615384615384,
    2.2607692307692306,
    2.363076923076923,
    2.465384615384615,
    2.5676923076923073,
    2.67,
    2.772307692307692,
    2.8746153846153844,
    2.9769230769230766,
    3.079230769230769,
    3.1815384615384614,
    3.2838461538461536,
    3.386153846153846,
    3.488461538461538,
    3.5907692307692307,
    3.693076923076923,
    3.795384615384615,
    3.8976923076923073,
    4.0
  ],
  "times": [
    164.9233856201172,
    169.5347101688385,
    158.4055576324463,
    165.0034363269806,
    166.4490885734558,
    164.54537200927734,
    131.75736784934998,
    122.49921107292175,
    120.14381742477417,
    119.92365860939026,
    120.01401281356812,
    119.6775176525116,
    119.97164273262024,
    119.84120392799377,
    122.96731424331665,
    120.55673813819885,
    119.93916964530945,
    119.98937368392944,
    119.75238823890686,
    120.67647409439087,
    119.31319117546082,
    125.30062055587769,
    118.03962087631226,
    117.53074979782104,
    117.08928418159485,
    117.27186131477356,
    117.93638706207275,
    117.14059281349182,
    121.14194869995117,
    162.87114143371582,
    162.88786506652832,
    162.83868670463562,
    162.44020438194275,
    162.55964970588684,
    162.31720972061157,
    162.42722487449646,
    162.79490756988525,
    162.71303987503052,
    162.75648593902588,
    162.77299809455872
  ]
}