{
  "target_distribution": "ThreeMixtureScaled",
  "proposal_distribution": "Normal",
  "dimension": 20,
  "num_iterations": 200000,
  "seed": 13,
  "total_time": 4525.089266061783,
  "max_esjd": 1.9169152975082397,
  "max_acceptance_rate": 0.20919,
  "max_scale_param": 3.1876923076923074,
  "expected_squared_jump_distances": [
    9.97856113826856e-05,
    0.015550031326711178,
    0.05498552694916725,
    0.1151222437620163,
    0.19260451197624207,
    0.2846522629261017,
    0.38710495829582214,
    0.4980568587779999,
    0.6154754161834717,
    0.7348859310150146,
    0.8575934767723083,
    0.9777388572692871,
    1.0935107469558716,
    1.2095329761505127,
    1.3086748123168945,
    1.4082893133163452,
    1.5026614665985107,
    1.5817729234695435,
    1.6504114866256714,
    1.7255502939224243,
    1.774083137512207,
    1.8303498029708862,
    1.856663703918457,
    1.8851321935653687,
    1.897440791130066,
    1.9080718755722046,
    1.9074965715408325,
    1.9169152975082397,
    1.8974138498306274,
    1.8760944604873657,
    1.8605916500091553,
    1.8324849605560303,
    1.794886827468872,
    1.766525149345398,
    1.7234020233154297,
    1.681111216545105,
    1.6169832944869995,
    1.5781110525131226,
    1.5042431354522705,
    1.5032962560653687
  ],
  "acceptance_rates": [
    0.99799,
    0.95625,
    0.917625,
    0.87937,
    0.84095,
    0.80417,
    0.76591,
    0.72922,
    0.694245,
    0.6588,
    0.626085,
    0.5929,
    0.560025,
    0.53059,
    0.49758,
    0.468295,
    0.44112,
    0.41376,
    0.38745,
    0.36456,
    0.340115,
    0.32009,
    0.297375,
    0.277535,
    0.257965,
    0.24011,
    0.22374,
    0.20919,
    0.19336,
    0.17966,
    0.167185,
    0.15525,
    0.14368,
    0.133535,
    0.12348,
    0.114075,
    0.10415,
    0.096955,
    0.088565,
    0.083995
  ],
  "scale_param_range": [
    0.01,
    0.1276923076923077,
    0.2453846153846154,
    0.3630769230769231,
    0.4807692307692308,
    0.5984615384615385,
    0.7161538461538461,
    0.8338461538461539,
    0.9515384615384616,
    1.0692307692307692,
    1.186923076923077,
    1.3046153846153847,
    1.4223076923076923,
    1.54,
    1.6576923076923078,
    1.7753846153846153,
    1.893076923076923,
    2.0107692307692306,
    2.128461538461538,
    2.246153846153846,
    2.3638461538461537,
    2.4815384615384612,
    2.5992307692307692,
    2.7169230769230768,
    2.8346153846153843,
    2.9523076923076923,
    3.07,
    3.1876923076923074,
    3.3053846153846154,
    3.423076923076923,
    3.5407692307692304,
    3.6584615384615384,
    3.776153846153846,
    3.8938461538461535,
    4.0115384615384615,
    4.1292307692307695,
    4.246923076923077,
    4.364615384615385,
    4.4823076923076925,
    4.6
  ],
  "times": [
    113.6488356590271,
    114.25549292564392,
    112.95482110977173,
    110.30967688560486,
    113.83322644233704,
    111.88043212890625,
    110.44282650947571,
    110.12561273574829,
    110.92732286453247,
    111.89627838134766,
    111.73800659179688,
    113.22018432617188,
    110.1228666305542,
    112.07924294471741,
    113.18984198570251,
    114.17930507659912,
    114.09179306030273,
    114.26992058753967,
    113.81395030021667,
    113.53234314918518,
    111.07058477401733,
    113.90943908691406,
    114.62522029876709,
    113.49483942985535,
    111.99160528182983,
    113.48351502418518,
    114.35377311706543,
    114.57482290267944,
    113.95080900192261,
    114.44721364974976,
    114.08079624176025,
    114.23186302185059,
    115.67476677894592,
    115.73043608665466,
    115.2410888671875,
    115.38851571083069,
    113.40619277954102,
    111.32364964485168,
    112.15029335021973,
    111.40001583099365
  ]
}