{
  "target_distribution": "ThreeMixtureScaled",
  "proposal_distribution": "Normal",
  "dimension": 2,
  "num_iterations": 100000,
  "seed": 1,
  "total_time": 2105.618320465088,
  "max_esjd": 6.459465980529785,
  "max_acceptance_rate": 0.14348,
  "max_scale_param": 10.901025641025639,
  "expected_squared_jump_distances": [
    9.9539989605546e-05,
    0.16967736184597015,
    0.5603996515274048,
    1.0477179288864136,
    1.549996256828308,
    1.999834656715393,
    2.423388719558716,
    2.8134055137634277,
    3.1990599632263184,
    3.6343297958374023,
    3.9948768615722656,
    4.378730297088623,
    4.632485866546631,
    4.951998710632324,
    5.230560302734375,
    5.53508186340332,
    5.725943565368652,
    5.829747200012207,
    5.928299903869629,
    6.058388710021973,
    6.114152431488037,
    6.247274398803711,
    6.27058744430542,
    6.230673789978027,
    6.361346244812012,
    6.459465980529785,
    6.3472771644592285,
    6.205432415008545,
    6.205067157745361,
    6.082206726074219,
    5.93510627746582,
    6.102652549743652,
    5.9019646644592285,
    5.812613487243652,
    5.663827419281006,
    5.665057182312012,
    5.564283847808838,
    5.255901336669922,
    5.223268508911133,
    5.100957870483398
  ],
  "acceptance_rates": [
    0.9982,
    0.90329,
    0.81219,
    0.72848,
    0.65198,
    0.58168,
    0.52117,
    0.46898,
    0.42421,
    0.389,
    0.35719,
    0.33124,
    0.30352,
    0.28524,
    0.26493,
    0.2512,
    0.23493,
    0.21915,
    0.20742,
    0.19524,
    0.1831,
    0.17415,
    0.16402,
    0.15622,
    0.14944,
    0.14348,
    0.13547,
    0.1287,
    0.12317,
    0.1172,
    0.11059,
    0.1074,
    0.10253,
    0.09801,
    0.09387,
    0.09098,
    0.08766,
    0.08277,
    0.08029,
    0.07637
  ],
  "scale_param_range": [
    0.01,
    0.4456410256410256,
    0.8812820512820512,
    1.3169230769230766,
    1.7525641025641023,
    2.188205128205128,
    2.623846153846153,
    3.0594871794871787,
    3.4951282051282044,
    3.93076923076923,
    4.366410256410256,
    4.8020512820512815,
    5.237692307692306,
    5.673333333333332,
    6.108974358974358,
    6.544615384615383,
    6.980256410256409,
    7.415897435897435,
    7.8515384615384605,
    8.287179487179486,
    8.722820512820512,
    9.158461538461538,
    9.594102564102563,
    10.029743589743589,
    10.465384615384613,
    10.901025641025639,
    11.336666666666664,
    11.77230769230769,
    12.207948717948716,
    12.643589743589741,
    13.079230769230767,
    13.514871794871793,
    13.950512820512818,
    14.386153846153844,
    14.82179487179487,
    15.257435897435895,
    15.693076923076921,
    16.12871794871795,
    16.564358974358974,
    17.0
  ],
  "times": [
    52.79620862007141,
    52.71506333351135,
    52.592665910720825,
    52.58636450767517,
    52.644654989242554,
    52.641682624816895,
    52.53202843666077,
    52.483092308044434,
    52.54904508590698,
    52.637791872024536,
    52.616573095321655,
    52.48889636993408,
    52.62066102027893,
    52.694289207458496,
    52.71077537536621,
    52.811229944229126,
    52.898807764053345,
    52.62053155899048,
    52.74266457557678,
    52.66087007522583,
    52.702386140823364,
    52.532251596450806,
    52.71459150314331,
    52.5567262172699,
    52.72459077835083,
    52.64054083824158,
    52.592467308044434,
    52.621973514556885,
    52.70225501060486,
    52.56103825569153,
    52.69286751747131,
    52.65738391876221,
    52.764798641204834,
    52.71868181228638,
    52.658533573150635,
    52.49240970611572,
    52.51232600212097,
    52.541807651519775,
    52.54558873176575,
    52.60063552856445
  ]
}