{
  "target_distribution": "ThreeMixture",
  "dimension": 20,
  "num_iterations": 200000,
  "seed": 18,
  "total_time": 7133.059739112854,
  "max_esjd": 0.0020227648442319402,
  "max_actual_acceptance_rate": 0.15940298507462686,
  "max_constr_acceptance_rate": 0.01,
  "expected_squared_jump_distances": [
    0.0020227648442319402,
    0.0018438091151254323,
    0.0018438091151254323,
    0.0018438091151254323,
    0.0018438091151254323,
    0.0018438091151254323,
    0.0018438091151254323,
    0.0018438091151254323,
    0.0018438091151254323,
    0.0018438091151254323,
    0.0018438091151254323,
    0.0018438091151254323,
    0.0018438091151254323,
    0.0018438091151254323,
    0.0018438091151254323,
    0.0018438091151254323,
    0.0018438091151254323,
    0.0018438091151254323,
    0.0018438091151254323,
    0.0018438091151254323,
    0.0018438091151254323,
    0.0018438091151254323,
    0.0018438091151254323,
    0.0018438091151254323,
    0.0018438091151254323,
    0.0018438091151254323,
    0.0018438091151254323,
    0.0018438091151254323,
    0.0018438091151254323,
    0.0018438091151254323
  ],
  "acceptance_rates": [
    0.15940298507462686,
    0.16069651741293534,
    0.16069651741293534,
    0.16069651741293534,
    0.16069651741293534,
    0.16069651741293534,
    0.16069651741293534,
    0.16069651741293534,
    0.16069651741293534,
    0.16069651741293534,
    0.16069651741293534,
    0.16069651741293534,
    0.16069651741293534,
    0.16069651741293534,
    0.16069651741293534,
    0.16069651741293534,
    0.16069651741293534,
    0.16069651741293534,
    0.16069651741293534,
    0.16069651741293534,
    0.16069651741293534,
    0.16069651741293534,
    0.16069651741293534,
    0.16069651741293534,
    0.16069651741293534,
    0.16069651741293534,
    0.16069651741293534,
    0.16069651741293534,
    0.16069651741293534,
    0.16069651741293534
  ],
  "swap_acceptance_rates_range": [
    0.01,
    0.026896551724137928,
    0.04379310344827586,
    0.060689655172413794,
    0.07758620689655171,
    0.09448275862068964,
    0.11137931034482758,
    0.12827586206896552,
    0.14517241379310344,
    0.16206896551724137,
    0.1789655172413793,
    0.19586206896551722,
    0.21275862068965518,
    0.2296551724137931,
    0.24655172413793103,
    0.2634482758620689,
    0.2803448275862069,
    0.29724137931034483,
    0.31413793103448273,
    0.3310344827586207,
    0.3479310344827586,
    0.36482758620689654,
    0.38172413793103444,
    0.3986206896551724,
    0.41551724137931034,
    0.43241379310344824,
    0.4493103448275862,
    0.4662068965517241,
    0.48310344827586205,
    0.5
  ],
  "times": [
    238.99126315116882,
    237.9364731311798,
    238.53945231437683,
    237.8089632987976,
    238.81419491767883,
    237.94966888427734,
    238.28410840034485,
    237.27028250694275,
    238.21340703964233,
    237.47604131698608,
    238.25950837135315,
    237.50207209587097,
    238.10288619995117,
    237.37657570838928,
    237.86334228515625,
    237.12106323242188,
    238.053040266037,
    237.2351794242859,
    237.82596158981323,
    237.10152316093445,
    237.78944730758667,
    237.1264045238495,
    238.05867171287537,
    237.14655303955078,
    237.79039096832275,
    237.25648856163025,
    237.88157176971436,
    237.10079383850098,
    237.8821017742157,
    237.28474736213684
  ],
  "beta_ladder": [
    1.0,
    0.3300271089931954,
    0.10949129501753695,
    0.03547093619073841,
    0.01173674878744575,
    0.01
  ]
}