{
  "target_distribution": "ThreeMixture",
  "proposal_distribution": "Normal",
  "dimension": 50,
  "num_iterations": 200000,
  "seed": 19,
  "total_time": 4900.481680631638,
  "max_esjd": 1.3062493801116943,
  "max_acceptance_rate": 0.24341,
  "max_scale_param": 2.363076923076923,
  "expected_squared_jump_distances": [
    9.988054080167785e-05,
    0.012043609283864498,
    0.042046405375003815,
    0.08758646249771118,
    0.1461699903011322,
    0.215415358543396,
    0.29299741983413696,
    0.37629154324531555,
    0.46410897374153137,
    0.5524740219116211,
    0.6425159573554993,
    0.7297030091285706,
    0.8146340250968933,
    0.8936954736709595,
    0.9710519313812256,
    1.038399338722229,
    1.0977020263671875,
    1.1512281894683838,
    1.1998839378356934,
    1.2316991090774536,
    1.2664804458618164,
    1.2834938764572144,
    1.2992721796035767,
    1.3062493801116943,
    1.3028064966201782,
    1.2936363220214844,
    1.2822362184524536,
    1.248371958732605,
    1.2461577653884888,
    1.1899479627609253,
    1.1743078231811523,
    1.1111390590667725,
    1.093260407447815,
    1.0378447771072388,
    0.9956735968589783,
    0.9558561444282532,
    0.8962501287460327,
    0.8484344482421875,
    0.8039204478263855,
    0.7370249032974243
  ],
  "acceptance_rates": [
    0.998365,
    0.95533,
    0.914175,
    0.87406,
    0.83446,
    0.795445,
    0.75685,
    0.71849,
    0.68175,
    0.644,
    0.60902,
    0.573645,
    0.53976,
    0.50616,
    0.475585,
    0.44435,
    0.414195,
    0.385965,
    0.359575,
    0.33272,
    0.309475,
    0.285235,
    0.26402,
    0.24341,
    0.22379,
    0.205255,
    0.18843,
    0.17093,
    0.15907,
    0.14237,
    0.131575,
    0.117145,
    0.10819,
    0.09715,
    0.087945,
    0.07994,
    0.07096,
    0.06415,
    0.057795,
    0.05057
  ],
  "scale_param_range": [
    0.01,
    0.1123076923076923,
    0.21461538461538462,
    0.3169230769230769,
    0.41923076923076924,
    0.5215384615384615,
    0.6238461538461538,
    0.7261538461538461,
    0.8284615384615385,
    0.9307692307692308,
    1.033076923076923,
    1.1353846153846154,
    1.2376923076923076,
    1.34,
    1.4423076923076923,
    1.5446153846153847,
    1.646923076923077,
    1.7492307692307691,
    1.8515384615384616,
    1.9538461538461538,
    2.0561538461538458,
    2.1584615384615384,
    2.2607692307692306,
    2.363076923076923,
    2.465384615384615,
    2.5676923076923073,
    2.67,
    2.772307692307692,
    2.8746153846153844,
    2.9769230769230766,
    3.079230769230769,
    3.1815384615384614,
    3.2838461538461536,
    3.386153846153846,
    3.488461538461538,
    3.5907692307692307,
    3.693076923076923,
    3.795384615384615,
    3.8976923076923073,
    4.0
  ],
  "times": [
    130.78072667121887,
    129.71893191337585,
    131.22035932540894,
    132.27514719963074,
    128.54832005500793,
    130.85849237442017,
    130.4598798751831,
    130.10012221336365,
    131.2372477054596,
    130.61659836769104,
    130.7435417175293,
    130.40386772155762,
    130.68713855743408,
    122.67390751838684,
    115.76857566833496,
    116.30535650253296,
    115.69888162612915,
    115.76463961601257,
    116.25745511054993,
    115.91496062278748,
    116.03878235816956,
    124.03552460670471,
    125.87919235229492,
    125.98537135124207,
    122.86168265342712,
    115.63822722434998,
    115.55977416038513,
    119.98160886764526,
    125.81867814064026,
    126.64381504058838,
    125.68469095230103,
    118.83829689025879,
    115.37378025054932,
    115.76847529411316,
    115.3944137096405,
    115.72294068336487,
    115.83566355705261,
    114.85350704193115,
    114.18795466423035,
    114.28633069992065
  ]
}