{
  "target_distribution": "ThreeMixture",
  "dimension": 10,
  "num_iterations": 200000,
  "seed": 25,
  "total_time": 5243.355715036392,
  "max_esjd": 0.01563630515009142,
  "max_actual_acceptance_rate": 0.25166666666666665,
  "max_constr_acceptance_rate": 0.2634482758620689,
  "expected_squared_jump_distances": [
    0.0027224155262224577,
    0.004109523862865415,
    0.006079798237512918,
    0.008702688979269518,
    0.011755089028467855,
    0.009856965588109484,
    0.010697635890418425,
    0.011955685688548318,
    0.013218605282899748,
    0.013645944574497783,
    0.012258847630821744,
    0.013185090063293454,
    0.013211495269646366,
    0.014811122338470992,
    0.015229165594322603,
    0.01563630515009142,
    0.0137351963907638,
    0.013767591493797044,
    0.014398385114188764,
    0.014846174970266954,
    0.014829731791163439,
    0.013765835894904228,
    0.01328407545962494,
    0.01366789886271608,
    0.01350005891116,
    0.011934739114734647,
    0.012002975295044946,
    0.011893557354075239,
    0.012144353461169993,
    0.010815011107462672
  ],
  "acceptance_rates": [
    0.04855181650761761,
    0.250125,
    0.1475,
    0.10025,
    0.0926761976423376,
    0.2534,
    0.2139,
    0.185,
    0.17838541666666666,
    0.1713171317131713,
    0.2946666666666667,
    0.27141666666666664,
    0.25983333333333336,
    0.25,
    0.24833333333333332,
    0.25166666666666665,
    0.333,
    0.3259269843537901,
    0.31942559119811387,
    0.32435521897549474,
    0.3259751393056151,
    0.384875,
    0.38417302162770345,
    0.3881110138767346,
    0.3869858732341543,
    0.43555555555555553,
    0.4375,
    0.43877777777777777,
    0.44866666666666666,
    0.4824241212060603
  ],
  "swap_acceptance_rates_range": [
    0.01,
    0.026896551724137928,
    0.04379310344827586,
    0.060689655172413794,
    0.07758620689655171,
    0.09448275862068964,
    0.11137931034482758,
    0.12827586206896552,
    0.14517241379310344,
    0.16206896551724137,
    0.1789655172413793,
    0.19586206896551722,
    0.21275862068965518,
    0.2296551724137931,
    0.24655172413793103,
    0.2634482758620689,
    0.2803448275862069,
    0.29724137931034483,
    0.31413793103448273,
    0.3310344827586207,
    0.3479310344827586,
    0.36482758620689654,
    0.38172413793103444,
    0.3986206896551724,
    0.41551724137931034,
    0.43241379310344824,
    0.4493103448275862,
    0.4662068965517241,
    0.48310344827586205,
    0.5
  ],
  "times": [
    142.49519157409668,
    150.1016800403595,
    148.85142946243286,
    148.34917569160461,
    147.61107969284058,
    161.5035948753357,
    161.35363864898682,
    160.91613912582397,
    160.85761666297913,
    160.98273396492004,
    170.98041677474976,
    170.99527168273926,
    171.15783786773682,
    171.06821751594543,
    171.24575328826904,
    171.02817702293396,
    180.7624032497406,
    180.67466735839844,
    180.85450196266174,
    180.66387152671814,
    180.41624808311462,
    190.12185049057007,
    190.19078540802002,
    190.16325306892395,
    190.20323133468628,
    199.91773200035095,
    199.72162318229675,
    200.26385879516602,
    200.0001928806305,
    209.87005853652954
  ]
}