{"max_esjd": 1.2675976521186951, "max_acceptance_rate": 0.2732192678073219, "max_variance_value": 2.358974769230769, "expected_squared_jump_distances": [9.986009731344841e-13, 0.010048599532897417, 0.038401032170448775, 0.08227367008054638, 0.13905865197489828, 0.20648390442243003, 0.2811262628395436, 0.36210399318849024, 0.44595490418304695, 0.5319778366832921, 0.6181741597719232, 0.7011186818328428, 0.7804586892896909, 0.8596989051515335, 0.93064644462475, 0.9968729002096497, 1.0537352276543526, 1.1012224584552421, 1.1481417975121984, 1.1859741994208794, 1.2128911772073778, 1.2315163063547254, 1.2548116804188383, 1.2675976521186951, 1.262706537891809, 1.2524231564227857, 1.242936232900957, 1.2362593639182742, 1.2113084834092238, 1.1885958507609509, 1.1691058542219668, 1.1357144368293128, 1.1079740217423086, 1.0693682274147176, 1.0339829324067284, 1.0014671210695907, 0.9682273382725457, 0.9295023614934367, 0.8853863169583847, 0.8644352113709193], "acceptance_rates": [0.9999900000999989, 0.960880391196088, 0.9215687843121569, 0.8818091819081809, 0.8429255707442926, 0.8052059479405205, 0.7662663373366267, 0.7290567094329056, 0.6928690713092868, 0.6573754262457375, 0.6231417685823143, 0.588420115798842, 0.5544844551554485, 0.5242967570324296, 0.4939850601493985, 0.46420135798642015, 0.43601363986360137, 0.40789992100079, 0.3827641723582764, 0.3591124088759113, 0.3347706522934771, 0.3115788842111579, 0.29197108028919716, 0.2732192678073219, 0.2525674743252567, 0.23337366626333736, 0.21685383146168538, 0.202909970900291, 0.18712812871871282, 0.1736382636173638, 0.16098839011609883, 0.14837251627483725, 0.13768062319376803, 0.12678073219267808, 0.11750882491175088, 0.10846891531084688, 0.1001209987900121, 0.09217907820921792, 0.08498715012849874, 0.07913720862791372], "var_value_range": [1e-06, 0.10256507692307693, 0.20512915384615385, 0.3076932307692308, 0.41025730769230767, 0.5128213846153846, 0.6153854615384616, 0.7179495384615385, 0.8205136153846154, 0.9230776923076923, 1.025641769230769, 1.128205846153846, 1.2307699230769231, 1.333334, 1.435898076923077, 1.5384621538461538, 1.6410262307692307, 1.7435903076923076, 1.8461543846153845, 1.9487184615384614, 2.0512825384615385, 2.1538466153846154, 2.2564106923076923, 2.358974769230769, 2.4615388461538465, 2.5641029230769234, 2.6666670000000003, 2.7692310769230772, 2.871795153846154, 2.974359230769231, 3.076923307692308, 3.179487384615385, 3.2820514615384617, 3.3846155384615386, 3.4871796153846155, 3.5897436923076924, 3.6923077692307693, 3.794871846153846, 3.897435923076923, 4.0]}