{
  "target_distribution": "ThreeMixtureScaled",
  "dimension": 50,
  "num_iterations": 300000,
  "seed": 22,
  "total_time": 3078.847718000412,
  "max_esjd": 0.03671600669622421,
  "max_acceptance_rate": 0.1826086956521739,
  "max_variance_value": 0.45743589743589746,
  "expected_squared_jump_distances": [
    9.726802090881392e-05,
    0.007348206825554371,
    0.019258972257375717,
    0.029342887923121452,
    0.035031311213970184,
    0.03671600669622421,
    0.035126421600580215,
    0.03239291161298752,
    0.029041800647974014,
    0.024485277011990547,
    0.020748447626829147,
    0.017667552456259727,
    0.0150834945961833,
    0.011314613744616508,
    0.009497527964413166,
    0.007455669343471527,
    0.006468969862908125,
    0.004879796411842108,
    0.003506971523165703,
    0.0030903788283467293,
    0.0028620411176234484,
    0.0016656890511512756,
    0.0009376333327963948,
    1.1763359907490667e-05,
    0.0,
    0.0,
    0.0,
    0.0,
    0.0,
    0.0,
    0.0,
    0.0,
    0.0,
    0.0,
    0.0,
    0.0,
    0.0,
    0.0,
    0.0,
    0.0
  ],
  "acceptance_rates": [
    0.9732107023411372,
    0.7471505016722408,
    0.5468795986622074,
    0.38674247491638797,
    0.2669565217391304,
    0.1826086956521739,
    0.12316053511705685,
    0.08452508361204013,
    0.05854515050167224,
    0.0394314381270903,
    0.027381270903010034,
    0.01945150501672241,
    0.014020066889632107,
    0.009036789297658863,
    0.006618729096989967,
    0.0045150501672240806,
    0.0034949832775919734,
    0.0023244147157190633,
    0.001511705685618729,
    0.0011872909698996655,
    0.0010100334448160536,
    0.0005317725752508361,
    0.000274247491638796,
    3.3444816053511705e-06,
    0.0,
    0.0,
    0.0,
    0.0,
    0.0,
    0.0,
    0.0,
    0.0,
    0.0,
    0.0,
    0.0,
    0.0,
    0.0,
    0.0,
    0.0,
    0.0
  ],
  "var_value_range": [
    0.01,
    0.09948717948717949,
    0.188974358974359,
    0.2784615384615385,
    0.367948717948718,
    0.45743589743589746,
    0.546923076923077,
    0.6364102564102565,
    0.7258974358974359,
    0.8153846153846154,
    0.9048717948717949,
    0.9943589743589745,
    1.083846153846154,
    1.1733333333333333,
    1.262820512820513,
    1.3523076923076924,
    1.4417948717948719,
    1.5312820512820513,
    1.6207692307692307,
    1.7102564102564104,
    1.7997435897435898,
    1.8892307692307693,
    1.978717948717949,
    2.068205128205128,
    2.1576923076923076,
    2.247179487179487,
    2.3366666666666664,
    2.426153846153846,
    2.5156410256410258,
    2.605128205128205,
    2.6946153846153846,
    2.784102564102564,
    2.8735897435897435,
    2.963076923076923,
    3.0525641025641024,
    3.142051282051282,
    3.2315384615384612,
    3.321025641025641,
    3.4105128205128206,
    3.5
  ],
  "times": [
    77.30436778068542,
    77.14709305763245,
    76.92112231254578,
    77.11971664428711,
    77.02819061279297,
    76.96698236465454,
    76.84228515625,
    76.9739625453949,
    76.99810934066772,
    76.96683740615845,
    76.94124865531921,
    77.10606169700623,
    76.77273750305176,
    76.98304581642151,
    76.94519996643066,
    76.99307203292847,
    76.8853406906128,
    77.1278121471405,
    76.79195833206177,
    76.94799327850342,
    76.82167148590088,
    76.94202399253845,
    76.93597769737244,
    76.91129302978516,
    76.80356097221375,
    77.04257154464722,
    76.76164126396179,
    76.99232292175293,
    77.16600108146667,
    77.19952440261841,
    77.07633352279663,
    77.3948004245758,
    76.80971312522888,
    76.84740662574768,
    77.1737928390503,
    76.75871801376343,
    76.67039442062378,
    76.84425091743469,
    76.88333678245544,
    76.99647450447083
  ]
}