{
  "target_distribution": "ThreeMixture",
  "proposal_distribution": "Normal",
  "dimension": 2,
  "num_iterations": 100000,
  "seed": 13,
  "total_time": 2345.355420589447,
  "max_esjd": 2.5828254222869873,
  "max_acceptance_rate": 0.14149,
  "max_scale_param": 6.980256410256409,
  "expected_squared_jump_distances": [
    9.93593130260706e-05,
    0.15380066633224487,
    0.45428499579429626,
    0.7617313861846924,
    1.0240116119384766,
    1.2803221940994263,
    1.5410648584365845,
    1.73503839969635,
    1.9747895002365112,
    2.147495985031128,
    2.2502851486206055,
    2.3552894592285156,
    2.433624744415283,
    2.5301907062530518,
    2.4694273471832275,
    2.538238763809204,
    2.5828254222869873,
    2.5049784183502197,
    2.468329906463623,
    2.480381488800049,
    2.375627040863037,
    2.251654863357544,
    2.2331056594848633,
    2.220581531524658,
    2.121878147125244,
    1.9833683967590332,
    1.932494044303894,
    1.8864951133728027,
    1.7586842775344849,
    1.730280876159668,
    1.7020803689956665,
    1.6074975728988647,
    1.5266528129577637,
    1.5167471170425415,
    1.5143753290176392,
    1.4025565385818481,
    1.3011530637741089,
    1.279008388519287,
    1.2973473072052002,
    1.182908058166504
  ],
  "acceptance_rates": [
    0.99697,
    0.84838,
    0.7146,
    0.59947,
    0.5036,
    0.42892,
    0.37446,
    0.32649,
    0.29158,
    0.26367,
    0.23555,
    0.21501,
    0.19543,
    0.18088,
    0.16361,
    0.15119,
    0.14149,
    0.13017,
    0.12037,
    0.11291,
    0.10457,
    0.09639,
    0.09175,
    0.08566,
    0.08076,
    0.07454,
    0.07178,
    0.0672,
    0.06175,
    0.05905,
    0.0561,
    0.05277,
    0.04924,
    0.04822,
    0.04649,
    0.04373,
    0.04113,
    0.0395,
    0.03844,
    0.03616
  ],
  "scale_param_range": [
    0.01,
    0.4456410256410256,
    0.8812820512820512,
    1.3169230769230766,
    1.7525641025641023,
    2.188205128205128,
    2.623846153846153,
    3.0594871794871787,
    3.4951282051282044,
    3.93076923076923,
    4.366410256410256,
    4.8020512820512815,
    5.237692307692306,
    5.673333333333332,
    6.108974358974358,
    6.544615384615383,
    6.980256410256409,
    7.415897435897435,
    7.8515384615384605,
    8.287179487179486,
    8.722820512820512,
    9.158461538461538,
    9.594102564102563,
    10.029743589743589,
    10.465384615384613,
    10.901025641025639,
    11.336666666666664,
    11.77230769230769,
    12.207948717948716,
    12.643589743589741,
    13.079230769230767,
    13.514871794871793,
    13.950512820512818,
    14.386153846153844,
    14.82179487179487,
    15.257435897435895,
    15.693076923076921,
    16.12871794871795,
    16.564358974358974,
    17.0
  ],
  "times": [
    59.16780638694763,
    58.84127378463745,
    58.81529951095581,
    58.91652512550354,
    58.877870321273804,
    58.804452896118164,
    58.675522804260254,
    58.72276735305786,
    58.8085994720459,
    58.81989860534668,
    58.79056739807129,
    58.81927967071533,
    58.921138763427734,
    58.50218224525452,
    58.7264609336853,
    58.58411240577698,
    58.5210645198822,
    58.556264877319336,
    58.50360107421875,
    58.40095543861389,
    58.475305795669556,
    58.3958683013916,
    58.568978786468506,
    58.398884773254395,
    58.636274576187134,
    58.56772184371948,
    58.529614210128784,
    58.419803619384766,
    58.610190868377686,
    58.604719161987305,
    58.683833599090576,
    58.610957860946655,
    58.4819118976593,
    58.422539949417114,
    58.667582988739014,
    58.59213614463806,
    58.601542711257935,
    58.2514750957489,
    58.51993775367737,
    58.50141429901123
  ]
}