{
  "target_distribution": "ThreeMixtureScaled",
  "proposal_distribution": "Normal",
  "dimension": 10,
  "num_iterations": 200000,
  "seed": 11,
  "total_time": 4983.85357093811,
  "max_esjd": 1.1220227479934692,
  "max_acceptance_rate": 0.2616,
  "max_scale_param": 2.2607692307692306,
  "expected_squared_jump_distances": [
    9.96068338281475e-05,
    0.011955014429986477,
    0.041439950466156006,
    0.0856953039765358,
    0.14182867109775543,
    0.20713886618614197,
    0.2788969576358795,
    0.35523492097854614,
    0.4347865581512451,
    0.5122373700141907,
    0.5897138714790344,
    0.6649033427238464,
    0.7349038124084473,
    0.8014388680458069,
    0.8580146431922913,
    0.913808286190033,
    0.9601872563362122,
    1.008890151977539,
    1.0420194864273071,
    1.0639803409576416,
    1.0869174003601074,
    1.1058611869812012,
    1.1220227479934692,
    1.1189278364181519,
    1.1166057586669922,
    1.1141250133514404,
    1.102590560913086,
    1.0953446626663208,
    1.070444941520691,
    1.058866262435913,
    1.0330837965011597,
    1.0180943012237549,
    0.9909152388572693,
    0.9708008170127869,
    0.9413671493530273,
    0.9183335900306702,
    0.8929003477096558,
    0.8488126993179321,
    0.8359805941581726,
    0.7983877062797546
  ],
  "acceptance_rates": [
    0.99654,
    0.952855,
    0.90887,
    0.86655,
    0.82467,
    0.78291,
    0.741765,
    0.701985,
    0.664505,
    0.625855,
    0.58965,
    0.554865,
    0.52061,
    0.48785,
    0.45593,
    0.42672,
    0.39825,
    0.37378,
    0.348195,
    0.32278,
    0.30067,
    0.280535,
    0.2616,
    0.24147,
    0.22428,
    0.20749,
    0.19248,
    0.17941,
    0.164935,
    0.153765,
    0.141545,
    0.131615,
    0.1222,
    0.113225,
    0.10468,
    0.09701,
    0.089875,
    0.08268,
    0.077415,
    0.07099
  ],
  "scale_param_range": [
    0.01,
    0.1123076923076923,
    0.21461538461538462,
    0.3169230769230769,
    0.41923076923076924,
    0.5215384615384615,
    0.6238461538461538,
    0.7261538461538461,
    0.8284615384615385,
    0.9307692307692308,
    1.033076923076923,
    1.1353846153846154,
    1.2376923076923076,
    1.34,
    1.4423076923076923,
    1.5446153846153847,
    1.646923076923077,
    1.7492307692307691,
    1.8515384615384616,
    1.9538461538461538,
    2.0561538461538458,
    2.1584615384615384,
    2.2607692307692306,
    2.363076923076923,
    2.465384615384615,
    2.5676923076923073,
    2.67,
    2.772307692307692,
    2.8746153846153844,
    2.9769230769230766,
    3.079230769230769,
    3.1815384615384614,
    3.2838461538461536,
    3.386153846153846,
    3.488461538461538,
    3.5907692307692307,
    3.693076923076923,
    3.795384615384615,
    3.8976923076923073,
    4.0
  ],
  "times": [
    149.3503975868225,
    121.21184825897217,
    111.67426490783691,
    112.85490393638611,
    112.20953130722046,
    111.25629091262817,
    111.24063348770142,
    111.25123023986816,
    112.97223687171936,
    111.49045729637146,
    110.99404644966125,
    111.46001887321472,
    111.00710964202881,
    113.30067443847656,
    112.40648531913757,
    116.06054162979126,
    112.82933330535889,
    113.94406628608704,
    111.57141304016113,
    112.55720567703247,
    111.62560224533081,
    111.28872346878052,
    114.79542350769043,
    112.83921909332275,
    115.40239071846008,
    110.75861620903015,
    113.9990713596344,
    143.36590480804443,
    150.62526440620422,
    150.44719982147217,
    140.58777403831482,
    144.56808185577393,
    148.13046097755432,
    147.85857152938843,
    147.89847660064697,
    148.21116304397583,
    147.75053548812866,
    144.85866951942444,
    143.84153532981873,
    143.31156754493713
  ]
}