{
  "target_distribution": "ThreeMixture",
  "proposal_distribution": "Normal",
  "dimension": 20,
  "num_iterations": 200000,
  "seed": 8,
  "total_time": 3506.7599902153015,
  "max_esjd": 1.292039394378662,
  "max_acceptance_rate": 0.25416,
  "max_scale_param": 2.3638461538461537,
  "expected_squared_jump_distances": [
    9.97276438283734e-05,
    0.015427345409989357,
    0.054107796400785446,
    0.11224205046892166,
    0.18582051992416382,
    0.27151522040367126,
    0.36558932065963745,
    0.46473440527915955,
    0.5655952095985413,
    0.6668843030929565,
    0.7633954286575317,
    0.8585521578788757,
    0.9427045583724976,
    1.0229125022888184,
    1.0943881273269653,
    1.1467028856277466,
    1.1934064626693726,
    1.235198736190796,
    1.2537310123443604,
    1.270066499710083,
    1.292039394378662,
    1.2868140935897827,
    1.2779061794281006,
    1.2574495077133179,
    1.217050313949585,
    1.1914843320846558,
    1.1474320888519287,
    1.1294625997543335,
    1.063169240951538,
    1.03773033618927,
    0.9752482771873474,
    0.9211513996124268,
    0.8756997585296631,
    0.8294740915298462,
    0.7605800628662109,
    0.732686460018158,
    0.7033120393753052,
    0.6306809186935425,
    0.5914199948310852,
    0.5551422834396362
  ],
  "acceptance_rates": [
    0.99749,
    0.9488,
    0.90337,
    0.858485,
    0.813175,
    0.769475,
    0.726045,
    0.683605,
    0.641565,
    0.60161,
    0.561775,
    0.5249,
    0.487735,
    0.453565,
    0.42071,
    0.387075,
    0.356565,
    0.329105,
    0.299985,
    0.27462,
    0.25416,
    0.23134,
    0.21111,
    0.19134,
    0.17204,
    0.156545,
    0.14093,
    0.12918,
    0.114455,
    0.104905,
    0.093105,
    0.082995,
    0.07493,
    0.067165,
    0.058715,
    0.05374,
    0.049475,
    0.042465,
    0.037915,
    0.03432
  ],
  "scale_param_range": [
    0.01,
    0.1276923076923077,
    0.2453846153846154,
    0.3630769230769231,
    0.4807692307692308,
    0.5984615384615385,
    0.7161538461538461,
    0.8338461538461539,
    0.9515384615384616,
    1.0692307692307692,
    1.186923076923077,
    1.3046153846153847,
    1.4223076923076923,
    1.54,
    1.6576923076923078,
    1.7753846153846153,
    1.893076923076923,
    2.0107692307692306,
    2.128461538461538,
    2.246153846153846,
    2.3638461538461537,
    2.4815384615384612,
    2.5992307692307692,
    2.7169230769230768,
    2.8346153846153843,
    2.9523076923076923,
    3.07,
    3.1876923076923074,
    3.3053846153846154,
    3.423076923076923,
    3.5407692307692304,
    3.6584615384615384,
    3.776153846153846,
    3.8938461538461535,
    4.0115384615384615,
    4.1292307692307695,
    4.246923076923077,
    4.364615384615385,
    4.4823076923076925,
    4.6
  ],
  "times": [
    87.75200891494751,
    87.62668132781982,
    87.58744621276855,
    87.75841069221497,
    87.76620984077454,
    87.7262454032898,
    87.54392528533936,
    87.7107560634613,
    87.77919673919678,
    87.77024483680725,
    87.49499177932739,
    87.6347815990448,
    87.67776274681091,
    87.66591429710388,
    87.47947597503662,
    87.62620997428894,
    87.81945562362671,
    87.68803453445435,
    87.43331384658813,
    87.63592314720154,
    87.55099272727966,
    87.72092795372009,
    87.51089262962341,
    87.61975407600403,
    87.6182906627655,
    87.71560406684875,
    87.48690533638,
    87.58075094223022,
    87.6343777179718,
    87.65589499473572,
    87.54975366592407,
    87.90789103507996,
    87.99208760261536,
    87.75531935691833,
    87.57046890258789,
    87.83103799819946,
    87.91713523864746,
    87.69740223884583,
    87.51553344726562,
    87.68996524810791
  ]
}