{
  "target_distribution": "ThreeMixtureScaled",
  "proposal_distribution": "Normal",
  "dimension": 30,
  "num_iterations": 200000,
  "seed": 17,
  "total_time": 2067.429657936096,
  "max_esjd": 0.9768270254135132,
  "max_acceptance_rate": 0.23039,
  "max_scale_param": 2.128461538461538,
  "expected_squared_jump_distances": [
    9.972425323212519e-05,
    0.015332161448895931,
    0.05324035510420799,
    0.10915776342153549,
    0.1785680204629898,
    0.25781378149986267,
    0.34289246797561646,
    0.43048399686813354,
    0.5166968703269958,
    0.5999067425727844,
    0.6769895553588867,
    0.7484757900238037,
    0.80851811170578,
    0.8625431060791016,
    0.9065524935722351,
    0.9343389868736267,
    0.9582641124725342,
    0.9693718552589417,
    0.9768270254135132,
    0.959679365158081,
    0.956601083278656,
    0.9259389042854309,
    0.9037090539932251,
    0.8639402985572815,
    0.8327335119247437,
    0.7975815534591675,
    0.7462714314460754,
    0.7141035199165344,
    0.6705381870269775,
    0.6060279607772827,
    0.5804842710494995,
    0.5345137715339661,
    0.49560219049453735,
    0.4603869616985321,
    0.4120309054851532,
    0.38855788111686707,
    0.34501585364341736,
    0.3176726698875427,
    0.2692147195339203,
    0.24573959410190582
  ],
  "acceptance_rates": [
    0.99699,
    0.94208,
    0.88761,
    0.83335,
    0.77959,
    0.72833,
    0.67853,
    0.629865,
    0.583,
    0.537775,
    0.494605,
    0.45419,
    0.4148,
    0.37883,
    0.34493,
    0.31178,
    0.282725,
    0.254715,
    0.23039,
    0.204465,
    0.18491,
    0.16335,
    0.14613,
    0.12866,
    0.114615,
    0.101845,
    0.088795,
    0.07946,
    0.069615,
    0.059285,
    0.053535,
    0.04664,
    0.04044,
    0.03576,
    0.03057,
    0.027155,
    0.02328,
    0.020335,
    0.016435,
    0.014425
  ],
  "scale_param_range": [
    0.01,
    0.1276923076923077,
    0.2453846153846154,
    0.3630769230769231,
    0.4807692307692308,
    0.5984615384615385,
    0.7161538461538461,
    0.8338461538461539,
    0.9515384615384616,
    1.0692307692307692,
    1.186923076923077,
    1.3046153846153847,
    1.4223076923076923,
    1.54,
    1.6576923076923078,
    1.7753846153846153,
    1.893076923076923,
    2.0107692307692306,
    2.128461538461538,
    2.246153846153846,
    2.3638461538461537,
    2.4815384615384612,
    2.5992307692307692,
    2.7169230769230768,
    2.8346153846153843,
    2.9523076923076923,
    3.07,
    3.1876923076923074,
    3.3053846153846154,
    3.423076923076923,
    3.5407692307692304,
    3.6584615384615384,
    3.776153846153846,
    3.8938461538461535,
    4.0115384615384615,
    4.1292307692307695,
    4.246923076923077,
    4.364615384615385,
    4.4823076923076925,
    4.6
  ],
  "times": [
    71.80424547195435,
    51.561206102371216,
    51.38859581947327,
    51.878520011901855,
    51.84781622886658,
    52.085864305496216,
    51.67000436782837,
    54.94336748123169,
    51.12172770500183,
    51.627594232559204,
    51.42032980918884,
    51.16418266296387,
    51.20331263542175,
    51.1973671913147,
    50.60293126106262,
    50.05935978889465,
    50.377052545547485,
    50.56005096435547,
    50.36042261123657,
    51.52758574485779,
    51.34398436546326,
    50.878570795059204,
    50.82242512702942,
    50.51164770126343,
    50.951141595840454,
    50.97045278549194,
    51.15515947341919,
    50.40652942657471,
    50.47533440589905,
    50.26596260070801,
    50.37290954589844,
    50.59799814224243,
    50.67023682594299,
    51.38991689682007,
    51.164589405059814,
    51.1099214553833,
    51.036277055740356,
    50.83566069602966,
    50.760396242141724,
    50.97396206855774
  ]
}