{
  "target_distribution": "ThreeMixtureScaled",
  "dimension": 50,
  "num_iterations": 300000,
  "seed": 25,
  "total_time": 3070.813244819641,
  "max_esjd": 0.25478681921958923,
  "max_acceptance_rate": 0.19291304347826088,
  "max_variance_value": 1.1733333333333333,
  "expected_squared_jump_distances": [
    9.896054689306766e-05,
    0.008942494168877602,
    0.0292204562574625,
    0.057093214243650436,
    0.08901237696409225,
    0.12201513350009918,
    0.15377257764339447,
    0.18211837112903595,
    0.20666494965553284,
    0.22572381794452667,
    0.24006052315235138,
    0.2502082884311676,
    0.25304409861564636,
    0.25478681921958923,
    0.24824362993240356,
    0.24337825179100037,
    0.23382729291915894,
    0.224380224943161,
    0.21129736304283142,
    0.19463852047920227,
    0.18015730381011963,
    0.16813214123249054,
    0.15358121693134308,
    0.14101995527744293,
    0.12673905491828918,
    0.11529916524887085,
    0.10436557978391647,
    0.09196547418832779,
    0.08068513870239258,
    0.0697830393910408,
    0.05815558508038521,
    0.05786149203777313,
    0.04934713989496231,
    0.03589876741170883,
    0.037375953048467636,
    0.026693247258663177,
    0.01416516862809658,
    0.012980452738702297,
    0.008442017249763012,
    0.00683545833453536
  ],
  "acceptance_rates": [
    0.9897759197324415,
    0.905371237458194,
    0.8217558528428094,
    0.7412909698996656,
    0.663695652173913,
    0.5905016722408026,
    0.5223645484949833,
    0.45820401337792643,
    0.4010334448160535,
    0.3486153846153846,
    0.302,
    0.26180936454849496,
    0.22360869565217392,
    0.19291304347826088,
    0.16313377926421405,
    0.14003010033444815,
    0.11882943143812709,
    0.1014314381270903,
    0.08552508361204013,
    0.07112709030100335,
    0.059752508361204014,
    0.05071571906354515,
    0.04254849498327759,
    0.035892976588628764,
    0.029739130434782608,
    0.025080267558528428,
    0.021113712374581938,
    0.017327759197324415,
    0.014163879598662207,
    0.01151839464882943,
    0.008966555183946488,
    0.008414715719063545,
    0.006779264214046823,
    0.004675585284280937,
    0.004555183946488294,
    0.0031170568561872908,
    0.0015852842809364548,
    0.0013411371237458194,
    0.0008695652173913044,
    0.0006722408026755852
  ],
  "var_value_range": [
    0.01,
    0.09948717948717949,
    0.188974358974359,
    0.2784615384615385,
    0.367948717948718,
    0.45743589743589746,
    0.546923076923077,
    0.6364102564102565,
    0.7258974358974359,
    0.8153846153846154,
    0.9048717948717949,
    0.9943589743589745,
    1.083846153846154,
    1.1733333333333333,
    1.262820512820513,
    1.3523076923076924,
    1.4417948717948719,
    1.5312820512820513,
    1.6207692307692307,
    1.7102564102564104,
    1.7997435897435898,
    1.8892307692307693,
    1.978717948717949,
    2.068205128205128,
    2.1576923076923076,
    2.247179487179487,
    2.3366666666666664,
    2.426153846153846,
    2.5156410256410258,
    2.605128205128205,
    2.6946153846153846,
    2.784102564102564,
    2.8735897435897435,
    2.963076923076923,
    3.0525641025641024,
    3.142051282051282,
    3.2315384615384612,
    3.321025641025641,
    3.4105128205128206,
    3.5
  ],
  "times": [
    77.33164381980896,
    77.00454950332642,
    76.94560384750366,
    76.44831585884094,
    76.4826602935791,
    76.25755095481873,
    76.74804401397705,
    76.7655291557312,
    76.80767798423767,
    76.79122066497803,
    76.91130137443542,
    76.9110038280487,
    77.0033392906189,
    76.7764585018158,
    76.69051718711853,
    76.56675672531128,
    76.34335255622864,
    76.83232426643372,
    76.76960277557373,
    76.93792819976807,
    76.96178674697876,
    76.77498984336853,
    76.41148042678833,
    76.82037401199341,
    76.87309265136719,
    76.93039131164551,
    76.86344647407532,
    76.73352122306824,
    76.86500692367554,
    76.92353892326355,
    76.82441735267639,
    76.88109731674194,
    76.90709614753723,
    76.64407062530518,
    76.32388639450073,
    76.3862156867981,
    76.82574462890625,
    76.80368614196777,
    76.91368269920349,
    76.78894639015198
  ]
}