{
  "target_distribution": "ThreeMixtureScaled",
  "proposal_distribution": "Normal",
  "dimension": 50,
  "num_iterations": 200000,
  "seed": 18,
  "total_time": 4563.435054540634,
  "max_esjd": 0.9446744322776794,
  "max_acceptance_rate": 0.242755,
  "max_scale_param": 2.0107692307692306,
  "expected_squared_jump_distances": [
    9.980081085814163e-05,
    0.015309943817555904,
    0.053146298974752426,
    0.10916107147932053,
    0.1788034290075302,
    0.2581229507923126,
    0.3425983488559723,
    0.4297794699668884,
    0.5156577229499817,
    0.5970579385757446,
    0.6727457046508789,
    0.7423415184020996,
    0.8006656765937805,
    0.850696325302124,
    0.8851393461227417,
    0.9159660935401917,
    0.9318863749504089,
    0.9446744322776794,
    0.9411900043487549,
    0.9289388060569763,
    0.9017763733863831,
    0.8800767660140991,
    0.853044331073761,
    0.8149638175964355,
    0.7706460952758789,
    0.7405766248703003,
    0.6799618601799011,
    0.6293495893478394,
    0.5824853181838989,
    0.541745126247406,
    0.4995649755001068,
    0.4649270176887512,
    0.4112021327018738,
    0.37944015860557556,
    0.3290431499481201,
    0.29143470525741577,
    0.2905488908290863,
    0.22991205751895905,
    0.19320625066757202,
    0.15263070166110992
  ],
  "acceptance_rates": [
    0.99759,
    0.93972,
    0.884415,
    0.83092,
    0.777475,
    0.7255,
    0.6738,
    0.62479,
    0.57693,
    0.530355,
    0.48616,
    0.44518,
    0.405475,
    0.368435,
    0.331705,
    0.30031,
    0.26977,
    0.242755,
    0.216965,
    0.193075,
    0.16998,
    0.151005,
    0.1339,
    0.117545,
    0.102455,
    0.091295,
    0.077925,
    0.06723,
    0.058255,
    0.050655,
    0.043895,
    0.038205,
    0.032065,
    0.02782,
    0.023,
    0.019355,
    0.018265,
    0.01376,
    0.01107,
    0.00834
  ],
  "scale_param_range": [
    0.01,
    0.1276923076923077,
    0.2453846153846154,
    0.3630769230769231,
    0.4807692307692308,
    0.5984615384615385,
    0.7161538461538461,
    0.8338461538461539,
    0.9515384615384616,
    1.0692307692307692,
    1.186923076923077,
    1.3046153846153847,
    1.4223076923076923,
    1.54,
    1.6576923076923078,
    1.7753846153846153,
    1.893076923076923,
    2.0107692307692306,
    2.128461538461538,
    2.246153846153846,
    2.3638461538461537,
    2.4815384615384612,
    2.5992307692307692,
    2.7169230769230768,
    2.8346153846153843,
    2.9523076923076923,
    3.07,
    3.1876923076923074,
    3.3053846153846154,
    3.423076923076923,
    3.5407692307692304,
    3.6584615384615384,
    3.776153846153846,
    3.8938461538461535,
    4.0115384615384615,
    4.1292307692307695,
    4.246923076923077,
    4.364615384615385,
    4.4823076923076925,
    4.6
  ],
  "times": [
    112.05031132698059,
    112.70945930480957,
    114.68532538414001,
    114.45807838439941,
    113.37908363342285,
    112.53680777549744,
    111.41337513923645,
    112.56773328781128,
    111.94420456886292,
    111.8712215423584,
    113.48106479644775,
    112.60899877548218,
    113.87909603118896,
    114.0339744091034,
    114.42739677429199,
    115.68177151679993,
    115.4012861251831,
    115.37471747398376,
    115.43816256523132,
    111.86369323730469,
    115.28811693191528,
    115.69162130355835,
    115.71241211891174,
    114.4110324382782,
    114.10417151451111,
    114.20217943191528,
    115.78002262115479,
    115.43694186210632,
    112.01944065093994,
    113.06466960906982,
    116.38755440711975,
    115.93730616569519,
    116.22493648529053,
    115.0069522857666,
    115.27583479881287,
    114.80792665481567,
    113.10800528526306,
    115.24635100364685,
    113.72356963157654,
    112.14898252487183
  ]
}