{
  "target_distribution": "ThreeMixture",
  "proposal_distribution": "Normal",
  "dimension": 30,
  "num_iterations": 200000,
  "seed": 12,
  "total_time": 3618.64643907547,
  "max_esjd": 1.3026602268218994,
  "max_acceptance_rate": 0.2266,
  "max_scale_param": 2.4815384615384612,
  "expected_squared_jump_distances": [
    9.979525930248201e-05,
    0.015442704781889915,
    0.054153621196746826,
    0.1123051643371582,
    0.1861160844564438,
    0.2719042897224426,
    0.36582013964653015,
    0.4651254713535309,
    0.5670957565307617,
    0.667519748210907,
    0.7653945684432983,
    0.8583874106407166,
    0.9461118578910828,
    1.024574875831604,
    1.0993319749832153,
    1.1556211709976196,
    1.2035800218582153,
    1.245401382446289,
    1.266808271408081,
    1.2867035865783691,
    1.2928762435913086,
    1.3026602268218994,
    1.2832057476043701,
    1.261056900024414,
    1.2425204515457153,
    1.2070661783218384,
    1.1533082723617554,
    1.1135547161102295,
    1.0554859638214111,
    1.0311367511749268,
    0.9751319885253906,
    0.9293418526649475,
    0.8740102052688599,
    0.7898264527320862,
    0.7687641978263855,
    0.7071783542633057,
    0.6487669944763184,
    0.6147204637527466,
    0.5259467363357544,
    0.5190013647079468
  ],
  "acceptance_rates": [
    0.99796,
    0.94876,
    0.90255,
    0.856615,
    0.811195,
    0.76657,
    0.722155,
    0.67931,
    0.63766,
    0.596485,
    0.556455,
    0.518375,
    0.482775,
    0.44733,
    0.41565,
    0.382515,
    0.35175,
    0.324245,
    0.295615,
    0.270875,
    0.246985,
    0.2266,
    0.204865,
    0.185105,
    0.16833,
    0.15171,
    0.13525,
    0.121595,
    0.10792,
    0.099045,
    0.08778,
    0.079105,
    0.0701,
    0.060065,
    0.055415,
    0.048505,
    0.04239,
    0.038015,
    0.031385,
    0.029355
  ],
  "scale_param_range": [
    0.01,
    0.1276923076923077,
    0.2453846153846154,
    0.3630769230769231,
    0.4807692307692308,
    0.5984615384615385,
    0.7161538461538461,
    0.8338461538461539,
    0.9515384615384616,
    1.0692307692307692,
    1.186923076923077,
    1.3046153846153847,
    1.4223076923076923,
    1.54,
    1.6576923076923078,
    1.7753846153846153,
    1.893076923076923,
    2.0107692307692306,
    2.128461538461538,
    2.246153846153846,
    2.3638461538461537,
    2.4815384615384612,
    2.5992307692307692,
    2.7169230769230768,
    2.8346153846153843,
    2.9523076923076923,
    3.07,
    3.1876923076923074,
    3.3053846153846154,
    3.423076923076923,
    3.5407692307692304,
    3.6584615384615384,
    3.776153846153846,
    3.8938461538461535,
    4.0115384615384615,
    4.1292307692307695,
    4.246923076923077,
    4.364615384615385,
    4.4823076923076925,
    4.6
  ],
  "times": [
    90.79752993583679,
    90.47809767723083,
    90.47913718223572,
    90.49221730232239,
    90.34569525718689,
    90.44375944137573,
    90.499835729599,
    90.45473194122314,
    90.48770713806152,
    90.58073234558105,
    90.50928521156311,
    90.58577823638916,
    90.38626599311829,
    90.43774366378784,
    90.70630192756653,
    90.5536379814148,
    90.52449560165405,
    90.56280732154846,
    90.5224540233612,
    90.38271570205688,
    90.4651255607605,
    90.47509407997131,
    90.44046759605408,
    90.40667915344238,
    90.53530073165894,
    90.38798213005066,
    90.34859299659729,
    90.39406776428223,
    90.11909222602844,
    90.48677039146423,
    90.40293335914612,
    90.67179131507874,
    90.44338464736938,
    90.55144834518433,
    90.43551874160767,
    90.30527544021606,
    90.65314507484436,
    90.34680604934692,
    90.24843168258667,
    90.22846674919128
  ]
}