{
  "target_distribution": "ThreeMixtureScaled",
  "proposal_distribution": "Normal",
  "dimension": 50,
  "num_iterations": 200000,
  "seed": 5,
  "total_time": 2000.1507892608643,
  "max_esjd": 1.22092604637146,
  "max_acceptance_rate": 0.227185,
  "max_scale_param": 2.3638461538461537,
  "expected_squared_jump_distances": [
    9.981844777939841e-05,
    0.015446053817868233,
    0.05405291169881821,
    0.11174023151397705,
    0.18472495675086975,
    0.2692754566669464,
    0.36144864559173584,
    0.4582684338092804,
    0.5570319294929504,
    0.6550838351249695,
    0.7485778331756592,
    0.8371838331222534,
    0.9182779788970947,
    0.992064893245697,
    1.0556046962738037,
    1.1102629899978638,
    1.1491973400115967,
    1.1816356182098389,
    1.1966655254364014,
    1.2155598402023315,
    1.22092604637146,
    1.206832766532898,
    1.193548560142517,
    1.1736115217208862,
    1.1438766717910767,
    1.1015344858169556,
    1.050679087638855,
    1.0216803550720215,
    0.9662253260612488,
    0.918743908405304,
    0.8618432879447937,
    0.8252260684967041,
    0.7743992805480957,
    0.7052330374717712,
    0.66851407289505,
    0.6217525005340576,
    0.5737588405609131,
    0.5327125191688538,
    0.4626230001449585,
    0.4303242564201355
  ],
  "acceptance_rates": [
    0.997675,
    0.94783,
    0.89915,
    0.850135,
    0.802595,
    0.755955,
    0.7099,
    0.66476,
    0.621635,
    0.58015,
    0.539125,
    0.49997,
    0.46236,
    0.42708,
    0.392845,
    0.36122,
    0.329825,
    0.301265,
    0.273315,
    0.249955,
    0.227185,
    0.204475,
    0.185,
    0.16705,
    0.15015,
    0.13379,
    0.11857,
    0.107305,
    0.094935,
    0.08445,
    0.074125,
    0.066885,
    0.059075,
    0.050885,
    0.04561,
    0.04014,
    0.03529,
    0.03107,
    0.02591,
    0.02288
  ],
  "scale_param_range": [
    0.01,
    0.1276923076923077,
    0.2453846153846154,
    0.3630769230769231,
    0.4807692307692308,
    0.5984615384615385,
    0.7161538461538461,
    0.8338461538461539,
    0.9515384615384616,
    1.0692307692307692,
    1.186923076923077,
    1.3046153846153847,
    1.4223076923076923,
    1.54,
    1.6576923076923078,
    1.7753846153846153,
    1.893076923076923,
    2.0107692307692306,
    2.128461538461538,
    2.246153846153846,
    2.3638461538461537,
    2.4815384615384612,
    2.5992307692307692,
    2.7169230769230768,
    2.8346153846153843,
    2.9523076923076923,
    3.07,
    3.1876923076923074,
    3.3053846153846154,
    3.423076923076923,
    3.5407692307692304,
    3.6584615384615384,
    3.776153846153846,
    3.8938461538461535,
    4.0115384615384615,
    4.1292307692307695,
    4.246923076923077,
    4.364615384615385,
    4.4823076923076925,
    4.6
  ],
  "times": [
    49.75287747383118,
    50.57321119308472,
    50.521992683410645,
    50.579957485198975,
    50.60195446014404,
    50.20859360694885,
    51.482492446899414,
    50.58692741394043,
    49.82484459877014,
    49.894686222076416,
    49.71093964576721,
    49.6511549949646,
    49.739577293395996,
    49.644946575164795,
    49.599478244781494,
    49.824313163757324,
    49.79120755195618,
    49.85989785194397,
    49.4175660610199,
    49.61424779891968,
    49.40390181541443,
    50.80950450897217,
    50.09448480606079,
    49.93152213096619,
    49.47689890861511,
    49.55111789703369,
    49.402265548706055,
    49.69036865234375,
    49.88244605064392,
    49.923447370529175,
    50.01266527175903,
    49.91411828994751,
    49.83163332939148,
    49.827765226364136,
    49.76225423812866,
    50.04789638519287,
    49.80421280860901,
    49.73325991630554,
    50.24745178222656,
    50.24268364906311
  ]
}