{
  "target_distribution": "ThreeMixtureScaled",
  "dimension": 50,
  "num_iterations": 100000,
  "seed": 14,
  "total_time": 1038.406807422638,
  "max_esjd": 0.049962420016527176,
  "max_acceptance_rate": 0.19044444444444444,
  "max_variance_value": 0.5215384615384615,
  "expected_squared_jump_distances": [
    9.756417421158403e-05,
    0.009252347983419895,
    0.02442486397922039,
    0.03780054301023483,
    0.04626961797475815,
    0.049962420016527176,
    0.04979588836431503,
    0.04678346961736679,
    0.04132264852523804,
    0.0374002605676651,
    0.03223591297864914,
    0.026139693334698677,
    0.01928934082388878,
    0.016383808106184006,
    0.013214850798249245,
    0.008990478701889515,
    0.005776267498731613,
    0.003139249514788389,
    0.003012909321114421,
    0.0014950163895264268,
    8.888692536856979e-05,
    9.795244841370732e-05,
    0.0001074580941349268,
    0.00021711355657316744,
    0.0,
    0.0,
    0.0,
    0.0,
    0.0,
    0.0,
    0.0,
    0.0,
    0.0,
    0.0,
    0.0,
    0.0,
    0.0,
    0.0,
    0.0,
    0.0
  ],
  "acceptance_rates": [
    0.9756767676767677,
    0.7382525252525253,
    0.5372020202020202,
    0.38391919191919194,
    0.27106060606060606,
    0.19044444444444444,
    0.13346464646464645,
    0.09304040404040403,
    0.06414141414141414,
    0.04606060606060606,
    0.03266666666666666,
    0.02190909090909091,
    0.013787878787878788,
    0.010181818181818183,
    0.0070404040404040405,
    0.004272727272727273,
    0.0024545454545454545,
    0.0011616161616161617,
    0.00101010101010101,
    0.00047474747474747476,
    3.0303030303030302e-05,
    3.0303030303030302e-05,
    3.0303030303030302e-05,
    5.0505050505050505e-05,
    0.0,
    0.0,
    0.0,
    0.0,
    0.0,
    0.0,
    0.0,
    0.0,
    0.0,
    0.0,
    0.0,
    0.0,
    0.0,
    0.0,
    0.0,
    0.0
  ],
  "var_value_range": [
    0.01,
    0.1123076923076923,
    0.21461538461538462,
    0.3169230769230769,
    0.41923076923076924,
    0.5215384615384615,
    0.6238461538461538,
    0.7261538461538461,
    0.8284615384615385,
    0.9307692307692308,
    1.033076923076923,
    1.1353846153846154,
    1.2376923076923076,
    1.34,
    1.4423076923076923,
    1.5446153846153847,
    1.646923076923077,
    1.7492307692307691,
    1.8515384615384616,
    1.9538461538461538,
    2.0561538461538458,
    2.1584615384615384,
    2.2607692307692306,
    2.363076923076923,
    2.465384615384615,
    2.5676923076923073,
    2.67,
    2.772307692307692,
    2.8746153846153844,
    2.9769230769230766,
    3.079230769230769,
    3.1815384615384614,
    3.2838461538461536,
    3.386153846153846,
    3.488461538461538,
    3.5907692307692307,
    3.693076923076923,
    3.795384615384615,
    3.8976923076923073,
    4.0
  ],
  "times": [
    26.261841297149658,
    26.038999319076538,
    25.986910820007324,
    25.992804527282715,
    25.98772621154785,
    26.01366662979126,
    25.90888524055481,
    25.93597674369812,
    25.883918046951294,
    25.99502730369568,
    25.910804271697998,
    25.974430084228516,
    25.824711799621582,
    25.954183340072632,
    25.930384635925293,
    25.983519792556763,
    25.939859867095947,
    25.909003496170044,
    25.93635320663452,
    25.99125576019287,
    25.929774284362793,
    25.9252769947052,
    25.918837785720825,
    26.069314002990723,
    26.017247438430786,
    26.069295167922974,
    25.879197359085083,
    26.020406484603882,
    25.92120361328125,
    25.967161655426025,
    25.94706678390503,
    25.95306921005249,
    25.85830593109131,
    25.98701763153076,
    25.93140149116516,
    25.90971350669861,
    25.90895938873291,
    25.956308603286743,
    25.90954065322876,
    25.944218158721924
  ]
}