{
  "target_distribution": "ThreeMixture",
  "dimension": 20,
  "num_iterations": 200000,
  "seed": 33,
  "total_time": 5857.383087158203,
  "max_esjd": 0.007950688609118326,
  "max_actual_acceptance_rate": 0.2203262703918995,
  "max_constr_acceptance_rate": 0.24655172413793103,
  "expected_squared_jump_distances": [
    0.0012199889917616773,
    0.002138906775930373,
    0.003784971238790353,
    0.00411475006141085,
    0.004770374094639242,
    0.005962400678269487,
    0.005999507703131127,
    0.00552646403376152,
    0.006337647531342564,
    0.006840123701183373,
    0.007436018487200839,
    0.007000732384444488,
    0.007359987756906869,
    0.007439419775285441,
    0.007950688609118326,
    0.007414089469022387,
    0.00755356060630101,
    0.00788060918661239,
    0.007713146595837048,
    0.007315750229601676,
    0.007312744395692791,
    0.007387525624488463,
    0.006667562053351291,
    0.00672923683102953,
    0.0068448057105579795,
    0.006323157343853366,
    0.0063206710818607395,
    0.006308486782850947,
    0.005810313230551011,
    0.005812570058172437
  ],
  "acceptance_rates": [
    0.016211386264998722,
    0.07633816908454227,
    0.04670934186837367,
    0.144,
    0.10375,
    0.0935935935935936,
    0.09490451171712118,
    0.1645,
    0.15328571428571428,
    0.15524755304708152,
    0.1636298678099321,
    0.21113819613725857,
    0.20801300081255078,
    0.21332583286455403,
    0.2203262703918995,
    0.25922222222222224,
    0.26481378543635353,
    0.2716008223592821,
    0.2814757195243916,
    0.3172817281728173,
    0.3249812453113278,
    0.3314997249587438,
    0.3604127835613947,
    0.3668348561298241,
    0.38159749056689546,
    0.40647526980290843,
    0.41885078544939375,
    0.43353058843140524,
    0.45545811216247406,
    0.46744105542520864
  ],
  "swap_acceptance_rates_range": [
    0.01,
    0.026896551724137928,
    0.04379310344827586,
    0.060689655172413794,
    0.07758620689655171,
    0.09448275862068964,
    0.11137931034482758,
    0.12827586206896552,
    0.14517241379310344,
    0.16206896551724137,
    0.1789655172413793,
    0.19586206896551722,
    0.21275862068965518,
    0.2296551724137931,
    0.24655172413793103,
    0.2634482758620689,
    0.2803448275862069,
    0.29724137931034483,
    0.31413793103448273,
    0.3310344827586207,
    0.3479310344827586,
    0.36482758620689654,
    0.38172413793103444,
    0.3986206896551724,
    0.41551724137931034,
    0.43241379310344824,
    0.4493103448275862,
    0.4662068965517241,
    0.48310344827586205,
    0.5
  ],
  "times": [
    152.39819955825806,
    157.823637008667,
    154.28157830238342,
    171.98441863059998,
    170.28409457206726,
    173.38773846626282,
    169.4634189605713,
    180.65259170532227,
    179.86473846435547,
    179.58857011795044,
    180.62442350387573,
    190.37297534942627,
    191.81893610954285,
    189.99956488609314,
    194.13446950912476,
    200.03810286521912,
    199.81981348991394,
    201.07598423957825,
    196.65812253952026,
    210.92156982421875,
    207.7103796005249,
    205.41341257095337,
    219.2758686542511,
    218.07553482055664,
    219.65319204330444,
    228.70469331741333,
    224.8824965953827,
    221.7994167804718,
    234.34602570533752,
    232.2740888595581
  ]
}