{
  "target_distribution": "ThreeMixtureScaled",
  "dimension": 30,
  "num_iterations": 200000,
  "seed": 4,
  "total_time": 3510.657648086548,
  "max_esjd": 0.8789910674095154,
  "max_acceptance_rate": 0.24519,
  "max_variance_value": 1.9538461538461538,
  "expected_squared_jump_distances": [
    9.974909335142002e-05,
    0.011902712285518646,
    0.04111368581652641,
    0.08465872704982758,
    0.13939537107944489,
    0.20253628492355347,
    0.27085694670677185,
    0.3423684239387512,
    0.41459810733795166,
    0.48515960574150085,
    0.5547083616256714,
    0.6178286075592041,
    0.6751791834831238,
    0.7284151911735535,
    0.7728215456008911,
    0.8126468658447266,
    0.8391958475112915,
    0.8551952838897705,
    0.8651745915412903,
    0.8789910674095154,
    0.8788374066352844,
    0.8711698055267334,
    0.8521428108215332,
    0.8314926624298096,
    0.820639967918396,
    0.7918640971183777,
    0.7468666434288025,
    0.7208432555198669,
    0.6969240307807922,
    0.65010005235672,
    0.6173213124275208,
    0.5935782194137573,
    0.5550667643547058,
    0.5043171048164368,
    0.4726468622684479,
    0.45378804206848145,
    0.4055255651473999,
    0.3752062916755676,
    0.34052392840385437,
    0.3199835419654846
  ],
  "acceptance_rates": [
    0.996845,
    0.944905,
    0.895405,
    0.84708,
    0.798775,
    0.751925,
    0.704755,
    0.659365,
    0.615355,
    0.57235,
    0.532725,
    0.492885,
    0.45514,
    0.420715,
    0.386485,
    0.35569,
    0.325075,
    0.29507,
    0.267615,
    0.24519,
    0.22261,
    0.20104,
    0.18024,
    0.1617,
    0.147585,
    0.13197,
    0.11597,
    0.104285,
    0.09452,
    0.082475,
    0.073345,
    0.066885,
    0.059085,
    0.050765,
    0.045215,
    0.04111,
    0.035045,
    0.031035,
    0.02681,
    0.02395
  ],
  "var_value_range": [
    0.01,
    0.1123076923076923,
    0.21461538461538462,
    0.3169230769230769,
    0.41923076923076924,
    0.5215384615384615,
    0.6238461538461538,
    0.7261538461538461,
    0.8284615384615385,
    0.9307692307692308,
    1.033076923076923,
    1.1353846153846154,
    1.2376923076923076,
    1.34,
    1.4423076923076923,
    1.5446153846153847,
    1.646923076923077,
    1.7492307692307691,
    1.8515384615384616,
    1.9538461538461538,
    2.0561538461538458,
    2.1584615384615384,
    2.2607692307692306,
    2.363076923076923,
    2.465384615384615,
    2.5676923076923073,
    2.67,
    2.772307692307692,
    2.8746153846153844,
    2.9769230769230766,
    3.079230769230769,
    3.1815384615384614,
    3.2838461538461536,
    3.386153846153846,
    3.488461538461538,
    3.5907692307692307,
    3.693076923076923,
    3.795384615384615,
    3.8976923076923073,
    4.0
  ],
  "times": [
    88.44289469718933,
    87.91491556167603,
    87.7532389163971,
    88.09867191314697,
    87.76825165748596,
    87.8259391784668,
    87.67058253288269,
    87.8202486038208,
    87.59486985206604,
    87.74478244781494,
    87.64519929885864,
    87.74046635627747,
    87.62373304367065,
    87.85808897018433,
    87.45896124839783,
    87.76356887817383,
    87.6615047454834,
    87.91692066192627,
    87.68128967285156,
    87.92138409614563,
    87.66971707344055,
    87.89981722831726,
    87.51353049278259,
    87.92283391952515,
    87.76519966125488,
    87.89738583564758,
    87.52814650535583,
    87.75982856750488,
    87.67615056037903,
    87.7611620426178,
    87.58969688415527,
    87.86194324493408,
    87.72039723396301,
    87.77465200424194,
    87.65438437461853,
    87.79691982269287,
    87.65248560905457,
    87.7287244796753,
    87.6395492553711,
    87.87782740592957
  ]
}