{
  "target_distribution": "ThreeMixtureScaled",
  "proposal_distribution": "Normal",
  "dimension": 10,
  "num_iterations": 200000,
  "seed": 15,
  "total_time": 4563.460603475571,
  "max_esjd": 0.9004970192909241,
  "max_acceptance_rate": 0.21718,
  "max_scale_param": 2.2607692307692306,
  "expected_squared_jump_distances": [
    9.956977737601846e-05,
    0.011893893592059612,
    0.04106011986732483,
    0.08432827889919281,
    0.138717919588089,
    0.20131783187389374,
    0.269363671541214,
    0.34024930000305176,
    0.4118291735649109,
    0.482421875,
    0.55036461353302,
    0.6133160591125488,
    0.6737213134765625,
    0.7248620986938477,
    0.7700434327125549,
    0.8084686398506165,
    0.8410331606864929,
    0.8699819445610046,
    0.8827627897262573,
    0.8973907828330994,
    0.900317370891571,
    0.8982793688774109,
    0.9004970192909241,
    0.8831348419189453,
    0.8766080141067505,
    0.8559404611587524,
    0.8264166712760925,
    0.8116011023521423,
    0.7819457054138184,
    0.7626273036003113,
    0.7410321831703186,
    0.6985527276992798,
    0.6867425441741943,
    0.6485434770584106,
    0.6218778491020203,
    0.5837563276290894,
    0.5622918009757996,
    0.5287224650382996,
    0.521107017993927,
    0.46557608246803284
  ],
  "acceptance_rates": [
    0.996175,
    0.948165,
    0.901035,
    0.853735,
    0.808045,
    0.76328,
    0.719005,
    0.67615,
    0.634,
    0.59354,
    0.554325,
    0.51668,
    0.48251,
    0.4482,
    0.414995,
    0.384405,
    0.355625,
    0.32955,
    0.302475,
    0.27955,
    0.25624,
    0.235195,
    0.21718,
    0.1976,
    0.18242,
    0.166735,
    0.151425,
    0.13928,
    0.12678,
    0.11645,
    0.10787,
    0.09666,
    0.090085,
    0.08108,
    0.07413,
    0.067045,
    0.06186,
    0.055915,
    0.05246,
    0.04546
  ],
  "scale_param_range": [
    0.01,
    0.1123076923076923,
    0.21461538461538462,
    0.3169230769230769,
    0.41923076923076924,
    0.5215384615384615,
    0.6238461538461538,
    0.7261538461538461,
    0.8284615384615385,
    0.9307692307692308,
    1.033076923076923,
    1.1353846153846154,
    1.2376923076923076,
    1.34,
    1.4423076923076923,
    1.5446153846153847,
    1.646923076923077,
    1.7492307692307691,
    1.8515384615384616,
    1.9538461538461538,
    2.0561538461538458,
    2.1584615384615384,
    2.2607692307692306,
    2.363076923076923,
    2.465384615384615,
    2.5676923076923073,
    2.67,
    2.772307692307692,
    2.8746153846153844,
    2.9769230769230766,
    3.079230769230769,
    3.1815384615384614,
    3.2838461538461536,
    3.386153846153846,
    3.488461538461538,
    3.5907692307692307,
    3.693076923076923,
    3.795384615384615,
    3.8976923076923073,
    4.0
  ],
  "times": [
    106.14578080177307,
    105.63957285881042,
    105.89870715141296,
    105.50866842269897,
    106.45106053352356,
    106.61920404434204,
    106.64756059646606,
    106.55661678314209,
    106.7047119140625,
    106.36884260177612,
    107.00028371810913,
    106.67652773857117,
    106.51933693885803,
    106.43441581726074,
    106.76922297477722,
    106.48688673973083,
    106.84043645858765,
    106.62348222732544,
    106.42134857177734,
    106.56269407272339,
    106.886873960495,
    106.59480881690979,
    106.8837616443634,
    106.75271534919739,
    106.46450519561768,
    106.4616539478302,
    106.38959670066833,
    106.56418251991272,
    106.84287142753601,
    106.83238577842712,
    106.46163582801819,
    106.69893193244934,
    124.22427272796631,
    147.378968000412,
    147.2525818347931,
    147.17819929122925,
    146.80632090568542,
    147.3385627269745,
    147.3113021850586,
    147.21773195266724
  ]
}