{
  "target_distribution": "ThreeMixture",
  "proposal_distribution": "Normal",
  "dimension": 2,
  "num_iterations": 200000,
  "seed": 5,
  "total_time": 4554.5264980793,
  "max_esjd": 2.177764415740967,
  "max_acceptance_rate": 0.25899,
  "max_scale_param": 4.0,
  "expected_squared_jump_distances": [
    9.935472917277366e-05,
    0.011906680651009083,
    0.041137080639600754,
    0.08450192958116531,
    0.13926716148853302,
    0.2020016312599182,
    0.2706439793109894,
    0.34274354577064514,
    0.41659483313560486,
    0.49061304330825806,
    0.563064694404602,
    0.6376156210899353,
    0.7058688998222351,
    0.7745569944381714,
    0.8348360061645508,
    0.9007419943809509,
    0.9616813659667969,
    1.0206611156463623,
    1.0815938711166382,
    1.1368234157562256,
    1.2015379667282104,
    1.2695565223693848,
    1.3095512390136719,
    1.384889006614685,
    1.4460371732711792,
    1.4928187131881714,
    1.5593515634536743,
    1.598095417022705,
    1.6576284170150757,
    1.7192882299423218,
    1.7636983394622803,
    1.8133271932601929,
    1.8543964624404907,
    1.925453543663025,
    1.989047884941101,
    2.0095813274383545,
    2.0496556758880615,
    2.0844810009002686,
    2.137420892715454,
    2.177764415740967
  ],
  "acceptance_rates": [
    0.99646,
    0.963675,
    0.929595,
    0.894905,
    0.860865,
    0.826925,
    0.79379,
    0.76154,
    0.729775,
    0.700285,
    0.67096,
    0.64513,
    0.61756,
    0.592245,
    0.5675,
    0.54593,
    0.523445,
    0.50289,
    0.48401,
    0.465275,
    0.449505,
    0.43491,
    0.41723,
    0.406185,
    0.391745,
    0.378365,
    0.3683,
    0.354795,
    0.34554,
    0.335985,
    0.32615,
    0.31628,
    0.307045,
    0.301185,
    0.29502,
    0.28588,
    0.27913,
    0.27149,
    0.26515,
    0.25899
  ],
  "scale_param_range": [
    0.01,
    0.1123076923076923,
    0.21461538461538462,
    0.3169230769230769,
    0.41923076923076924,
    0.5215384615384615,
    0.6238461538461538,
    0.7261538461538461,
    0.8284615384615385,
    0.9307692307692308,
    1.033076923076923,
    1.1353846153846154,
    1.2376923076923076,
    1.34,
    1.4423076923076923,
    1.5446153846153847,
    1.646923076923077,
    1.7492307692307691,
    1.8515384615384616,
    1.9538461538461538,
    2.0561538461538458,
    2.1584615384615384,
    2.2607692307692306,
    2.363076923076923,
    2.465384615384615,
    2.5676923076923073,
    2.67,
    2.772307692307692,
    2.8746153846153844,
    2.9769230769230766,
    3.079230769230769,
    3.1815384615384614,
    3.2838461538461536,
    3.386153846153846,
    3.488461538461538,
    3.5907692307692307,
    3.693076923076923,
    3.795384615384615,
    3.8976923076923073,
    4.0
  ],
  "times": [
    114.01910734176636,
    113.97439169883728,
    114.15125823020935,
    113.86658954620361,
    114.2459146976471,
    113.78990864753723,
    113.89069128036499,
    113.3687093257904,
    113.41585683822632,
    113.35029935836792,
    113.42990350723267,
    113.88378286361694,
    113.30425024032593,
    114.01066756248474,
    114.37119889259338,
    113.93323850631714,
    113.77838373184204,
    113.50582218170166,
    113.64755129814148,
    113.46354150772095,
    113.80842065811157,
    113.75423574447632,
    113.62769293785095,
    114.01158618927002,
    113.76817774772644,
    113.79461860656738,
    114.05373954772949,
    113.70490026473999,
    113.92120170593262,
    113.96635842323303,
    114.14550232887268,
    114.1658136844635,
    113.94900178909302,
    114.0399718284607,
    114.26602673530579,
    113.89087200164795,
    114.00555467605591,
    114.12561202049255,
    114.09410691261292,
    113.99617838859558
  ]
}