{
  "target_distribution": "ThreeMixtureScaled",
  "dimension": 30,
  "num_iterations": 200000,
  "seed": 6,
  "total_time": 3266.990820646286,
  "max_esjd": 1.473587155342102,
  "max_acceptance_rate": 0.22128,
  "max_variance_value": 2.67,
  "expected_squared_jump_distances": [
    9.981899347621948e-05,
    0.012061902321875095,
    0.042213212698698044,
    0.08809711784124374,
    0.14708197116851807,
    0.21728374063968658,
    0.2962930500507355,
    0.3810037076473236,
    0.4708435535430908,
    0.5637679100036621,
    0.6557697653770447,
    0.7476219534873962,
    0.8364437222480774,
    0.9248676300048828,
    1.0075852870941162,
    1.0846140384674072,
    1.1513773202896118,
    1.2203766107559204,
    1.276496410369873,
    1.3242318630218506,
    1.3618296384811401,
    1.409266471862793,
    1.4262109994888306,
    1.4554804563522339,
    1.449968695640564,
    1.465997576713562,
    1.473587155342102,
    1.4713046550750732,
    1.450802206993103,
    1.4296579360961914,
    1.4163874387741089,
    1.3845605850219727,
    1.3641873598098755,
    1.3199049234390259,
    1.2788411378860474,
    1.2450532913208008,
    1.2076306343078613,
    1.1448590755462646,
    1.1103777885437012,
    1.085983157157898
  ],
  "acceptance_rates": [
    0.997555,
    0.957215,
    0.918535,
    0.88035,
    0.841505,
    0.804495,
    0.76818,
    0.730635,
    0.695075,
    0.66069,
    0.62525,
    0.591885,
    0.55874,
    0.528335,
    0.497945,
    0.468875,
    0.438925,
    0.4137,
    0.387435,
    0.36216,
    0.337435,
    0.317925,
    0.29454,
    0.275895,
    0.253595,
    0.237255,
    0.22128,
    0.20547,
    0.18926,
    0.17489,
    0.16246,
    0.149505,
    0.138255,
    0.12663,
    0.116235,
    0.10718,
    0.09862,
    0.088805,
    0.08201,
    0.07664
  ],
  "var_value_range": [
    0.01,
    0.1123076923076923,
    0.21461538461538462,
    0.3169230769230769,
    0.41923076923076924,
    0.5215384615384615,
    0.6238461538461538,
    0.7261538461538461,
    0.8284615384615385,
    0.9307692307692308,
    1.033076923076923,
    1.1353846153846154,
    1.2376923076923076,
    1.34,
    1.4423076923076923,
    1.5446153846153847,
    1.646923076923077,
    1.7492307692307691,
    1.8515384615384616,
    1.9538461538461538,
    2.0561538461538458,
    2.1584615384615384,
    2.2607692307692306,
    2.363076923076923,
    2.465384615384615,
    2.5676923076923073,
    2.67,
    2.772307692307692,
    2.8746153846153844,
    2.9769230769230766,
    3.079230769230769,
    3.1815384615384614,
    3.2838461538461536,
    3.386153846153846,
    3.488461538461538,
    3.5907692307692307,
    3.693076923076923,
    3.795384615384615,
    3.8976923076923073,
    4.0
  ],
  "times": [
    83.36473846435547,
    82.82034349441528,
    83.39121055603027,
    83.77390575408936,
    82.51944160461426,
    82.45937609672546,
    82.35087513923645,
    83.49202609062195,
    82.4814887046814,
    83.34005379676819,
    83.207692861557,
    82.87476634979248,
    83.02382898330688,
    80.72405362129211,
    81.24627923965454,
    80.97090196609497,
    81.75688433647156,
    82.90840268135071,
    82.11930894851685,
    80.99833106994629,
    81.33330965042114,
    80.5432288646698,
    80.6050112247467,
    82.27374362945557,
    81.87487745285034,
    81.20122265815735,
    80.40873670578003,
    80.5504584312439,
    81.12291431427002,
    80.47994017601013,
    80.96292734146118,
    80.55515384674072,
    80.47343254089355,
    80.78488779067993,
    80.68559956550598,
    80.65277314186096,
    80.46493792533875,
    80.76051807403564,
    80.4804093837738,
    80.88686871528625
  ]
}