{
  "target_distribution": "ThreeMixtureScaled",
  "proposal_distribution": "Normal",
  "dimension": 2,
  "num_iterations": 200000,
  "seed": 20,
  "total_time": 5992.908743858337,
  "max_esjd": 1.8606500625610352,
  "max_acceptance_rate": 0.2246,
  "max_scale_param": 4.0,
  "expected_squared_jump_distances": [
    9.932224202202633e-05,
    0.011736766435205936,
    0.03992294892668724,
    0.08104359358549118,
    0.131070077419281,
    0.18822023272514343,
    0.2490345686674118,
    0.31226950883865356,
    0.37664374709129333,
    0.4388110935688019,
    0.5009685158729553,
    0.5613493919372559,
    0.6199339032173157,
    0.6802152991294861,
    0.7377101182937622,
    0.7891895174980164,
    0.8436295390129089,
    0.8955851197242737,
    0.9502992033958435,
    0.9984744787216187,
    1.045621395111084,
    1.095421552658081,
    1.1337840557098389,
    1.181773066520691,
    1.2305740118026733,
    1.2764712572097778,
    1.3162368535995483,
    1.3641184568405151,
    1.4143059253692627,
    1.4542429447174072,
    1.496193766593933,
    1.5374237298965454,
    1.5747852325439453,
    1.6197631359100342,
    1.6633914709091187,
    1.6989835500717163,
    1.7286946773529053,
    1.7850085496902466,
    1.8297117948532104,
    1.8606500625610352
  ],
  "acceptance_rates": [
    0.996235,
    0.954875,
    0.91198,
    0.870335,
    0.82922,
    0.790685,
    0.75346,
    0.716635,
    0.68272,
    0.64974,
    0.618945,
    0.58983,
    0.562775,
    0.538715,
    0.51477,
    0.491775,
    0.471165,
    0.451745,
    0.43541,
    0.417415,
    0.40188,
    0.38625,
    0.3724,
    0.358445,
    0.346635,
    0.335135,
    0.323755,
    0.31469,
    0.305295,
    0.295775,
    0.287215,
    0.2793,
    0.27083,
    0.26396,
    0.2567,
    0.24904,
    0.241685,
    0.236095,
    0.230615,
    0.2246
  ],
  "scale_param_range": [
    0.01,
    0.1123076923076923,
    0.21461538461538462,
    0.3169230769230769,
    0.41923076923076924,
    0.5215384615384615,
    0.6238461538461538,
    0.7261538461538461,
    0.8284615384615385,
    0.9307692307692308,
    1.033076923076923,
    1.1353846153846154,
    1.2376923076923076,
    1.34,
    1.4423076923076923,
    1.5446153846153847,
    1.646923076923077,
    1.7492307692307691,
    1.8515384615384616,
    1.9538461538461538,
    2.0561538461538458,
    2.1584615384615384,
    2.2607692307692306,
    2.363076923076923,
    2.465384615384615,
    2.5676923076923073,
    2.67,
    2.772307692307692,
    2.8746153846153844,
    2.9769230769230766,
    3.079230769230769,
    3.1815384615384614,
    3.2838461538461536,
    3.386153846153846,
    3.488461538461538,
    3.5907692307692307,
    3.693076923076923,
    3.795384615384615,
    3.8976923076923073,
    4.0
  ],
  "times": [
    124.52640414237976,
    150.7869942188263,
    150.7439534664154,
    150.6091742515564,
    150.66890358924866,
    150.57799363136292,
    150.64728331565857,
    150.6007595062256,
    150.62740325927734,
    150.44078373908997,
    150.68930888175964,
    150.75009298324585,
    150.2117462158203,
    150.603679895401,
    150.53938937187195,
    151.0336561203003,
    151.01564598083496,
    150.75315356254578,
    150.68705439567566,
    150.91586995124817,
    150.8048610687256,
    150.6543025970459,
    150.88844442367554,
    150.58275508880615,
    150.28646612167358,
    150.2480595111847,
    150.40376591682434,
    150.784850358963,
    150.75754642486572,
    150.89115190505981,
    150.50636506080627,
    150.18852591514587,
    150.22794890403748,
    150.10486245155334,
    149.94388604164124,
    149.8143982887268,
    147.95429253578186,
    149.83884978294373,
    149.95484828948975,
    150.59692335128784
  ]
}