{
  "target_distribution": "ThreeMixtureScaled",
  "dimension": 50,
  "num_iterations": 300000,
  "seed": 10,
  "total_time": 3208.9347281455994,
  "max_esjd": 0.06668173521757126,
  "max_acceptance_rate": 0.17083946488294313,
  "max_variance_value": 0.6364102564102565,
  "expected_squared_jump_distances": [
    9.780575055629015e-05,
    0.007824002765119076,
    0.02219684235751629,
    0.03718147054314613,
    0.049848124384880066,
    0.05892249196767807,
    0.06436392664909363,
    0.06668173521757126,
    0.06617331504821777,
    0.06382075697183609,
    0.06065884977579117,
    0.056896232068538666,
    0.0517713762819767,
    0.047154348343610764,
    0.04145031049847603,
    0.036110661923885345,
    0.03271739184856415,
    0.029621094465255737,
    0.0244290791451931,
    0.021654872223734856,
    0.017256705090403557,
    0.01573326252400875,
    0.014162931591272354,
    0.01273076981306076,
    0.00965449120849371,
    0.009163725189864635,
    0.006473167799413204,
    0.007507407572120428,
    0.005976255051791668,
    0.00013408427184913307,
    0.0002001256070798263,
    0.00011906313739018515,
    0.0005617211572825909,
    0.000541968154720962,
    0.0004418107564561069,
    0.00040164878009818494,
    0.0004997376818209887,
    0.0003861256700474769,
    0.00020715360005851835,
    0.0
  ],
  "acceptance_rates": [
    0.978494983277592,
    0.7943745819397994,
    0.6277257525083612,
    0.48710367892976586,
    0.3760133779264214,
    0.2891705685618729,
    0.22207023411371238,
    0.17083946488294313,
    0.13082608695652173,
    0.10055852842809365,
    0.07806354515050168,
    0.06104347826086957,
    0.046929765886287625,
    0.03663545150501672,
    0.027976588628762542,
    0.021354515050167226,
    0.017163879598662207,
    0.013759197324414716,
    0.010244147157190636,
    0.008217391304347826,
    0.005916387959866221,
    0.004896321070234114,
    0.004050167224080268,
    0.003331103678929766,
    0.002351170568561873,
    0.002080267558528428,
    0.0013578595317725753,
    0.0014548494983277593,
    0.0010769230769230769,
    2.3411371237458194e-05,
    3.3444816053511705e-05,
    2.0066889632107023e-05,
    8.361204013377926e-05,
    7.692307692307693e-05,
    5.68561872909699e-05,
    5.016722408026756e-05,
    5.68561872909699e-05,
    4.0133779264214046e-05,
    2.3411371237458194e-05,
    0.0
  ],
  "var_value_range": [
    0.01,
    0.09948717948717949,
    0.188974358974359,
    0.2784615384615385,
    0.367948717948718,
    0.45743589743589746,
    0.546923076923077,
    0.6364102564102565,
    0.7258974358974359,
    0.8153846153846154,
    0.9048717948717949,
    0.9943589743589745,
    1.083846153846154,
    1.1733333333333333,
    1.262820512820513,
    1.3523076923076924,
    1.4417948717948719,
    1.5312820512820513,
    1.6207692307692307,
    1.7102564102564104,
    1.7997435897435898,
    1.8892307692307693,
    1.978717948717949,
    2.068205128205128,
    2.1576923076923076,
    2.247179487179487,
    2.3366666666666664,
    2.426153846153846,
    2.5156410256410258,
    2.605128205128205,
    2.6946153846153846,
    2.784102564102564,
    2.8735897435897435,
    2.963076923076923,
    3.0525641025641024,
    3.142051282051282,
    3.2315384615384612,
    3.321025641025641,
    3.4105128205128206,
    3.5
  ],
  "times": [
    80.85086393356323,
    80.44277167320251,
    80.4786765575409,
    80.46767354011536,
    80.51798677444458,
    80.42601346969604,
    80.46107983589172,
    80.33676338195801,
    80.46120524406433,
    80.42051267623901,
    80.10402846336365,
    80.07057642936707,
    80.19513487815857,
    80.3656075000763,
    80.1471266746521,
    79.66876220703125,
    79.72072124481201,
    79.71308398246765,
    79.9430456161499,
    80.40843677520752,
    80.30439066886902,
    80.74905633926392,
    80.66464614868164,
    80.60311841964722,
    80.32935118675232,
    80.38925790786743,
    80.02218413352966,
    80.1738977432251,
    80.25177145004272,
    80.33925986289978,
    80.2275915145874,
    79.74083662033081,
    79.51134634017944,
    79.51990914344788,
    80.19333934783936,
    80.11104798316956,
    79.78891158103943,
    80.47334456443787,
    80.14687371253967,
    80.16433262825012
  ]
}