{
  "target_distribution": "ThreeMixture",
  "dimension": 20,
  "num_iterations": 200000,
  "seed": 23,
  "total_time": 5898.618855714798,
  "max_esjd": 0.008238969689792265,
  "max_actual_acceptance_rate": 0.22043010752688172,
  "max_constr_acceptance_rate": 0.24655172413793103,
  "expected_squared_jump_distances": [
    0.0015490466383863684,
    0.0020669821627450893,
    0.0032661772239195295,
    0.004392944453857746,
    0.004771782274423153,
    0.005930617568879252,
    0.006464160058998902,
    0.006412284026718683,
    0.006757041186262053,
    0.00730100528100584,
    0.007858020076212118,
    0.007039341372637046,
    0.0075279671728025604,
    0.007814554878647947,
    0.008238969689792265,
    0.007457301766328778,
    0.007605116526221434,
    0.007806228688248523,
    0.007945503053695364,
    0.007228232968617827,
    0.007362631051364895,
    0.007401110366565886,
    0.0068909486026779605,
    0.006984608064701613,
    0.006990153731510001,
    0.006288606658139075,
    0.006214842218545659,
    0.0064225274381801796,
    0.005878271397197861,
    0.005862796715396871
  ],
  "acceptance_rates": [
    0.017765544851745276,
    0.07728501351486636,
    0.04682809685811487,
    0.15115115115115116,
    0.10733944954128441,
    0.09505544901192363,
    0.10289335445676645,
    0.16442857142857142,
    0.15385714285714286,
    0.1502250160725766,
    0.15922565897564112,
    0.213142428410654,
    0.20957559847490467,
    0.214026753344168,
    0.22043010752688172,
    0.2647254945543454,
    0.2663665666333222,
    0.27414157128569844,
    0.2838806467744624,
    0.3183659182959148,
    0.3247824782478248,
    0.33711685584279216,
    0.3670621391881449,
    0.37489771797436133,
    0.38435312301118285,
    0.408,
    0.41654166666666664,
    0.436911409284107,
    0.4530174237470672,
    0.46468687490383137
  ],
  "swap_acceptance_rates_range": [
    0.01,
    0.026896551724137928,
    0.04379310344827586,
    0.060689655172413794,
    0.07758620689655171,
    0.09448275862068964,
    0.11137931034482758,
    0.12827586206896552,
    0.14517241379310344,
    0.16206896551724137,
    0.1789655172413793,
    0.19586206896551722,
    0.21275862068965518,
    0.2296551724137931,
    0.24655172413793103,
    0.2634482758620689,
    0.2803448275862069,
    0.29724137931034483,
    0.31413793103448273,
    0.3310344827586207,
    0.3479310344827586,
    0.36482758620689654,
    0.38172413793103444,
    0.3986206896551724,
    0.41551724137931034,
    0.43241379310344824,
    0.4493103448275862,
    0.4662068965517241,
    0.48310344827586205,
    0.5
  ],
  "times": [
    159.29734468460083,
    158.1733341217041,
    156.64348602294922,
    173.6343550682068,
    172.78844809532166,
    171.72785353660583,
    171.96479988098145,
    180.93090438842773,
    181.20502877235413,
    181.0375452041626,
    180.47119069099426,
    190.19508910179138,
    190.17914509773254,
    189.9331512451172,
    189.34972214698792,
    199.01101207733154,
    199.93558073043823,
    199.6395719051361,
    199.38897252082825,
    208.88825964927673,
    209.4857919216156,
    210.04338145256042,
    219.95668125152588,
    218.53562784194946,
    218.76334357261658,
    229.48191952705383,
    228.85567450523376,
    230.23942685127258,
    239.52582430839539,
    239.30286026000977
  ]
}