{
  "target_distribution": "ThreeMixture",
  "dimension": 20,
  "num_iterations": 500000,
  "seed": 20,
  "total_time": 13916.872742414474,
  "max_esjd": 0.007928625498047844,
  "max_actual_acceptance_rate": 0.2241530191273909,
  "max_constr_acceptance_rate": 0.24655172413793103,
  "expected_squared_jump_distances": [
    0.0013396156978480818,
    0.002063957141449843,
    0.0038595167566301946,
    0.003732432587963931,
    0.004448885330274272,
    0.005682872584149115,
    0.0066806415407364836,
    0.005813651106464051,
    0.006648374527944763,
    0.007036104365438839,
    0.007520864958321976,
    0.007125297296081762,
    0.0071663874995739054,
    0.00768634024692535,
    0.007928625498047844,
    0.007422660625481833,
    0.007577643434424383,
    0.007773848085855362,
    0.0078431279879196,
    0.00717559071294481,
    0.007222330542692433,
    0.007383773415554766,
    0.006813617272491252,
    0.006790445007655833,
    0.006810968037452595,
    0.006367264467866554,
    0.006333684777838801,
    0.0063778540226502095,
    0.00584652341824098,
    0.005845369126573357
  ],
  "acceptance_rates": [
    0.015454316637301787,
    0.07603345472007683,
    0.0483774158697131,
    0.1454812147881455,
    0.10671067106710672,
    0.09714952492082014,
    0.10069016103757543,
    0.16314751850052858,
    0.154367211615411,
    0.1523229898851363,
    0.15986627807303275,
    0.211525,
    0.206925,
    0.211575,
    0.2241530191273909,
    0.2621402378042005,
    0.26598959953775725,
    0.274545535357127,
    0.28140625347229936,
    0.31593895633738023,
    0.3212992779566774,
    0.3324599475968558,
    0.3611222226262773,
    0.37015891486963165,
    0.38280269832899977,
    0.408880296009867,
    0.41659721990733023,
    0.43047384123068716,
    0.45210621865288164,
    0.4663528108557186
  ],
  "swap_acceptance_rates_range": [
    0.01,
    0.026896551724137928,
    0.04379310344827586,
    0.060689655172413794,
    0.07758620689655171,
    0.09448275862068964,
    0.11137931034482758,
    0.12827586206896552,
    0.14517241379310344,
    0.16206896551724137,
    0.1789655172413793,
    0.19586206896551722,
    0.21275862068965518,
    0.2296551724137931,
    0.24655172413793103,
    0.2634482758620689,
    0.2803448275862069,
    0.29724137931034483,
    0.31413793103448273,
    0.3310344827586207,
    0.3479310344827586,
    0.36482758620689654,
    0.38172413793103444,
    0.3986206896551724,
    0.41551724137931034,
    0.43241379310344824,
    0.4493103448275862,
    0.4662068965517241,
    0.48310344827586205,
    0.5
  ],
  "times": [
    340.8449914455414,
    358.35694313049316,
    356.17929768562317,
    389.96468782424927,
    400.8238124847412,
    394.59469985961914,
    394.79237389564514,
    410.2684304714203,
    410.5469489097595,
    416.4402086734772,
    420.4196038246155,
    437.8618354797363,
    435.5506052970886,
    437.6050717830658,
    432.79961609840393,
    461.558287858963,
    460.2503170967102,
    486.67683601379395,
    492.4504849910736,
    517.2715842723846,
    523.8429388999939,
    514.4950189590454,
    542.5833084583282,
    534.6962645053864,
    526.7683277130127,
    550.0214622020721,
    559.0340001583099,
    553.3607001304626,
    583.8874866962433,
    572.8887581825256
  ]
}