{
  "target_distribution": "ThreeMixture",
  "dimension": 30,
  "num_iterations": 200000,
  "seed": 8,
  "total_time": 3976.287713766098,
  "max_esjd": 0.00561217991857775,
  "max_actual_acceptance_rate": 0.1988554283809312,
  "max_constr_acceptance_rate": 0.2296551724137931,
  "expected_squared_jump_distances": [
    0.0009363466382197302,
    0.0011268704198634785,
    0.0019952968901755025,
    0.002689699707484631,
    0.003216096412972945,
    0.0038398638597867208,
    0.0034986682034204024,
    0.0039592937409707474,
    0.0045741809498136355,
    0.004962839975601137,
    0.004862134470005818,
    0.005323405630120918,
    0.0051985592047452235,
    0.00561217991857775,
    0.004940629019566908,
    0.005425015378048112,
    0.0054187116053266374,
    0.005026706171969568,
    0.0051746949189248725,
    0.005239767244026979,
    0.00488940925327953,
    0.00490188683785704,
    0.004615550202214305,
    0.004712602186586552,
    0.004737058687490782,
    0.004482645835246071,
    0.004415818885978342,
    0.004120161250960533,
    0.004102284180733175,
    0.0038188554277571105
  ],
  "acceptance_rates": [
    0.01740442655935614,
    0.10202888870334809,
    0.039228778899924883,
    0.11145289362615352,
    0.08426243567753001,
    0.0813787185354691,
    0.12970606629143214,
    0.11959987496092529,
    0.1262348380642741,
    0.13852597362005376,
    0.17083472268533956,
    0.17890876764084898,
    0.18363151461273475,
    0.1988554283809312,
    0.22421726517955387,
    0.23211160558027902,
    0.24497449744974498,
    0.26939517962710324,
    0.28185661681138335,
    0.2943770171371426,
    0.31759459909985,
    0.32602716893074424,
    0.3488094780166942,
    0.3631817832140934,
    0.3743124206639228,
    0.3960640045717551,
    0.4131009357811272,
    0.42764758825294175,
    0.44388146271542384,
    0.4590455951748492
  ],
  "swap_acceptance_rates_range": [
    0.01,
    0.026896551724137928,
    0.04379310344827586,
    0.060689655172413794,
    0.07758620689655171,
    0.09448275862068964,
    0.11137931034482758,
    0.12827586206896552,
    0.14517241379310344,
    0.16206896551724137,
    0.1789655172413793,
    0.19586206896551722,
    0.21275862068965518,
    0.2296551724137931,
    0.24655172413793103,
    0.2634482758620689,
    0.2803448275862069,
    0.29724137931034483,
    0.31413793103448273,
    0.3310344827586207,
    0.3479310344827586,
    0.36482758620689654,
    0.38172413793103444,
    0.3986206896551724,
    0.41551724137931034,
    0.43241379310344824,
    0.4493103448275862,
    0.4662068965517241,
    0.48310344827586205,
    0.5
  ],
  "times": [
    98.35899639129639,
    104.34931993484497,
    104.07743954658508,
    112.55014657974243,
    112.85442566871643,
    112.18910145759583,
    119.21077489852905,
    118.43876695632935,
    118.50450825691223,
    118.5333034992218,
    124.89752840995789,
    124.8761157989502,
    124.88377857208252,
    124.40432715415955,
    130.5175745487213,
    130.87691807746887,
    130.71982550621033,
    136.21653747558594,
    136.84179782867432,
    136.92301201820374,
    145.2296290397644,
    145.46301555633545,
    152.46259570121765,
    151.43987798690796,
    151.35737442970276,
    157.4736087322235,
    157.55927777290344,
    162.75096249580383,
    162.85796523094177,
    169.43658924102783
  ]
}