{
  "target_distribution": "ThreeMixtureScaled",
  "proposal_distribution": "Normal",
  "dimension": 10,
  "num_iterations": 200000,
  "seed": 14,
  "total_time": 4222.848502874374,
  "max_esjd": 1.2235841751098633,
  "max_acceptance_rate": 0.24403,
  "max_scale_param": 2.465384615384615,
  "expected_squared_jump_distances": [
    9.963549382518977e-05,
    0.011997628025710583,
    0.04173313453793526,
    0.08650461584329605,
    0.14363326132297516,
    0.21060721576213837,
    0.28466033935546875,
    0.36419615149497986,
    0.4465806782245636,
    0.5300180912017822,
    0.6131685972213745,
    0.6942287087440491,
    0.7726646661758423,
    0.8418256640434265,
    0.9091171026229858,
    0.9683769345283508,
    1.025781273841858,
    1.0715618133544922,
    1.111831545829773,
    1.1448465585708618,
    1.1762876510620117,
    1.195893406867981,
    1.202439785003662,
    1.2080601453781128,
    1.2235841751098633,
    1.2034962177276611,
    1.197619915008545,
    1.197394847869873,
    1.1718589067459106,
    1.1447646617889404,
    1.1417816877365112,
    1.1007016897201538,
    1.0842890739440918,
    1.0483936071395874,
    1.0185637474060059,
    0.9829670190811157,
    0.956572949886322,
    0.9235858917236328,
    0.9030742049217224,
    0.8569267988204956
  ],
  "acceptance_rates": [
    0.996785,
    0.955545,
    0.91443,
    0.873705,
    0.833525,
    0.794155,
    0.75487,
    0.717165,
    0.68075,
    0.644725,
    0.609995,
    0.57583,
    0.5435,
    0.51028,
    0.47982,
    0.44986,
    0.423065,
    0.39573,
    0.36932,
    0.34574,
    0.32335,
    0.30107,
    0.2797,
    0.25967,
    0.24403,
    0.22377,
    0.20875,
    0.19552,
    0.17972,
    0.16581,
    0.155575,
    0.14306,
    0.13345,
    0.122615,
    0.113105,
    0.10507,
    0.0973,
    0.09035,
    0.084315,
    0.07757
  ],
  "scale_param_range": [
    0.01,
    0.1123076923076923,
    0.21461538461538462,
    0.3169230769230769,
    0.41923076923076924,
    0.5215384615384615,
    0.6238461538461538,
    0.7261538461538461,
    0.8284615384615385,
    0.9307692307692308,
    1.033076923076923,
    1.1353846153846154,
    1.2376923076923076,
    1.34,
    1.4423076923076923,
    1.5446153846153847,
    1.646923076923077,
    1.7492307692307691,
    1.8515384615384616,
    1.9538461538461538,
    2.0561538461538458,
    2.1584615384615384,
    2.2607692307692306,
    2.363076923076923,
    2.465384615384615,
    2.5676923076923073,
    2.67,
    2.772307692307692,
    2.8746153846153844,
    2.9769230769230766,
    3.079230769230769,
    3.1815384615384614,
    3.2838461538461536,
    3.386153846153846,
    3.488461538461538,
    3.5907692307692307,
    3.693076923076923,
    3.795384615384615,
    3.8976923076923073,
    4.0
  ],
  "times": [
    105.49672150611877,
    106.3299469947815,
    106.50213289260864,
    106.62682485580444,
    105.54606914520264,
    106.17558073997498,
    105.73098134994507,
    106.34287166595459,
    106.50721335411072,
    106.31197547912598,
    105.90977334976196,
    107.36784029006958,
    105.45172548294067,
    105.74961185455322,
    105.94322204589844,
    105.01524567604065,
    104.96022725105286,
    104.84584736824036,
    105.32977843284607,
    105.34297895431519,
    105.68758130073547,
    105.35973000526428,
    105.3955090045929,
    105.2040765285492,
    105.20178389549255,
    105.42597770690918,
    105.51978707313538,
    105.16962838172913,
    105.32701516151428,
    105.42664694786072,
    105.2348895072937,
    105.39312410354614,
    105.25650072097778,
    105.28283643722534,
    105.36108732223511,
    105.15092778205872,
    104.66961550712585,
    104.88827466964722,
    105.12600326538086,
    105.23783588409424
  ]
}