{
  "target_distribution": "ThreeMixture",
  "proposal_distribution": "Normal",
  "dimension": 30,
  "num_iterations": 200000,
  "seed": 4,
  "total_time": 4732.162213087082,
  "max_esjd": 1.292149305343628,
  "max_acceptance_rate": 0.268595,
  "max_scale_param": 2.2607692307692306,
  "expected_squared_jump_distances": [
    9.982323535950854e-05,
    0.012034113518893719,
    0.04201485589146614,
    0.08746686577796936,
    0.1460486203432083,
    0.21517612040042877,
    0.29259049892425537,
    0.3754425346851349,
    0.4619566798210144,
    0.5506482720375061,
    0.6385571956634521,
    0.7246643304824829,
    0.8087361454963684,
    0.8889601230621338,
    0.9634280800819397,
    1.0317364931106567,
    1.0896588563919067,
    1.1406159400939941,
    1.1905468702316284,
    1.2218152284622192,
    1.2483712434768677,
    1.272822618484497,
    1.292149305343628,
    1.2878676652908325,
    1.2914875745773315,
    1.2914096117019653,
    1.2667299509048462,
    1.241989016532898,
    1.2235015630722046,
    1.2042360305786133,
    1.1438181400299072,
    1.1263729333877563,
    1.0794297456741333,
    1.034294605255127,
    1.0047471523284912,
    0.9507210850715637,
    0.9012518525123596,
    0.8567045331001282,
    0.8012855052947998,
    0.7403521537780762
  ],
  "acceptance_rates": [
    0.997845,
    0.95529,
    0.9146,
    0.87469,
    0.83597,
    0.79759,
    0.75942,
    0.721165,
    0.683125,
    0.646765,
    0.61032,
    0.575135,
    0.54214,
    0.50973,
    0.47795,
    0.447725,
    0.41772,
    0.388895,
    0.3635,
    0.336385,
    0.311395,
    0.289625,
    0.268595,
    0.245795,
    0.2279,
    0.210865,
    0.19222,
    0.175695,
    0.16179,
    0.148985,
    0.13324,
    0.12348,
    0.111585,
    0.10138,
    0.09311,
    0.08346,
    0.07537,
    0.068355,
    0.061,
    0.05392
  ],
  "scale_param_range": [
    0.01,
    0.1123076923076923,
    0.21461538461538462,
    0.3169230769230769,
    0.41923076923076924,
    0.5215384615384615,
    0.6238461538461538,
    0.7261538461538461,
    0.8284615384615385,
    0.9307692307692308,
    1.033076923076923,
    1.1353846153846154,
    1.2376923076923076,
    1.34,
    1.4423076923076923,
    1.5446153846153847,
    1.646923076923077,
    1.7492307692307691,
    1.8515384615384616,
    1.9538461538461538,
    2.0561538461538458,
    2.1584615384615384,
    2.2607692307692306,
    2.363076923076923,
    2.465384615384615,
    2.5676923076923073,
    2.67,
    2.772307692307692,
    2.8746153846153844,
    2.9769230769230766,
    3.079230769230769,
    3.1815384615384614,
    3.2838461538461536,
    3.386153846153846,
    3.488461538461538,
    3.5907692307692307,
    3.693076923076923,
    3.795384615384615,
    3.8976923076923073,
    4.0
  ],
  "times": [
    116.5106475353241,
    116.0830774307251,
    118.8229169845581,
    116.44874811172485,
    117.77346968650818,
    119.47312474250793,
    116.48876190185547,
    117.3810830116272,
    117.42075943946838,
    116.32463121414185,
    120.84765815734863,
    116.08327126502991,
    116.13473439216614,
    118.50595450401306,
    115.17951965332031,
    115.74097514152527,
    120.38028883934021,
    116.2397108078003,
    116.56529521942139,
    118.64377212524414,
    116.10068607330322,
    120.77022933959961,
    116.76923108100891,
    116.63240504264832,
    118.5951771736145,
    116.34731554985046,
    116.29538798332214,
    120.98147916793823,
    119.05984354019165,
    120.66525864601135,
    120.50374937057495,
    121.05088448524475,
    120.50455641746521,
    119.79041600227356,
    120.34571266174316,
    119.30594968795776,
    120.580153465271,
    120.01782894134521,
    119.10262084007263,
    121.6495349407196
  ]
}