{
  "target_distribution": "ThreeMixtureScaled",
  "dimension": 20,
  "num_iterations": 100000,
  "seed": 26,
  "total_time": 3436.299116373062,
  "max_esjd": 0.15200793743133545,
  "max_acceptance_rate": 0.193,
  "max_variance_value": 0.9307692307692308,
  "expected_squared_jump_distances": [
    9.881478035822511e-05,
    0.01068713515996933,
    0.033012907952070236,
    0.06011828035116196,
    0.08666712790727615,
    0.11000671982765198,
    0.12723177671432495,
    0.14016559720039368,
    0.14710748195648193,
    0.15200793743133545,
    0.14963291585445404,
    0.146559938788414,
    0.1414031684398651,
    0.13002252578735352,
    0.12524466216564178,
    0.11676276475191116,
    0.1062128096818924,
    0.09822206199169159,
    0.0906618982553482,
    0.08512965589761734,
    0.07470572739839554,
    0.06490877270698547,
    0.05726610869169235,
    0.051825277507305145,
    0.05673547089099884,
    0.042028121650218964,
    0.042708564549684525,
    0.03136882930994034,
    0.03152070939540863,
    0.027708515524864197,
    0.02450689487159252,
    0.017444923520088196,
    0.01422920636832714,
    0.012552505359053612,
    0.005361408460885286,
    0.00376980216242373,
    0.005376609042286873,
    0.0,
    0.0,
    0.0
  ],
  "acceptance_rates": [
    0.9873636363636363,
    0.854020202020202,
    0.728989898989899,
    0.615020202020202,
    0.5123131313131313,
    0.42443434343434344,
    0.34806060606060607,
    0.2855252525252525,
    0.23310101010101011,
    0.193,
    0.15668686868686868,
    0.12778787878787878,
    0.10463636363636364,
    0.08362626262626263,
    0.07009090909090909,
    0.05739393939393939,
    0.046464646464646465,
    0.03848484848484848,
    0.03187878787878788,
    0.02706060606060606,
    0.02195959595959596,
    0.017555555555555557,
    0.014151515151515151,
    0.011808080808080807,
    0.01192929292929293,
    0.008222222222222223,
    0.007767676767676768,
    0.005454545454545455,
    0.005111111111111111,
    0.004232323232323232,
    0.0034848484848484847,
    0.0022727272727272726,
    0.0018585858585858585,
    0.0015353535353535353,
    0.0006363636363636364,
    0.00044444444444444447,
    0.0005454545454545455,
    0.0,
    0.0,
    0.0
  ],
  "var_value_range": [
    0.01,
    0.1123076923076923,
    0.21461538461538462,
    0.3169230769230769,
    0.41923076923076924,
    0.5215384615384615,
    0.6238461538461538,
    0.7261538461538461,
    0.8284615384615385,
    0.9307692307692308,
    1.033076923076923,
    1.1353846153846154,
    1.2376923076923076,
    1.34,
    1.4423076923076923,
    1.5446153846153847,
    1.646923076923077,
    1.7492307692307691,
    1.8515384615384616,
    1.9538461538461538,
    2.0561538461538458,
    2.1584615384615384,
    2.2607692307692306,
    2.363076923076923,
    2.465384615384615,
    2.5676923076923073,
    2.67,
    2.772307692307692,
    2.8746153846153844,
    2.9769230769230766,
    3.079230769230769,
    3.1815384615384614,
    3.2838461538461536,
    3.386153846153846,
    3.488461538461538,
    3.5907692307692307,
    3.693076923076923,
    3.795384615384615,
    3.8976923076923073,
    4.0
  ],
  "times": [
    86.65319156646729,
    86.13181519508362,
    86.01178240776062,
    85.99454069137573,
    85.811856508255,
    85.94658613204956,
    86.0489296913147,
    86.07881617546082,
    85.97193121910095,
    86.05221128463745,
    85.95671606063843,
    85.98681497573853,
    85.9507462978363,
    86.22585844993591,
    85.90694189071655,
    85.93379712104797,
    85.9565908908844,
    86.19538855552673,
    86.13639950752258,
    86.01586556434631,
    86.10755681991577,
    85.92727875709534,
    85.92579936981201,
    86.31315851211548,
    85.9012861251831,
    85.95187067985535,
    85.93208980560303,
    85.98631548881531,
    85.96927118301392,
    85.9524929523468,
    85.93345904350281,
    86.02196049690247,
    85.92718029022217,
    86.03328037261963,
    85.93885350227356,
    86.05364990234375,
    85.99140667915344,
    86.1083574295044,
    85.05266642570496,
    82.23031091690063
  ]
}