{
  "target_distribution": "ThreeMixtureScaled",
  "dimension": 30,
  "num_iterations": 200000,
  "seed": 3,
  "total_time": 3442.573784828186,
  "max_esjd": 1.093802809715271,
  "max_acceptance_rate": 0.228635,
  "max_variance_value": 2.2607692307692306,
  "expected_squared_jump_distances": [
    9.968961239792407e-05,
    0.011984565295279026,
    0.04166966676712036,
    0.08637022972106934,
    0.14326849579811096,
    0.2099495828151703,
    0.28300613164901733,
    0.3608098030090332,
    0.44130781292915344,
    0.5211021900177002,
    0.6007169485092163,
    0.6775177121162415,
    0.7503435015678406,
    0.8161032795906067,
    0.875442385673523,
    0.9333899617195129,
    0.977075457572937,
    1.0159950256347656,
    1.0391217470169067,
    1.0708460807800293,
    1.0891993045806885,
    1.088268518447876,
    1.093802809715271,
    1.0867873430252075,
    1.0808360576629639,
    1.059613585472107,
    1.0383518934249878,
    1.0152393579483032,
    0.9901241660118103,
    0.9519037008285522,
    0.9136030077934265,
    0.8742389678955078,
    0.8431845903396606,
    0.7945810556411743,
    0.7783834934234619,
    0.7288646697998047,
    0.678741991519928,
    0.6677576303482056,
    0.5923699140548706,
    0.5467789173126221
  ],
  "acceptance_rates": [
    0.99636,
    0.9512,
    0.90693,
    0.86369,
    0.820365,
    0.778355,
    0.735145,
    0.693475,
    0.653065,
    0.612815,
    0.57501,
    0.53826,
    0.50316,
    0.468435,
    0.43524,
    0.40583,
    0.37529,
    0.34728,
    0.31807,
    0.29587,
    0.272745,
    0.248825,
    0.228635,
    0.20874,
    0.191605,
    0.173805,
    0.158355,
    0.144385,
    0.131565,
    0.11864,
    0.106975,
    0.09663,
    0.08779,
    0.078135,
    0.072475,
    0.06433,
    0.05711,
    0.05337,
    0.04551,
    0.040215
  ],
  "var_value_range": [
    0.01,
    0.1123076923076923,
    0.21461538461538462,
    0.3169230769230769,
    0.41923076923076924,
    0.5215384615384615,
    0.6238461538461538,
    0.7261538461538461,
    0.8284615384615385,
    0.9307692307692308,
    1.033076923076923,
    1.1353846153846154,
    1.2376923076923076,
    1.34,
    1.4423076923076923,
    1.5446153846153847,
    1.646923076923077,
    1.7492307692307691,
    1.8515384615384616,
    1.9538461538461538,
    2.0561538461538458,
    2.1584615384615384,
    2.2607692307692306,
    2.363076923076923,
    2.465384615384615,
    2.5676923076923073,
    2.67,
    2.772307692307692,
    2.8746153846153844,
    2.9769230769230766,
    3.079230769230769,
    3.1815384615384614,
    3.2838461538461536,
    3.386153846153846,
    3.488461538461538,
    3.5907692307692307,
    3.693076923076923,
    3.795384615384615,
    3.8976923076923073,
    4.0
  ],
  "times": [
    86.67106699943542,
    86.35066080093384,
    86.15802264213562,
    86.18413138389587,
    86.15530252456665,
    86.15842533111572,
    86.0210747718811,
    86.08177590370178,
    86.0500168800354,
    86.23343300819397,
    85.88447690010071,
    86.0396945476532,
    86.0020112991333,
    86.15728497505188,
    85.91225719451904,
    86.09810614585876,
    86.12286043167114,
    86.13552594184875,
    85.94545006752014,
    86.15551114082336,
    86.11913633346558,
    86.02444744110107,
    85.89205241203308,
    85.97969365119934,
    86.08799028396606,
    86.00006198883057,
    85.83305191993713,
    86.02526307106018,
    85.92674016952515,
    86.01789689064026,
    86.060551404953,
    86.04982805252075,
    85.96232652664185,
    86.07850289344788,
    86.06186127662659,
    85.96058964729309,
    85.9688971042633,
    86.08269810676575,
    85.94180202484131,
    85.92166876792908
  ]
}