{
  "target_distribution": "ThreeMixtureScaled",
  "dimension": 20,
  "num_iterations": 300000,
  "seed": 27,
  "total_time": 5630.033425092697,
  "max_esjd": 0.4424993395805359,
  "max_acceptance_rate": 0.2344180602006689,
  "max_variance_value": 1.4417948717948719,
  "expected_squared_jump_distances": [
    9.924489859258756e-05,
    0.00918614026159048,
    0.030859846621751785,
    0.06215571612119675,
    0.10014982521533966,
    0.14209628105163574,
    0.1860550045967102,
    0.22944553196430206,
    0.27156296372413635,
    0.3103652596473694,
    0.3438803255558014,
    0.37365859746932983,
    0.39776885509490967,
    0.41633063554763794,
    0.42919400334358215,
    0.43463921546936035,
    0.4424993395805359,
    0.43782567977905273,
    0.4384169280529022,
    0.4292025864124298,
    0.41296085715293884,
    0.40234559774398804,
    0.38556382060050964,
    0.3679654002189636,
    0.34806951880455017,
    0.332241415977478,
    0.3116942346096039,
    0.2969241440296173,
    0.27247118949890137,
    0.2503888010978699,
    0.23695287108421326,
    0.22057828307151794,
    0.20525868237018585,
    0.18790097534656525,
    0.16604232788085938,
    0.16104452311992645,
    0.14730362594127655,
    0.13710130751132965,
    0.12272481620311737,
    0.1163002997636795
  ],
  "acceptance_rates": [
    0.9925785953177257,
    0.931314381270903,
    0.8703277591973244,
    0.8106521739130435,
    0.7516688963210703,
    0.6932909698996655,
    0.6384548494983278,
    0.5849565217391305,
    0.53538127090301,
    0.48782943143812707,
    0.4417625418060201,
    0.4001471571906354,
    0.3611772575250836,
    0.3252207357859532,
    0.29147157190635453,
    0.2596722408026756,
    0.2344180602006689,
    0.20724414715719064,
    0.1866588628762542,
    0.16577591973244146,
    0.14536789297658864,
    0.12954515050167223,
    0.1139933110367893,
    0.10073244147157191,
    0.08845150501672241,
    0.07807357859531773,
    0.06863879598662208,
    0.061190635451505014,
    0.05277926421404682,
    0.045789297658862874,
    0.04090635451505017,
    0.035872909698996654,
    0.03168896321070234,
    0.02751170568561873,
    0.023207357859531774,
    0.021321070234113712,
    0.018571906354515052,
    0.016585284280936453,
    0.014267558528428094,
    0.01288628762541806
  ],
  "var_value_range": [
    0.01,
    0.09948717948717949,
    0.188974358974359,
    0.2784615384615385,
    0.367948717948718,
    0.45743589743589746,
    0.546923076923077,
    0.6364102564102565,
    0.7258974358974359,
    0.8153846153846154,
    0.9048717948717949,
    0.9943589743589745,
    1.083846153846154,
    1.1733333333333333,
    1.262820512820513,
    1.3523076923076924,
    1.4417948717948719,
    1.5312820512820513,
    1.6207692307692307,
    1.7102564102564104,
    1.7997435897435898,
    1.8892307692307693,
    1.978717948717949,
    2.068205128205128,
    2.1576923076923076,
    2.247179487179487,
    2.3366666666666664,
    2.426153846153846,
    2.5156410256410258,
    2.605128205128205,
    2.6946153846153846,
    2.784102564102564,
    2.8735897435897435,
    2.963076923076923,
    3.0525641025641024,
    3.142051282051282,
    3.2315384615384612,
    3.321025641025641,
    3.4105128205128206,
    3.5
  ],
  "times": [
    141.26328873634338,
    140.96189665794373,
    140.89123916625977,
    140.6494059562683,
    140.64853405952454,
    140.7908959388733,
    140.74055004119873,
    140.76483058929443,
    140.6162383556366,
    140.69129586219788,
    140.68774127960205,
    140.64299082756042,
    140.50413036346436,
    140.68417716026306,
    140.64731431007385,
    140.8820285797119,
    140.74214148521423,
    140.81241631507874,
    140.44439482688904,
    140.70909357070923,
    140.71437239646912,
    140.8100917339325,
    140.86752080917358,
    140.77889966964722,
    140.72361207008362,
    140.57891249656677,
    140.57499027252197,
    140.78196263313293,
    140.60005378723145,
    140.59831738471985,
    140.54392910003662,
    140.8336455821991,
    140.8302731513977,
    140.61051678657532,
    140.67491340637207,
    140.92863392829895,
    140.95374274253845,
    141.04437017440796,
    140.83905267715454,
    140.90799760818481
  ]
}