{
  "target_distribution": "ThreeMixtureScaled",
  "dimension": 50,
  "num_iterations": 100000,
  "seed": 5,
  "total_time": 1766.15682888031,
  "max_esjd": 0.13158752024173737,
  "max_acceptance_rate": 0.08933333333333333,
  "max_variance_value": 1.2376923076923076,
  "expected_squared_jump_distances": [
    9.795743972063065e-05,
    0.009972051717340946,
    0.028805343434214592,
    0.04990208521485329,
    0.06933347135782242,
    0.08664462715387344,
    0.10144299268722534,
    0.11275674402713776,
    0.12140179425477982,
    0.12873081862926483,
    0.1305294781923294,
    0.13058876991271973,
    0.13158752024173737,
    0.1304405927658081,
    0.12526842951774597,
    0.12127096951007843,
    0.11363107711076736,
    0.11333892494440079,
    0.10056446492671967,
    0.09754200279712677,
    0.08964573591947556,
    0.08065605908632278,
    0.07366898655891418,
    0.0647948831319809,
    0.06170656904578209,
    0.051561176776885986,
    0.0501839816570282,
    0.033366456627845764,
    0.02230175957083702,
    0.01783399097621441,
    0.00040578245534561574,
    0.0005776411271654069,
    0.0,
    0.0,
    0.0,
    0.0,
    0.0,
    0.0,
    0.0,
    0.0
  ],
  "acceptance_rates": [
    0.9794747474747475,
    0.7937676767676768,
    0.6308787878787879,
    0.5036161616161616,
    0.4011919191919192,
    0.32474747474747473,
    0.26711111111111113,
    0.21936363636363637,
    0.18203030303030304,
    0.15325252525252525,
    0.1264949494949495,
    0.10494949494949495,
    0.08933333333333333,
    0.07571717171717171,
    0.06291919191919192,
    0.053626262626262626,
    0.044282828282828285,
    0.03917171717171717,
    0.03119191919191919,
    0.027181818181818182,
    0.022616161616161617,
    0.018595959595959596,
    0.015606060606060606,
    0.012555555555555556,
    0.011070707070707071,
    0.008464646464646465,
    0.007707070707070707,
    0.004858585858585859,
    0.00298989898989899,
    0.0022929292929292928,
    6.0606060606060605e-05,
    8.080808080808081e-05,
    0.0,
    0.0,
    0.0,
    0.0,
    0.0,
    0.0,
    0.0,
    0.0
  ],
  "var_value_range": [
    0.01,
    0.1123076923076923,
    0.21461538461538462,
    0.3169230769230769,
    0.41923076923076924,
    0.5215384615384615,
    0.6238461538461538,
    0.7261538461538461,
    0.8284615384615385,
    0.9307692307692308,
    1.033076923076923,
    1.1353846153846154,
    1.2376923076923076,
    1.34,
    1.4423076923076923,
    1.5446153846153847,
    1.646923076923077,
    1.7492307692307691,
    1.8515384615384616,
    1.9538461538461538,
    2.0561538461538458,
    2.1584615384615384,
    2.2607692307692306,
    2.363076923076923,
    2.465384615384615,
    2.5676923076923073,
    2.67,
    2.772307692307692,
    2.8746153846153844,
    2.9769230769230766,
    3.079230769230769,
    3.1815384615384614,
    3.2838461538461536,
    3.386153846153846,
    3.488461538461538,
    3.5907692307692307,
    3.693076923076923,
    3.795384615384615,
    3.8976923076923073,
    4.0
  ],
  "times": [
    45.29021191596985,
    44.201622009277344,
    43.89068102836609,
    43.72469782829285,
    43.80953764915466,
    43.941326379776,
    44.10068702697754,
    43.80828833580017,
    43.917548418045044,
    43.862576961517334,
    44.31174659729004,
    44.13694429397583,
    44.36029314994812,
    44.62241506576538,
    45.01933526992798,
    44.68700575828552,
    44.50417637825012,
    44.8571937084198,
    44.467607259750366,
    44.08701848983765,
    44.58024764060974,
    44.652588844299316,
    44.71678638458252,
    44.493101835250854,
    44.21099257469177,
    44.65692901611328,
    44.85657334327698,
    43.76491951942444,
    43.701003313064575,
    43.88755989074707,
    43.69546437263489,
    43.82904815673828,
    43.653284311294556,
    43.52622032165527,
    43.629863023757935,
    43.69936490058899,
    43.671189069747925,
    43.8274359703064,
    43.66520047187805,
    43.80236291885376
  ]
}