{
  "target_distribution": "ThreeMixtureScaled",
  "proposal_distribution": "Normal",
  "dimension": 50,
  "num_iterations": 200000,
  "seed": 20,
  "total_time": 4514.245523452759,
  "max_esjd": 1.0607939958572388,
  "max_acceptance_rate": 0.219035,
  "max_scale_param": 2.246153846153846,
  "expected_squared_jump_distances": [
    9.982535266317427e-05,
    0.015369447879493237,
    0.053596414625644684,
    0.11048383265733719,
    0.18159900605678558,
    0.2631959021091461,
    0.3518316447734833,
    0.4434700310230255,
    0.5352067947387695,
    0.6247518062591553,
    0.7107834219932556,
    0.7874426245689392,
    0.8594205379486084,
    0.9168492555618286,
    0.9668170809745789,
    1.0050803422927856,
    1.0371580123901367,
    1.0501893758773804,
    1.0600296258926392,
    1.0607939958572388,
    1.0474549531936646,
    1.0270549058914185,
    1.016694188117981,
    0.9718897938728333,
    0.9228664040565491,
    0.8776976466178894,
    0.8460997343063354,
    0.8165993690490723,
    0.7629783153533936,
    0.7054681777954102,
    0.6702143549919128,
    0.6100253462791443,
    0.5681657791137695,
    0.5209999084472656,
    0.4801819920539856,
    0.4242279529571533,
    0.3870936632156372,
    0.3542879521846771,
    0.3321278393268585,
    0.296268105506897
  ],
  "acceptance_rates": [
    0.99784,
    0.943385,
    0.891965,
    0.840805,
    0.78939,
    0.73942,
    0.69139,
    0.643885,
    0.5982,
    0.554095,
    0.512765,
    0.471845,
    0.43399,
    0.396045,
    0.361135,
    0.328585,
    0.29881,
    0.269045,
    0.243105,
    0.219035,
    0.196415,
    0.175345,
    0.15843,
    0.13908,
    0.121965,
    0.10738,
    0.096205,
    0.086365,
    0.0754,
    0.065285,
    0.05818,
    0.04982,
    0.043745,
    0.03802,
    0.033095,
    0.027765,
    0.0241,
    0.021045,
    0.018625,
    0.01587
  ],
  "scale_param_range": [
    0.01,
    0.1276923076923077,
    0.2453846153846154,
    0.3630769230769231,
    0.4807692307692308,
    0.5984615384615385,
    0.7161538461538461,
    0.8338461538461539,
    0.9515384615384616,
    1.0692307692307692,
    1.186923076923077,
    1.3046153846153847,
    1.4223076923076923,
    1.54,
    1.6576923076923078,
    1.7753846153846153,
    1.893076923076923,
    2.0107692307692306,
    2.128461538461538,
    2.246153846153846,
    2.3638461538461537,
    2.4815384615384612,
    2.5992307692307692,
    2.7169230769230768,
    2.8346153846153843,
    2.9523076923076923,
    3.07,
    3.1876923076923074,
    3.3053846153846154,
    3.423076923076923,
    3.5407692307692304,
    3.6584615384615384,
    3.776153846153846,
    3.8938461538461535,
    4.0115384615384615,
    4.1292307692307695,
    4.246923076923077,
    4.364615384615385,
    4.4823076923076925,
    4.6
  ],
  "times": [
    112.23674297332764,
    113.7536153793335,
    113.85929918289185,
    113.90044355392456,
    113.68620371818542,
    113.26648807525635,
    112.3232798576355,
    112.92251992225647,
    112.41604900360107,
    114.7001600265503,
    113.83761501312256,
    113.40241956710815,
    113.36588788032532,
    113.69647359848022,
    113.28362154960632,
    113.82380843162537,
    113.54223871231079,
    113.3632607460022,
    113.04339814186096,
    112.09141206741333,
    113.69071817398071,
    114.08079147338867,
    113.7124593257904,
    113.86046409606934,
    110.54334759712219,
    111.92013478279114,
    111.14666366577148,
    109.72817254066467,
    111.77191829681396,
    112.36067914962769,
    111.53695964813232,
    109.71908402442932,
    112.17678594589233,
    112.84833574295044,
    113.31853461265564,
    113.58945417404175,
    112.88569211959839,
    113.24986457824707,
    112.31076550483704,
    113.19949316978455
  ]
}