{
  "target_distribution": "ThreeMixtureScaled",
  "dimension": 30,
  "num_iterations": 100000,
  "seed": 9,
  "total_time": 1098.1755154132843,
  "max_esjd": 0.10997094213962555,
  "max_acceptance_rate": 0.13548484848484849,
  "max_variance_value": 0.9307692307692308,
  "expected_squared_jump_distances": [
    9.855789539869875e-05,
    0.01018714439123869,
    0.029906053096055984,
    0.051829397678375244,
    0.07203768938779831,
    0.08688251674175262,
    0.09891398996114731,
    0.10573345422744751,
    0.10957229137420654,
    0.10997094213962555,
    0.10771851241588593,
    0.10510911792516708,
    0.10053497552871704,
    0.09622557461261749,
    0.0891130268573761,
    0.08574017137289047,
    0.07509573549032211,
    0.07238472253084183,
    0.06128852069377899,
    0.055951811373233795,
    0.05506017059087753,
    0.041309066116809845,
    0.03435787931084633,
    0.02964252419769764,
    0.024196404963731766,
    0.022947359830141068,
    0.019986644387245178,
    0.017780885100364685,
    0.016488824039697647,
    0.015338938683271408,
    0.0003561239573173225,
    0.0,
    0.0,
    0.0,
    0.0,
    0.0,
    0.0,
    0.0,
    0.0,
    0.0
  ],
  "acceptance_rates": [
    0.9842929292929293,
    0.8121515151515152,
    0.6577575757575758,
    0.5272727272727272,
    0.4222727272727273,
    0.33175757575757575,
    0.2657878787878788,
    0.21107070707070708,
    0.16915151515151516,
    0.13548484848484849,
    0.1092020202020202,
    0.0883030303030303,
    0.07176767676767677,
    0.058545454545454546,
    0.0472020202020202,
    0.040090909090909094,
    0.03119191919191919,
    0.026636363636363635,
    0.020303030303030302,
    0.016626262626262628,
    0.01508080808080808,
    0.010414141414141414,
    0.007848484848484848,
    0.006191919191919192,
    0.004818181818181818,
    0.004212121212121212,
    0.003393939393939394,
    0.0028787878787878787,
    0.0024545454545454545,
    0.002111111111111111,
    5.0505050505050505e-05,
    0.0,
    0.0,
    0.0,
    0.0,
    0.0,
    0.0,
    0.0,
    0.0,
    0.0
  ],
  "var_value_range": [
    0.01,
    0.1123076923076923,
    0.21461538461538462,
    0.3169230769230769,
    0.41923076923076924,
    0.5215384615384615,
    0.6238461538461538,
    0.7261538461538461,
    0.8284615384615385,
    0.9307692307692308,
    1.033076923076923,
    1.1353846153846154,
    1.2376923076923076,
    1.34,
    1.4423076923076923,
    1.5446153846153847,
    1.646923076923077,
    1.7492307692307691,
    1.8515384615384616,
    1.9538461538461538,
    2.0561538461538458,
    2.1584615384615384,
    2.2607692307692306,
    2.363076923076923,
    2.465384615384615,
    2.5676923076923073,
    2.67,
    2.772307692307692,
    2.8746153846153844,
    2.9769230769230766,
    3.079230769230769,
    3.1815384615384614,
    3.2838461538461536,
    3.386153846153846,
    3.488461538461538,
    3.5907692307692307,
    3.693076923076923,
    3.795384615384615,
    3.8976923076923073,
    4.0
  ],
  "times": [
    27.61484122276306,
    27.582045078277588,
    27.509268045425415,
    27.573901653289795,
    27.549866437911987,
    27.475356340408325,
    27.425055980682373,
    27.41611909866333,
    27.462356567382812,
    27.345880270004272,
    27.424501657485962,
    27.487407207489014,
    27.3609561920166,
    27.595409393310547,
    27.356061935424805,
    27.535144090652466,
    27.49665069580078,
    27.387253284454346,
    27.291041135787964,
    27.45034384727478,
    27.48277497291565,
    27.55927085876465,
    27.383731603622437,
    27.474387645721436,
    27.571710109710693,
    27.601579904556274,
    27.450104475021362,
    27.396780729293823,
    27.382073640823364,
    27.35625982284546,
    27.418459177017212,
    27.44174075126648,
    27.484618425369263,
    27.445432901382446,
    27.418348789215088,
    27.25173592567444,
    27.34406042098999,
    27.463964223861694,
    27.478562116622925,
    27.400686979293823
  ]
}