{
  "target_distribution": "ThreeMixtureScaled",
  "dimension": 20,
  "num_iterations": 100000,
  "seed": 12,
  "total_time": 1076.9194829463959,
  "max_esjd": 0.06608039140701294,
  "max_acceptance_rate": 0.10616161616161617,
  "max_variance_value": 0.8284615384615385,
  "expected_squared_jump_distances": [
    9.73148926277645e-05,
    0.009043926373124123,
    0.02394939586520195,
    0.038033727556467056,
    0.0490838922560215,
    0.05786509066820145,
    0.06287334114313126,
    0.06556449085474014,
    0.06608039140701294,
    0.06502833217382431,
    0.06388593465089798,
    0.06085845082998276,
    0.05508388578891754,
    0.05117131397128105,
    0.04754061996936798,
    0.044943880289793015,
    0.03969791159033775,
    0.034199491143226624,
    0.03314487636089325,
    0.029101448133587837,
    0.023560645058751106,
    0.021182572469115257,
    0.017179325222969055,
    0.016071412712335587,
    0.019495569169521332,
    0.014201403595507145,
    0.008663792163133621,
    0.009596689604222775,
    0.011029496788978577,
    0.0038999984972178936,
    0.004047714173793793,
    0.004081816412508488,
    0.005459238309413195,
    0.0046689859591424465,
    0.003961887676268816,
    0.0,
    0.0,
    0.0,
    0.0,
    0.0
  ],
  "acceptance_rates": [
    0.9731717171717171,
    0.7280808080808081,
    0.5362020202020202,
    0.3957878787878788,
    0.2954242424242424,
    0.22704040404040404,
    0.1743939393939394,
    0.1356868686868687,
    0.10616161616161617,
    0.08394949494949495,
    0.06738383838383838,
    0.053565656565656566,
    0.04141414141414142,
    0.033323232323232324,
    0.026868686868686868,
    0.022232323232323232,
    0.01768686868686869,
    0.013636363636363636,
    0.011727272727272727,
    0.009444444444444445,
    0.00695959595959596,
    0.005666666666666667,
    0.004464646464646465,
    0.0037575757575757577,
    0.004171717171717172,
    0.0027575757575757577,
    0.0016464646464646464,
    0.0017171717171717172,
    0.0018181818181818182,
    0.0005858585858585859,
    0.0005555555555555556,
    0.0005151515151515151,
    0.0006767676767676767,
    0.0005757575757575757,
    0.0004646464646464646,
    0.0,
    0.0,
    0.0,
    0.0,
    0.0
  ],
  "var_value_range": [
    0.01,
    0.1123076923076923,
    0.21461538461538462,
    0.3169230769230769,
    0.41923076923076924,
    0.5215384615384615,
    0.6238461538461538,
    0.7261538461538461,
    0.8284615384615385,
    0.9307692307692308,
    1.033076923076923,
    1.1353846153846154,
    1.2376923076923076,
    1.34,
    1.4423076923076923,
    1.5446153846153847,
    1.646923076923077,
    1.7492307692307691,
    1.8515384615384616,
    1.9538461538461538,
    2.0561538461538458,
    2.1584615384615384,
    2.2607692307692306,
    2.363076923076923,
    2.465384615384615,
    2.5676923076923073,
    2.67,
    2.772307692307692,
    2.8746153846153844,
    2.9769230769230766,
    3.079230769230769,
    3.1815384615384614,
    3.2838461538461536,
    3.386153846153846,
    3.488461538461538,
    3.5907692307692307,
    3.693076923076923,
    3.795384615384615,
    3.8976923076923073,
    4.0
  ],
  "times": [
    27.21925139427185,
    26.98656392097473,
    26.99713110923767,
    26.98715043067932,
    26.96984577178955,
    26.936192750930786,
    26.926621913909912,
    26.92288374900818,
    26.995372772216797,
    26.86264133453369,
    26.890453100204468,
    26.775946140289307,
    26.88580846786499,
    26.896147966384888,
    26.96147131919861,
    26.795706510543823,
    26.920342922210693,
    26.876248598098755,
    26.947896242141724,
    26.914995431900024,
    26.977328777313232,
    26.94766330718994,
    27.045844078063965,
    26.900551557540894,
    26.914477825164795,
    26.898091316223145,
    26.991300582885742,
    26.90921664237976,
    26.910000801086426,
    26.85993480682373,
    26.980642318725586,
    26.879920721054077,
    26.936768531799316,
    26.820817947387695,
    26.8934965133667,
    26.859638214111328,
    26.88302254676819,
    26.865280628204346,
    26.876353979110718,
    26.876206636428833
  ]
}